{
  "features": [
    {
      "geometry": {
        "coordinates": [
          142.744863,
          6.809112
        ],
        "type": "Point"
      },
      "properties": {
        "cipher": "Standard",
        "mode": "value_domain",
        "projection": "webmercator_hash_v1",
        "projection_method": "webmercator_hash_v1",
        "value": 1
      },
      "type": "Feature"
    },
    {
      "geometry": {
        "coordinates": [
          56.593786,
          75.098068
        ],
        "type": "Point"
      },
      "properties": {
        "cipher": "Standard",
        "mode": "value_domain",
        "projection": "webmercator_hash_v1",
        "projection_method": "webmercator_hash_v1",
        "value": 2
      },
      "type": "Feature"
    },
    {
      "geometry": {
        "coordinates": [
          142.464448,
          -63.324726
        ],
        "type": "Point"
      },
      "properties": {
        "cipher": "Standard",
        "mode": "value_domain",
        "projection": "webmercator_hash_v1",
        "projection_method": "webmercator_hash_v1",
        "value": 3
      },
      "type": "Feature"
    },
    {
      "geometry": {
        "coordinates": [
          -93.250063,
          -69.037523
        ],
        "type": "Point"
      },
      "properties": {
        "cipher": "Standard",
        "mode": "value_domain",
        "projection": "webmercator_hash_v1",
        "projection_method": "webmercator_hash_v1",
        "value": 4
      },
      "type": "Feature"
    },
    {
      "geometry": {
        "coordinates": [
          -157.917752,
          2.472168
        ],
        "type": "Point"
      },
      "properties": {
        "cipher": "Standard",
        "mode": "value_domain",
        "projection": "webmercator_hash_v1",
        "projection_method": "webmercator_hash_v1",
        "value": 5
      },
      "type": "Feature"
    },
    {
      "geometry": {
        "coordinates": [
          139.341949,
          -37.753944
        ],
        "type": "Point"
      },
      "properties": {
        "cipher": "Standard",
        "mode": "value_domain",
        "projection": "webmercator_hash_v1",
        "projection_method": "webmercator_hash_v1",
        "value": 6
      },
      "type": "Feature"
    },
    {
      "geometry": {
        "coordinates": [
          -38.87585,
          -70.696438
        ],
        "type": "Point"
      },
      "properties": {
        "cipher": "Standard",
        "mode": "value_domain",
        "projection": "webmercator_hash_v1",
        "projection_method": "webmercator_hash_v1",
        "value": 7
      },
      "type": "Feature"
    },
    {
      "geometry": {
        "coordinates": [
          89.907712,
          -60.290992
        ],
        "type": "Point"
      },
      "properties": {
        "cipher": "Standard",
        "mode": "value_domain",
        "projection": "webmercator_hash_v1",
        "projection_method": "webmercator_hash_v1",
        "value": 8
      },
      "type": "Feature"
    },
    {
      "geometry": {
        "coordinates": [
          113.557467,
          45.161596
        ],
        "type": "Point"
      },
      "properties": {
        "cipher": "Standard",
        "mode": "value_domain",
        "projection": "webmercator_hash_v1",
        "projection_method": "webmercator_hash_v1",
        "value": 9
      },
      "type": "Feature"
    },
    {
      "geometry": {
        "coordinates": [
          -35.945631,
          -46.68071
        ],
        "type": "Point"
      },
      "properties": {
        "cipher": "Standard",
        "mode": "value_domain",
        "projection": "webmercator_hash_v1",
        "projection_method": "webmercator_hash_v1",
        "value": 10
      },
      "type": "Feature"
    },
    {
      "geometry": {
        "coordinates": [
          22.462639,
          26.842091
        ],
        "type": "Point"
      },
      "properties": {
        "cipher": "Standard",
        "mode": "value_domain",
        "projection": "webmercator_hash_v1",
        "projection_method": "webmercator_hash_v1",
        "value": 11
      },
      "type": "Feature"
    },
    {
      "geometry": {
        "coordinates": [
          -143.831506,
          -28.537822
        ],
        "type": "Point"
      },
      "properties": {
        "cipher": "Standard",
        "mode": "value_domain",
        "projection": "webmercator_hash_v1",
        "projection_method": "webmercator_hash_v1",
        "value": 12
      },
      "type": "Feature"
    },
    {
      "geometry": {
        "coordinates": [
          173.98667,
          -71.506551
        ],
        "type": "Point"
      },
      "properties": {
        "cipher": "Standard",
        "mode": "value_domain",
        "projection": "webmercator_hash_v1",
        "projection_method": "webmercator_hash_v1",
        "value": 13
      },
      "type": "Feature"
    },
    {
      "geometry": {
        "coordinates": [
          6.159042,
          -65.182682
        ],
        "type": "Point"
      },
      "properties": {
        "cipher": "Standard",
        "mode": "value_domain",
        "projection": "webmercator_hash_v1",
        "projection_method": "webmercator_hash_v1",
        "value": 14
      },
      "type": "Feature"
    },
    {
      "geometry": {
        "coordinates": [
          -56.959571,
          38.504518
        ],
        "type": "Point"
      },
      "properties": {
        "cipher": "Standard",
        "mode": "value_domain",
        "projection": "webmercator_hash_v1",
        "projection_method": "webmercator_hash_v1",
        "value": 15
      },
      "type": "Feature"
    },
    {
      "geometry": {
        "coordinates": [
          166.501232,
          42.407811
        ],
        "type": "Point"
      },
      "properties": {
        "cipher": "Standard",
        "mode": "value_domain",
        "projection": "webmercator_hash_v1",
        "projection_method": "webmercator_hash_v1",
        "value": 16
      },
      "type": "Feature"
    },
    {
      "geometry": {
        "coordinates": [
          166.413152,
          7.682343
        ],
        "type": "Point"
      },
      "properties": {
        "cipher": "Standard",
        "mode": "value_domain",
        "projection": "webmercator_hash_v1",
        "projection_method": "webmercator_hash_v1",
        "value": 17
      },
      "type": "Feature"
    },
    {
      "geometry": {
        "coordinates": [
          -115.292345,
          48.922692
        ],
        "type": "Point"
      },
      "properties": {
        "cipher": "Standard",
        "mode": "value_domain",
        "projection": "webmercator_hash_v1",
        "projection_method": "webmercator_hash_v1",
        "value": 18
      },
      "type": "Feature"
    },
    {
      "geometry": {
        "coordinates": [
          42.655012,
          -15.058505
        ],
        "type": "Point"
      },
      "properties": {
        "cipher": "Standard",
        "mode": "value_domain",
        "projection": "webmercator_hash_v1",
        "projection_method": "webmercator_hash_v1",
        "value": 19
      },
      "type": "Feature"
    },
    {
      "geometry": {
        "coordinates": [
          101.927684,
          6.164476
        ],
        "type": "Point"
      },
      "properties": {
        "cipher": "Standard",
        "mode": "value_domain",
        "projection": "webmercator_hash_v1",
        "projection_method": "webmercator_hash_v1",
        "value": 20
      },
      "type": "Feature"
    },
    {
      "geometry": {
        "coordinates": [
          -112.51103,
          -49.963369
        ],
        "type": "Point"
      },
      "properties": {
        "cipher": "Standard",
        "mode": "value_domain",
        "projection": "webmercator_hash_v1",
        "projection_method": "webmercator_hash_v1",
        "value": 21
      },
      "type": "Feature"
    },
    {
      "geometry": {
        "coordinates": [
          -75.744054,
          41.253801
        ],
        "type": "Point"
      },
      "properties": {
        "cipher": "Standard",
        "mode": "value_domain",
        "projection": "webmercator_hash_v1",
        "projection_method": "webmercator_hash_v1",
        "value": 22
      },
      "type": "Feature"
    },
    {
      "geometry": {
        "coordinates": [
          -44.846936,
          -25.877838
        ],
        "type": "Point"
      },
      "properties": {
        "cipher": "Standard",
        "mode": "value_domain",
        "projection": "webmercator_hash_v1",
        "projection_method": "webmercator_hash_v1",
        "value": 23
      },
      "type": "Feature"
    },
    {
      "geometry": {
        "coordinates": [
          172.121223,
          82.36748
        ],
        "type": "Point"
      },
      "properties": {
        "cipher": "Standard",
        "mode": "value_domain",
        "projection": "webmercator_hash_v1",
        "projection_method": "webmercator_hash_v1",
        "value": 24
      },
      "type": "Feature"
    },
    {
      "geometry": {
        "coordinates": [
          -72.242973,
          -8.319941
        ],
        "type": "Point"
      },
      "properties": {
        "cipher": "Standard",
        "mode": "value_domain",
        "projection": "webmercator_hash_v1",
        "projection_method": "webmercator_hash_v1",
        "value": 25
      },
      "type": "Feature"
    },
    {
      "geometry": {
        "coordinates": [
          -145.77424,
          13.910643
        ],
        "type": "Point"
      },
      "properties": {
        "cipher": "Standard",
        "mode": "value_domain",
        "projection": "webmercator_hash_v1",
        "projection_method": "webmercator_hash_v1",
        "value": 26
      },
      "type": "Feature"
    },
    {
      "geometry": {
        "coordinates": [
          -52.716345,
          -60.774905
        ],
        "type": "Point"
      },
      "properties": {
        "cipher": "Standard",
        "mode": "value_domain",
        "projection": "webmercator_hash_v1",
        "projection_method": "webmercator_hash_v1",
        "value": 27
      },
      "type": "Feature"
    },
    {
      "geometry": {
        "coordinates": [
          18.692268,
          13.296773
        ],
        "type": "Point"
      },
      "properties": {
        "cipher": "Standard",
        "mode": "value_domain",
        "projection": "webmercator_hash_v1",
        "projection_method": "webmercator_hash_v1",
        "value": 28
      },
      "type": "Feature"
    },
    {
      "geometry": {
        "coordinates": [
          95.70531,
          56.335648
        ],
        "type": "Point"
      },
      "properties": {
        "cipher": "Standard",
        "mode": "value_domain",
        "projection": "webmercator_hash_v1",
        "projection_method": "webmercator_hash_v1",
        "value": 29
      },
      "type": "Feature"
    },
    {
      "geometry": {
        "coordinates": [
          66.652538,
          -40.202153
        ],
        "type": "Point"
      },
      "properties": {
        "cipher": "Standard",
        "mode": "value_domain",
        "projection": "webmercator_hash_v1",
        "projection_method": "webmercator_hash_v1",
        "value": 30
      },
      "type": "Feature"
    },
    {
      "geometry": {
        "coordinates": [
          97.930648,
          -44.996032
        ],
        "type": "Point"
      },
      "properties": {
        "cipher": "Standard",
        "mode": "value_domain",
        "projection": "webmercator_hash_v1",
        "projection_method": "webmercator_hash_v1",
        "value": 31
      },
      "type": "Feature"
    },
    {
      "geometry": {
        "coordinates": [
          -167.810417,
          18.424105
        ],
        "type": "Point"
      },
      "properties": {
        "cipher": "Standard",
        "mode": "value_domain",
        "projection": "webmercator_hash_v1",
        "projection_method": "webmercator_hash_v1",
        "value": 32
      },
      "type": "Feature"
    },
    {
      "geometry": {
        "coordinates": [
          -134.291528,
          29.293376
        ],
        "type": "Point"
      },
      "properties": {
        "cipher": "Standard",
        "mode": "value_domain",
        "projection": "webmercator_hash_v1",
        "projection_method": "webmercator_hash_v1",
        "value": 33
      },
      "type": "Feature"
    },
    {
      "geometry": {
        "coordinates": [
          -111.523386,
          -17.146904
        ],
        "type": "Point"
      },
      "properties": {
        "cipher": "Standard",
        "mode": "value_domain",
        "projection": "webmercator_hash_v1",
        "projection_method": "webmercator_hash_v1",
        "value": 34
      },
      "type": "Feature"
    },
    {
      "geometry": {
        "coordinates": [
          142.533784,
          -34.468346
        ],
        "type": "Point"
      },
      "properties": {
        "cipher": "Standard",
        "mode": "value_domain",
        "projection": "webmercator_hash_v1",
        "projection_method": "webmercator_hash_v1",
        "value": 35
      },
      "type": "Feature"
    },
    {
      "geometry": {
        "coordinates": [
          -110.952707,
          42.865583
        ],
        "type": "Point"
      },
      "properties": {
        "cipher": "Standard",
        "mode": "value_domain",
        "projection": "webmercator_hash_v1",
        "projection_method": "webmercator_hash_v1",
        "value": 36
      },
      "type": "Feature"
    },
    {
      "geometry": {
        "coordinates": [
          -10.175627,
          55.015828
        ],
        "type": "Point"
      },
      "properties": {
        "cipher": "Standard",
        "mode": "value_domain",
        "projection": "webmercator_hash_v1",
        "projection_method": "webmercator_hash_v1",
        "value": 37
      },
      "type": "Feature"
    },
    {
      "geometry": {
        "coordinates": [
          -176.760897,
          -22.203972
        ],
        "type": "Point"
      },
      "properties": {
        "cipher": "Standard",
        "mode": "value_domain",
        "projection": "webmercator_hash_v1",
        "projection_method": "webmercator_hash_v1",
        "value": 38
      },
      "type": "Feature"
    },
    {
      "geometry": {
        "coordinates": [
          -170.365284,
          25.876316
        ],
        "type": "Point"
      },
      "properties": {
        "cipher": "Standard",
        "mode": "value_domain",
        "projection": "webmercator_hash_v1",
        "projection_method": "webmercator_hash_v1",
        "value": 39
      },
      "type": "Feature"
    },
    {
      "geometry": {
        "coordinates": [
          -113.167767,
          6.685683
        ],
        "type": "Point"
      },
      "properties": {
        "cipher": "Standard",
        "mode": "value_domain",
        "projection": "webmercator_hash_v1",
        "projection_method": "webmercator_hash_v1",
        "value": 40
      },
      "type": "Feature"
    },
    {
      "geometry": {
        "coordinates": [
          74.056173,
          64.570087
        ],
        "type": "Point"
      },
      "properties": {
        "cipher": "Standard",
        "mode": "value_domain",
        "projection": "webmercator_hash_v1",
        "projection_method": "webmercator_hash_v1",
        "value": 41
      },
      "type": "Feature"
    },
    {
      "geometry": {
        "coordinates": [
          9.884787,
          -9.796005
        ],
        "type": "Point"
      },
      "properties": {
        "cipher": "Standard",
        "mode": "value_domain",
        "projection": "webmercator_hash_v1",
        "projection_method": "webmercator_hash_v1",
        "value": 42
      },
      "type": "Feature"
    },
    {
      "geometry": {
        "coordinates": [
          71.880708,
          30.647254
        ],
        "type": "Point"
      },
      "properties": {
        "cipher": "Standard",
        "mode": "value_domain",
        "projection": "webmercator_hash_v1",
        "projection_method": "webmercator_hash_v1",
        "value": 43
      },
      "type": "Feature"
    },
    {
      "geometry": {
        "coordinates": [
          5.017877,
          81.026058
        ],
        "type": "Point"
      },
      "properties": {
        "cipher": "Standard",
        "mode": "value_domain",
        "projection": "webmercator_hash_v1",
        "projection_method": "webmercator_hash_v1",
        "value": 44
      },
      "type": "Feature"
    },
    {
      "geometry": {
        "coordinates": [
          -110.370101,
          -75.281264
        ],
        "type": "Point"
      },
      "properties": {
        "cipher": "Standard",
        "mode": "value_domain",
        "projection": "webmercator_hash_v1",
        "projection_method": "webmercator_hash_v1",
        "value": 45
      },
      "type": "Feature"
    },
    {
      "geometry": {
        "coordinates": [
          29.420119,
          -77.023732
        ],
        "type": "Point"
      },
      "properties": {
        "cipher": "Standard",
        "mode": "value_domain",
        "projection": "webmercator_hash_v1",
        "projection_method": "webmercator_hash_v1",
        "value": 46
      },
      "type": "Feature"
    },
    {
      "geometry": {
        "coordinates": [
          -49.317258,
          -26.90002
        ],
        "type": "Point"
      },
      "properties": {
        "cipher": "Standard",
        "mode": "value_domain",
        "projection": "webmercator_hash_v1",
        "projection_method": "webmercator_hash_v1",
        "value": 47
      },
      "type": "Feature"
    },
    {
      "geometry": {
        "coordinates": [
          134.568651,
          -65.84154
        ],
        "type": "Point"
      },
      "properties": {
        "cipher": "Standard",
        "mode": "value_domain",
        "projection": "webmercator_hash_v1",
        "projection_method": "webmercator_hash_v1",
        "value": 48
      },
      "type": "Feature"
    },
    {
      "geometry": {
        "coordinates": [
          95.119192,
          -59.125527
        ],
        "type": "Point"
      },
      "properties": {
        "cipher": "Standard",
        "mode": "value_domain",
        "projection": "webmercator_hash_v1",
        "projection_method": "webmercator_hash_v1",
        "value": 49
      },
      "type": "Feature"
    },
    {
      "geometry": {
        "coordinates": [
          -99.399213,
          23.022169
        ],
        "type": "Point"
      },
      "properties": {
        "cipher": "Standard",
        "mode": "value_domain",
        "projection": "webmercator_hash_v1",
        "projection_method": "webmercator_hash_v1",
        "value": 50
      },
      "type": "Feature"
    },
    {
      "geometry": {
        "coordinates": [
          -171.24172,
          12.979055
        ],
        "type": "Point"
      },
      "properties": {
        "cipher": "Standard",
        "mode": "value_domain",
        "projection": "webmercator_hash_v1",
        "projection_method": "webmercator_hash_v1",
        "value": 51
      },
      "type": "Feature"
    },
    {
      "geometry": {
        "coordinates": [
          84.610196,
          15.323185
        ],
        "type": "Point"
      },
      "properties": {
        "cipher": "Standard",
        "mode": "value_domain",
        "projection": "webmercator_hash_v1",
        "projection_method": "webmercator_hash_v1",
        "value": 52
      },
      "type": "Feature"
    },
    {
      "geometry": {
        "coordinates": [
          164.855141,
          25.475583
        ],
        "type": "Point"
      },
      "properties": {
        "cipher": "Standard",
        "mode": "value_domain",
        "projection": "webmercator_hash_v1",
        "projection_method": "webmercator_hash_v1",
        "value": 53
      },
      "type": "Feature"
    },
    {
      "geometry": {
        "coordinates": [
          86.139959,
          61.552463
        ],
        "type": "Point"
      },
      "properties": {
        "cipher": "Standard",
        "mode": "value_domain",
        "projection": "webmercator_hash_v1",
        "projection_method": "webmercator_hash_v1",
        "value": 54
      },
      "type": "Feature"
    },
    {
      "geometry": {
        "coordinates": [
          91.485622,
          64.369348
        ],
        "type": "Point"
      },
      "properties": {
        "cipher": "Standard",
        "mode": "value_domain",
        "projection": "webmercator_hash_v1",
        "projection_method": "webmercator_hash_v1",
        "value": 55
      },
      "type": "Feature"
    },
    {
      "geometry": {
        "coordinates": [
          -164.837877,
          9.768188
        ],
        "type": "Point"
      },
      "properties": {
        "cipher": "Standard",
        "mode": "value_domain",
        "projection": "webmercator_hash_v1",
        "projection_method": "webmercator_hash_v1",
        "value": 56
      },
      "type": "Feature"
    },
    {
      "geometry": {
        "coordinates": [
          -10.37956,
          59.228647
        ],
        "type": "Point"
      },
      "properties": {
        "cipher": "Standard",
        "mode": "value_domain",
        "projection": "webmercator_hash_v1",
        "projection_method": "webmercator_hash_v1",
        "value": 57
      },
      "type": "Feature"
    },
    {
      "geometry": {
        "coordinates": [
          -63.333347,
          51.41047
        ],
        "type": "Point"
      },
      "properties": {
        "cipher": "Standard",
        "mode": "value_domain",
        "projection": "webmercator_hash_v1",
        "projection_method": "webmercator_hash_v1",
        "value": 58
      },
      "type": "Feature"
    },
    {
      "geometry": {
        "coordinates": [
          -172.836393,
          -32.356298
        ],
        "type": "Point"
      },
      "properties": {
        "cipher": "Standard",
        "mode": "value_domain",
        "projection": "webmercator_hash_v1",
        "projection_method": "webmercator_hash_v1",
        "value": 59
      },
      "type": "Feature"
    },
    {
      "geometry": {
        "coordinates": [
          -128.518371,
          36.249257
        ],
        "type": "Point"
      },
      "properties": {
        "cipher": "Standard",
        "mode": "value_domain",
        "projection": "webmercator_hash_v1",
        "projection_method": "webmercator_hash_v1",
        "value": 60
      },
      "type": "Feature"
    },
    {
      "geometry": {
        "coordinates": [
          -1.475756,
          19.041892
        ],
        "type": "Point"
      },
      "properties": {
        "cipher": "Standard",
        "mode": "value_domain",
        "projection": "webmercator_hash_v1",
        "projection_method": "webmercator_hash_v1",
        "value": 61
      },
      "type": "Feature"
    },
    {
      "geometry": {
        "coordinates": [
          -10.525248,
          -5.841898
        ],
        "type": "Point"
      },
      "properties": {
        "cipher": "Standard",
        "mode": "value_domain",
        "projection": "webmercator_hash_v1",
        "projection_method": "webmercator_hash_v1",
        "value": 62
      },
      "type": "Feature"
    },
    {
      "geometry": {
        "coordinates": [
          89.167185,
          28.754026
        ],
        "type": "Point"
      },
      "properties": {
        "cipher": "Standard",
        "mode": "value_domain",
        "projection": "webmercator_hash_v1",
        "projection_method": "webmercator_hash_v1",
        "value": 63
      },
      "type": "Feature"
    },
    {
      "geometry": {
        "coordinates": [
          87.221101,
          69.874251
        ],
        "type": "Point"
      },
      "properties": {
        "cipher": "Standard",
        "mode": "value_domain",
        "projection": "webmercator_hash_v1",
        "projection_method": "webmercator_hash_v1",
        "value": 64
      },
      "type": "Feature"
    },
    {
      "geometry": {
        "coordinates": [
          -118.348479,
          59.600817
        ],
        "type": "Point"
      },
      "properties": {
        "cipher": "Standard",
        "mode": "value_domain",
        "projection": "webmercator_hash_v1",
        "projection_method": "webmercator_hash_v1",
        "value": 65
      },
      "type": "Feature"
    },
    {
      "geometry": {
        "coordinates": [
          153.312008,
          -20.970237
        ],
        "type": "Point"
      },
      "properties": {
        "cipher": "Standard",
        "mode": "value_domain",
        "projection": "webmercator_hash_v1",
        "projection_method": "webmercator_hash_v1",
        "value": 66
      },
      "type": "Feature"
    },
    {
      "geometry": {
        "coordinates": [
          14.650429,
          -21.553826
        ],
        "type": "Point"
      },
      "properties": {
        "cipher": "Standard",
        "mode": "value_domain",
        "projection": "webmercator_hash_v1",
        "projection_method": "webmercator_hash_v1",
        "value": 67
      },
      "type": "Feature"
    },
    {
      "geometry": {
        "coordinates": [
          71.333433,
          79.80091
        ],
        "type": "Point"
      },
      "properties": {
        "cipher": "Standard",
        "mode": "value_domain",
        "projection": "webmercator_hash_v1",
        "projection_method": "webmercator_hash_v1",
        "value": 68
      },
      "type": "Feature"
    },
    {
      "geometry": {
        "coordinates": [
          -67.838108,
          65.835067
        ],
        "type": "Point"
      },
      "properties": {
        "cipher": "Standard",
        "mode": "value_domain",
        "projection": "webmercator_hash_v1",
        "projection_method": "webmercator_hash_v1",
        "value": 69
      },
      "type": "Feature"
    },
    {
      "geometry": {
        "coordinates": [
          -18.556709,
          30.239573
        ],
        "type": "Point"
      },
      "properties": {
        "cipher": "Standard",
        "mode": "value_domain",
        "projection": "webmercator_hash_v1",
        "projection_method": "webmercator_hash_v1",
        "value": 70
      },
      "type": "Feature"
    },
    {
      "geometry": {
        "coordinates": [
          4.699993,
          -3.14324
        ],
        "type": "Point"
      },
      "properties": {
        "cipher": "Standard",
        "mode": "value_domain",
        "projection": "webmercator_hash_v1",
        "projection_method": "webmercator_hash_v1",
        "value": 71
      },
      "type": "Feature"
    },
    {
      "geometry": {
        "coordinates": [
          -54.29976,
          47.308654
        ],
        "type": "Point"
      },
      "properties": {
        "cipher": "Standard",
        "mode": "value_domain",
        "projection": "webmercator_hash_v1",
        "projection_method": "webmercator_hash_v1",
        "value": 72
      },
      "type": "Feature"
    },
    {
      "geometry": {
        "coordinates": [
          -27.267306,
          -11.086688
        ],
        "type": "Point"
      },
      "properties": {
        "cipher": "Standard",
        "mode": "value_domain",
        "projection": "webmercator_hash_v1",
        "projection_method": "webmercator_hash_v1",
        "value": 73
      },
      "type": "Feature"
    },
    {
      "geometry": {
        "coordinates": [
          103.435165,
          -82.313202
        ],
        "type": "Point"
      },
      "properties": {
        "cipher": "Standard",
        "mode": "value_domain",
        "projection": "webmercator_hash_v1",
        "projection_method": "webmercator_hash_v1",
        "value": 74
      },
      "type": "Feature"
    },
    {
      "geometry": {
        "coordinates": [
          -9.395089,
          55.254499
        ],
        "type": "Point"
      },
      "properties": {
        "cipher": "Standard",
        "mode": "value_domain",
        "projection": "webmercator_hash_v1",
        "projection_method": "webmercator_hash_v1",
        "value": 75
      },
      "type": "Feature"
    },
    {
      "geometry": {
        "coordinates": [
          -177.726904,
          -48.657922
        ],
        "type": "Point"
      },
      "properties": {
        "cipher": "Standard",
        "mode": "value_domain",
        "projection": "webmercator_hash_v1",
        "projection_method": "webmercator_hash_v1",
        "value": 76
      },
      "type": "Feature"
    },
    {
      "geometry": {
        "coordinates": [
          -105.068703,
          -22.853712
        ],
        "type": "Point"
      },
      "properties": {
        "cipher": "Standard",
        "mode": "value_domain",
        "projection": "webmercator_hash_v1",
        "projection_method": "webmercator_hash_v1",
        "value": 77
      },
      "type": "Feature"
    },
    {
      "geometry": {
        "coordinates": [
          53.568593,
          84.797691
        ],
        "type": "Point"
      },
      "properties": {
        "cipher": "Standard",
        "mode": "value_domain",
        "projection": "webmercator_hash_v1",
        "projection_method": "webmercator_hash_v1",
        "value": 78
      },
      "type": "Feature"
    },
    {
      "geometry": {
        "coordinates": [
          111.784928,
          -69.948535
        ],
        "type": "Point"
      },
      "properties": {
        "cipher": "Standard",
        "mode": "value_domain",
        "projection": "webmercator_hash_v1",
        "projection_method": "webmercator_hash_v1",
        "value": 79
      },
      "type": "Feature"
    },
    {
      "geometry": {
        "coordinates": [
          39.195779,
          40.273923
        ],
        "type": "Point"
      },
      "properties": {
        "cipher": "Standard",
        "mode": "value_domain",
        "projection": "webmercator_hash_v1",
        "projection_method": "webmercator_hash_v1",
        "value": 80
      },
      "type": "Feature"
    },
    {
      "geometry": {
        "coordinates": [
          139.509715,
          63.478591
        ],
        "type": "Point"
      },
      "properties": {
        "cipher": "Standard",
        "mode": "value_domain",
        "projection": "webmercator_hash_v1",
        "projection_method": "webmercator_hash_v1",
        "value": 81
      },
      "type": "Feature"
    },
    {
      "geometry": {
        "coordinates": [
          144.974493,
          14.605682
        ],
        "type": "Point"
      },
      "properties": {
        "cipher": "Standard",
        "mode": "value_domain",
        "projection": "webmercator_hash_v1",
        "projection_method": "webmercator_hash_v1",
        "value": 82
      },
      "type": "Feature"
    },
    {
      "geometry": {
        "coordinates": [
          -75.446032,
          -11.360951
        ],
        "type": "Point"
      },
      "properties": {
        "cipher": "Standard",
        "mode": "value_domain",
        "projection": "webmercator_hash_v1",
        "projection_method": "webmercator_hash_v1",
        "value": 83
      },
      "type": "Feature"
    },
    {
      "geometry": {
        "coordinates": [
          122.514744,
          47.992728
        ],
        "type": "Point"
      },
      "properties": {
        "cipher": "Standard",
        "mode": "value_domain",
        "projection": "webmercator_hash_v1",
        "projection_method": "webmercator_hash_v1",
        "value": 84
      },
      "type": "Feature"
    },
    {
      "geometry": {
        "coordinates": [
          -80.834998,
          80.097337
        ],
        "type": "Point"
      },
      "properties": {
        "cipher": "Standard",
        "mode": "value_domain",
        "projection": "webmercator_hash_v1",
        "projection_method": "webmercator_hash_v1",
        "value": 85
      },
      "type": "Feature"
    },
    {
      "geometry": {
        "coordinates": [
          159.507065,
          -19.976935
        ],
        "type": "Point"
      },
      "properties": {
        "cipher": "Standard",
        "mode": "value_domain",
        "projection": "webmercator_hash_v1",
        "projection_method": "webmercator_hash_v1",
        "value": 86
      },
      "type": "Feature"
    },
    {
      "geometry": {
        "coordinates": [
          92.234963,
          -36.041227
        ],
        "type": "Point"
      },
      "properties": {
        "cipher": "Standard",
        "mode": "value_domain",
        "projection": "webmercator_hash_v1",
        "projection_method": "webmercator_hash_v1",
        "value": 87
      },
      "type": "Feature"
    },
    {
      "geometry": {
        "coordinates": [
          -131.211514,
          -33.140665
        ],
        "type": "Point"
      },
      "properties": {
        "cipher": "Standard",
        "mode": "value_domain",
        "projection": "webmercator_hash_v1",
        "projection_method": "webmercator_hash_v1",
        "value": 88
      },
      "type": "Feature"
    },
    {
      "geometry": {
        "coordinates": [
          121.2465,
          38.388802
        ],
        "type": "Point"
      },
      "properties": {
        "cipher": "Standard",
        "mode": "value_domain",
        "projection": "webmercator_hash_v1",
        "projection_method": "webmercator_hash_v1",
        "value": 89
      },
      "type": "Feature"
    },
    {
      "geometry": {
        "coordinates": [
          116.398619,
          26.648232
        ],
        "type": "Point"
      },
      "properties": {
        "cipher": "Standard",
        "mode": "value_domain",
        "projection": "webmercator_hash_v1",
        "projection_method": "webmercator_hash_v1",
        "value": 90
      },
      "type": "Feature"
    },
    {
      "geometry": {
        "coordinates": [
          -70.623305,
          -61.764179
        ],
        "type": "Point"
      },
      "properties": {
        "cipher": "Standard",
        "mode": "value_domain",
        "projection": "webmercator_hash_v1",
        "projection_method": "webmercator_hash_v1",
        "value": 91
      },
      "type": "Feature"
    },
    {
      "geometry": {
        "coordinates": [
          178.545743,
          -28.458963
        ],
        "type": "Point"
      },
      "properties": {
        "cipher": "Standard",
        "mode": "value_domain",
        "projection": "webmercator_hash_v1",
        "projection_method": "webmercator_hash_v1",
        "value": 92
      },
      "type": "Feature"
    },
    {
      "geometry": {
        "coordinates": [
          -41.00697,
          -4.245638
        ],
        "type": "Point"
      },
      "properties": {
        "cipher": "Standard",
        "mode": "value_domain",
        "projection": "webmercator_hash_v1",
        "projection_method": "webmercator_hash_v1",
        "value": 93
      },
      "type": "Feature"
    },
    {
      "geometry": {
        "coordinates": [
          -113.573752,
          70.078916
        ],
        "type": "Point"
      },
      "properties": {
        "cipher": "Standard",
        "mode": "value_domain",
        "projection": "webmercator_hash_v1",
        "projection_method": "webmercator_hash_v1",
        "value": 94
      },
      "type": "Feature"
    },
    {
      "geometry": {
        "coordinates": [
          -132.699683,
          6.273493
        ],
        "type": "Point"
      },
      "properties": {
        "cipher": "Standard",
        "mode": "value_domain",
        "projection": "webmercator_hash_v1",
        "projection_method": "webmercator_hash_v1",
        "value": 95
      },
      "type": "Feature"
    },
    {
      "geometry": {
        "coordinates": [
          53.700913,
          -55.285062
        ],
        "type": "Point"
      },
      "properties": {
        "cipher": "Standard",
        "mode": "value_domain",
        "projection": "webmercator_hash_v1",
        "projection_method": "webmercator_hash_v1",
        "value": 96
      },
      "type": "Feature"
    },
    {
      "geometry": {
        "coordinates": [
          -118.038453,
          -4.107781
        ],
        "type": "Point"
      },
      "properties": {
        "cipher": "Standard",
        "mode": "value_domain",
        "projection": "webmercator_hash_v1",
        "projection_method": "webmercator_hash_v1",
        "value": 97
      },
      "type": "Feature"
    },
    {
      "geometry": {
        "coordinates": [
          -86.88868,
          63.477299
        ],
        "type": "Point"
      },
      "properties": {
        "cipher": "Standard",
        "mode": "value_domain",
        "projection": "webmercator_hash_v1",
        "projection_method": "webmercator_hash_v1",
        "value": 98
      },
      "type": "Feature"
    },
    {
      "geometry": {
        "coordinates": [
          13.43373,
          63.478418
        ],
        "type": "Point"
      },
      "properties": {
        "cipher": "Standard",
        "mode": "value_domain",
        "projection": "webmercator_hash_v1",
        "projection_method": "webmercator_hash_v1",
        "value": 99
      },
      "type": "Feature"
    },
    {
      "geometry": {
        "coordinates": [
          141.896339,
          -27.751898
        ],
        "type": "Point"
      },
      "properties": {
        "cipher": "Standard",
        "mode": "value_domain",
        "projection": "webmercator_hash_v1",
        "projection_method": "webmercator_hash_v1",
        "value": 100
      },
      "type": "Feature"
    },
    {
      "geometry": {
        "coordinates": [
          -159.563561,
          -21.920923
        ],
        "type": "Point"
      },
      "properties": {
        "cipher": "Standard",
        "mode": "value_domain",
        "projection": "webmercator_hash_v1",
        "projection_method": "webmercator_hash_v1",
        "value": 101
      },
      "type": "Feature"
    },
    {
      "geometry": {
        "coordinates": [
          -132.112876,
          -62.520495
        ],
        "type": "Point"
      },
      "properties": {
        "cipher": "Standard",
        "mode": "value_domain",
        "projection": "webmercator_hash_v1",
        "projection_method": "webmercator_hash_v1",
        "value": 102
      },
      "type": "Feature"
    },
    {
      "geometry": {
        "coordinates": [
          157.077187,
          -65.374423
        ],
        "type": "Point"
      },
      "properties": {
        "cipher": "Standard",
        "mode": "value_domain",
        "projection": "webmercator_hash_v1",
        "projection_method": "webmercator_hash_v1",
        "value": 103
      },
      "type": "Feature"
    },
    {
      "geometry": {
        "coordinates": [
          -75.751786,
          72.965726
        ],
        "type": "Point"
      },
      "properties": {
        "cipher": "Standard",
        "mode": "value_domain",
        "projection": "webmercator_hash_v1",
        "projection_method": "webmercator_hash_v1",
        "value": 104
      },
      "type": "Feature"
    },
    {
      "geometry": {
        "coordinates": [
          -59.520502,
          -42.629528
        ],
        "type": "Point"
      },
      "properties": {
        "cipher": "Standard",
        "mode": "value_domain",
        "projection": "webmercator_hash_v1",
        "projection_method": "webmercator_hash_v1",
        "value": 105
      },
      "type": "Feature"
    },
    {
      "geometry": {
        "coordinates": [
          169.215076,
          6.729518
        ],
        "type": "Point"
      },
      "properties": {
        "cipher": "Standard",
        "mode": "value_domain",
        "projection": "webmercator_hash_v1",
        "projection_method": "webmercator_hash_v1",
        "value": 106
      },
      "type": "Feature"
    },
    {
      "geometry": {
        "coordinates": [
          -81.13584,
          -16.547145
        ],
        "type": "Point"
      },
      "properties": {
        "cipher": "Standard",
        "mode": "value_domain",
        "projection": "webmercator_hash_v1",
        "projection_method": "webmercator_hash_v1",
        "value": 107
      },
      "type": "Feature"
    },
    {
      "geometry": {
        "coordinates": [
          -170.55223,
          55.242617
        ],
        "type": "Point"
      },
      "properties": {
        "cipher": "Standard",
        "mode": "value_domain",
        "projection": "webmercator_hash_v1",
        "projection_method": "webmercator_hash_v1",
        "value": 108
      },
      "type": "Feature"
    },
    {
      "geometry": {
        "coordinates": [
          170.631238,
          64.488408
        ],
        "type": "Point"
      },
      "properties": {
        "cipher": "Standard",
        "mode": "value_domain",
        "projection": "webmercator_hash_v1",
        "projection_method": "webmercator_hash_v1",
        "value": 109
      },
      "type": "Feature"
    },
    {
      "geometry": {
        "coordinates": [
          171.81688,
          -22.878286
        ],
        "type": "Point"
      },
      "properties": {
        "cipher": "Standard",
        "mode": "value_domain",
        "projection": "webmercator_hash_v1",
        "projection_method": "webmercator_hash_v1",
        "value": 110
      },
      "type": "Feature"
    },
    {
      "geometry": {
        "coordinates": [
          -66.377636,
          -7.446221
        ],
        "type": "Point"
      },
      "properties": {
        "cipher": "Standard",
        "mode": "value_domain",
        "projection": "webmercator_hash_v1",
        "projection_method": "webmercator_hash_v1",
        "value": 111
      },
      "type": "Feature"
    },
    {
      "geometry": {
        "coordinates": [
          -126.560546,
          -46.427848
        ],
        "type": "Point"
      },
      "properties": {
        "cipher": "Standard",
        "mode": "value_domain",
        "projection": "webmercator_hash_v1",
        "projection_method": "webmercator_hash_v1",
        "value": 112
      },
      "type": "Feature"
    },
    {
      "geometry": {
        "coordinates": [
          -175.235905,
          -53.835046
        ],
        "type": "Point"
      },
      "properties": {
        "cipher": "Standard",
        "mode": "value_domain",
        "projection": "webmercator_hash_v1",
        "projection_method": "webmercator_hash_v1",
        "value": 113
      },
      "type": "Feature"
    },
    {
      "geometry": {
        "coordinates": [
          144.711439,
          24.175933
        ],
        "type": "Point"
      },
      "properties": {
        "cipher": "Standard",
        "mode": "value_domain",
        "projection": "webmercator_hash_v1",
        "projection_method": "webmercator_hash_v1",
        "value": 114
      },
      "type": "Feature"
    },
    {
      "geometry": {
        "coordinates": [
          33.966444,
          45.479255
        ],
        "type": "Point"
      },
      "properties": {
        "cipher": "Standard",
        "mode": "value_domain",
        "projection": "webmercator_hash_v1",
        "projection_method": "webmercator_hash_v1",
        "value": 115
      },
      "type": "Feature"
    },
    {
      "geometry": {
        "coordinates": [
          -3.116978,
          19.079654
        ],
        "type": "Point"
      },
      "properties": {
        "cipher": "Standard",
        "mode": "value_domain",
        "projection": "webmercator_hash_v1",
        "projection_method": "webmercator_hash_v1",
        "value": 116
      },
      "type": "Feature"
    },
    {
      "geometry": {
        "coordinates": [
          12.770178,
          -64.115864
        ],
        "type": "Point"
      },
      "properties": {
        "cipher": "Standard",
        "mode": "value_domain",
        "projection": "webmercator_hash_v1",
        "projection_method": "webmercator_hash_v1",
        "value": 117
      },
      "type": "Feature"
    },
    {
      "geometry": {
        "coordinates": [
          -32.352639,
          21.997558
        ],
        "type": "Point"
      },
      "properties": {
        "cipher": "Standard",
        "mode": "value_domain",
        "projection": "webmercator_hash_v1",
        "projection_method": "webmercator_hash_v1",
        "value": 118
      },
      "type": "Feature"
    },
    {
      "geometry": {
        "coordinates": [
          -125.020896,
          82.871632
        ],
        "type": "Point"
      },
      "properties": {
        "cipher": "Standard",
        "mode": "value_domain",
        "projection": "webmercator_hash_v1",
        "projection_method": "webmercator_hash_v1",
        "value": 119
      },
      "type": "Feature"
    },
    {
      "geometry": {
        "coordinates": [
          -27.673305,
          -23.0453
        ],
        "type": "Point"
      },
      "properties": {
        "cipher": "Standard",
        "mode": "value_domain",
        "projection": "webmercator_hash_v1",
        "projection_method": "webmercator_hash_v1",
        "value": 120
      },
      "type": "Feature"
    },
    {
      "geometry": {
        "coordinates": [
          39.799149,
          76.381448
        ],
        "type": "Point"
      },
      "properties": {
        "cipher": "Standard",
        "mode": "value_domain",
        "projection": "webmercator_hash_v1",
        "projection_method": "webmercator_hash_v1",
        "value": 121
      },
      "type": "Feature"
    },
    {
      "geometry": {
        "coordinates": [
          -107.148623,
          -41.425145
        ],
        "type": "Point"
      },
      "properties": {
        "cipher": "Standard",
        "mode": "value_domain",
        "projection": "webmercator_hash_v1",
        "projection_method": "webmercator_hash_v1",
        "value": 122
      },
      "type": "Feature"
    },
    {
      "geometry": {
        "coordinates": [
          98.72133,
          -77.128881
        ],
        "type": "Point"
      },
      "properties": {
        "cipher": "Standard",
        "mode": "value_domain",
        "projection": "webmercator_hash_v1",
        "projection_method": "webmercator_hash_v1",
        "value": 123
      },
      "type": "Feature"
    },
    {
      "geometry": {
        "coordinates": [
          50.122454,
          -23.781886
        ],
        "type": "Point"
      },
      "properties": {
        "cipher": "Standard",
        "mode": "value_domain",
        "projection": "webmercator_hash_v1",
        "projection_method": "webmercator_hash_v1",
        "value": 124
      },
      "type": "Feature"
    },
    {
      "geometry": {
        "coordinates": [
          -171.442069,
          -19.184886
        ],
        "type": "Point"
      },
      "properties": {
        "cipher": "Standard",
        "mode": "value_domain",
        "projection": "webmercator_hash_v1",
        "projection_method": "webmercator_hash_v1",
        "value": 125
      },
      "type": "Feature"
    },
    {
      "geometry": {
        "coordinates": [
          43.509282,
          77.202853
        ],
        "type": "Point"
      },
      "properties": {
        "cipher": "Standard",
        "mode": "value_domain",
        "projection": "webmercator_hash_v1",
        "projection_method": "webmercator_hash_v1",
        "value": 126
      },
      "type": "Feature"
    },
    {
      "geometry": {
        "coordinates": [
          -146.970874,
          82.21353
        ],
        "type": "Point"
      },
      "properties": {
        "cipher": "Standard",
        "mode": "value_domain",
        "projection": "webmercator_hash_v1",
        "projection_method": "webmercator_hash_v1",
        "value": 127
      },
      "type": "Feature"
    },
    {
      "geometry": {
        "coordinates": [
          -157.91022,
          84.399774
        ],
        "type": "Point"
      },
      "properties": {
        "cipher": "Standard",
        "mode": "value_domain",
        "projection": "webmercator_hash_v1",
        "projection_method": "webmercator_hash_v1",
        "value": 128
      },
      "type": "Feature"
    },
    {
      "geometry": {
        "coordinates": [
          -90.083,
          -50.861201
        ],
        "type": "Point"
      },
      "properties": {
        "cipher": "Standard",
        "mode": "value_domain",
        "projection": "webmercator_hash_v1",
        "projection_method": "webmercator_hash_v1",
        "value": 129
      },
      "type": "Feature"
    },
    {
      "geometry": {
        "coordinates": [
          -38.777282,
          56.780836
        ],
        "type": "Point"
      },
      "properties": {
        "cipher": "Standard",
        "mode": "value_domain",
        "projection": "webmercator_hash_v1",
        "projection_method": "webmercator_hash_v1",
        "value": 130
      },
      "type": "Feature"
    },
    {
      "geometry": {
        "coordinates": [
          65.682954,
          -58.77993
        ],
        "type": "Point"
      },
      "properties": {
        "cipher": "Standard",
        "mode": "value_domain",
        "projection": "webmercator_hash_v1",
        "projection_method": "webmercator_hash_v1",
        "value": 131
      },
      "type": "Feature"
    },
    {
      "geometry": {
        "coordinates": [
          -4.960063,
          3.698613
        ],
        "type": "Point"
      },
      "properties": {
        "cipher": "Standard",
        "mode": "value_domain",
        "projection": "webmercator_hash_v1",
        "projection_method": "webmercator_hash_v1",
        "value": 132
      },
      "type": "Feature"
    },
    {
      "geometry": {
        "coordinates": [
          169.988604,
          -39.452764
        ],
        "type": "Point"
      },
      "properties": {
        "cipher": "Standard",
        "mode": "value_domain",
        "projection": "webmercator_hash_v1",
        "projection_method": "webmercator_hash_v1",
        "value": 133
      },
      "type": "Feature"
    },
    {
      "geometry": {
        "coordinates": [
          18.387779,
          -3.559238
        ],
        "type": "Point"
      },
      "properties": {
        "cipher": "Standard",
        "mode": "value_domain",
        "projection": "webmercator_hash_v1",
        "projection_method": "webmercator_hash_v1",
        "value": 134
      },
      "type": "Feature"
    },
    {
      "geometry": {
        "coordinates": [
          -106.45333,
          -50.071189
        ],
        "type": "Point"
      },
      "properties": {
        "cipher": "Standard",
        "mode": "value_domain",
        "projection": "webmercator_hash_v1",
        "projection_method": "webmercator_hash_v1",
        "value": 135
      },
      "type": "Feature"
    },
    {
      "geometry": {
        "coordinates": [
          76.990929,
          -51.772277
        ],
        "type": "Point"
      },
      "properties": {
        "cipher": "Standard",
        "mode": "value_domain",
        "projection": "webmercator_hash_v1",
        "projection_method": "webmercator_hash_v1",
        "value": 136
      },
      "type": "Feature"
    },
    {
      "geometry": {
        "coordinates": [
          -73.752277,
          -16.705909
        ],
        "type": "Point"
      },
      "properties": {
        "cipher": "Standard",
        "mode": "value_domain",
        "projection": "webmercator_hash_v1",
        "projection_method": "webmercator_hash_v1",
        "value": 137
      },
      "type": "Feature"
    },
    {
      "geometry": {
        "coordinates": [
          0.630815,
          85.040195
        ],
        "type": "Point"
      },
      "properties": {
        "cipher": "Standard",
        "mode": "value_domain",
        "projection": "webmercator_hash_v1",
        "projection_method": "webmercator_hash_v1",
        "value": 138
      },
      "type": "Feature"
    },
    {
      "geometry": {
        "coordinates": [
          -160.844718,
          32.306592
        ],
        "type": "Point"
      },
      "properties": {
        "cipher": "Standard",
        "mode": "value_domain",
        "projection": "webmercator_hash_v1",
        "projection_method": "webmercator_hash_v1",
        "value": 139
      },
      "type": "Feature"
    },
    {
      "geometry": {
        "coordinates": [
          -93.65959,
          -55.287947
        ],
        "type": "Point"
      },
      "properties": {
        "cipher": "Standard",
        "mode": "value_domain",
        "projection": "webmercator_hash_v1",
        "projection_method": "webmercator_hash_v1",
        "value": 140
      },
      "type": "Feature"
    },
    {
      "geometry": {
        "coordinates": [
          81.672982,
          1.786066
        ],
        "type": "Point"
      },
      "properties": {
        "cipher": "Standard",
        "mode": "value_domain",
        "projection": "webmercator_hash_v1",
        "projection_method": "webmercator_hash_v1",
        "value": 141
      },
      "type": "Feature"
    },
    {
      "geometry": {
        "coordinates": [
          170.965343,
          41.457966
        ],
        "type": "Point"
      },
      "properties": {
        "cipher": "Standard",
        "mode": "value_domain",
        "projection": "webmercator_hash_v1",
        "projection_method": "webmercator_hash_v1",
        "value": 142
      },
      "type": "Feature"
    },
    {
      "geometry": {
        "coordinates": [
          71.469032,
          33.331378
        ],
        "type": "Point"
      },
      "properties": {
        "cipher": "Standard",
        "mode": "value_domain",
        "projection": "webmercator_hash_v1",
        "projection_method": "webmercator_hash_v1",
        "value": 143
      },
      "type": "Feature"
    },
    {
      "geometry": {
        "coordinates": [
          94.40537,
          -45.269851
        ],
        "type": "Point"
      },
      "properties": {
        "cipher": "Standard",
        "mode": "value_domain",
        "projection": "webmercator_hash_v1",
        "projection_method": "webmercator_hash_v1",
        "value": 144
      },
      "type": "Feature"
    },
    {
      "geometry": {
        "coordinates": [
          -149.640057,
          23.090075
        ],
        "type": "Point"
      },
      "properties": {
        "cipher": "Standard",
        "mode": "value_domain",
        "projection": "webmercator_hash_v1",
        "projection_method": "webmercator_hash_v1",
        "value": 145
      },
      "type": "Feature"
    },
    {
      "geometry": {
        "coordinates": [
          -75.813365,
          58.364784
        ],
        "type": "Point"
      },
      "properties": {
        "cipher": "Standard",
        "mode": "value_domain",
        "projection": "webmercator_hash_v1",
        "projection_method": "webmercator_hash_v1",
        "value": 146
      },
      "type": "Feature"
    },
    {
      "geometry": {
        "coordinates": [
          -109.18526,
          4.352778
        ],
        "type": "Point"
      },
      "properties": {
        "cipher": "Standard",
        "mode": "value_domain",
        "projection": "webmercator_hash_v1",
        "projection_method": "webmercator_hash_v1",
        "value": 147
      },
      "type": "Feature"
    },
    {
      "geometry": {
        "coordinates": [
          -125.997826,
          -53.685724
        ],
        "type": "Point"
      },
      "properties": {
        "cipher": "Standard",
        "mode": "value_domain",
        "projection": "webmercator_hash_v1",
        "projection_method": "webmercator_hash_v1",
        "value": 148
      },
      "type": "Feature"
    },
    {
      "geometry": {
        "coordinates": [
          -142.606232,
          79.648724
        ],
        "type": "Point"
      },
      "properties": {
        "cipher": "Standard",
        "mode": "value_domain",
        "projection": "webmercator_hash_v1",
        "projection_method": "webmercator_hash_v1",
        "value": 149
      },
      "type": "Feature"
    },
    {
      "geometry": {
        "coordinates": [
          -18.417672,
          6.176275
        ],
        "type": "Point"
      },
      "properties": {
        "cipher": "Standard",
        "mode": "value_domain",
        "projection": "webmercator_hash_v1",
        "projection_method": "webmercator_hash_v1",
        "value": 150
      },
      "type": "Feature"
    },
    {
      "geometry": {
        "coordinates": [
          -13.542654,
          22.726198
        ],
        "type": "Point"
      },
      "properties": {
        "cipher": "Standard",
        "mode": "value_domain",
        "projection": "webmercator_hash_v1",
        "projection_method": "webmercator_hash_v1",
        "value": 151
      },
      "type": "Feature"
    },
    {
      "geometry": {
        "coordinates": [
          -5.44403,
          -66.962836
        ],
        "type": "Point"
      },
      "properties": {
        "cipher": "Standard",
        "mode": "value_domain",
        "projection": "webmercator_hash_v1",
        "projection_method": "webmercator_hash_v1",
        "value": 152
      },
      "type": "Feature"
    },
    {
      "geometry": {
        "coordinates": [
          -77.325025,
          52.761583
        ],
        "type": "Point"
      },
      "properties": {
        "cipher": "Standard",
        "mode": "value_domain",
        "projection": "webmercator_hash_v1",
        "projection_method": "webmercator_hash_v1",
        "value": 153
      },
      "type": "Feature"
    },
    {
      "geometry": {
        "coordinates": [
          172.251066,
          -29.682303
        ],
        "type": "Point"
      },
      "properties": {
        "cipher": "Standard",
        "mode": "value_domain",
        "projection": "webmercator_hash_v1",
        "projection_method": "webmercator_hash_v1",
        "value": 154
      },
      "type": "Feature"
    },
    {
      "geometry": {
        "coordinates": [
          74.85447,
          -75.685777
        ],
        "type": "Point"
      },
      "properties": {
        "cipher": "Standard",
        "mode": "value_domain",
        "projection": "webmercator_hash_v1",
        "projection_method": "webmercator_hash_v1",
        "value": 155
      },
      "type": "Feature"
    },
    {
      "geometry": {
        "coordinates": [
          123.381676,
          28.890217
        ],
        "type": "Point"
      },
      "properties": {
        "cipher": "Standard",
        "mode": "value_domain",
        "projection": "webmercator_hash_v1",
        "projection_method": "webmercator_hash_v1",
        "value": 156
      },
      "type": "Feature"
    },
    {
      "geometry": {
        "coordinates": [
          11.448533,
          80.488762
        ],
        "type": "Point"
      },
      "properties": {
        "cipher": "Standard",
        "mode": "value_domain",
        "projection": "webmercator_hash_v1",
        "projection_method": "webmercator_hash_v1",
        "value": 157
      },
      "type": "Feature"
    },
    {
      "geometry": {
        "coordinates": [
          170.821733,
          77.815626
        ],
        "type": "Point"
      },
      "properties": {
        "cipher": "Standard",
        "mode": "value_domain",
        "projection": "webmercator_hash_v1",
        "projection_method": "webmercator_hash_v1",
        "value": 158
      },
      "type": "Feature"
    },
    {
      "geometry": {
        "coordinates": [
          -34.109417,
          36.869921
        ],
        "type": "Point"
      },
      "properties": {
        "cipher": "Standard",
        "mode": "value_domain",
        "projection": "webmercator_hash_v1",
        "projection_method": "webmercator_hash_v1",
        "value": 159
      },
      "type": "Feature"
    },
    {
      "geometry": {
        "coordinates": [
          36.146079,
          -22.206198
        ],
        "type": "Point"
      },
      "properties": {
        "cipher": "Standard",
        "mode": "value_domain",
        "projection": "webmercator_hash_v1",
        "projection_method": "webmercator_hash_v1",
        "value": 160
      },
      "type": "Feature"
    },
    {
      "geometry": {
        "coordinates": [
          -35.698348,
          13.297411
        ],
        "type": "Point"
      },
      "properties": {
        "cipher": "Standard",
        "mode": "value_domain",
        "projection": "webmercator_hash_v1",
        "projection_method": "webmercator_hash_v1",
        "value": 161
      },
      "type": "Feature"
    },
    {
      "geometry": {
        "coordinates": [
          141.093808,
          17.068873
        ],
        "type": "Point"
      },
      "properties": {
        "cipher": "Standard",
        "mode": "value_domain",
        "projection": "webmercator_hash_v1",
        "projection_method": "webmercator_hash_v1",
        "value": 162
      },
      "type": "Feature"
    },
    {
      "geometry": {
        "coordinates": [
          -118.351599,
          -75.561686
        ],
        "type": "Point"
      },
      "properties": {
        "cipher": "Standard",
        "mode": "value_domain",
        "projection": "webmercator_hash_v1",
        "projection_method": "webmercator_hash_v1",
        "value": 163
      },
      "type": "Feature"
    },
    {
      "geometry": {
        "coordinates": [
          -70.102826,
          -9.90487
        ],
        "type": "Point"
      },
      "properties": {
        "cipher": "Standard",
        "mode": "value_domain",
        "projection": "webmercator_hash_v1",
        "projection_method": "webmercator_hash_v1",
        "value": 164
      },
      "type": "Feature"
    },
    {
      "geometry": {
        "coordinates": [
          69.306869,
          37.190381
        ],
        "type": "Point"
      },
      "properties": {
        "cipher": "Standard",
        "mode": "value_domain",
        "projection": "webmercator_hash_v1",
        "projection_method": "webmercator_hash_v1",
        "value": 165
      },
      "type": "Feature"
    },
    {
      "geometry": {
        "coordinates": [
          -118.012558,
          47.525638
        ],
        "type": "Point"
      },
      "properties": {
        "cipher": "Standard",
        "mode": "value_domain",
        "projection": "webmercator_hash_v1",
        "projection_method": "webmercator_hash_v1",
        "value": 166
      },
      "type": "Feature"
    },
    {
      "geometry": {
        "coordinates": [
          -133.050908,
          -35.388483
        ],
        "type": "Point"
      },
      "properties": {
        "cipher": "Standard",
        "mode": "value_domain",
        "projection": "webmercator_hash_v1",
        "projection_method": "webmercator_hash_v1",
        "value": 167
      },
      "type": "Feature"
    },
    {
      "geometry": {
        "coordinates": [
          30.700498,
          -54.773018
        ],
        "type": "Point"
      },
      "properties": {
        "cipher": "Standard",
        "mode": "value_domain",
        "projection": "webmercator_hash_v1",
        "projection_method": "webmercator_hash_v1",
        "value": 168
      },
      "type": "Feature"
    },
    {
      "geometry": {
        "coordinates": [
          -130.660787,
          84.856988
        ],
        "type": "Point"
      },
      "properties": {
        "cipher": "Standard",
        "mode": "value_domain",
        "projection": "webmercator_hash_v1",
        "projection_method": "webmercator_hash_v1",
        "value": 169
      },
      "type": "Feature"
    },
    {
      "geometry": {
        "coordinates": [
          -20.807484,
          -54.36234
        ],
        "type": "Point"
      },
      "properties": {
        "cipher": "Standard",
        "mode": "value_domain",
        "projection": "webmercator_hash_v1",
        "projection_method": "webmercator_hash_v1",
        "value": 170
      },
      "type": "Feature"
    },
    {
      "geometry": {
        "coordinates": [
          -57.970345,
          72.752362
        ],
        "type": "Point"
      },
      "properties": {
        "cipher": "Standard",
        "mode": "value_domain",
        "projection": "webmercator_hash_v1",
        "projection_method": "webmercator_hash_v1",
        "value": 171
      },
      "type": "Feature"
    },
    {
      "geometry": {
        "coordinates": [
          72.231304,
          76.794783
        ],
        "type": "Point"
      },
      "properties": {
        "cipher": "Standard",
        "mode": "value_domain",
        "projection": "webmercator_hash_v1",
        "projection_method": "webmercator_hash_v1",
        "value": 172
      },
      "type": "Feature"
    },
    {
      "geometry": {
        "coordinates": [
          -94.254117,
          84.104917
        ],
        "type": "Point"
      },
      "properties": {
        "cipher": "Standard",
        "mode": "value_domain",
        "projection": "webmercator_hash_v1",
        "projection_method": "webmercator_hash_v1",
        "value": 173
      },
      "type": "Feature"
    },
    {
      "geometry": {
        "coordinates": [
          -8.429661,
          -70.643231
        ],
        "type": "Point"
      },
      "properties": {
        "cipher": "Standard",
        "mode": "value_domain",
        "projection": "webmercator_hash_v1",
        "projection_method": "webmercator_hash_v1",
        "value": 174
      },
      "type": "Feature"
    },
    {
      "geometry": {
        "coordinates": [
          19.994858,
          25.137765
        ],
        "type": "Point"
      },
      "properties": {
        "cipher": "Standard",
        "mode": "value_domain",
        "projection": "webmercator_hash_v1",
        "projection_method": "webmercator_hash_v1",
        "value": 175
      },
      "type": "Feature"
    },
    {
      "geometry": {
        "coordinates": [
          -177.404775,
          44.106249
        ],
        "type": "Point"
      },
      "properties": {
        "cipher": "Standard",
        "mode": "value_domain",
        "projection": "webmercator_hash_v1",
        "projection_method": "webmercator_hash_v1",
        "value": 176
      },
      "type": "Feature"
    },
    {
      "geometry": {
        "coordinates": [
          -157.799785,
          -39.540053
        ],
        "type": "Point"
      },
      "properties": {
        "cipher": "Standard",
        "mode": "value_domain",
        "projection": "webmercator_hash_v1",
        "projection_method": "webmercator_hash_v1",
        "value": 177
      },
      "type": "Feature"
    },
    {
      "geometry": {
        "coordinates": [
          175.649368,
          73.970028
        ],
        "type": "Point"
      },
      "properties": {
        "cipher": "Standard",
        "mode": "value_domain",
        "projection": "webmercator_hash_v1",
        "projection_method": "webmercator_hash_v1",
        "value": 178
      },
      "type": "Feature"
    },
    {
      "geometry": {
        "coordinates": [
          51.163488,
          3.55803
        ],
        "type": "Point"
      },
      "properties": {
        "cipher": "Standard",
        "mode": "value_domain",
        "projection": "webmercator_hash_v1",
        "projection_method": "webmercator_hash_v1",
        "value": 179
      },
      "type": "Feature"
    },
    {
      "geometry": {
        "coordinates": [
          -98.40693,
          -39.813928
        ],
        "type": "Point"
      },
      "properties": {
        "cipher": "Standard",
        "mode": "value_domain",
        "projection": "webmercator_hash_v1",
        "projection_method": "webmercator_hash_v1",
        "value": 180
      },
      "type": "Feature"
    },
    {
      "geometry": {
        "coordinates": [
          -7.773847,
          -78.024632
        ],
        "type": "Point"
      },
      "properties": {
        "cipher": "Standard",
        "mode": "value_domain",
        "projection": "webmercator_hash_v1",
        "projection_method": "webmercator_hash_v1",
        "value": 181
      },
      "type": "Feature"
    },
    {
      "geometry": {
        "coordinates": [
          14.945058,
          -9.602832
        ],
        "type": "Point"
      },
      "properties": {
        "cipher": "Standard",
        "mode": "value_domain",
        "projection": "webmercator_hash_v1",
        "projection_method": "webmercator_hash_v1",
        "value": 182
      },
      "type": "Feature"
    },
    {
      "geometry": {
        "coordinates": [
          -149.443016,
          -15.416911
        ],
        "type": "Point"
      },
      "properties": {
        "cipher": "Standard",
        "mode": "value_domain",
        "projection": "webmercator_hash_v1",
        "projection_method": "webmercator_hash_v1",
        "value": 183
      },
      "type": "Feature"
    },
    {
      "geometry": {
        "coordinates": [
          165.520302,
          -80.522557
        ],
        "type": "Point"
      },
      "properties": {
        "cipher": "Standard",
        "mode": "value_domain",
        "projection": "webmercator_hash_v1",
        "projection_method": "webmercator_hash_v1",
        "value": 184
      },
      "type": "Feature"
    },
    {
      "geometry": {
        "coordinates": [
          104.632416,
          -19.362364
        ],
        "type": "Point"
      },
      "properties": {
        "cipher": "Standard",
        "mode": "value_domain",
        "projection": "webmercator_hash_v1",
        "projection_method": "webmercator_hash_v1",
        "value": 185
      },
      "type": "Feature"
    },
    {
      "geometry": {
        "coordinates": [
          16.652268,
          34.684235
        ],
        "type": "Point"
      },
      "properties": {
        "cipher": "Standard",
        "mode": "value_domain",
        "projection": "webmercator_hash_v1",
        "projection_method": "webmercator_hash_v1",
        "value": 186
      },
      "type": "Feature"
    },
    {
      "geometry": {
        "coordinates": [
          40.492752,
          81.296634
        ],
        "type": "Point"
      },
      "properties": {
        "cipher": "Standard",
        "mode": "value_domain",
        "projection": "webmercator_hash_v1",
        "projection_method": "webmercator_hash_v1",
        "value": 187
      },
      "type": "Feature"
    },
    {
      "geometry": {
        "coordinates": [
          40.142477,
          18.757913
        ],
        "type": "Point"
      },
      "properties": {
        "cipher": "Standard",
        "mode": "value_domain",
        "projection": "webmercator_hash_v1",
        "projection_method": "webmercator_hash_v1",
        "value": 188
      },
      "type": "Feature"
    },
    {
      "geometry": {
        "coordinates": [
          -123.916474,
          -42.477157
        ],
        "type": "Point"
      },
      "properties": {
        "cipher": "Standard",
        "mode": "value_domain",
        "projection": "webmercator_hash_v1",
        "projection_method": "webmercator_hash_v1",
        "value": 189
      },
      "type": "Feature"
    },
    {
      "geometry": {
        "coordinates": [
          -87.402712,
          68.271683
        ],
        "type": "Point"
      },
      "properties": {
        "cipher": "Standard",
        "mode": "value_domain",
        "projection": "webmercator_hash_v1",
        "projection_method": "webmercator_hash_v1",
        "value": 190
      },
      "type": "Feature"
    },
    {
      "geometry": {
        "coordinates": [
          173.969842,
          -17.600924
        ],
        "type": "Point"
      },
      "properties": {
        "cipher": "Standard",
        "mode": "value_domain",
        "projection": "webmercator_hash_v1",
        "projection_method": "webmercator_hash_v1",
        "value": 191
      },
      "type": "Feature"
    },
    {
      "geometry": {
        "coordinates": [
          16.056751,
          -57.519236
        ],
        "type": "Point"
      },
      "properties": {
        "cipher": "Standard",
        "mode": "value_domain",
        "projection": "webmercator_hash_v1",
        "projection_method": "webmercator_hash_v1",
        "value": 192
      },
      "type": "Feature"
    },
    {
      "geometry": {
        "coordinates": [
          126.818389,
          -53.89196
        ],
        "type": "Point"
      },
      "properties": {
        "cipher": "Standard",
        "mode": "value_domain",
        "projection": "webmercator_hash_v1",
        "projection_method": "webmercator_hash_v1",
        "value": 193
      },
      "type": "Feature"
    },
    {
      "geometry": {
        "coordinates": [
          -76.102098,
          -52.972926
        ],
        "type": "Point"
      },
      "properties": {
        "cipher": "Standard",
        "mode": "value_domain",
        "projection": "webmercator_hash_v1",
        "projection_method": "webmercator_hash_v1",
        "value": 194
      },
      "type": "Feature"
    },
    {
      "geometry": {
        "coordinates": [
          169.031082,
          -60.835839
        ],
        "type": "Point"
      },
      "properties": {
        "cipher": "Standard",
        "mode": "value_domain",
        "projection": "webmercator_hash_v1",
        "projection_method": "webmercator_hash_v1",
        "value": 195
      },
      "type": "Feature"
    },
    {
      "geometry": {
        "coordinates": [
          160.339762,
          -52.51082
        ],
        "type": "Point"
      },
      "properties": {
        "cipher": "Standard",
        "mode": "value_domain",
        "projection": "webmercator_hash_v1",
        "projection_method": "webmercator_hash_v1",
        "value": 196
      },
      "type": "Feature"
    },
    {
      "geometry": {
        "coordinates": [
          -2.185059,
          82.301225
        ],
        "type": "Point"
      },
      "properties": {
        "cipher": "Standard",
        "mode": "value_domain",
        "projection": "webmercator_hash_v1",
        "projection_method": "webmercator_hash_v1",
        "value": 197
      },
      "type": "Feature"
    },
    {
      "geometry": {
        "coordinates": [
          135.510507,
          0.519827
        ],
        "type": "Point"
      },
      "properties": {
        "cipher": "Standard",
        "mode": "value_domain",
        "projection": "webmercator_hash_v1",
        "projection_method": "webmercator_hash_v1",
        "value": 198
      },
      "type": "Feature"
    },
    {
      "geometry": {
        "coordinates": [
          -55.484828,
          36.389463
        ],
        "type": "Point"
      },
      "properties": {
        "cipher": "Standard",
        "mode": "value_domain",
        "projection": "webmercator_hash_v1",
        "projection_method": "webmercator_hash_v1",
        "value": 199
      },
      "type": "Feature"
    },
    {
      "geometry": {
        "coordinates": [
          98.701948,
          79.481377
        ],
        "type": "Point"
      },
      "properties": {
        "cipher": "Standard",
        "mode": "value_domain",
        "projection": "webmercator_hash_v1",
        "projection_method": "webmercator_hash_v1",
        "value": 200
      },
      "type": "Feature"
    },
    {
      "geometry": {
        "coordinates": [
          -76.67784,
          25.245671
        ],
        "type": "Point"
      },
      "properties": {
        "cipher": "Standard",
        "mode": "value_domain",
        "projection": "webmercator_hash_v1",
        "projection_method": "webmercator_hash_v1",
        "value": 201
      },
      "type": "Feature"
    },
    {
      "geometry": {
        "coordinates": [
          -173.961409,
          10.923658
        ],
        "type": "Point"
      },
      "properties": {
        "cipher": "Standard",
        "mode": "value_domain",
        "projection": "webmercator_hash_v1",
        "projection_method": "webmercator_hash_v1",
        "value": 202
      },
      "type": "Feature"
    },
    {
      "geometry": {
        "coordinates": [
          53.057751,
          27.640519
        ],
        "type": "Point"
      },
      "properties": {
        "cipher": "Standard",
        "mode": "value_domain",
        "projection": "webmercator_hash_v1",
        "projection_method": "webmercator_hash_v1",
        "value": 203
      },
      "type": "Feature"
    },
    {
      "geometry": {
        "coordinates": [
          45.94153,
          -54.190981
        ],
        "type": "Point"
      },
      "properties": {
        "cipher": "Standard",
        "mode": "value_domain",
        "projection": "webmercator_hash_v1",
        "projection_method": "webmercator_hash_v1",
        "value": 204
      },
      "type": "Feature"
    },
    {
      "geometry": {
        "coordinates": [
          47.453047,
          -62.794866
        ],
        "type": "Point"
      },
      "properties": {
        "cipher": "Standard",
        "mode": "value_domain",
        "projection": "webmercator_hash_v1",
        "projection_method": "webmercator_hash_v1",
        "value": 205
      },
      "type": "Feature"
    },
    {
      "geometry": {
        "coordinates": [
          19.189359,
          -20.842685
        ],
        "type": "Point"
      },
      "properties": {
        "cipher": "Standard",
        "mode": "value_domain",
        "projection": "webmercator_hash_v1",
        "projection_method": "webmercator_hash_v1",
        "value": 206
      },
      "type": "Feature"
    },
    {
      "geometry": {
        "coordinates": [
          146.557745,
          24.12736
        ],
        "type": "Point"
      },
      "properties": {
        "cipher": "Standard",
        "mode": "value_domain",
        "projection": "webmercator_hash_v1",
        "projection_method": "webmercator_hash_v1",
        "value": 207
      },
      "type": "Feature"
    },
    {
      "geometry": {
        "coordinates": [
          -79.01134,
          -11.087789
        ],
        "type": "Point"
      },
      "properties": {
        "cipher": "Standard",
        "mode": "value_domain",
        "projection": "webmercator_hash_v1",
        "projection_method": "webmercator_hash_v1",
        "value": 208
      },
      "type": "Feature"
    },
    {
      "geometry": {
        "coordinates": [
          -0.895498,
          -78.046993
        ],
        "type": "Point"
      },
      "properties": {
        "cipher": "Standard",
        "mode": "value_domain",
        "projection": "webmercator_hash_v1",
        "projection_method": "webmercator_hash_v1",
        "value": 209
      },
      "type": "Feature"
    },
    {
      "geometry": {
        "coordinates": [
          -3.370237,
          44.712152
        ],
        "type": "Point"
      },
      "properties": {
        "cipher": "Standard",
        "mode": "value_domain",
        "projection": "webmercator_hash_v1",
        "projection_method": "webmercator_hash_v1",
        "value": 210
      },
      "type": "Feature"
    },
    {
      "geometry": {
        "coordinates": [
          -169.596651,
          -83.229938
        ],
        "type": "Point"
      },
      "properties": {
        "cipher": "Standard",
        "mode": "value_domain",
        "projection": "webmercator_hash_v1",
        "projection_method": "webmercator_hash_v1",
        "value": 211
      },
      "type": "Feature"
    },
    {
      "geometry": {
        "coordinates": [
          169.61313,
          -39.128493
        ],
        "type": "Point"
      },
      "properties": {
        "cipher": "Standard",
        "mode": "value_domain",
        "projection": "webmercator_hash_v1",
        "projection_method": "webmercator_hash_v1",
        "value": 212
      },
      "type": "Feature"
    },
    {
      "geometry": {
        "coordinates": [
          53.728568,
          -83.726799
        ],
        "type": "Point"
      },
      "properties": {
        "cipher": "Standard",
        "mode": "value_domain",
        "projection": "webmercator_hash_v1",
        "projection_method": "webmercator_hash_v1",
        "value": 213
      },
      "type": "Feature"
    },
    {
      "geometry": {
        "coordinates": [
          132.332442,
          35.565741
        ],
        "type": "Point"
      },
      "properties": {
        "cipher": "Standard",
        "mode": "value_domain",
        "projection": "webmercator_hash_v1",
        "projection_method": "webmercator_hash_v1",
        "value": 214
      },
      "type": "Feature"
    },
    {
      "geometry": {
        "coordinates": [
          138.029288,
          -47.684939
        ],
        "type": "Point"
      },
      "properties": {
        "cipher": "Standard",
        "mode": "value_domain",
        "projection": "webmercator_hash_v1",
        "projection_method": "webmercator_hash_v1",
        "value": 215
      },
      "type": "Feature"
    },
    {
      "geometry": {
        "coordinates": [
          -48.614572,
          12.322291
        ],
        "type": "Point"
      },
      "properties": {
        "cipher": "Standard",
        "mode": "value_domain",
        "projection": "webmercator_hash_v1",
        "projection_method": "webmercator_hash_v1",
        "value": 216
      },
      "type": "Feature"
    },
    {
      "geometry": {
        "coordinates": [
          35.413891,
          78.572617
        ],
        "type": "Point"
      },
      "properties": {
        "cipher": "Standard",
        "mode": "value_domain",
        "projection": "webmercator_hash_v1",
        "projection_method": "webmercator_hash_v1",
        "value": 217
      },
      "type": "Feature"
    },
    {
      "geometry": {
        "coordinates": [
          121.62489,
          -69.6736
        ],
        "type": "Point"
      },
      "properties": {
        "cipher": "Standard",
        "mode": "value_domain",
        "projection": "webmercator_hash_v1",
        "projection_method": "webmercator_hash_v1",
        "value": 218
      },
      "type": "Feature"
    },
    {
      "geometry": {
        "coordinates": [
          -143.926627,
          -13.244682
        ],
        "type": "Point"
      },
      "properties": {
        "cipher": "Standard",
        "mode": "value_domain",
        "projection": "webmercator_hash_v1",
        "projection_method": "webmercator_hash_v1",
        "value": 219
      },
      "type": "Feature"
    },
    {
      "geometry": {
        "coordinates": [
          11.203513,
          -60.031974
        ],
        "type": "Point"
      },
      "properties": {
        "cipher": "Standard",
        "mode": "value_domain",
        "projection": "webmercator_hash_v1",
        "projection_method": "webmercator_hash_v1",
        "value": 220
      },
      "type": "Feature"
    },
    {
      "geometry": {
        "coordinates": [
          98.493597,
          69.636157
        ],
        "type": "Point"
      },
      "properties": {
        "cipher": "Standard",
        "mode": "value_domain",
        "projection": "webmercator_hash_v1",
        "projection_method": "webmercator_hash_v1",
        "value": 221
      },
      "type": "Feature"
    },
    {
      "geometry": {
        "coordinates": [
          7.074616,
          -59.834132
        ],
        "type": "Point"
      },
      "properties": {
        "cipher": "Standard",
        "mode": "value_domain",
        "projection": "webmercator_hash_v1",
        "projection_method": "webmercator_hash_v1",
        "value": 222
      },
      "type": "Feature"
    },
    {
      "geometry": {
        "coordinates": [
          100.334773,
          0.081388
        ],
        "type": "Point"
      },
      "properties": {
        "cipher": "Standard",
        "mode": "value_domain",
        "projection": "webmercator_hash_v1",
        "projection_method": "webmercator_hash_v1",
        "value": 223
      },
      "type": "Feature"
    },
    {
      "geometry": {
        "coordinates": [
          -42.172175,
          62.388913
        ],
        "type": "Point"
      },
      "properties": {
        "cipher": "Standard",
        "mode": "value_domain",
        "projection": "webmercator_hash_v1",
        "projection_method": "webmercator_hash_v1",
        "value": 224
      },
      "type": "Feature"
    },
    {
      "geometry": {
        "coordinates": [
          -61.941109,
          -57.703436
        ],
        "type": "Point"
      },
      "properties": {
        "cipher": "Standard",
        "mode": "value_domain",
        "projection": "webmercator_hash_v1",
        "projection_method": "webmercator_hash_v1",
        "value": 225
      },
      "type": "Feature"
    },
    {
      "geometry": {
        "coordinates": [
          164.144725,
          -15.004369
        ],
        "type": "Point"
      },
      "properties": {
        "cipher": "Standard",
        "mode": "value_domain",
        "projection": "webmercator_hash_v1",
        "projection_method": "webmercator_hash_v1",
        "value": 226
      },
      "type": "Feature"
    },
    {
      "geometry": {
        "coordinates": [
          -60.94915,
          -7.071381
        ],
        "type": "Point"
      },
      "properties": {
        "cipher": "Standard",
        "mode": "value_domain",
        "projection": "webmercator_hash_v1",
        "projection_method": "webmercator_hash_v1",
        "value": 227
      },
      "type": "Feature"
    },
    {
      "geometry": {
        "coordinates": [
          -90.964634,
          -60.963119
        ],
        "type": "Point"
      },
      "properties": {
        "cipher": "Standard",
        "mode": "value_domain",
        "projection": "webmercator_hash_v1",
        "projection_method": "webmercator_hash_v1",
        "value": 228
      },
      "type": "Feature"
    },
    {
      "geometry": {
        "coordinates": [
          -80.651117,
          -34.171012
        ],
        "type": "Point"
      },
      "properties": {
        "cipher": "Standard",
        "mode": "value_domain",
        "projection": "webmercator_hash_v1",
        "projection_method": "webmercator_hash_v1",
        "value": 229
      },
      "type": "Feature"
    },
    {
      "geometry": {
        "coordinates": [
          -129.576408,
          -31.403136
        ],
        "type": "Point"
      },
      "properties": {
        "cipher": "Standard",
        "mode": "value_domain",
        "projection": "webmercator_hash_v1",
        "projection_method": "webmercator_hash_v1",
        "value": 230
      },
      "type": "Feature"
    },
    {
      "geometry": {
        "coordinates": [
          -103.579307,
          -64.415904
        ],
        "type": "Point"
      },
      "properties": {
        "cipher": "Standard",
        "mode": "value_domain",
        "projection": "webmercator_hash_v1",
        "projection_method": "webmercator_hash_v1",
        "value": 231
      },
      "type": "Feature"
    },
    {
      "geometry": {
        "coordinates": [
          -158.431662,
          -30.367105
        ],
        "type": "Point"
      },
      "properties": {
        "cipher": "Standard",
        "mode": "value_domain",
        "projection": "webmercator_hash_v1",
        "projection_method": "webmercator_hash_v1",
        "value": 232
      },
      "type": "Feature"
    },
    {
      "geometry": {
        "coordinates": [
          127.990176,
          -57.057333
        ],
        "type": "Point"
      },
      "properties": {
        "cipher": "Standard",
        "mode": "value_domain",
        "projection": "webmercator_hash_v1",
        "projection_method": "webmercator_hash_v1",
        "value": 233
      },
      "type": "Feature"
    },
    {
      "geometry": {
        "coordinates": [
          -34.293301,
          8.715229
        ],
        "type": "Point"
      },
      "properties": {
        "cipher": "Standard",
        "mode": "value_domain",
        "projection": "webmercator_hash_v1",
        "projection_method": "webmercator_hash_v1",
        "value": 234
      },
      "type": "Feature"
    },
    {
      "geometry": {
        "coordinates": [
          32.214083,
          -82.097993
        ],
        "type": "Point"
      },
      "properties": {
        "cipher": "Standard",
        "mode": "value_domain",
        "projection": "webmercator_hash_v1",
        "projection_method": "webmercator_hash_v1",
        "value": 235
      },
      "type": "Feature"
    },
    {
      "geometry": {
        "coordinates": [
          -73.339018,
          80.07075
        ],
        "type": "Point"
      },
      "properties": {
        "cipher": "Standard",
        "mode": "value_domain",
        "projection": "webmercator_hash_v1",
        "projection_method": "webmercator_hash_v1",
        "value": 236
      },
      "type": "Feature"
    },
    {
      "geometry": {
        "coordinates": [
          -27.958672,
          -79.60375
        ],
        "type": "Point"
      },
      "properties": {
        "cipher": "Standard",
        "mode": "value_domain",
        "projection": "webmercator_hash_v1",
        "projection_method": "webmercator_hash_v1",
        "value": 237
      },
      "type": "Feature"
    },
    {
      "geometry": {
        "coordinates": [
          121.986591,
          16.815058
        ],
        "type": "Point"
      },
      "properties": {
        "cipher": "Standard",
        "mode": "value_domain",
        "projection": "webmercator_hash_v1",
        "projection_method": "webmercator_hash_v1",
        "value": 238
      },
      "type": "Feature"
    },
    {
      "geometry": {
        "coordinates": [
          156.261619,
          -10.100993
        ],
        "type": "Point"
      },
      "properties": {
        "cipher": "Standard",
        "mode": "value_domain",
        "projection": "webmercator_hash_v1",
        "projection_method": "webmercator_hash_v1",
        "value": 239
      },
      "type": "Feature"
    },
    {
      "geometry": {
        "coordinates": [
          36.294852,
          -66.623649
        ],
        "type": "Point"
      },
      "properties": {
        "cipher": "Standard",
        "mode": "value_domain",
        "projection": "webmercator_hash_v1",
        "projection_method": "webmercator_hash_v1",
        "value": 240
      },
      "type": "Feature"
    },
    {
      "geometry": {
        "coordinates": [
          78.052919,
          82.459873
        ],
        "type": "Point"
      },
      "properties": {
        "cipher": "Standard",
        "mode": "value_domain",
        "projection": "webmercator_hash_v1",
        "projection_method": "webmercator_hash_v1",
        "value": 241
      },
      "type": "Feature"
    },
    {
      "geometry": {
        "coordinates": [
          -84.044053,
          -48.611418
        ],
        "type": "Point"
      },
      "properties": {
        "cipher": "Standard",
        "mode": "value_domain",
        "projection": "webmercator_hash_v1",
        "projection_method": "webmercator_hash_v1",
        "value": 242
      },
      "type": "Feature"
    },
    {
      "geometry": {
        "coordinates": [
          -126.253885,
          17.417
        ],
        "type": "Point"
      },
      "properties": {
        "cipher": "Standard",
        "mode": "value_domain",
        "projection": "webmercator_hash_v1",
        "projection_method": "webmercator_hash_v1",
        "value": 243
      },
      "type": "Feature"
    },
    {
      "geometry": {
        "coordinates": [
          -61.340112,
          -32.860202
        ],
        "type": "Point"
      },
      "properties": {
        "cipher": "Standard",
        "mode": "value_domain",
        "projection": "webmercator_hash_v1",
        "projection_method": "webmercator_hash_v1",
        "value": 244
      },
      "type": "Feature"
    },
    {
      "geometry": {
        "coordinates": [
          114.705483,
          48.693505
        ],
        "type": "Point"
      },
      "properties": {
        "cipher": "Standard",
        "mode": "value_domain",
        "projection": "webmercator_hash_v1",
        "projection_method": "webmercator_hash_v1",
        "value": 245
      },
      "type": "Feature"
    },
    {
      "geometry": {
        "coordinates": [
          -0.656051,
          51.376756
        ],
        "type": "Point"
      },
      "properties": {
        "cipher": "Standard",
        "mode": "value_domain",
        "projection": "webmercator_hash_v1",
        "projection_method": "webmercator_hash_v1",
        "value": 246
      },
      "type": "Feature"
    },
    {
      "geometry": {
        "coordinates": [
          65.671126,
          -55.16113
        ],
        "type": "Point"
      },
      "properties": {
        "cipher": "Standard",
        "mode": "value_domain",
        "projection": "webmercator_hash_v1",
        "projection_method": "webmercator_hash_v1",
        "value": 247
      },
      "type": "Feature"
    },
    {
      "geometry": {
        "coordinates": [
          36.837654,
          -12.188528
        ],
        "type": "Point"
      },
      "properties": {
        "cipher": "Standard",
        "mode": "value_domain",
        "projection": "webmercator_hash_v1",
        "projection_method": "webmercator_hash_v1",
        "value": 248
      },
      "type": "Feature"
    },
    {
      "geometry": {
        "coordinates": [
          -161.899571,
          81.652264
        ],
        "type": "Point"
      },
      "properties": {
        "cipher": "Standard",
        "mode": "value_domain",
        "projection": "webmercator_hash_v1",
        "projection_method": "webmercator_hash_v1",
        "value": 249
      },
      "type": "Feature"
    },
    {
      "geometry": {
        "coordinates": [
          1.123433,
          78.247431
        ],
        "type": "Point"
      },
      "properties": {
        "cipher": "Standard",
        "mode": "value_domain",
        "projection": "webmercator_hash_v1",
        "projection_method": "webmercator_hash_v1",
        "value": 250
      },
      "type": "Feature"
    },
    {
      "geometry": {
        "coordinates": [
          171.643175,
          75.968759
        ],
        "type": "Point"
      },
      "properties": {
        "cipher": "Standard",
        "mode": "value_domain",
        "projection": "webmercator_hash_v1",
        "projection_method": "webmercator_hash_v1",
        "value": 251
      },
      "type": "Feature"
    },
    {
      "geometry": {
        "coordinates": [
          8.152278,
          -13.222151
        ],
        "type": "Point"
      },
      "properties": {
        "cipher": "Standard",
        "mode": "value_domain",
        "projection": "webmercator_hash_v1",
        "projection_method": "webmercator_hash_v1",
        "value": 252
      },
      "type": "Feature"
    },
    {
      "geometry": {
        "coordinates": [
          -83.200773,
          58.185527
        ],
        "type": "Point"
      },
      "properties": {
        "cipher": "Standard",
        "mode": "value_domain",
        "projection": "webmercator_hash_v1",
        "projection_method": "webmercator_hash_v1",
        "value": 253
      },
      "type": "Feature"
    },
    {
      "geometry": {
        "coordinates": [
          -118.801758,
          18.192711
        ],
        "type": "Point"
      },
      "properties": {
        "cipher": "Standard",
        "mode": "value_domain",
        "projection": "webmercator_hash_v1",
        "projection_method": "webmercator_hash_v1",
        "value": 254
      },
      "type": "Feature"
    },
    {
      "geometry": {
        "coordinates": [
          -75.959196,
          70.367684
        ],
        "type": "Point"
      },
      "properties": {
        "cipher": "Standard",
        "mode": "value_domain",
        "projection": "webmercator_hash_v1",
        "projection_method": "webmercator_hash_v1",
        "value": 255
      },
      "type": "Feature"
    },
    {
      "geometry": {
        "coordinates": [
          -7.305729,
          68.17355
        ],
        "type": "Point"
      },
      "properties": {
        "cipher": "Standard",
        "mode": "value_domain",
        "projection": "webmercator_hash_v1",
        "projection_method": "webmercator_hash_v1",
        "value": 256
      },
      "type": "Feature"
    },
    {
      "geometry": {
        "coordinates": [
          141.772712,
          -84.164426
        ],
        "type": "Point"
      },
      "properties": {
        "cipher": "Standard",
        "mode": "value_domain",
        "projection": "webmercator_hash_v1",
        "projection_method": "webmercator_hash_v1",
        "value": 257
      },
      "type": "Feature"
    },
    {
      "geometry": {
        "coordinates": [
          176.672341,
          -25.766284
        ],
        "type": "Point"
      },
      "properties": {
        "cipher": "Standard",
        "mode": "value_domain",
        "projection": "webmercator_hash_v1",
        "projection_method": "webmercator_hash_v1",
        "value": 258
      },
      "type": "Feature"
    },
    {
      "geometry": {
        "coordinates": [
          -69.069578,
          -60.237139
        ],
        "type": "Point"
      },
      "properties": {
        "cipher": "Standard",
        "mode": "value_domain",
        "projection": "webmercator_hash_v1",
        "projection_method": "webmercator_hash_v1",
        "value": 259
      },
      "type": "Feature"
    },
    {
      "geometry": {
        "coordinates": [
          146.693812,
          -31.692076
        ],
        "type": "Point"
      },
      "properties": {
        "cipher": "Standard",
        "mode": "value_domain",
        "projection": "webmercator_hash_v1",
        "projection_method": "webmercator_hash_v1",
        "value": 260
      },
      "type": "Feature"
    },
    {
      "geometry": {
        "coordinates": [
          -18.882343,
          -82.383738
        ],
        "type": "Point"
      },
      "properties": {
        "cipher": "Standard",
        "mode": "value_domain",
        "projection": "webmercator_hash_v1",
        "projection_method": "webmercator_hash_v1",
        "value": 261
      },
      "type": "Feature"
    },
    {
      "geometry": {
        "coordinates": [
          -19.287548,
          -62.82047
        ],
        "type": "Point"
      },
      "properties": {
        "cipher": "Standard",
        "mode": "value_domain",
        "projection": "webmercator_hash_v1",
        "projection_method": "webmercator_hash_v1",
        "value": 262
      },
      "type": "Feature"
    },
    {
      "geometry": {
        "coordinates": [
          25.363123,
          -70.99823
        ],
        "type": "Point"
      },
      "properties": {
        "cipher": "Standard",
        "mode": "value_domain",
        "projection": "webmercator_hash_v1",
        "projection_method": "webmercator_hash_v1",
        "value": 263
      },
      "type": "Feature"
    },
    {
      "geometry": {
        "coordinates": [
          57.087914,
          -68.505217
        ],
        "type": "Point"
      },
      "properties": {
        "cipher": "Standard",
        "mode": "value_domain",
        "projection": "webmercator_hash_v1",
        "projection_method": "webmercator_hash_v1",
        "value": 264
      },
      "type": "Feature"
    },
    {
      "geometry": {
        "coordinates": [
          -55.371642,
          -42.480987
        ],
        "type": "Point"
      },
      "properties": {
        "cipher": "Standard",
        "mode": "value_domain",
        "projection": "webmercator_hash_v1",
        "projection_method": "webmercator_hash_v1",
        "value": 265
      },
      "type": "Feature"
    },
    {
      "geometry": {
        "coordinates": [
          139.563709,
          66.962049
        ],
        "type": "Point"
      },
      "properties": {
        "cipher": "Standard",
        "mode": "value_domain",
        "projection": "webmercator_hash_v1",
        "projection_method": "webmercator_hash_v1",
        "value": 266
      },
      "type": "Feature"
    },
    {
      "geometry": {
        "coordinates": [
          137.293358,
          20.350609
        ],
        "type": "Point"
      },
      "properties": {
        "cipher": "Standard",
        "mode": "value_domain",
        "projection": "webmercator_hash_v1",
        "projection_method": "webmercator_hash_v1",
        "value": 267
      },
      "type": "Feature"
    },
    {
      "geometry": {
        "coordinates": [
          -46.074086,
          -82.654905
        ],
        "type": "Point"
      },
      "properties": {
        "cipher": "Standard",
        "mode": "value_domain",
        "projection": "webmercator_hash_v1",
        "projection_method": "webmercator_hash_v1",
        "value": 268
      },
      "type": "Feature"
    },
    {
      "geometry": {
        "coordinates": [
          24.41098,
          66.361409
        ],
        "type": "Point"
      },
      "properties": {
        "cipher": "Standard",
        "mode": "value_domain",
        "projection": "webmercator_hash_v1",
        "projection_method": "webmercator_hash_v1",
        "value": 269
      },
      "type": "Feature"
    },
    {
      "geometry": {
        "coordinates": [
          24.183135,
          -51.575933
        ],
        "type": "Point"
      },
      "properties": {
        "cipher": "Standard",
        "mode": "value_domain",
        "projection": "webmercator_hash_v1",
        "projection_method": "webmercator_hash_v1",
        "value": 270
      },
      "type": "Feature"
    },
    {
      "geometry": {
        "coordinates": [
          -30.122645,
          -58.641177
        ],
        "type": "Point"
      },
      "properties": {
        "cipher": "Standard",
        "mode": "value_domain",
        "projection": "webmercator_hash_v1",
        "projection_method": "webmercator_hash_v1",
        "value": 271
      },
      "type": "Feature"
    },
    {
      "geometry": {
        "coordinates": [
          43.150374,
          68.954408
        ],
        "type": "Point"
      },
      "properties": {
        "cipher": "Standard",
        "mode": "value_domain",
        "projection": "webmercator_hash_v1",
        "projection_method": "webmercator_hash_v1",
        "value": 272
      },
      "type": "Feature"
    },
    {
      "geometry": {
        "coordinates": [
          -26.327973,
          -26.568278
        ],
        "type": "Point"
      },
      "properties": {
        "cipher": "Standard",
        "mode": "value_domain",
        "projection": "webmercator_hash_v1",
        "projection_method": "webmercator_hash_v1",
        "value": 273
      },
      "type": "Feature"
    },
    {
      "geometry": {
        "coordinates": [
          -98.593135,
          57.032659
        ],
        "type": "Point"
      },
      "properties": {
        "cipher": "Standard",
        "mode": "value_domain",
        "projection": "webmercator_hash_v1",
        "projection_method": "webmercator_hash_v1",
        "value": 274
      },
      "type": "Feature"
    },
    {
      "geometry": {
        "coordinates": [
          -78.598578,
          -68.700798
        ],
        "type": "Point"
      },
      "properties": {
        "cipher": "Standard",
        "mode": "value_domain",
        "projection": "webmercator_hash_v1",
        "projection_method": "webmercator_hash_v1",
        "value": 275
      },
      "type": "Feature"
    },
    {
      "geometry": {
        "coordinates": [
          22.186257,
          17.478348
        ],
        "type": "Point"
      },
      "properties": {
        "cipher": "Standard",
        "mode": "value_domain",
        "projection": "webmercator_hash_v1",
        "projection_method": "webmercator_hash_v1",
        "value": 276
      },
      "type": "Feature"
    },
    {
      "geometry": {
        "coordinates": [
          -44.936942,
          -42.24108
        ],
        "type": "Point"
      },
      "properties": {
        "cipher": "Standard",
        "mode": "value_domain",
        "projection": "webmercator_hash_v1",
        "projection_method": "webmercator_hash_v1",
        "value": 277
      },
      "type": "Feature"
    },
    {
      "geometry": {
        "coordinates": [
          93.324421,
          14.837711
        ],
        "type": "Point"
      },
      "properties": {
        "cipher": "Standard",
        "mode": "value_domain",
        "projection": "webmercator_hash_v1",
        "projection_method": "webmercator_hash_v1",
        "value": 278
      },
      "type": "Feature"
    },
    {
      "geometry": {
        "coordinates": [
          125.854845,
          -71.051936
        ],
        "type": "Point"
      },
      "properties": {
        "cipher": "Standard",
        "mode": "value_domain",
        "projection": "webmercator_hash_v1",
        "projection_method": "webmercator_hash_v1",
        "value": 279
      },
      "type": "Feature"
    },
    {
      "geometry": {
        "coordinates": [
          -15.256808,
          -71.703335
        ],
        "type": "Point"
      },
      "properties": {
        "cipher": "Standard",
        "mode": "value_domain",
        "projection": "webmercator_hash_v1",
        "projection_method": "webmercator_hash_v1",
        "value": 280
      },
      "type": "Feature"
    },
    {
      "geometry": {
        "coordinates": [
          31.572024,
          23.889663
        ],
        "type": "Point"
      },
      "properties": {
        "cipher": "Standard",
        "mode": "value_domain",
        "projection": "webmercator_hash_v1",
        "projection_method": "webmercator_hash_v1",
        "value": 281
      },
      "type": "Feature"
    },
    {
      "geometry": {
        "coordinates": [
          141.951461,
          79.927691
        ],
        "type": "Point"
      },
      "properties": {
        "cipher": "Standard",
        "mode": "value_domain",
        "projection": "webmercator_hash_v1",
        "projection_method": "webmercator_hash_v1",
        "value": 282
      },
      "type": "Feature"
    },
    {
      "geometry": {
        "coordinates": [
          -98.875636,
          -15.08684
        ],
        "type": "Point"
      },
      "properties": {
        "cipher": "Standard",
        "mode": "value_domain",
        "projection": "webmercator_hash_v1",
        "projection_method": "webmercator_hash_v1",
        "value": 283
      },
      "type": "Feature"
    },
    {
      "geometry": {
        "coordinates": [
          -137.575608,
          -18.920453
        ],
        "type": "Point"
      },
      "properties": {
        "cipher": "Standard",
        "mode": "value_domain",
        "projection": "webmercator_hash_v1",
        "projection_method": "webmercator_hash_v1",
        "value": 284
      },
      "type": "Feature"
    },
    {
      "geometry": {
        "coordinates": [
          -136.318841,
          -37.931674
        ],
        "type": "Point"
      },
      "properties": {
        "cipher": "Standard",
        "mode": "value_domain",
        "projection": "webmercator_hash_v1",
        "projection_method": "webmercator_hash_v1",
        "value": 285
      },
      "type": "Feature"
    },
    {
      "geometry": {
        "coordinates": [
          -155.615943,
          -12.081406
        ],
        "type": "Point"
      },
      "properties": {
        "cipher": "Standard",
        "mode": "value_domain",
        "projection": "webmercator_hash_v1",
        "projection_method": "webmercator_hash_v1",
        "value": 286
      },
      "type": "Feature"
    },
    {
      "geometry": {
        "coordinates": [
          175.784487,
          53.44295
        ],
        "type": "Point"
      },
      "properties": {
        "cipher": "Standard",
        "mode": "value_domain",
        "projection": "webmercator_hash_v1",
        "projection_method": "webmercator_hash_v1",
        "value": 287
      },
      "type": "Feature"
    },
    {
      "geometry": {
        "coordinates": [
          -75.501324,
          71.57773
        ],
        "type": "Point"
      },
      "properties": {
        "cipher": "Standard",
        "mode": "value_domain",
        "projection": "webmercator_hash_v1",
        "projection_method": "webmercator_hash_v1",
        "value": 288
      },
      "type": "Feature"
    },
    {
      "geometry": {
        "coordinates": [
          -165.323236,
          -24.479552
        ],
        "type": "Point"
      },
      "properties": {
        "cipher": "Standard",
        "mode": "value_domain",
        "projection": "webmercator_hash_v1",
        "projection_method": "webmercator_hash_v1",
        "value": 289
      },
      "type": "Feature"
    },
    {
      "geometry": {
        "coordinates": [
          -92.444233,
          -7.441559
        ],
        "type": "Point"
      },
      "properties": {
        "cipher": "Standard",
        "mode": "value_domain",
        "projection": "webmercator_hash_v1",
        "projection_method": "webmercator_hash_v1",
        "value": 290
      },
      "type": "Feature"
    },
    {
      "geometry": {
        "coordinates": [
          86.373366,
          -16.422074
        ],
        "type": "Point"
      },
      "properties": {
        "cipher": "Standard",
        "mode": "value_domain",
        "projection": "webmercator_hash_v1",
        "projection_method": "webmercator_hash_v1",
        "value": 291
      },
      "type": "Feature"
    },
    {
      "geometry": {
        "coordinates": [
          -0.941129,
          21.469181
        ],
        "type": "Point"
      },
      "properties": {
        "cipher": "Standard",
        "mode": "value_domain",
        "projection": "webmercator_hash_v1",
        "projection_method": "webmercator_hash_v1",
        "value": 292
      },
      "type": "Feature"
    },
    {
      "geometry": {
        "coordinates": [
          165.09365,
          -28.93886
        ],
        "type": "Point"
      },
      "properties": {
        "cipher": "Standard",
        "mode": "value_domain",
        "projection": "webmercator_hash_v1",
        "projection_method": "webmercator_hash_v1",
        "value": 293
      },
      "type": "Feature"
    },
    {
      "geometry": {
        "coordinates": [
          90.019449,
          19.144821
        ],
        "type": "Point"
      },
      "properties": {
        "cipher": "Standard",
        "mode": "value_domain",
        "projection": "webmercator_hash_v1",
        "projection_method": "webmercator_hash_v1",
        "value": 294
      },
      "type": "Feature"
    },
    {
      "geometry": {
        "coordinates": [
          -119.071436,
          -33.012216
        ],
        "type": "Point"
      },
      "properties": {
        "cipher": "Standard",
        "mode": "value_domain",
        "projection": "webmercator_hash_v1",
        "projection_method": "webmercator_hash_v1",
        "value": 295
      },
      "type": "Feature"
    },
    {
      "geometry": {
        "coordinates": [
          -46.740415,
          -25.893444
        ],
        "type": "Point"
      },
      "properties": {
        "cipher": "Standard",
        "mode": "value_domain",
        "projection": "webmercator_hash_v1",
        "projection_method": "webmercator_hash_v1",
        "value": 296
      },
      "type": "Feature"
    },
    {
      "geometry": {
        "coordinates": [
          121.380648,
          25.421928
        ],
        "type": "Point"
      },
      "properties": {
        "cipher": "Standard",
        "mode": "value_domain",
        "projection": "webmercator_hash_v1",
        "projection_method": "webmercator_hash_v1",
        "value": 297
      },
      "type": "Feature"
    },
    {
      "geometry": {
        "coordinates": [
          -165.386948,
          62.883029
        ],
        "type": "Point"
      },
      "properties": {
        "cipher": "Standard",
        "mode": "value_domain",
        "projection": "webmercator_hash_v1",
        "projection_method": "webmercator_hash_v1",
        "value": 298
      },
      "type": "Feature"
    },
    {
      "geometry": {
        "coordinates": [
          65.682653,
          0.22203
        ],
        "type": "Point"
      },
      "properties": {
        "cipher": "Standard",
        "mode": "value_domain",
        "projection": "webmercator_hash_v1",
        "projection_method": "webmercator_hash_v1",
        "value": 299
      },
      "type": "Feature"
    },
    {
      "geometry": {
        "coordinates": [
          -54.493624,
          -66.729198
        ],
        "type": "Point"
      },
      "properties": {
        "cipher": "Standard",
        "mode": "value_domain",
        "projection": "webmercator_hash_v1",
        "projection_method": "webmercator_hash_v1",
        "value": 300
      },
      "type": "Feature"
    },
    {
      "geometry": {
        "coordinates": [
          -95.760185,
          -0.123903
        ],
        "type": "Point"
      },
      "properties": {
        "cipher": "Standard",
        "mode": "value_domain",
        "projection": "webmercator_hash_v1",
        "projection_method": "webmercator_hash_v1",
        "value": 301
      },
      "type": "Feature"
    },
    {
      "geometry": {
        "coordinates": [
          -144.365882,
          52.335219
        ],
        "type": "Point"
      },
      "properties": {
        "cipher": "Standard",
        "mode": "value_domain",
        "projection": "webmercator_hash_v1",
        "projection_method": "webmercator_hash_v1",
        "value": 302
      },
      "type": "Feature"
    },
    {
      "geometry": {
        "coordinates": [
          -25.829594,
          -3.78752
        ],
        "type": "Point"
      },
      "properties": {
        "cipher": "Standard",
        "mode": "value_domain",
        "projection": "webmercator_hash_v1",
        "projection_method": "webmercator_hash_v1",
        "value": 303
      },
      "type": "Feature"
    },
    {
      "geometry": {
        "coordinates": [
          62.976186,
          74.541632
        ],
        "type": "Point"
      },
      "properties": {
        "cipher": "Standard",
        "mode": "value_domain",
        "projection": "webmercator_hash_v1",
        "projection_method": "webmercator_hash_v1",
        "value": 304
      },
      "type": "Feature"
    },
    {
      "geometry": {
        "coordinates": [
          59.452465,
          -53.282041
        ],
        "type": "Point"
      },
      "properties": {
        "cipher": "Standard",
        "mode": "value_domain",
        "projection": "webmercator_hash_v1",
        "projection_method": "webmercator_hash_v1",
        "value": 305
      },
      "type": "Feature"
    },
    {
      "geometry": {
        "coordinates": [
          -95.397017,
          74.320283
        ],
        "type": "Point"
      },
      "properties": {
        "cipher": "Standard",
        "mode": "value_domain",
        "projection": "webmercator_hash_v1",
        "projection_method": "webmercator_hash_v1",
        "value": 306
      },
      "type": "Feature"
    },
    {
      "geometry": {
        "coordinates": [
          -150.183339,
          1.391062
        ],
        "type": "Point"
      },
      "properties": {
        "cipher": "Standard",
        "mode": "value_domain",
        "projection": "webmercator_hash_v1",
        "projection_method": "webmercator_hash_v1",
        "value": 307
      },
      "type": "Feature"
    },
    {
      "geometry": {
        "coordinates": [
          69.505309,
          50.702346
        ],
        "type": "Point"
      },
      "properties": {
        "cipher": "Standard",
        "mode": "value_domain",
        "projection": "webmercator_hash_v1",
        "projection_method": "webmercator_hash_v1",
        "value": 308
      },
      "type": "Feature"
    },
    {
      "geometry": {
        "coordinates": [
          -29.729576,
          -11.444416
        ],
        "type": "Point"
      },
      "properties": {
        "cipher": "Standard",
        "mode": "value_domain",
        "projection": "webmercator_hash_v1",
        "projection_method": "webmercator_hash_v1",
        "value": 309
      },
      "type": "Feature"
    },
    {
      "geometry": {
        "coordinates": [
          57.802212,
          68.237775
        ],
        "type": "Point"
      },
      "properties": {
        "cipher": "Standard",
        "mode": "value_domain",
        "projection": "webmercator_hash_v1",
        "projection_method": "webmercator_hash_v1",
        "value": 310
      },
      "type": "Feature"
    },
    {
      "geometry": {
        "coordinates": [
          -164.943892,
          -14.40719
        ],
        "type": "Point"
      },
      "properties": {
        "cipher": "Standard",
        "mode": "value_domain",
        "projection": "webmercator_hash_v1",
        "projection_method": "webmercator_hash_v1",
        "value": 311
      },
      "type": "Feature"
    },
    {
      "geometry": {
        "coordinates": [
          -71.132527,
          -6.686418
        ],
        "type": "Point"
      },
      "properties": {
        "cipher": "Standard",
        "mode": "value_domain",
        "projection": "webmercator_hash_v1",
        "projection_method": "webmercator_hash_v1",
        "value": 312
      },
      "type": "Feature"
    },
    {
      "geometry": {
        "coordinates": [
          -13.525552,
          -82.675849
        ],
        "type": "Point"
      },
      "properties": {
        "cipher": "Standard",
        "mode": "value_domain",
        "projection": "webmercator_hash_v1",
        "projection_method": "webmercator_hash_v1",
        "value": 313
      },
      "type": "Feature"
    },
    {
      "geometry": {
        "coordinates": [
          62.581692,
          -52.771333
        ],
        "type": "Point"
      },
      "properties": {
        "cipher": "Standard",
        "mode": "value_domain",
        "projection": "webmercator_hash_v1",
        "projection_method": "webmercator_hash_v1",
        "value": 314
      },
      "type": "Feature"
    },
    {
      "geometry": {
        "coordinates": [
          32.427805,
          -12.482782
        ],
        "type": "Point"
      },
      "properties": {
        "cipher": "Standard",
        "mode": "value_domain",
        "projection": "webmercator_hash_v1",
        "projection_method": "webmercator_hash_v1",
        "value": 315
      },
      "type": "Feature"
    },
    {
      "geometry": {
        "coordinates": [
          -89.8862,
          69.617272
        ],
        "type": "Point"
      },
      "properties": {
        "cipher": "Standard",
        "mode": "value_domain",
        "projection": "webmercator_hash_v1",
        "projection_method": "webmercator_hash_v1",
        "value": 316
      },
      "type": "Feature"
    },
    {
      "geometry": {
        "coordinates": [
          -89.936271,
          -15.164612
        ],
        "type": "Point"
      },
      "properties": {
        "cipher": "Standard",
        "mode": "value_domain",
        "projection": "webmercator_hash_v1",
        "projection_method": "webmercator_hash_v1",
        "value": 317
      },
      "type": "Feature"
    },
    {
      "geometry": {
        "coordinates": [
          179.494198,
          64.902283
        ],
        "type": "Point"
      },
      "properties": {
        "cipher": "Standard",
        "mode": "value_domain",
        "projection": "webmercator_hash_v1",
        "projection_method": "webmercator_hash_v1",
        "value": 318
      },
      "type": "Feature"
    },
    {
      "geometry": {
        "coordinates": [
          -159.777448,
          48.636759
        ],
        "type": "Point"
      },
      "properties": {
        "cipher": "Standard",
        "mode": "value_domain",
        "projection": "webmercator_hash_v1",
        "projection_method": "webmercator_hash_v1",
        "value": 319
      },
      "type": "Feature"
    },
    {
      "geometry": {
        "coordinates": [
          135.246378,
          72.746989
        ],
        "type": "Point"
      },
      "properties": {
        "cipher": "Standard",
        "mode": "value_domain",
        "projection": "webmercator_hash_v1",
        "projection_method": "webmercator_hash_v1",
        "value": 320
      },
      "type": "Feature"
    },
    {
      "geometry": {
        "coordinates": [
          87.693056,
          -29.193944
        ],
        "type": "Point"
      },
      "properties": {
        "cipher": "Standard",
        "mode": "value_domain",
        "projection": "webmercator_hash_v1",
        "projection_method": "webmercator_hash_v1",
        "value": 321
      },
      "type": "Feature"
    },
    {
      "geometry": {
        "coordinates": [
          -166.524245,
          -34.226696
        ],
        "type": "Point"
      },
      "properties": {
        "cipher": "Standard",
        "mode": "value_domain",
        "projection": "webmercator_hash_v1",
        "projection_method": "webmercator_hash_v1",
        "value": 322
      },
      "type": "Feature"
    },
    {
      "geometry": {
        "coordinates": [
          -69.089417,
          -25.867312
        ],
        "type": "Point"
      },
      "properties": {
        "cipher": "Standard",
        "mode": "value_domain",
        "projection": "webmercator_hash_v1",
        "projection_method": "webmercator_hash_v1",
        "value": 323
      },
      "type": "Feature"
    },
    {
      "geometry": {
        "coordinates": [
          -90.840703,
          5.944136
        ],
        "type": "Point"
      },
      "properties": {
        "cipher": "Standard",
        "mode": "value_domain",
        "projection": "webmercator_hash_v1",
        "projection_method": "webmercator_hash_v1",
        "value": 324
      },
      "type": "Feature"
    },
    {
      "geometry": {
        "coordinates": [
          -137.223735,
          41.70187
        ],
        "type": "Point"
      },
      "properties": {
        "cipher": "Standard",
        "mode": "value_domain",
        "projection": "webmercator_hash_v1",
        "projection_method": "webmercator_hash_v1",
        "value": 325
      },
      "type": "Feature"
    },
    {
      "geometry": {
        "coordinates": [
          -9.297946,
          60.737736
        ],
        "type": "Point"
      },
      "properties": {
        "cipher": "Standard",
        "mode": "value_domain",
        "projection": "webmercator_hash_v1",
        "projection_method": "webmercator_hash_v1",
        "value": 326
      },
      "type": "Feature"
    },
    {
      "geometry": {
        "coordinates": [
          -1.520605,
          -48.609832
        ],
        "type": "Point"
      },
      "properties": {
        "cipher": "Standard",
        "mode": "value_domain",
        "projection": "webmercator_hash_v1",
        "projection_method": "webmercator_hash_v1",
        "value": 327
      },
      "type": "Feature"
    },
    {
      "geometry": {
        "coordinates": [
          -31.870261,
          -76.106344
        ],
        "type": "Point"
      },
      "properties": {
        "cipher": "Standard",
        "mode": "value_domain",
        "projection": "webmercator_hash_v1",
        "projection_method": "webmercator_hash_v1",
        "value": 328
      },
      "type": "Feature"
    },
    {
      "geometry": {
        "coordinates": [
          110.4545,
          -64.310069
        ],
        "type": "Point"
      },
      "properties": {
        "cipher": "Standard",
        "mode": "value_domain",
        "projection": "webmercator_hash_v1",
        "projection_method": "webmercator_hash_v1",
        "value": 329
      },
      "type": "Feature"
    },
    {
      "geometry": {
        "coordinates": [
          -114.815848,
          -71.547404
        ],
        "type": "Point"
      },
      "properties": {
        "cipher": "Standard",
        "mode": "value_domain",
        "projection": "webmercator_hash_v1",
        "projection_method": "webmercator_hash_v1",
        "value": 330
      },
      "type": "Feature"
    },
    {
      "geometry": {
        "coordinates": [
          177.461041,
          21.2587
        ],
        "type": "Point"
      },
      "properties": {
        "cipher": "Standard",
        "mode": "value_domain",
        "projection": "webmercator_hash_v1",
        "projection_method": "webmercator_hash_v1",
        "value": 331
      },
      "type": "Feature"
    },
    {
      "geometry": {
        "coordinates": [
          -124.10346,
          81.238194
        ],
        "type": "Point"
      },
      "properties": {
        "cipher": "Standard",
        "mode": "value_domain",
        "projection": "webmercator_hash_v1",
        "projection_method": "webmercator_hash_v1",
        "value": 332
      },
      "type": "Feature"
    },
    {
      "geometry": {
        "coordinates": [
          155.948287,
          25.435859
        ],
        "type": "Point"
      },
      "properties": {
        "cipher": "Standard",
        "mode": "value_domain",
        "projection": "webmercator_hash_v1",
        "projection_method": "webmercator_hash_v1",
        "value": 333
      },
      "type": "Feature"
    },
    {
      "geometry": {
        "coordinates": [
          -7.480181,
          44.252761
        ],
        "type": "Point"
      },
      "properties": {
        "cipher": "Standard",
        "mode": "value_domain",
        "projection": "webmercator_hash_v1",
        "projection_method": "webmercator_hash_v1",
        "value": 334
      },
      "type": "Feature"
    },
    {
      "geometry": {
        "coordinates": [
          -4.945812,
          69.117245
        ],
        "type": "Point"
      },
      "properties": {
        "cipher": "Standard",
        "mode": "value_domain",
        "projection": "webmercator_hash_v1",
        "projection_method": "webmercator_hash_v1",
        "value": 335
      },
      "type": "Feature"
    },
    {
      "geometry": {
        "coordinates": [
          65.434355,
          -25.465317
        ],
        "type": "Point"
      },
      "properties": {
        "cipher": "Standard",
        "mode": "value_domain",
        "projection": "webmercator_hash_v1",
        "projection_method": "webmercator_hash_v1",
        "value": 336
      },
      "type": "Feature"
    },
    {
      "geometry": {
        "coordinates": [
          -140.291259,
          -62.021495
        ],
        "type": "Point"
      },
      "properties": {
        "cipher": "Standard",
        "mode": "value_domain",
        "projection": "webmercator_hash_v1",
        "projection_method": "webmercator_hash_v1",
        "value": 337
      },
      "type": "Feature"
    },
    {
      "geometry": {
        "coordinates": [
          -111.095799,
          49.870425
        ],
        "type": "Point"
      },
      "properties": {
        "cipher": "Standard",
        "mode": "value_domain",
        "projection": "webmercator_hash_v1",
        "projection_method": "webmercator_hash_v1",
        "value": 338
      },
      "type": "Feature"
    },
    {
      "geometry": {
        "coordinates": [
          -76.522261,
          49.546423
        ],
        "type": "Point"
      },
      "properties": {
        "cipher": "Standard",
        "mode": "value_domain",
        "projection": "webmercator_hash_v1",
        "projection_method": "webmercator_hash_v1",
        "value": 339
      },
      "type": "Feature"
    },
    {
      "geometry": {
        "coordinates": [
          -138.79856,
          10.001568
        ],
        "type": "Point"
      },
      "properties": {
        "cipher": "Standard",
        "mode": "value_domain",
        "projection": "webmercator_hash_v1",
        "projection_method": "webmercator_hash_v1",
        "value": 340
      },
      "type": "Feature"
    },
    {
      "geometry": {
        "coordinates": [
          -101.771305,
          4.079342
        ],
        "type": "Point"
      },
      "properties": {
        "cipher": "Standard",
        "mode": "value_domain",
        "projection": "webmercator_hash_v1",
        "projection_method": "webmercator_hash_v1",
        "value": 341
      },
      "type": "Feature"
    },
    {
      "geometry": {
        "coordinates": [
          90.164809,
          21.24648
        ],
        "type": "Point"
      },
      "properties": {
        "cipher": "Standard",
        "mode": "value_domain",
        "projection": "webmercator_hash_v1",
        "projection_method": "webmercator_hash_v1",
        "value": 342
      },
      "type": "Feature"
    },
    {
      "geometry": {
        "coordinates": [
          -46.347685,
          -73.13147
        ],
        "type": "Point"
      },
      "properties": {
        "cipher": "Standard",
        "mode": "value_domain",
        "projection": "webmercator_hash_v1",
        "projection_method": "webmercator_hash_v1",
        "value": 343
      },
      "type": "Feature"
    },
    {
      "geometry": {
        "coordinates": [
          153.508458,
          6.310777
        ],
        "type": "Point"
      },
      "properties": {
        "cipher": "Standard",
        "mode": "value_domain",
        "projection": "webmercator_hash_v1",
        "projection_method": "webmercator_hash_v1",
        "value": 344
      },
      "type": "Feature"
    },
    {
      "geometry": {
        "coordinates": [
          -102.564012,
          -84.294066
        ],
        "type": "Point"
      },
      "properties": {
        "cipher": "Standard",
        "mode": "value_domain",
        "projection": "webmercator_hash_v1",
        "projection_method": "webmercator_hash_v1",
        "value": 345
      },
      "type": "Feature"
    },
    {
      "geometry": {
        "coordinates": [
          56.757151,
          17.401601
        ],
        "type": "Point"
      },
      "properties": {
        "cipher": "Standard",
        "mode": "value_domain",
        "projection": "webmercator_hash_v1",
        "projection_method": "webmercator_hash_v1",
        "value": 346
      },
      "type": "Feature"
    },
    {
      "geometry": {
        "coordinates": [
          136.988337,
          -11.36594
        ],
        "type": "Point"
      },
      "properties": {
        "cipher": "Standard",
        "mode": "value_domain",
        "projection": "webmercator_hash_v1",
        "projection_method": "webmercator_hash_v1",
        "value": 347
      },
      "type": "Feature"
    },
    {
      "geometry": {
        "coordinates": [
          -55.834656,
          60.96665
        ],
        "type": "Point"
      },
      "properties": {
        "cipher": "Standard",
        "mode": "value_domain",
        "projection": "webmercator_hash_v1",
        "projection_method": "webmercator_hash_v1",
        "value": 348
      },
      "type": "Feature"
    },
    {
      "geometry": {
        "coordinates": [
          -122.086831,
          -2.312284
        ],
        "type": "Point"
      },
      "properties": {
        "cipher": "Standard",
        "mode": "value_domain",
        "projection": "webmercator_hash_v1",
        "projection_method": "webmercator_hash_v1",
        "value": 349
      },
      "type": "Feature"
    },
    {
      "geometry": {
        "coordinates": [
          115.848568,
          5.629978
        ],
        "type": "Point"
      },
      "properties": {
        "cipher": "Standard",
        "mode": "value_domain",
        "projection": "webmercator_hash_v1",
        "projection_method": "webmercator_hash_v1",
        "value": 350
      },
      "type": "Feature"
    },
    {
      "geometry": {
        "coordinates": [
          140.848095,
          -65.268257
        ],
        "type": "Point"
      },
      "properties": {
        "cipher": "Standard",
        "mode": "value_domain",
        "projection": "webmercator_hash_v1",
        "projection_method": "webmercator_hash_v1",
        "value": 351
      },
      "type": "Feature"
    },
    {
      "geometry": {
        "coordinates": [
          174.111268,
          70.989204
        ],
        "type": "Point"
      },
      "properties": {
        "cipher": "Standard",
        "mode": "value_domain",
        "projection": "webmercator_hash_v1",
        "projection_method": "webmercator_hash_v1",
        "value": 352
      },
      "type": "Feature"
    },
    {
      "geometry": {
        "coordinates": [
          -127.780221,
          -2.226583
        ],
        "type": "Point"
      },
      "properties": {
        "cipher": "Standard",
        "mode": "value_domain",
        "projection": "webmercator_hash_v1",
        "projection_method": "webmercator_hash_v1",
        "value": 353
      },
      "type": "Feature"
    },
    {
      "geometry": {
        "coordinates": [
          144.626183,
          -80.815795
        ],
        "type": "Point"
      },
      "properties": {
        "cipher": "Standard",
        "mode": "value_domain",
        "projection": "webmercator_hash_v1",
        "projection_method": "webmercator_hash_v1",
        "value": 354
      },
      "type": "Feature"
    },
    {
      "geometry": {
        "coordinates": [
          -156.970085,
          31.019587
        ],
        "type": "Point"
      },
      "properties": {
        "cipher": "Standard",
        "mode": "value_domain",
        "projection": "webmercator_hash_v1",
        "projection_method": "webmercator_hash_v1",
        "value": 355
      },
      "type": "Feature"
    },
    {
      "geometry": {
        "coordinates": [
          144.620312,
          34.867837
        ],
        "type": "Point"
      },
      "properties": {
        "cipher": "Standard",
        "mode": "value_domain",
        "projection": "webmercator_hash_v1",
        "projection_method": "webmercator_hash_v1",
        "value": 356
      },
      "type": "Feature"
    },
    {
      "geometry": {
        "coordinates": [
          -120.160321,
          -59.004158
        ],
        "type": "Point"
      },
      "properties": {
        "cipher": "Standard",
        "mode": "value_domain",
        "projection": "webmercator_hash_v1",
        "projection_method": "webmercator_hash_v1",
        "value": 357
      },
      "type": "Feature"
    },
    {
      "geometry": {
        "coordinates": [
          -139.047002,
          -83.483885
        ],
        "type": "Point"
      },
      "properties": {
        "cipher": "Standard",
        "mode": "value_domain",
        "projection": "webmercator_hash_v1",
        "projection_method": "webmercator_hash_v1",
        "value": 358
      },
      "type": "Feature"
    },
    {
      "geometry": {
        "coordinates": [
          -93.472653,
          32.565289
        ],
        "type": "Point"
      },
      "properties": {
        "cipher": "Standard",
        "mode": "value_domain",
        "projection": "webmercator_hash_v1",
        "projection_method": "webmercator_hash_v1",
        "value": 359
      },
      "type": "Feature"
    },
    {
      "geometry": {
        "coordinates": [
          10.201698,
          -73.96084
        ],
        "type": "Point"
      },
      "properties": {
        "cipher": "Standard",
        "mode": "value_domain",
        "projection": "webmercator_hash_v1",
        "projection_method": "webmercator_hash_v1",
        "value": 360
      },
      "type": "Feature"
    },
    {
      "geometry": {
        "coordinates": [
          -119.908697,
          -46.477222
        ],
        "type": "Point"
      },
      "properties": {
        "cipher": "Standard",
        "mode": "value_domain",
        "projection": "webmercator_hash_v1",
        "projection_method": "webmercator_hash_v1",
        "value": 361
      },
      "type": "Feature"
    },
    {
      "geometry": {
        "coordinates": [
          -3.571079,
          -79.80469
        ],
        "type": "Point"
      },
      "properties": {
        "cipher": "Standard",
        "mode": "value_domain",
        "projection": "webmercator_hash_v1",
        "projection_method": "webmercator_hash_v1",
        "value": 362
      },
      "type": "Feature"
    },
    {
      "geometry": {
        "coordinates": [
          -126.28072,
          -72.733629
        ],
        "type": "Point"
      },
      "properties": {
        "cipher": "Standard",
        "mode": "value_domain",
        "projection": "webmercator_hash_v1",
        "projection_method": "webmercator_hash_v1",
        "value": 363
      },
      "type": "Feature"
    },
    {
      "geometry": {
        "coordinates": [
          -178.648105,
          -77.258101
        ],
        "type": "Point"
      },
      "properties": {
        "cipher": "Standard",
        "mode": "value_domain",
        "projection": "webmercator_hash_v1",
        "projection_method": "webmercator_hash_v1",
        "value": 364
      },
      "type": "Feature"
    },
    {
      "geometry": {
        "coordinates": [
          72.895181,
          77.66621
        ],
        "type": "Point"
      },
      "properties": {
        "cipher": "Standard",
        "mode": "value_domain",
        "projection": "webmercator_hash_v1",
        "projection_method": "webmercator_hash_v1",
        "value": 365
      },
      "type": "Feature"
    },
    {
      "geometry": {
        "coordinates": [
          162.368623,
          -22.453417
        ],
        "type": "Point"
      },
      "properties": {
        "cipher": "Standard",
        "mode": "value_domain",
        "projection": "webmercator_hash_v1",
        "projection_method": "webmercator_hash_v1",
        "value": 366
      },
      "type": "Feature"
    },
    {
      "geometry": {
        "coordinates": [
          -21.465908,
          66.008127
        ],
        "type": "Point"
      },
      "properties": {
        "cipher": "Standard",
        "mode": "value_domain",
        "projection": "webmercator_hash_v1",
        "projection_method": "webmercator_hash_v1",
        "value": 367
      },
      "type": "Feature"
    },
    {
      "geometry": {
        "coordinates": [
          148.44809,
          -69.417848
        ],
        "type": "Point"
      },
      "properties": {
        "cipher": "Standard",
        "mode": "value_domain",
        "projection": "webmercator_hash_v1",
        "projection_method": "webmercator_hash_v1",
        "value": 368
      },
      "type": "Feature"
    },
    {
      "geometry": {
        "coordinates": [
          -78.661759,
          65.090698
        ],
        "type": "Point"
      },
      "properties": {
        "cipher": "Standard",
        "mode": "value_domain",
        "projection": "webmercator_hash_v1",
        "projection_method": "webmercator_hash_v1",
        "value": 369
      },
      "type": "Feature"
    },
    {
      "geometry": {
        "coordinates": [
          96.345407,
          18.507482
        ],
        "type": "Point"
      },
      "properties": {
        "cipher": "Standard",
        "mode": "value_domain",
        "projection": "webmercator_hash_v1",
        "projection_method": "webmercator_hash_v1",
        "value": 370
      },
      "type": "Feature"
    },
    {
      "geometry": {
        "coordinates": [
          76.291516,
          80.266533
        ],
        "type": "Point"
      },
      "properties": {
        "cipher": "Standard",
        "mode": "value_domain",
        "projection": "webmercator_hash_v1",
        "projection_method": "webmercator_hash_v1",
        "value": 371
      },
      "type": "Feature"
    },
    {
      "geometry": {
        "coordinates": [
          120.396358,
          60.327713
        ],
        "type": "Point"
      },
      "properties": {
        "cipher": "Standard",
        "mode": "value_domain",
        "projection": "webmercator_hash_v1",
        "projection_method": "webmercator_hash_v1",
        "value": 372
      },
      "type": "Feature"
    },
    {
      "geometry": {
        "coordinates": [
          39.313218,
          21.895188
        ],
        "type": "Point"
      },
      "properties": {
        "cipher": "Standard",
        "mode": "value_domain",
        "projection": "webmercator_hash_v1",
        "projection_method": "webmercator_hash_v1",
        "value": 373
      },
      "type": "Feature"
    },
    {
      "geometry": {
        "coordinates": [
          -69.640115,
          -62.537237
        ],
        "type": "Point"
      },
      "properties": {
        "cipher": "Standard",
        "mode": "value_domain",
        "projection": "webmercator_hash_v1",
        "projection_method": "webmercator_hash_v1",
        "value": 374
      },
      "type": "Feature"
    },
    {
      "geometry": {
        "coordinates": [
          71.166577,
          44.430616
        ],
        "type": "Point"
      },
      "properties": {
        "cipher": "Standard",
        "mode": "value_domain",
        "projection": "webmercator_hash_v1",
        "projection_method": "webmercator_hash_v1",
        "value": 375
      },
      "type": "Feature"
    },
    {
      "geometry": {
        "coordinates": [
          -82.800973,
          10.258143
        ],
        "type": "Point"
      },
      "properties": {
        "cipher": "Standard",
        "mode": "value_domain",
        "projection": "webmercator_hash_v1",
        "projection_method": "webmercator_hash_v1",
        "value": 376
      },
      "type": "Feature"
    },
    {
      "geometry": {
        "coordinates": [
          -159.949645,
          6.445175
        ],
        "type": "Point"
      },
      "properties": {
        "cipher": "Standard",
        "mode": "value_domain",
        "projection": "webmercator_hash_v1",
        "projection_method": "webmercator_hash_v1",
        "value": 377
      },
      "type": "Feature"
    },
    {
      "geometry": {
        "coordinates": [
          -144.024429,
          -15.089719
        ],
        "type": "Point"
      },
      "properties": {
        "cipher": "Standard",
        "mode": "value_domain",
        "projection": "webmercator_hash_v1",
        "projection_method": "webmercator_hash_v1",
        "value": 378
      },
      "type": "Feature"
    },
    {
      "geometry": {
        "coordinates": [
          -147.845109,
          45.12998
        ],
        "type": "Point"
      },
      "properties": {
        "cipher": "Standard",
        "mode": "value_domain",
        "projection": "webmercator_hash_v1",
        "projection_method": "webmercator_hash_v1",
        "value": 379
      },
      "type": "Feature"
    },
    {
      "geometry": {
        "coordinates": [
          -20.390372,
          -45.115178
        ],
        "type": "Point"
      },
      "properties": {
        "cipher": "Standard",
        "mode": "value_domain",
        "projection": "webmercator_hash_v1",
        "projection_method": "webmercator_hash_v1",
        "value": 380
      },
      "type": "Feature"
    },
    {
      "geometry": {
        "coordinates": [
          -101.830932,
          -56.224238
        ],
        "type": "Point"
      },
      "properties": {
        "cipher": "Standard",
        "mode": "value_domain",
        "projection": "webmercator_hash_v1",
        "projection_method": "webmercator_hash_v1",
        "value": 381
      },
      "type": "Feature"
    },
    {
      "geometry": {
        "coordinates": [
          49.059588,
          -28.548336
        ],
        "type": "Point"
      },
      "properties": {
        "cipher": "Standard",
        "mode": "value_domain",
        "projection": "webmercator_hash_v1",
        "projection_method": "webmercator_hash_v1",
        "value": 382
      },
      "type": "Feature"
    },
    {
      "geometry": {
        "coordinates": [
          -153.623619,
          70.959816
        ],
        "type": "Point"
      },
      "properties": {
        "cipher": "Standard",
        "mode": "value_domain",
        "projection": "webmercator_hash_v1",
        "projection_method": "webmercator_hash_v1",
        "value": 383
      },
      "type": "Feature"
    },
    {
      "geometry": {
        "coordinates": [
          -100.89615,
          78.988355
        ],
        "type": "Point"
      },
      "properties": {
        "cipher": "Standard",
        "mode": "value_domain",
        "projection": "webmercator_hash_v1",
        "projection_method": "webmercator_hash_v1",
        "value": 384
      },
      "type": "Feature"
    },
    {
      "geometry": {
        "coordinates": [
          -83.15162,
          81.991666
        ],
        "type": "Point"
      },
      "properties": {
        "cipher": "Standard",
        "mode": "value_domain",
        "projection": "webmercator_hash_v1",
        "projection_method": "webmercator_hash_v1",
        "value": 385
      },
      "type": "Feature"
    },
    {
      "geometry": {
        "coordinates": [
          94.942075,
          19.697019
        ],
        "type": "Point"
      },
      "properties": {
        "cipher": "Standard",
        "mode": "value_domain",
        "projection": "webmercator_hash_v1",
        "projection_method": "webmercator_hash_v1",
        "value": 386
      },
      "type": "Feature"
    },
    {
      "geometry": {
        "coordinates": [
          -161.168265,
          -8.499114
        ],
        "type": "Point"
      },
      "properties": {
        "cipher": "Standard",
        "mode": "value_domain",
        "projection": "webmercator_hash_v1",
        "projection_method": "webmercator_hash_v1",
        "value": 387
      },
      "type": "Feature"
    },
    {
      "geometry": {
        "coordinates": [
          -92.644261,
          59.863846
        ],
        "type": "Point"
      },
      "properties": {
        "cipher": "Standard",
        "mode": "value_domain",
        "projection": "webmercator_hash_v1",
        "projection_method": "webmercator_hash_v1",
        "value": 388
      },
      "type": "Feature"
    },
    {
      "geometry": {
        "coordinates": [
          115.81923,
          -60.572655
        ],
        "type": "Point"
      },
      "properties": {
        "cipher": "Standard",
        "mode": "value_domain",
        "projection": "webmercator_hash_v1",
        "projection_method": "webmercator_hash_v1",
        "value": 389
      },
      "type": "Feature"
    },
    {
      "geometry": {
        "coordinates": [
          179.222167,
          76.502961
        ],
        "type": "Point"
      },
      "properties": {
        "cipher": "Standard",
        "mode": "value_domain",
        "projection": "webmercator_hash_v1",
        "projection_method": "webmercator_hash_v1",
        "value": 390
      },
      "type": "Feature"
    },
    {
      "geometry": {
        "coordinates": [
          114.054392,
          -63.018073
        ],
        "type": "Point"
      },
      "properties": {
        "cipher": "Standard",
        "mode": "value_domain",
        "projection": "webmercator_hash_v1",
        "projection_method": "webmercator_hash_v1",
        "value": 391
      },
      "type": "Feature"
    },
    {
      "geometry": {
        "coordinates": [
          -73.132366,
          41.225119
        ],
        "type": "Point"
      },
      "properties": {
        "cipher": "Standard",
        "mode": "value_domain",
        "projection": "webmercator_hash_v1",
        "projection_method": "webmercator_hash_v1",
        "value": 392
      },
      "type": "Feature"
    },
    {
      "geometry": {
        "coordinates": [
          -163.795611,
          4.342448
        ],
        "type": "Point"
      },
      "properties": {
        "cipher": "Standard",
        "mode": "value_domain",
        "projection": "webmercator_hash_v1",
        "projection_method": "webmercator_hash_v1",
        "value": 393
      },
      "type": "Feature"
    },
    {
      "geometry": {
        "coordinates": [
          -45.849484,
          37.614416
        ],
        "type": "Point"
      },
      "properties": {
        "cipher": "Standard",
        "mode": "value_domain",
        "projection": "webmercator_hash_v1",
        "projection_method": "webmercator_hash_v1",
        "value": 394
      },
      "type": "Feature"
    },
    {
      "geometry": {
        "coordinates": [
          94.506476,
          -70.939055
        ],
        "type": "Point"
      },
      "properties": {
        "cipher": "Standard",
        "mode": "value_domain",
        "projection": "webmercator_hash_v1",
        "projection_method": "webmercator_hash_v1",
        "value": 395
      },
      "type": "Feature"
    },
    {
      "geometry": {
        "coordinates": [
          -166.795895,
          52.872639
        ],
        "type": "Point"
      },
      "properties": {
        "cipher": "Standard",
        "mode": "value_domain",
        "projection": "webmercator_hash_v1",
        "projection_method": "webmercator_hash_v1",
        "value": 396
      },
      "type": "Feature"
    },
    {
      "geometry": {
        "coordinates": [
          104.624036,
          -31.277738
        ],
        "type": "Point"
      },
      "properties": {
        "cipher": "Standard",
        "mode": "value_domain",
        "projection": "webmercator_hash_v1",
        "projection_method": "webmercator_hash_v1",
        "value": 397
      },
      "type": "Feature"
    },
    {
      "geometry": {
        "coordinates": [
          125.659651,
          -20.208954
        ],
        "type": "Point"
      },
      "properties": {
        "cipher": "Standard",
        "mode": "value_domain",
        "projection": "webmercator_hash_v1",
        "projection_method": "webmercator_hash_v1",
        "value": 398
      },
      "type": "Feature"
    },
    {
      "geometry": {
        "coordinates": [
          -155.37683,
          70.611659
        ],
        "type": "Point"
      },
      "properties": {
        "cipher": "Standard",
        "mode": "value_domain",
        "projection": "webmercator_hash_v1",
        "projection_method": "webmercator_hash_v1",
        "value": 399
      },
      "type": "Feature"
    },
    {
      "geometry": {
        "coordinates": [
          -29.69368,
          -77.235782
        ],
        "type": "Point"
      },
      "properties": {
        "cipher": "Standard",
        "mode": "value_domain",
        "projection": "webmercator_hash_v1",
        "projection_method": "webmercator_hash_v1",
        "value": 400
      },
      "type": "Feature"
    },
    {
      "geometry": {
        "coordinates": [
          150.030457,
          8.337139
        ],
        "type": "Point"
      },
      "properties": {
        "cipher": "Standard",
        "mode": "value_domain",
        "projection": "webmercator_hash_v1",
        "projection_method": "webmercator_hash_v1",
        "value": 401
      },
      "type": "Feature"
    },
    {
      "geometry": {
        "coordinates": [
          132.283976,
          -39.29303
        ],
        "type": "Point"
      },
      "properties": {
        "cipher": "Standard",
        "mode": "value_domain",
        "projection": "webmercator_hash_v1",
        "projection_method": "webmercator_hash_v1",
        "value": 402
      },
      "type": "Feature"
    },
    {
      "geometry": {
        "coordinates": [
          -163.62766,
          3.741524
        ],
        "type": "Point"
      },
      "properties": {
        "cipher": "Standard",
        "mode": "value_domain",
        "projection": "webmercator_hash_v1",
        "projection_method": "webmercator_hash_v1",
        "value": 403
      },
      "type": "Feature"
    },
    {
      "geometry": {
        "coordinates": [
          126.779395,
          74.380164
        ],
        "type": "Point"
      },
      "properties": {
        "cipher": "Standard",
        "mode": "value_domain",
        "projection": "webmercator_hash_v1",
        "projection_method": "webmercator_hash_v1",
        "value": 404
      },
      "type": "Feature"
    },
    {
      "geometry": {
        "coordinates": [
          -147.465513,
          74.376983
        ],
        "type": "Point"
      },
      "properties": {
        "cipher": "Standard",
        "mode": "value_domain",
        "projection": "webmercator_hash_v1",
        "projection_method": "webmercator_hash_v1",
        "value": 405
      },
      "type": "Feature"
    },
    {
      "geometry": {
        "coordinates": [
          87.208276,
          54.903843
        ],
        "type": "Point"
      },
      "properties": {
        "cipher": "Standard",
        "mode": "value_domain",
        "projection": "webmercator_hash_v1",
        "projection_method": "webmercator_hash_v1",
        "value": 406
      },
      "type": "Feature"
    },
    {
      "geometry": {
        "coordinates": [
          -123.224072,
          14.095808
        ],
        "type": "Point"
      },
      "properties": {
        "cipher": "Standard",
        "mode": "value_domain",
        "projection": "webmercator_hash_v1",
        "projection_method": "webmercator_hash_v1",
        "value": 407
      },
      "type": "Feature"
    },
    {
      "geometry": {
        "coordinates": [
          84.730275,
          24.500086
        ],
        "type": "Point"
      },
      "properties": {
        "cipher": "Standard",
        "mode": "value_domain",
        "projection": "webmercator_hash_v1",
        "projection_method": "webmercator_hash_v1",
        "value": 408
      },
      "type": "Feature"
    },
    {
      "geometry": {
        "coordinates": [
          -30.843418,
          65.743572
        ],
        "type": "Point"
      },
      "properties": {
        "cipher": "Standard",
        "mode": "value_domain",
        "projection": "webmercator_hash_v1",
        "projection_method": "webmercator_hash_v1",
        "value": 409
      },
      "type": "Feature"
    },
    {
      "geometry": {
        "coordinates": [
          34.202029,
          -36.550355
        ],
        "type": "Point"
      },
      "properties": {
        "cipher": "Standard",
        "mode": "value_domain",
        "projection": "webmercator_hash_v1",
        "projection_method": "webmercator_hash_v1",
        "value": 410
      },
      "type": "Feature"
    },
    {
      "geometry": {
        "coordinates": [
          154.401506,
          43.366131
        ],
        "type": "Point"
      },
      "properties": {
        "cipher": "Standard",
        "mode": "value_domain",
        "projection": "webmercator_hash_v1",
        "projection_method": "webmercator_hash_v1",
        "value": 411
      },
      "type": "Feature"
    },
    {
      "geometry": {
        "coordinates": [
          76.651497,
          -55.87276
        ],
        "type": "Point"
      },
      "properties": {
        "cipher": "Standard",
        "mode": "value_domain",
        "projection": "webmercator_hash_v1",
        "projection_method": "webmercator_hash_v1",
        "value": 412
      },
      "type": "Feature"
    },
    {
      "geometry": {
        "coordinates": [
          -159.210117,
          50.9005
        ],
        "type": "Point"
      },
      "properties": {
        "cipher": "Standard",
        "mode": "value_domain",
        "projection": "webmercator_hash_v1",
        "projection_method": "webmercator_hash_v1",
        "value": 413
      },
      "type": "Feature"
    },
    {
      "geometry": {
        "coordinates": [
          88.88528,
          -51.183446
        ],
        "type": "Point"
      },
      "properties": {
        "cipher": "Standard",
        "mode": "value_domain",
        "projection": "webmercator_hash_v1",
        "projection_method": "webmercator_hash_v1",
        "value": 414
      },
      "type": "Feature"
    },
    {
      "geometry": {
        "coordinates": [
          166.463062,
          44.799305
        ],
        "type": "Point"
      },
      "properties": {
        "cipher": "Standard",
        "mode": "value_domain",
        "projection": "webmercator_hash_v1",
        "projection_method": "webmercator_hash_v1",
        "value": 415
      },
      "type": "Feature"
    },
    {
      "geometry": {
        "coordinates": [
          -7.954366,
          54.886891
        ],
        "type": "Point"
      },
      "properties": {
        "cipher": "Standard",
        "mode": "value_domain",
        "projection": "webmercator_hash_v1",
        "projection_method": "webmercator_hash_v1",
        "value": 416
      },
      "type": "Feature"
    },
    {
      "geometry": {
        "coordinates": [
          177.758262,
          51.867668
        ],
        "type": "Point"
      },
      "properties": {
        "cipher": "Standard",
        "mode": "value_domain",
        "projection": "webmercator_hash_v1",
        "projection_method": "webmercator_hash_v1",
        "value": 417
      },
      "type": "Feature"
    },
    {
      "geometry": {
        "coordinates": [
          56.63037,
          -33.175323
        ],
        "type": "Point"
      },
      "properties": {
        "cipher": "Standard",
        "mode": "value_domain",
        "projection": "webmercator_hash_v1",
        "projection_method": "webmercator_hash_v1",
        "value": 418
      },
      "type": "Feature"
    },
    {
      "geometry": {
        "coordinates": [
          -163.268932,
          62.260037
        ],
        "type": "Point"
      },
      "properties": {
        "cipher": "Standard",
        "mode": "value_domain",
        "projection": "webmercator_hash_v1",
        "projection_method": "webmercator_hash_v1",
        "value": 419
      },
      "type": "Feature"
    },
    {
      "geometry": {
        "coordinates": [
          -62.042564,
          -44.525619
        ],
        "type": "Point"
      },
      "properties": {
        "cipher": "Standard",
        "mode": "value_domain",
        "projection": "webmercator_hash_v1",
        "projection_method": "webmercator_hash_v1",
        "value": 420
      },
      "type": "Feature"
    },
    {
      "geometry": {
        "coordinates": [
          136.427569,
          6.278694
        ],
        "type": "Point"
      },
      "properties": {
        "cipher": "Standard",
        "mode": "value_domain",
        "projection": "webmercator_hash_v1",
        "projection_method": "webmercator_hash_v1",
        "value": 421
      },
      "type": "Feature"
    },
    {
      "geometry": {
        "coordinates": [
          -124.735246,
          19.902428
        ],
        "type": "Point"
      },
      "properties": {
        "cipher": "Standard",
        "mode": "value_domain",
        "projection": "webmercator_hash_v1",
        "projection_method": "webmercator_hash_v1",
        "value": 422
      },
      "type": "Feature"
    },
    {
      "geometry": {
        "coordinates": [
          -167.082922,
          39.984697
        ],
        "type": "Point"
      },
      "properties": {
        "cipher": "Standard",
        "mode": "value_domain",
        "projection": "webmercator_hash_v1",
        "projection_method": "webmercator_hash_v1",
        "value": 423
      },
      "type": "Feature"
    },
    {
      "geometry": {
        "coordinates": [
          99.879483,
          -30.3981
        ],
        "type": "Point"
      },
      "properties": {
        "cipher": "Standard",
        "mode": "value_domain",
        "projection": "webmercator_hash_v1",
        "projection_method": "webmercator_hash_v1",
        "value": 424
      },
      "type": "Feature"
    },
    {
      "geometry": {
        "coordinates": [
          -121.005852,
          -78.700915
        ],
        "type": "Point"
      },
      "properties": {
        "cipher": "Standard",
        "mode": "value_domain",
        "projection": "webmercator_hash_v1",
        "projection_method": "webmercator_hash_v1",
        "value": 425
      },
      "type": "Feature"
    },
    {
      "geometry": {
        "coordinates": [
          106.15634,
          -16.365392
        ],
        "type": "Point"
      },
      "properties": {
        "cipher": "Standard",
        "mode": "value_domain",
        "projection": "webmercator_hash_v1",
        "projection_method": "webmercator_hash_v1",
        "value": 426
      },
      "type": "Feature"
    },
    {
      "geometry": {
        "coordinates": [
          16.238868,
          -11.600369
        ],
        "type": "Point"
      },
      "properties": {
        "cipher": "Standard",
        "mode": "value_domain",
        "projection": "webmercator_hash_v1",
        "projection_method": "webmercator_hash_v1",
        "value": 427
      },
      "type": "Feature"
    },
    {
      "geometry": {
        "coordinates": [
          -62.149582,
          21.212552
        ],
        "type": "Point"
      },
      "properties": {
        "cipher": "Standard",
        "mode": "value_domain",
        "projection": "webmercator_hash_v1",
        "projection_method": "webmercator_hash_v1",
        "value": 428
      },
      "type": "Feature"
    },
    {
      "geometry": {
        "coordinates": [
          15.073742,
          58.445758
        ],
        "type": "Point"
      },
      "properties": {
        "cipher": "Standard",
        "mode": "value_domain",
        "projection": "webmercator_hash_v1",
        "projection_method": "webmercator_hash_v1",
        "value": 429
      },
      "type": "Feature"
    },
    {
      "geometry": {
        "coordinates": [
          159.778108,
          47.480369
        ],
        "type": "Point"
      },
      "properties": {
        "cipher": "Standard",
        "mode": "value_domain",
        "projection": "webmercator_hash_v1",
        "projection_method": "webmercator_hash_v1",
        "value": 430
      },
      "type": "Feature"
    },
    {
      "geometry": {
        "coordinates": [
          100.240263,
          -38.12056
        ],
        "type": "Point"
      },
      "properties": {
        "cipher": "Standard",
        "mode": "value_domain",
        "projection": "webmercator_hash_v1",
        "projection_method": "webmercator_hash_v1",
        "value": 431
      },
      "type": "Feature"
    },
    {
      "geometry": {
        "coordinates": [
          -99.694382,
          -18.774669
        ],
        "type": "Point"
      },
      "properties": {
        "cipher": "Standard",
        "mode": "value_domain",
        "projection": "webmercator_hash_v1",
        "projection_method": "webmercator_hash_v1",
        "value": 432
      },
      "type": "Feature"
    },
    {
      "geometry": {
        "coordinates": [
          63.137569,
          38.454051
        ],
        "type": "Point"
      },
      "properties": {
        "cipher": "Standard",
        "mode": "value_domain",
        "projection": "webmercator_hash_v1",
        "projection_method": "webmercator_hash_v1",
        "value": 433
      },
      "type": "Feature"
    },
    {
      "geometry": {
        "coordinates": [
          -153.854877,
          -14.372033
        ],
        "type": "Point"
      },
      "properties": {
        "cipher": "Standard",
        "mode": "value_domain",
        "projection": "webmercator_hash_v1",
        "projection_method": "webmercator_hash_v1",
        "value": 434
      },
      "type": "Feature"
    },
    {
      "geometry": {
        "coordinates": [
          -24.842933,
          6.021751
        ],
        "type": "Point"
      },
      "properties": {
        "cipher": "Standard",
        "mode": "value_domain",
        "projection": "webmercator_hash_v1",
        "projection_method": "webmercator_hash_v1",
        "value": 435
      },
      "type": "Feature"
    },
    {
      "geometry": {
        "coordinates": [
          -36.155596,
          56.149112
        ],
        "type": "Point"
      },
      "properties": {
        "cipher": "Standard",
        "mode": "value_domain",
        "projection": "webmercator_hash_v1",
        "projection_method": "webmercator_hash_v1",
        "value": 436
      },
      "type": "Feature"
    },
    {
      "geometry": {
        "coordinates": [
          6.954883,
          65.968696
        ],
        "type": "Point"
      },
      "properties": {
        "cipher": "Standard",
        "mode": "value_domain",
        "projection": "webmercator_hash_v1",
        "projection_method": "webmercator_hash_v1",
        "value": 437
      },
      "type": "Feature"
    },
    {
      "geometry": {
        "coordinates": [
          59.783029,
          3.550159
        ],
        "type": "Point"
      },
      "properties": {
        "cipher": "Standard",
        "mode": "value_domain",
        "projection": "webmercator_hash_v1",
        "projection_method": "webmercator_hash_v1",
        "value": 438
      },
      "type": "Feature"
    },
    {
      "geometry": {
        "coordinates": [
          -146.785,
          -4.06413
        ],
        "type": "Point"
      },
      "properties": {
        "cipher": "Standard",
        "mode": "value_domain",
        "projection": "webmercator_hash_v1",
        "projection_method": "webmercator_hash_v1",
        "value": 439
      },
      "type": "Feature"
    },
    {
      "geometry": {
        "coordinates": [
          171.413701,
          -54.867511
        ],
        "type": "Point"
      },
      "properties": {
        "cipher": "Standard",
        "mode": "value_domain",
        "projection": "webmercator_hash_v1",
        "projection_method": "webmercator_hash_v1",
        "value": 440
      },
      "type": "Feature"
    },
    {
      "geometry": {
        "coordinates": [
          -19.513698,
          61.062084
        ],
        "type": "Point"
      },
      "properties": {
        "cipher": "Standard",
        "mode": "value_domain",
        "projection": "webmercator_hash_v1",
        "projection_method": "webmercator_hash_v1",
        "value": 441
      },
      "type": "Feature"
    },
    {
      "geometry": {
        "coordinates": [
          -61.896906,
          24.47042
        ],
        "type": "Point"
      },
      "properties": {
        "cipher": "Standard",
        "mode": "value_domain",
        "projection": "webmercator_hash_v1",
        "projection_method": "webmercator_hash_v1",
        "value": 442
      },
      "type": "Feature"
    },
    {
      "geometry": {
        "coordinates": [
          -48.019002,
          -22.433812
        ],
        "type": "Point"
      },
      "properties": {
        "cipher": "Standard",
        "mode": "value_domain",
        "projection": "webmercator_hash_v1",
        "projection_method": "webmercator_hash_v1",
        "value": 443
      },
      "type": "Feature"
    },
    {
      "geometry": {
        "coordinates": [
          -8.94739,
          53.89551
        ],
        "type": "Point"
      },
      "properties": {
        "cipher": "Standard",
        "mode": "value_domain",
        "projection": "webmercator_hash_v1",
        "projection_method": "webmercator_hash_v1",
        "value": 444
      },
      "type": "Feature"
    },
    {
      "geometry": {
        "coordinates": [
          5.7699,
          11.456943
        ],
        "type": "Point"
      },
      "properties": {
        "cipher": "Standard",
        "mode": "value_domain",
        "projection": "webmercator_hash_v1",
        "projection_method": "webmercator_hash_v1",
        "value": 445
      },
      "type": "Feature"
    },
    {
      "geometry": {
        "coordinates": [
          -91.793175,
          22.584742
        ],
        "type": "Point"
      },
      "properties": {
        "cipher": "Standard",
        "mode": "value_domain",
        "projection": "webmercator_hash_v1",
        "projection_method": "webmercator_hash_v1",
        "value": 446
      },
      "type": "Feature"
    },
    {
      "geometry": {
        "coordinates": [
          163.652773,
          55.789081
        ],
        "type": "Point"
      },
      "properties": {
        "cipher": "Standard",
        "mode": "value_domain",
        "projection": "webmercator_hash_v1",
        "projection_method": "webmercator_hash_v1",
        "value": 447
      },
      "type": "Feature"
    },
    {
      "geometry": {
        "coordinates": [
          -88.625857,
          -69.162862
        ],
        "type": "Point"
      },
      "properties": {
        "cipher": "Standard",
        "mode": "value_domain",
        "projection": "webmercator_hash_v1",
        "projection_method": "webmercator_hash_v1",
        "value": 448
      },
      "type": "Feature"
    },
    {
      "geometry": {
        "coordinates": [
          -105.666279,
          -21.395307
        ],
        "type": "Point"
      },
      "properties": {
        "cipher": "Standard",
        "mode": "value_domain",
        "projection": "webmercator_hash_v1",
        "projection_method": "webmercator_hash_v1",
        "value": 449
      },
      "type": "Feature"
    },
    {
      "geometry": {
        "coordinates": [
          -76.443121,
          -12.208846
        ],
        "type": "Point"
      },
      "properties": {
        "cipher": "Standard",
        "mode": "value_domain",
        "projection": "webmercator_hash_v1",
        "projection_method": "webmercator_hash_v1",
        "value": 450
      },
      "type": "Feature"
    },
    {
      "geometry": {
        "coordinates": [
          96.269834,
          -17.609718
        ],
        "type": "Point"
      },
      "properties": {
        "cipher": "Standard",
        "mode": "value_domain",
        "projection": "webmercator_hash_v1",
        "projection_method": "webmercator_hash_v1",
        "value": 451
      },
      "type": "Feature"
    },
    {
      "geometry": {
        "coordinates": [
          29.742399,
          64.325697
        ],
        "type": "Point"
      },
      "properties": {
        "cipher": "Standard",
        "mode": "value_domain",
        "projection": "webmercator_hash_v1",
        "projection_method": "webmercator_hash_v1",
        "value": 452
      },
      "type": "Feature"
    },
    {
      "geometry": {
        "coordinates": [
          -115.153291,
          -15.282814
        ],
        "type": "Point"
      },
      "properties": {
        "cipher": "Standard",
        "mode": "value_domain",
        "projection": "webmercator_hash_v1",
        "projection_method": "webmercator_hash_v1",
        "value": 453
      },
      "type": "Feature"
    },
    {
      "geometry": {
        "coordinates": [
          36.598891,
          50.256448
        ],
        "type": "Point"
      },
      "properties": {
        "cipher": "Standard",
        "mode": "value_domain",
        "projection": "webmercator_hash_v1",
        "projection_method": "webmercator_hash_v1",
        "value": 454
      },
      "type": "Feature"
    },
    {
      "geometry": {
        "coordinates": [
          -77.437232,
          9.28791
        ],
        "type": "Point"
      },
      "properties": {
        "cipher": "Standard",
        "mode": "value_domain",
        "projection": "webmercator_hash_v1",
        "projection_method": "webmercator_hash_v1",
        "value": 455
      },
      "type": "Feature"
    },
    {
      "geometry": {
        "coordinates": [
          143.831592,
          23.511192
        ],
        "type": "Point"
      },
      "properties": {
        "cipher": "Standard",
        "mode": "value_domain",
        "projection": "webmercator_hash_v1",
        "projection_method": "webmercator_hash_v1",
        "value": 456
      },
      "type": "Feature"
    },
    {
      "geometry": {
        "coordinates": [
          78.601447,
          44.654473
        ],
        "type": "Point"
      },
      "properties": {
        "cipher": "Standard",
        "mode": "value_domain",
        "projection": "webmercator_hash_v1",
        "projection_method": "webmercator_hash_v1",
        "value": 457
      },
      "type": "Feature"
    },
    {
      "geometry": {
        "coordinates": [
          -128.480844,
          79.528308
        ],
        "type": "Point"
      },
      "properties": {
        "cipher": "Standard",
        "mode": "value_domain",
        "projection": "webmercator_hash_v1",
        "projection_method": "webmercator_hash_v1",
        "value": 458
      },
      "type": "Feature"
    },
    {
      "geometry": {
        "coordinates": [
          117.392542,
          52.719378
        ],
        "type": "Point"
      },
      "properties": {
        "cipher": "Standard",
        "mode": "value_domain",
        "projection": "webmercator_hash_v1",
        "projection_method": "webmercator_hash_v1",
        "value": 459
      },
      "type": "Feature"
    },
    {
      "geometry": {
        "coordinates": [
          -99.811725,
          63.275843
        ],
        "type": "Point"
      },
      "properties": {
        "cipher": "Standard",
        "mode": "value_domain",
        "projection": "webmercator_hash_v1",
        "projection_method": "webmercator_hash_v1",
        "value": 460
      },
      "type": "Feature"
    },
    {
      "geometry": {
        "coordinates": [
          5.552733,
          63.420339
        ],
        "type": "Point"
      },
      "properties": {
        "cipher": "Standard",
        "mode": "value_domain",
        "projection": "webmercator_hash_v1",
        "projection_method": "webmercator_hash_v1",
        "value": 461
      },
      "type": "Feature"
    },
    {
      "geometry": {
        "coordinates": [
          -76.09613,
          -80.338151
        ],
        "type": "Point"
      },
      "properties": {
        "cipher": "Standard",
        "mode": "value_domain",
        "projection": "webmercator_hash_v1",
        "projection_method": "webmercator_hash_v1",
        "value": 462
      },
      "type": "Feature"
    },
    {
      "geometry": {
        "coordinates": [
          58.152384,
          -68.225957
        ],
        "type": "Point"
      },
      "properties": {
        "cipher": "Standard",
        "mode": "value_domain",
        "projection": "webmercator_hash_v1",
        "projection_method": "webmercator_hash_v1",
        "value": 463
      },
      "type": "Feature"
    },
    {
      "geometry": {
        "coordinates": [
          39.487455,
          -84.817956
        ],
        "type": "Point"
      },
      "properties": {
        "cipher": "Standard",
        "mode": "value_domain",
        "projection": "webmercator_hash_v1",
        "projection_method": "webmercator_hash_v1",
        "value": 464
      },
      "type": "Feature"
    },
    {
      "geometry": {
        "coordinates": [
          -93.312769,
          43.285321
        ],
        "type": "Point"
      },
      "properties": {
        "cipher": "Standard",
        "mode": "value_domain",
        "projection": "webmercator_hash_v1",
        "projection_method": "webmercator_hash_v1",
        "value": 465
      },
      "type": "Feature"
    },
    {
      "geometry": {
        "coordinates": [
          -104.8622,
          -81.752986
        ],
        "type": "Point"
      },
      "properties": {
        "cipher": "Standard",
        "mode": "value_domain",
        "projection": "webmercator_hash_v1",
        "projection_method": "webmercator_hash_v1",
        "value": 466
      },
      "type": "Feature"
    },
    {
      "geometry": {
        "coordinates": [
          134.95997,
          4.620148
        ],
        "type": "Point"
      },
      "properties": {
        "cipher": "Standard",
        "mode": "value_domain",
        "projection": "webmercator_hash_v1",
        "projection_method": "webmercator_hash_v1",
        "value": 467
      },
      "type": "Feature"
    },
    {
      "geometry": {
        "coordinates": [
          -157.21285,
          13.760475
        ],
        "type": "Point"
      },
      "properties": {
        "cipher": "Standard",
        "mode": "value_domain",
        "projection": "webmercator_hash_v1",
        "projection_method": "webmercator_hash_v1",
        "value": 468
      },
      "type": "Feature"
    },
    {
      "geometry": {
        "coordinates": [
          -126.127209,
          45.469791
        ],
        "type": "Point"
      },
      "properties": {
        "cipher": "Standard",
        "mode": "value_domain",
        "projection": "webmercator_hash_v1",
        "projection_method": "webmercator_hash_v1",
        "value": 469
      },
      "type": "Feature"
    },
    {
      "geometry": {
        "coordinates": [
          101.828097,
          -9.295948
        ],
        "type": "Point"
      },
      "properties": {
        "cipher": "Standard",
        "mode": "value_domain",
        "projection": "webmercator_hash_v1",
        "projection_method": "webmercator_hash_v1",
        "value": 470
      },
      "type": "Feature"
    },
    {
      "geometry": {
        "coordinates": [
          -67.758268,
          34.018536
        ],
        "type": "Point"
      },
      "properties": {
        "cipher": "Standard",
        "mode": "value_domain",
        "projection": "webmercator_hash_v1",
        "projection_method": "webmercator_hash_v1",
        "value": 471
      },
      "type": "Feature"
    },
    {
      "geometry": {
        "coordinates": [
          -23.423806,
          79.43072
        ],
        "type": "Point"
      },
      "properties": {
        "cipher": "Standard",
        "mode": "value_domain",
        "projection": "webmercator_hash_v1",
        "projection_method": "webmercator_hash_v1",
        "value": 472
      },
      "type": "Feature"
    },
    {
      "geometry": {
        "coordinates": [
          -68.621533,
          -5.006284
        ],
        "type": "Point"
      },
      "properties": {
        "cipher": "Standard",
        "mode": "value_domain",
        "projection": "webmercator_hash_v1",
        "projection_method": "webmercator_hash_v1",
        "value": 473
      },
      "type": "Feature"
    },
    {
      "geometry": {
        "coordinates": [
          -119.047032,
          53.425739
        ],
        "type": "Point"
      },
      "properties": {
        "cipher": "Standard",
        "mode": "value_domain",
        "projection": "webmercator_hash_v1",
        "projection_method": "webmercator_hash_v1",
        "value": 474
      },
      "type": "Feature"
    },
    {
      "geometry": {
        "coordinates": [
          -20.136352,
          63.5553
        ],
        "type": "Point"
      },
      "properties": {
        "cipher": "Standard",
        "mode": "value_domain",
        "projection": "webmercator_hash_v1",
        "projection_method": "webmercator_hash_v1",
        "value": 475
      },
      "type": "Feature"
    },
    {
      "geometry": {
        "coordinates": [
          151.55389,
          7.69112
        ],
        "type": "Point"
      },
      "properties": {
        "cipher": "Standard",
        "mode": "value_domain",
        "projection": "webmercator_hash_v1",
        "projection_method": "webmercator_hash_v1",
        "value": 476
      },
      "type": "Feature"
    },
    {
      "geometry": {
        "coordinates": [
          163.64966,
          69.907891
        ],
        "type": "Point"
      },
      "properties": {
        "cipher": "Standard",
        "mode": "value_domain",
        "projection": "webmercator_hash_v1",
        "projection_method": "webmercator_hash_v1",
        "value": 477
      },
      "type": "Feature"
    },
    {
      "geometry": {
        "coordinates": [
          108.779751,
          -10.527662
        ],
        "type": "Point"
      },
      "properties": {
        "cipher": "Standard",
        "mode": "value_domain",
        "projection": "webmercator_hash_v1",
        "projection_method": "webmercator_hash_v1",
        "value": 478
      },
      "type": "Feature"
    },
    {
      "geometry": {
        "coordinates": [
          141.84664,
          -31.574964
        ],
        "type": "Point"
      },
      "properties": {
        "cipher": "Standard",
        "mode": "value_domain",
        "projection": "webmercator_hash_v1",
        "projection_method": "webmercator_hash_v1",
        "value": 479
      },
      "type": "Feature"
    },
    {
      "geometry": {
        "coordinates": [
          -111.100075,
          -26.223757
        ],
        "type": "Point"
      },
      "properties": {
        "cipher": "Standard",
        "mode": "value_domain",
        "projection": "webmercator_hash_v1",
        "projection_method": "webmercator_hash_v1",
        "value": 480
      },
      "type": "Feature"
    },
    {
      "geometry": {
        "coordinates": [
          -47.504211,
          82.138695
        ],
        "type": "Point"
      },
      "properties": {
        "cipher": "Standard",
        "mode": "value_domain",
        "projection": "webmercator_hash_v1",
        "projection_method": "webmercator_hash_v1",
        "value": 481
      },
      "type": "Feature"
    },
    {
      "geometry": {
        "coordinates": [
          -12.39591,
          -54.066137
        ],
        "type": "Point"
      },
      "properties": {
        "cipher": "Standard",
        "mode": "value_domain",
        "projection": "webmercator_hash_v1",
        "projection_method": "webmercator_hash_v1",
        "value": 482
      },
      "type": "Feature"
    },
    {
      "geometry": {
        "coordinates": [
          -16.797929,
          39.027841
        ],
        "type": "Point"
      },
      "properties": {
        "cipher": "Standard",
        "mode": "value_domain",
        "projection": "webmercator_hash_v1",
        "projection_method": "webmercator_hash_v1",
        "value": 483
      },
      "type": "Feature"
    },
    {
      "geometry": {
        "coordinates": [
          -57.204423,
          -58.076564
        ],
        "type": "Point"
      },
      "properties": {
        "cipher": "Standard",
        "mode": "value_domain",
        "projection": "webmercator_hash_v1",
        "projection_method": "webmercator_hash_v1",
        "value": 484
      },
      "type": "Feature"
    },
    {
      "geometry": {
        "coordinates": [
          -91.432231,
          74.712837
        ],
        "type": "Point"
      },
      "properties": {
        "cipher": "Standard",
        "mode": "value_domain",
        "projection": "webmercator_hash_v1",
        "projection_method": "webmercator_hash_v1",
        "value": 485
      },
      "type": "Feature"
    },
    {
      "geometry": {
        "coordinates": [
          -164.119029,
          -17.033792
        ],
        "type": "Point"
      },
      "properties": {
        "cipher": "Standard",
        "mode": "value_domain",
        "projection": "webmercator_hash_v1",
        "projection_method": "webmercator_hash_v1",
        "value": 486
      },
      "type": "Feature"
    },
    {
      "geometry": {
        "coordinates": [
          159.201896,
          -81.03499
        ],
        "type": "Point"
      },
      "properties": {
        "cipher": "Standard",
        "mode": "value_domain",
        "projection": "webmercator_hash_v1",
        "projection_method": "webmercator_hash_v1",
        "value": 487
      },
      "type": "Feature"
    },
    {
      "geometry": {
        "coordinates": [
          49.001135,
          20.383889
        ],
        "type": "Point"
      },
      "properties": {
        "cipher": "Standard",
        "mode": "value_domain",
        "projection": "webmercator_hash_v1",
        "projection_method": "webmercator_hash_v1",
        "value": 488
      },
      "type": "Feature"
    },
    {
      "geometry": {
        "coordinates": [
          74.612489,
          -74.377813
        ],
        "type": "Point"
      },
      "properties": {
        "cipher": "Standard",
        "mode": "value_domain",
        "projection": "webmercator_hash_v1",
        "projection_method": "webmercator_hash_v1",
        "value": 489
      },
      "type": "Feature"
    },
    {
      "geometry": {
        "coordinates": [
          85.558054,
          -68.704618
        ],
        "type": "Point"
      },
      "properties": {
        "cipher": "Standard",
        "mode": "value_domain",
        "projection": "webmercator_hash_v1",
        "projection_method": "webmercator_hash_v1",
        "value": 490
      },
      "type": "Feature"
    },
    {
      "geometry": {
        "coordinates": [
          -88.897818,
          -14.603612
        ],
        "type": "Point"
      },
      "properties": {
        "cipher": "Standard",
        "mode": "value_domain",
        "projection": "webmercator_hash_v1",
        "projection_method": "webmercator_hash_v1",
        "value": 491
      },
      "type": "Feature"
    },
    {
      "geometry": {
        "coordinates": [
          -166.474267,
          -62.13874
        ],
        "type": "Point"
      },
      "properties": {
        "cipher": "Standard",
        "mode": "value_domain",
        "projection": "webmercator_hash_v1",
        "projection_method": "webmercator_hash_v1",
        "value": 492
      },
      "type": "Feature"
    },
    {
      "geometry": {
        "coordinates": [
          60.206425,
          -34.957716
        ],
        "type": "Point"
      },
      "properties": {
        "cipher": "Standard",
        "mode": "value_domain",
        "projection": "webmercator_hash_v1",
        "projection_method": "webmercator_hash_v1",
        "value": 493
      },
      "type": "Feature"
    },
    {
      "geometry": {
        "coordinates": [
          66.017209,
          -42.524199
        ],
        "type": "Point"
      },
      "properties": {
        "cipher": "Standard",
        "mode": "value_domain",
        "projection": "webmercator_hash_v1",
        "projection_method": "webmercator_hash_v1",
        "value": 494
      },
      "type": "Feature"
    },
    {
      "geometry": {
        "coordinates": [
          -65.861717,
          59.524638
        ],
        "type": "Point"
      },
      "properties": {
        "cipher": "Standard",
        "mode": "value_domain",
        "projection": "webmercator_hash_v1",
        "projection_method": "webmercator_hash_v1",
        "value": 495
      },
      "type": "Feature"
    },
    {
      "geometry": {
        "coordinates": [
          51.293885,
          23.790634
        ],
        "type": "Point"
      },
      "properties": {
        "cipher": "Standard",
        "mode": "value_domain",
        "projection": "webmercator_hash_v1",
        "projection_method": "webmercator_hash_v1",
        "value": 496
      },
      "type": "Feature"
    },
    {
      "geometry": {
        "coordinates": [
          -47.283571,
          -3.988667
        ],
        "type": "Point"
      },
      "properties": {
        "cipher": "Standard",
        "mode": "value_domain",
        "projection": "webmercator_hash_v1",
        "projection_method": "webmercator_hash_v1",
        "value": 497
      },
      "type": "Feature"
    },
    {
      "geometry": {
        "coordinates": [
          124.883129,
          63.07985
        ],
        "type": "Point"
      },
      "properties": {
        "cipher": "Standard",
        "mode": "value_domain",
        "projection": "webmercator_hash_v1",
        "projection_method": "webmercator_hash_v1",
        "value": 498
      },
      "type": "Feature"
    },
    {
      "geometry": {
        "coordinates": [
          -26.329634,
          73.702248
        ],
        "type": "Point"
      },
      "properties": {
        "cipher": "Standard",
        "mode": "value_domain",
        "projection": "webmercator_hash_v1",
        "projection_method": "webmercator_hash_v1",
        "value": 499
      },
      "type": "Feature"
    },
    {
      "geometry": {
        "coordinates": [
          110.814514,
          -25.189519
        ],
        "type": "Point"
      },
      "properties": {
        "cipher": "Standard",
        "mode": "value_domain",
        "projection": "webmercator_hash_v1",
        "projection_method": "webmercator_hash_v1",
        "value": 500
      },
      "type": "Feature"
    },
    {
      "geometry": {
        "coordinates": [
          151.000661,
          50.709086
        ],
        "type": "Point"
      },
      "properties": {
        "cipher": "Standard",
        "mode": "value_domain",
        "projection": "webmercator_hash_v1",
        "projection_method": "webmercator_hash_v1",
        "value": 501
      },
      "type": "Feature"
    },
    {
      "geometry": {
        "coordinates": [
          118.10761,
          37.185699
        ],
        "type": "Point"
      },
      "properties": {
        "cipher": "Standard",
        "mode": "value_domain",
        "projection": "webmercator_hash_v1",
        "projection_method": "webmercator_hash_v1",
        "value": 502
      },
      "type": "Feature"
    },
    {
      "geometry": {
        "coordinates": [
          155.874824,
          78.607669
        ],
        "type": "Point"
      },
      "properties": {
        "cipher": "Standard",
        "mode": "value_domain",
        "projection": "webmercator_hash_v1",
        "projection_method": "webmercator_hash_v1",
        "value": 503
      },
      "type": "Feature"
    },
    {
      "geometry": {
        "coordinates": [
          -136.790222,
          -54.831055
        ],
        "type": "Point"
      },
      "properties": {
        "cipher": "Standard",
        "mode": "value_domain",
        "projection": "webmercator_hash_v1",
        "projection_method": "webmercator_hash_v1",
        "value": 504
      },
      "type": "Feature"
    },
    {
      "geometry": {
        "coordinates": [
          -153.618235,
          34.735151
        ],
        "type": "Point"
      },
      "properties": {
        "cipher": "Standard",
        "mode": "value_domain",
        "projection": "webmercator_hash_v1",
        "projection_method": "webmercator_hash_v1",
        "value": 505
      },
      "type": "Feature"
    },
    {
      "geometry": {
        "coordinates": [
          -167.727193,
          62.543248
        ],
        "type": "Point"
      },
      "properties": {
        "cipher": "Standard",
        "mode": "value_domain",
        "projection": "webmercator_hash_v1",
        "projection_method": "webmercator_hash_v1",
        "value": 506
      },
      "type": "Feature"
    },
    {
      "geometry": {
        "coordinates": [
          19.930755,
          21.136142
        ],
        "type": "Point"
      },
      "properties": {
        "cipher": "Standard",
        "mode": "value_domain",
        "projection": "webmercator_hash_v1",
        "projection_method": "webmercator_hash_v1",
        "value": 507
      },
      "type": "Feature"
    },
    {
      "geometry": {
        "coordinates": [
          147.808217,
          -53.572531
        ],
        "type": "Point"
      },
      "properties": {
        "cipher": "Standard",
        "mode": "value_domain",
        "projection": "webmercator_hash_v1",
        "projection_method": "webmercator_hash_v1",
        "value": 508
      },
      "type": "Feature"
    },
    {
      "geometry": {
        "coordinates": [
          111.903873,
          7.007153
        ],
        "type": "Point"
      },
      "properties": {
        "cipher": "Standard",
        "mode": "value_domain",
        "projection": "webmercator_hash_v1",
        "projection_method": "webmercator_hash_v1",
        "value": 509
      },
      "type": "Feature"
    },
    {
      "geometry": {
        "coordinates": [
          -10.966796,
          -3.959477
        ],
        "type": "Point"
      },
      "properties": {
        "cipher": "Standard",
        "mode": "value_domain",
        "projection": "webmercator_hash_v1",
        "projection_method": "webmercator_hash_v1",
        "value": 510
      },
      "type": "Feature"
    },
    {
      "geometry": {
        "coordinates": [
          49.657871,
          41.92266
        ],
        "type": "Point"
      },
      "properties": {
        "cipher": "Standard",
        "mode": "value_domain",
        "projection": "webmercator_hash_v1",
        "projection_method": "webmercator_hash_v1",
        "value": 511
      },
      "type": "Feature"
    },
    {
      "geometry": {
        "coordinates": [
          119.8844,
          -82.769178
        ],
        "type": "Point"
      },
      "properties": {
        "cipher": "Standard",
        "mode": "value_domain",
        "projection": "webmercator_hash_v1",
        "projection_method": "webmercator_hash_v1",
        "value": 512
      },
      "type": "Feature"
    },
    {
      "geometry": {
        "coordinates": [
          -74.575308,
          10.186635
        ],
        "type": "Point"
      },
      "properties": {
        "cipher": "Standard",
        "mode": "value_domain",
        "projection": "webmercator_hash_v1",
        "projection_method": "webmercator_hash_v1",
        "value": 513
      },
      "type": "Feature"
    },
    {
      "geometry": {
        "coordinates": [
          -47.334225,
          72.815978
        ],
        "type": "Point"
      },
      "properties": {
        "cipher": "Standard",
        "mode": "value_domain",
        "projection": "webmercator_hash_v1",
        "projection_method": "webmercator_hash_v1",
        "value": 514
      },
      "type": "Feature"
    },
    {
      "geometry": {
        "coordinates": [
          149.312476,
          48.575206
        ],
        "type": "Point"
      },
      "properties": {
        "cipher": "Standard",
        "mode": "value_domain",
        "projection": "webmercator_hash_v1",
        "projection_method": "webmercator_hash_v1",
        "value": 515
      },
      "type": "Feature"
    },
    {
      "geometry": {
        "coordinates": [
          33.552267,
          -28.830856
        ],
        "type": "Point"
      },
      "properties": {
        "cipher": "Standard",
        "mode": "value_domain",
        "projection": "webmercator_hash_v1",
        "projection_method": "webmercator_hash_v1",
        "value": 516
      },
      "type": "Feature"
    },
    {
      "geometry": {
        "coordinates": [
          75.882819,
          80.705689
        ],
        "type": "Point"
      },
      "properties": {
        "cipher": "Standard",
        "mode": "value_domain",
        "projection": "webmercator_hash_v1",
        "projection_method": "webmercator_hash_v1",
        "value": 517
      },
      "type": "Feature"
    },
    {
      "geometry": {
        "coordinates": [
          86.127213,
          -1.876749
        ],
        "type": "Point"
      },
      "properties": {
        "cipher": "Standard",
        "mode": "value_domain",
        "projection": "webmercator_hash_v1",
        "projection_method": "webmercator_hash_v1",
        "value": 518
      },
      "type": "Feature"
    },
    {
      "geometry": {
        "coordinates": [
          108.534624,
          -3.318817
        ],
        "type": "Point"
      },
      "properties": {
        "cipher": "Standard",
        "mode": "value_domain",
        "projection": "webmercator_hash_v1",
        "projection_method": "webmercator_hash_v1",
        "value": 519
      },
      "type": "Feature"
    },
    {
      "geometry": {
        "coordinates": [
          -162.911183,
          -1.053246
        ],
        "type": "Point"
      },
      "properties": {
        "cipher": "Standard",
        "mode": "value_domain",
        "projection": "webmercator_hash_v1",
        "projection_method": "webmercator_hash_v1",
        "value": 520
      },
      "type": "Feature"
    },
    {
      "geometry": {
        "coordinates": [
          -155.386824,
          35.380931
        ],
        "type": "Point"
      },
      "properties": {
        "cipher": "Standard",
        "mode": "value_domain",
        "projection": "webmercator_hash_v1",
        "projection_method": "webmercator_hash_v1",
        "value": 521
      },
      "type": "Feature"
    },
    {
      "geometry": {
        "coordinates": [
          -56.582639,
          31.771946
        ],
        "type": "Point"
      },
      "properties": {
        "cipher": "Standard",
        "mode": "value_domain",
        "projection": "webmercator_hash_v1",
        "projection_method": "webmercator_hash_v1",
        "value": 522
      },
      "type": "Feature"
    },
    {
      "geometry": {
        "coordinates": [
          -1.56952,
          -52.488556
        ],
        "type": "Point"
      },
      "properties": {
        "cipher": "Standard",
        "mode": "value_domain",
        "projection": "webmercator_hash_v1",
        "projection_method": "webmercator_hash_v1",
        "value": 523
      },
      "type": "Feature"
    },
    {
      "geometry": {
        "coordinates": [
          -15.416307,
          -31.905916
        ],
        "type": "Point"
      },
      "properties": {
        "cipher": "Standard",
        "mode": "value_domain",
        "projection": "webmercator_hash_v1",
        "projection_method": "webmercator_hash_v1",
        "value": 524
      },
      "type": "Feature"
    },
    {
      "geometry": {
        "coordinates": [
          92.732471,
          -74.79998
        ],
        "type": "Point"
      },
      "properties": {
        "cipher": "Standard",
        "mode": "value_domain",
        "projection": "webmercator_hash_v1",
        "projection_method": "webmercator_hash_v1",
        "value": 525
      },
      "type": "Feature"
    },
    {
      "geometry": {
        "coordinates": [
          -101.283534,
          -60.513734
        ],
        "type": "Point"
      },
      "properties": {
        "cipher": "Standard",
        "mode": "value_domain",
        "projection": "webmercator_hash_v1",
        "projection_method": "webmercator_hash_v1",
        "value": 526
      },
      "type": "Feature"
    },
    {
      "geometry": {
        "coordinates": [
          -169.562053,
          13.162676
        ],
        "type": "Point"
      },
      "properties": {
        "cipher": "Standard",
        "mode": "value_domain",
        "projection": "webmercator_hash_v1",
        "projection_method": "webmercator_hash_v1",
        "value": 527
      },
      "type": "Feature"
    },
    {
      "geometry": {
        "coordinates": [
          165.539527,
          -53.007291
        ],
        "type": "Point"
      },
      "properties": {
        "cipher": "Standard",
        "mode": "value_domain",
        "projection": "webmercator_hash_v1",
        "projection_method": "webmercator_hash_v1",
        "value": 528
      },
      "type": "Feature"
    },
    {
      "geometry": {
        "coordinates": [
          68.489132,
          50.870951
        ],
        "type": "Point"
      },
      "properties": {
        "cipher": "Standard",
        "mode": "value_domain",
        "projection": "webmercator_hash_v1",
        "projection_method": "webmercator_hash_v1",
        "value": 529
      },
      "type": "Feature"
    },
    {
      "geometry": {
        "coordinates": [
          66.34541,
          32.223457
        ],
        "type": "Point"
      },
      "properties": {
        "cipher": "Standard",
        "mode": "value_domain",
        "projection": "webmercator_hash_v1",
        "projection_method": "webmercator_hash_v1",
        "value": 530
      },
      "type": "Feature"
    },
    {
      "geometry": {
        "coordinates": [
          100.577629,
          46.756165
        ],
        "type": "Point"
      },
      "properties": {
        "cipher": "Standard",
        "mode": "value_domain",
        "projection": "webmercator_hash_v1",
        "projection_method": "webmercator_hash_v1",
        "value": 531
      },
      "type": "Feature"
    },
    {
      "geometry": {
        "coordinates": [
          -31.07198,
          -12.423374
        ],
        "type": "Point"
      },
      "properties": {
        "cipher": "Standard",
        "mode": "value_domain",
        "projection": "webmercator_hash_v1",
        "projection_method": "webmercator_hash_v1",
        "value": 532
      },
      "type": "Feature"
    },
    {
      "geometry": {
        "coordinates": [
          -125.880823,
          37.657135
        ],
        "type": "Point"
      },
      "properties": {
        "cipher": "Standard",
        "mode": "value_domain",
        "projection": "webmercator_hash_v1",
        "projection_method": "webmercator_hash_v1",
        "value": 533
      },
      "type": "Feature"
    },
    {
      "geometry": {
        "coordinates": [
          80.724469,
          54.119695
        ],
        "type": "Point"
      },
      "properties": {
        "cipher": "Standard",
        "mode": "value_domain",
        "projection": "webmercator_hash_v1",
        "projection_method": "webmercator_hash_v1",
        "value": 534
      },
      "type": "Feature"
    },
    {
      "geometry": {
        "coordinates": [
          51.156031,
          -14.478421
        ],
        "type": "Point"
      },
      "properties": {
        "cipher": "Standard",
        "mode": "value_domain",
        "projection": "webmercator_hash_v1",
        "projection_method": "webmercator_hash_v1",
        "value": 535
      },
      "type": "Feature"
    },
    {
      "geometry": {
        "coordinates": [
          99.532238,
          47.30127
        ],
        "type": "Point"
      },
      "properties": {
        "cipher": "Standard",
        "mode": "value_domain",
        "projection": "webmercator_hash_v1",
        "projection_method": "webmercator_hash_v1",
        "value": 536
      },
      "type": "Feature"
    },
    {
      "geometry": {
        "coordinates": [
          66.048381,
          -32.464033
        ],
        "type": "Point"
      },
      "properties": {
        "cipher": "Standard",
        "mode": "value_domain",
        "projection": "webmercator_hash_v1",
        "projection_method": "webmercator_hash_v1",
        "value": 537
      },
      "type": "Feature"
    },
    {
      "geometry": {
        "coordinates": [
          81.065134,
          -28.161792
        ],
        "type": "Point"
      },
      "properties": {
        "cipher": "Standard",
        "mode": "value_domain",
        "projection": "webmercator_hash_v1",
        "projection_method": "webmercator_hash_v1",
        "value": 538
      },
      "type": "Feature"
    },
    {
      "geometry": {
        "coordinates": [
          -44.272848,
          -60.889559
        ],
        "type": "Point"
      },
      "properties": {
        "cipher": "Standard",
        "mode": "value_domain",
        "projection": "webmercator_hash_v1",
        "projection_method": "webmercator_hash_v1",
        "value": 539
      },
      "type": "Feature"
    },
    {
      "geometry": {
        "coordinates": [
          -106.421134,
          -82.201603
        ],
        "type": "Point"
      },
      "properties": {
        "cipher": "Standard",
        "mode": "value_domain",
        "projection": "webmercator_hash_v1",
        "projection_method": "webmercator_hash_v1",
        "value": 540
      },
      "type": "Feature"
    },
    {
      "geometry": {
        "coordinates": [
          -145.111868,
          51.974099
        ],
        "type": "Point"
      },
      "properties": {
        "cipher": "Standard",
        "mode": "value_domain",
        "projection": "webmercator_hash_v1",
        "projection_method": "webmercator_hash_v1",
        "value": 541
      },
      "type": "Feature"
    },
    {
      "geometry": {
        "coordinates": [
          15.812944,
          -8.115303
        ],
        "type": "Point"
      },
      "properties": {
        "cipher": "Standard",
        "mode": "value_domain",
        "projection": "webmercator_hash_v1",
        "projection_method": "webmercator_hash_v1",
        "value": 542
      },
      "type": "Feature"
    },
    {
      "geometry": {
        "coordinates": [
          52.583908,
          -62.335617
        ],
        "type": "Point"
      },
      "properties": {
        "cipher": "Standard",
        "mode": "value_domain",
        "projection": "webmercator_hash_v1",
        "projection_method": "webmercator_hash_v1",
        "value": 543
      },
      "type": "Feature"
    },
    {
      "geometry": {
        "coordinates": [
          115.847314,
          -40.680457
        ],
        "type": "Point"
      },
      "properties": {
        "cipher": "Standard",
        "mode": "value_domain",
        "projection": "webmercator_hash_v1",
        "projection_method": "webmercator_hash_v1",
        "value": 544
      },
      "type": "Feature"
    },
    {
      "geometry": {
        "coordinates": [
          -98.861205,
          -61.345389
        ],
        "type": "Point"
      },
      "properties": {
        "cipher": "Standard",
        "mode": "value_domain",
        "projection": "webmercator_hash_v1",
        "projection_method": "webmercator_hash_v1",
        "value": 545
      },
      "type": "Feature"
    },
    {
      "geometry": {
        "coordinates": [
          72.36493,
          -15.4427
        ],
        "type": "Point"
      },
      "properties": {
        "cipher": "Standard",
        "mode": "value_domain",
        "projection": "webmercator_hash_v1",
        "projection_method": "webmercator_hash_v1",
        "value": 546
      },
      "type": "Feature"
    },
    {
      "geometry": {
        "coordinates": [
          163.458808,
          24.594696
        ],
        "type": "Point"
      },
      "properties": {
        "cipher": "Standard",
        "mode": "value_domain",
        "projection": "webmercator_hash_v1",
        "projection_method": "webmercator_hash_v1",
        "value": 547
      },
      "type": "Feature"
    },
    {
      "geometry": {
        "coordinates": [
          64.084911,
          -2.038211
        ],
        "type": "Point"
      },
      "properties": {
        "cipher": "Standard",
        "mode": "value_domain",
        "projection": "webmercator_hash_v1",
        "projection_method": "webmercator_hash_v1",
        "value": 548
      },
      "type": "Feature"
    },
    {
      "geometry": {
        "coordinates": [
          -179.434628,
          -15.042574
        ],
        "type": "Point"
      },
      "properties": {
        "cipher": "Standard",
        "mode": "value_domain",
        "projection": "webmercator_hash_v1",
        "projection_method": "webmercator_hash_v1",
        "value": 549
      },
      "type": "Feature"
    },
    {
      "geometry": {
        "coordinates": [
          -126.491847,
          -67.982709
        ],
        "type": "Point"
      },
      "properties": {
        "cipher": "Standard",
        "mode": "value_domain",
        "projection": "webmercator_hash_v1",
        "projection_method": "webmercator_hash_v1",
        "value": 550
      },
      "type": "Feature"
    },
    {
      "geometry": {
        "coordinates": [
          -13.461313,
          -25.135255
        ],
        "type": "Point"
      },
      "properties": {
        "cipher": "Standard",
        "mode": "value_domain",
        "projection": "webmercator_hash_v1",
        "projection_method": "webmercator_hash_v1",
        "value": 551
      },
      "type": "Feature"
    },
    {
      "geometry": {
        "coordinates": [
          -21.363475,
          26.835627
        ],
        "type": "Point"
      },
      "properties": {
        "cipher": "Standard",
        "mode": "value_domain",
        "projection": "webmercator_hash_v1",
        "projection_method": "webmercator_hash_v1",
        "value": 552
      },
      "type": "Feature"
    },
    {
      "geometry": {
        "coordinates": [
          65.2265,
          57.37368
        ],
        "type": "Point"
      },
      "properties": {
        "cipher": "Standard",
        "mode": "value_domain",
        "projection": "webmercator_hash_v1",
        "projection_method": "webmercator_hash_v1",
        "value": 553
      },
      "type": "Feature"
    },
    {
      "geometry": {
        "coordinates": [
          23.970793,
          7.772556
        ],
        "type": "Point"
      },
      "properties": {
        "cipher": "Standard",
        "mode": "value_domain",
        "projection": "webmercator_hash_v1",
        "projection_method": "webmercator_hash_v1",
        "value": 554
      },
      "type": "Feature"
    },
    {
      "geometry": {
        "coordinates": [
          140.043485,
          69.22648
        ],
        "type": "Point"
      },
      "properties": {
        "cipher": "Standard",
        "mode": "value_domain",
        "projection": "webmercator_hash_v1",
        "projection_method": "webmercator_hash_v1",
        "value": 555
      },
      "type": "Feature"
    },
    {
      "geometry": {
        "coordinates": [
          -34.993627,
          -44.254415
        ],
        "type": "Point"
      },
      "properties": {
        "cipher": "Standard",
        "mode": "value_domain",
        "projection": "webmercator_hash_v1",
        "projection_method": "webmercator_hash_v1",
        "value": 556
      },
      "type": "Feature"
    },
    {
      "geometry": {
        "coordinates": [
          -87.878532,
          -28.014803
        ],
        "type": "Point"
      },
      "properties": {
        "cipher": "Standard",
        "mode": "value_domain",
        "projection": "webmercator_hash_v1",
        "projection_method": "webmercator_hash_v1",
        "value": 557
      },
      "type": "Feature"
    },
    {
      "geometry": {
        "coordinates": [
          -137.037825,
          23.295228
        ],
        "type": "Point"
      },
      "properties": {
        "cipher": "Standard",
        "mode": "value_domain",
        "projection": "webmercator_hash_v1",
        "projection_method": "webmercator_hash_v1",
        "value": 558
      },
      "type": "Feature"
    },
    {
      "geometry": {
        "coordinates": [
          158.512587,
          84.76277
        ],
        "type": "Point"
      },
      "properties": {
        "cipher": "Standard",
        "mode": "value_domain",
        "projection": "webmercator_hash_v1",
        "projection_method": "webmercator_hash_v1",
        "value": 559
      },
      "type": "Feature"
    },
    {
      "geometry": {
        "coordinates": [
          148.927415,
          -66.909699
        ],
        "type": "Point"
      },
      "properties": {
        "cipher": "Standard",
        "mode": "value_domain",
        "projection": "webmercator_hash_v1",
        "projection_method": "webmercator_hash_v1",
        "value": 560
      },
      "type": "Feature"
    },
    {
      "geometry": {
        "coordinates": [
          16.638157,
          46.587019
        ],
        "type": "Point"
      },
      "properties": {
        "cipher": "Standard",
        "mode": "value_domain",
        "projection": "webmercator_hash_v1",
        "projection_method": "webmercator_hash_v1",
        "value": 561
      },
      "type": "Feature"
    },
    {
      "geometry": {
        "coordinates": [
          -13.197435,
          -53.513524
        ],
        "type": "Point"
      },
      "properties": {
        "cipher": "Standard",
        "mode": "value_domain",
        "projection": "webmercator_hash_v1",
        "projection_method": "webmercator_hash_v1",
        "value": 562
      },
      "type": "Feature"
    },
    {
      "geometry": {
        "coordinates": [
          38.24894,
          -52.249855
        ],
        "type": "Point"
      },
      "properties": {
        "cipher": "Standard",
        "mode": "value_domain",
        "projection": "webmercator_hash_v1",
        "projection_method": "webmercator_hash_v1",
        "value": 563
      },
      "type": "Feature"
    },
    {
      "geometry": {
        "coordinates": [
          114.354134,
          -80.733817
        ],
        "type": "Point"
      },
      "properties": {
        "cipher": "Standard",
        "mode": "value_domain",
        "projection": "webmercator_hash_v1",
        "projection_method": "webmercator_hash_v1",
        "value": 564
      },
      "type": "Feature"
    },
    {
      "geometry": {
        "coordinates": [
          -66.153225,
          -63.13826
        ],
        "type": "Point"
      },
      "properties": {
        "cipher": "Standard",
        "mode": "value_domain",
        "projection": "webmercator_hash_v1",
        "projection_method": "webmercator_hash_v1",
        "value": 565
      },
      "type": "Feature"
    },
    {
      "geometry": {
        "coordinates": [
          128.976432,
          74.206387
        ],
        "type": "Point"
      },
      "properties": {
        "cipher": "Standard",
        "mode": "value_domain",
        "projection": "webmercator_hash_v1",
        "projection_method": "webmercator_hash_v1",
        "value": 566
      },
      "type": "Feature"
    },
    {
      "geometry": {
        "coordinates": [
          -110.330933,
          -23.992789
        ],
        "type": "Point"
      },
      "properties": {
        "cipher": "Standard",
        "mode": "value_domain",
        "projection": "webmercator_hash_v1",
        "projection_method": "webmercator_hash_v1",
        "value": 567
      },
      "type": "Feature"
    },
    {
      "geometry": {
        "coordinates": [
          178.087192,
          68.795276
        ],
        "type": "Point"
      },
      "properties": {
        "cipher": "Standard",
        "mode": "value_domain",
        "projection": "webmercator_hash_v1",
        "projection_method": "webmercator_hash_v1",
        "value": 568
      },
      "type": "Feature"
    },
    {
      "geometry": {
        "coordinates": [
          -178.194841,
          -45.014667
        ],
        "type": "Point"
      },
      "properties": {
        "cipher": "Standard",
        "mode": "value_domain",
        "projection": "webmercator_hash_v1",
        "projection_method": "webmercator_hash_v1",
        "value": 569
      },
      "type": "Feature"
    },
    {
      "geometry": {
        "coordinates": [
          161.334763,
          -46.445445
        ],
        "type": "Point"
      },
      "properties": {
        "cipher": "Standard",
        "mode": "value_domain",
        "projection": "webmercator_hash_v1",
        "projection_method": "webmercator_hash_v1",
        "value": 570
      },
      "type": "Feature"
    },
    {
      "geometry": {
        "coordinates": [
          -152.144006,
          -36.883012
        ],
        "type": "Point"
      },
      "properties": {
        "cipher": "Standard",
        "mode": "value_domain",
        "projection": "webmercator_hash_v1",
        "projection_method": "webmercator_hash_v1",
        "value": 571
      },
      "type": "Feature"
    },
    {
      "geometry": {
        "coordinates": [
          157.926123,
          79.826962
        ],
        "type": "Point"
      },
      "properties": {
        "cipher": "Standard",
        "mode": "value_domain",
        "projection": "webmercator_hash_v1",
        "projection_method": "webmercator_hash_v1",
        "value": 572
      },
      "type": "Feature"
    },
    {
      "geometry": {
        "coordinates": [
          -114.403114,
          -71.667302
        ],
        "type": "Point"
      },
      "properties": {
        "cipher": "Standard",
        "mode": "value_domain",
        "projection": "webmercator_hash_v1",
        "projection_method": "webmercator_hash_v1",
        "value": 573
      },
      "type": "Feature"
    },
    {
      "geometry": {
        "coordinates": [
          -168.409725,
          -72.900516
        ],
        "type": "Point"
      },
      "properties": {
        "cipher": "Standard",
        "mode": "value_domain",
        "projection": "webmercator_hash_v1",
        "projection_method": "webmercator_hash_v1",
        "value": 574
      },
      "type": "Feature"
    },
    {
      "geometry": {
        "coordinates": [
          98.592686,
          69.452557
        ],
        "type": "Point"
      },
      "properties": {
        "cipher": "Standard",
        "mode": "value_domain",
        "projection": "webmercator_hash_v1",
        "projection_method": "webmercator_hash_v1",
        "value": 575
      },
      "type": "Feature"
    },
    {
      "geometry": {
        "coordinates": [
          176.716878,
          -46.436568
        ],
        "type": "Point"
      },
      "properties": {
        "cipher": "Standard",
        "mode": "value_domain",
        "projection": "webmercator_hash_v1",
        "projection_method": "webmercator_hash_v1",
        "value": 576
      },
      "type": "Feature"
    },
    {
      "geometry": {
        "coordinates": [
          167.862251,
          -62.673714
        ],
        "type": "Point"
      },
      "properties": {
        "cipher": "Standard",
        "mode": "value_domain",
        "projection": "webmercator_hash_v1",
        "projection_method": "webmercator_hash_v1",
        "value": 577
      },
      "type": "Feature"
    },
    {
      "geometry": {
        "coordinates": [
          100.257261,
          -56.125031
        ],
        "type": "Point"
      },
      "properties": {
        "cipher": "Standard",
        "mode": "value_domain",
        "projection": "webmercator_hash_v1",
        "projection_method": "webmercator_hash_v1",
        "value": 578
      },
      "type": "Feature"
    },
    {
      "geometry": {
        "coordinates": [
          74.43201,
          -40.44693
        ],
        "type": "Point"
      },
      "properties": {
        "cipher": "Standard",
        "mode": "value_domain",
        "projection": "webmercator_hash_v1",
        "projection_method": "webmercator_hash_v1",
        "value": 579
      },
      "type": "Feature"
    },
    {
      "geometry": {
        "coordinates": [
          -177.214761,
          -65.470099
        ],
        "type": "Point"
      },
      "properties": {
        "cipher": "Standard",
        "mode": "value_domain",
        "projection": "webmercator_hash_v1",
        "projection_method": "webmercator_hash_v1",
        "value": 580
      },
      "type": "Feature"
    },
    {
      "geometry": {
        "coordinates": [
          90.366284,
          46.273073
        ],
        "type": "Point"
      },
      "properties": {
        "cipher": "Standard",
        "mode": "value_domain",
        "projection": "webmercator_hash_v1",
        "projection_method": "webmercator_hash_v1",
        "value": 581
      },
      "type": "Feature"
    },
    {
      "geometry": {
        "coordinates": [
          138.065252,
          13.383007
        ],
        "type": "Point"
      },
      "properties": {
        "cipher": "Standard",
        "mode": "value_domain",
        "projection": "webmercator_hash_v1",
        "projection_method": "webmercator_hash_v1",
        "value": 582
      },
      "type": "Feature"
    },
    {
      "geometry": {
        "coordinates": [
          -54.080778,
          -13.234945
        ],
        "type": "Point"
      },
      "properties": {
        "cipher": "Standard",
        "mode": "value_domain",
        "projection": "webmercator_hash_v1",
        "projection_method": "webmercator_hash_v1",
        "value": 583
      },
      "type": "Feature"
    },
    {
      "geometry": {
        "coordinates": [
          57.100226,
          29.977795
        ],
        "type": "Point"
      },
      "properties": {
        "cipher": "Standard",
        "mode": "value_domain",
        "projection": "webmercator_hash_v1",
        "projection_method": "webmercator_hash_v1",
        "value": 584
      },
      "type": "Feature"
    },
    {
      "geometry": {
        "coordinates": [
          109.763547,
          18.079876
        ],
        "type": "Point"
      },
      "properties": {
        "cipher": "Standard",
        "mode": "value_domain",
        "projection": "webmercator_hash_v1",
        "projection_method": "webmercator_hash_v1",
        "value": 585
      },
      "type": "Feature"
    },
    {
      "geometry": {
        "coordinates": [
          46.306278,
          -52.42662
        ],
        "type": "Point"
      },
      "properties": {
        "cipher": "Standard",
        "mode": "value_domain",
        "projection": "webmercator_hash_v1",
        "projection_method": "webmercator_hash_v1",
        "value": 586
      },
      "type": "Feature"
    },
    {
      "geometry": {
        "coordinates": [
          86.624683,
          50.795632
        ],
        "type": "Point"
      },
      "properties": {
        "cipher": "Standard",
        "mode": "value_domain",
        "projection": "webmercator_hash_v1",
        "projection_method": "webmercator_hash_v1",
        "value": 587
      },
      "type": "Feature"
    },
    {
      "geometry": {
        "coordinates": [
          -92.251135,
          -28.259468
        ],
        "type": "Point"
      },
      "properties": {
        "cipher": "Standard",
        "mode": "value_domain",
        "projection": "webmercator_hash_v1",
        "projection_method": "webmercator_hash_v1",
        "value": 588
      },
      "type": "Feature"
    },
    {
      "geometry": {
        "coordinates": [
          -21.812064,
          57.222828
        ],
        "type": "Point"
      },
      "properties": {
        "cipher": "Standard",
        "mode": "value_domain",
        "projection": "webmercator_hash_v1",
        "projection_method": "webmercator_hash_v1",
        "value": 589
      },
      "type": "Feature"
    },
    {
      "geometry": {
        "coordinates": [
          -131.134097,
          -13.279694
        ],
        "type": "Point"
      },
      "properties": {
        "cipher": "Standard",
        "mode": "value_domain",
        "projection": "webmercator_hash_v1",
        "projection_method": "webmercator_hash_v1",
        "value": 590
      },
      "type": "Feature"
    },
    {
      "geometry": {
        "coordinates": [
          -2.031275,
          -14.352658
        ],
        "type": "Point"
      },
      "properties": {
        "cipher": "Standard",
        "mode": "value_domain",
        "projection": "webmercator_hash_v1",
        "projection_method": "webmercator_hash_v1",
        "value": 591
      },
      "type": "Feature"
    },
    {
      "geometry": {
        "coordinates": [
          89.136918,
          -66.065666
        ],
        "type": "Point"
      },
      "properties": {
        "cipher": "Standard",
        "mode": "value_domain",
        "projection": "webmercator_hash_v1",
        "projection_method": "webmercator_hash_v1",
        "value": 592
      },
      "type": "Feature"
    },
    {
      "geometry": {
        "coordinates": [
          115.708596,
          48.277113
        ],
        "type": "Point"
      },
      "properties": {
        "cipher": "Standard",
        "mode": "value_domain",
        "projection": "webmercator_hash_v1",
        "projection_method": "webmercator_hash_v1",
        "value": 593
      },
      "type": "Feature"
    },
    {
      "geometry": {
        "coordinates": [
          89.073093,
          -27.379009
        ],
        "type": "Point"
      },
      "properties": {
        "cipher": "Standard",
        "mode": "value_domain",
        "projection": "webmercator_hash_v1",
        "projection_method": "webmercator_hash_v1",
        "value": 594
      },
      "type": "Feature"
    },
    {
      "geometry": {
        "coordinates": [
          116.856317,
          -17.141888
        ],
        "type": "Point"
      },
      "properties": {
        "cipher": "Standard",
        "mode": "value_domain",
        "projection": "webmercator_hash_v1",
        "projection_method": "webmercator_hash_v1",
        "value": 595
      },
      "type": "Feature"
    },
    {
      "geometry": {
        "coordinates": [
          -17.251415,
          5.297889
        ],
        "type": "Point"
      },
      "properties": {
        "cipher": "Standard",
        "mode": "value_domain",
        "projection": "webmercator_hash_v1",
        "projection_method": "webmercator_hash_v1",
        "value": 596
      },
      "type": "Feature"
    },
    {
      "geometry": {
        "coordinates": [
          14.569832,
          -47.66936
        ],
        "type": "Point"
      },
      "properties": {
        "cipher": "Standard",
        "mode": "value_domain",
        "projection": "webmercator_hash_v1",
        "projection_method": "webmercator_hash_v1",
        "value": 597
      },
      "type": "Feature"
    },
    {
      "geometry": {
        "coordinates": [
          62.186092,
          -38.557241
        ],
        "type": "Point"
      },
      "properties": {
        "cipher": "Standard",
        "mode": "value_domain",
        "projection": "webmercator_hash_v1",
        "projection_method": "webmercator_hash_v1",
        "value": 598
      },
      "type": "Feature"
    },
    {
      "geometry": {
        "coordinates": [
          -61.40208,
          -22.293997
        ],
        "type": "Point"
      },
      "properties": {
        "cipher": "Standard",
        "mode": "value_domain",
        "projection": "webmercator_hash_v1",
        "projection_method": "webmercator_hash_v1",
        "value": 599
      },
      "type": "Feature"
    },
    {
      "geometry": {
        "coordinates": [
          -56.377086,
          -19.173025
        ],
        "type": "Point"
      },
      "properties": {
        "cipher": "Standard",
        "mode": "value_domain",
        "projection": "webmercator_hash_v1",
        "projection_method": "webmercator_hash_v1",
        "value": 600
      },
      "type": "Feature"
    },
    {
      "geometry": {
        "coordinates": [
          153.324441,
          52.539432
        ],
        "type": "Point"
      },
      "properties": {
        "cipher": "Standard",
        "mode": "value_domain",
        "projection": "webmercator_hash_v1",
        "projection_method": "webmercator_hash_v1",
        "value": 601
      },
      "type": "Feature"
    },
    {
      "geometry": {
        "coordinates": [
          -46.250416,
          51.919478
        ],
        "type": "Point"
      },
      "properties": {
        "cipher": "Standard",
        "mode": "value_domain",
        "projection": "webmercator_hash_v1",
        "projection_method": "webmercator_hash_v1",
        "value": 602
      },
      "type": "Feature"
    },
    {
      "geometry": {
        "coordinates": [
          43.228075,
          35.511697
        ],
        "type": "Point"
      },
      "properties": {
        "cipher": "Standard",
        "mode": "value_domain",
        "projection": "webmercator_hash_v1",
        "projection_method": "webmercator_hash_v1",
        "value": 603
      },
      "type": "Feature"
    },
    {
      "geometry": {
        "coordinates": [
          -142.691683,
          4.406061
        ],
        "type": "Point"
      },
      "properties": {
        "cipher": "Standard",
        "mode": "value_domain",
        "projection": "webmercator_hash_v1",
        "projection_method": "webmercator_hash_v1",
        "value": 604
      },
      "type": "Feature"
    },
    {
      "geometry": {
        "coordinates": [
          70.675824,
          -23.776844
        ],
        "type": "Point"
      },
      "properties": {
        "cipher": "Standard",
        "mode": "value_domain",
        "projection": "webmercator_hash_v1",
        "projection_method": "webmercator_hash_v1",
        "value": 605
      },
      "type": "Feature"
    },
    {
      "geometry": {
        "coordinates": [
          138.664098,
          35.408952
        ],
        "type": "Point"
      },
      "properties": {
        "cipher": "Standard",
        "mode": "value_domain",
        "projection": "webmercator_hash_v1",
        "projection_method": "webmercator_hash_v1",
        "value": 606
      },
      "type": "Feature"
    },
    {
      "geometry": {
        "coordinates": [
          35.768046,
          -35.457519
        ],
        "type": "Point"
      },
      "properties": {
        "cipher": "Standard",
        "mode": "value_domain",
        "projection": "webmercator_hash_v1",
        "projection_method": "webmercator_hash_v1",
        "value": 607
      },
      "type": "Feature"
    },
    {
      "geometry": {
        "coordinates": [
          68.608738,
          -79.027221
        ],
        "type": "Point"
      },
      "properties": {
        "cipher": "Standard",
        "mode": "value_domain",
        "projection": "webmercator_hash_v1",
        "projection_method": "webmercator_hash_v1",
        "value": 608
      },
      "type": "Feature"
    },
    {
      "geometry": {
        "coordinates": [
          80.359322,
          1.41591
        ],
        "type": "Point"
      },
      "properties": {
        "cipher": "Standard",
        "mode": "value_domain",
        "projection": "webmercator_hash_v1",
        "projection_method": "webmercator_hash_v1",
        "value": 609
      },
      "type": "Feature"
    },
    {
      "geometry": {
        "coordinates": [
          -69.679553,
          83.461534
        ],
        "type": "Point"
      },
      "properties": {
        "cipher": "Standard",
        "mode": "value_domain",
        "projection": "webmercator_hash_v1",
        "projection_method": "webmercator_hash_v1",
        "value": 610
      },
      "type": "Feature"
    },
    {
      "geometry": {
        "coordinates": [
          171.993209,
          5.445362
        ],
        "type": "Point"
      },
      "properties": {
        "cipher": "Standard",
        "mode": "value_domain",
        "projection": "webmercator_hash_v1",
        "projection_method": "webmercator_hash_v1",
        "value": 611
      },
      "type": "Feature"
    },
    {
      "geometry": {
        "coordinates": [
          145.485291,
          -59.993071
        ],
        "type": "Point"
      },
      "properties": {
        "cipher": "Standard",
        "mode": "value_domain",
        "projection": "webmercator_hash_v1",
        "projection_method": "webmercator_hash_v1",
        "value": 612
      },
      "type": "Feature"
    },
    {
      "geometry": {
        "coordinates": [
          23.267637,
          29.468979
        ],
        "type": "Point"
      },
      "properties": {
        "cipher": "Standard",
        "mode": "value_domain",
        "projection": "webmercator_hash_v1",
        "projection_method": "webmercator_hash_v1",
        "value": 613
      },
      "type": "Feature"
    },
    {
      "geometry": {
        "coordinates": [
          46.714348,
          12.322144
        ],
        "type": "Point"
      },
      "properties": {
        "cipher": "Standard",
        "mode": "value_domain",
        "projection": "webmercator_hash_v1",
        "projection_method": "webmercator_hash_v1",
        "value": 614
      },
      "type": "Feature"
    },
    {
      "geometry": {
        "coordinates": [
          67.841185,
          54.93522
        ],
        "type": "Point"
      },
      "properties": {
        "cipher": "Standard",
        "mode": "value_domain",
        "projection": "webmercator_hash_v1",
        "projection_method": "webmercator_hash_v1",
        "value": 615
      },
      "type": "Feature"
    },
    {
      "geometry": {
        "coordinates": [
          -1.085385,
          -75.123015
        ],
        "type": "Point"
      },
      "properties": {
        "cipher": "Standard",
        "mode": "value_domain",
        "projection": "webmercator_hash_v1",
        "projection_method": "webmercator_hash_v1",
        "value": 616
      },
      "type": "Feature"
    },
    {
      "geometry": {
        "coordinates": [
          -162.829887,
          -43.130832
        ],
        "type": "Point"
      },
      "properties": {
        "cipher": "Standard",
        "mode": "value_domain",
        "projection": "webmercator_hash_v1",
        "projection_method": "webmercator_hash_v1",
        "value": 617
      },
      "type": "Feature"
    },
    {
      "geometry": {
        "coordinates": [
          -55.18597,
          -46.384857
        ],
        "type": "Point"
      },
      "properties": {
        "cipher": "Standard",
        "mode": "value_domain",
        "projection": "webmercator_hash_v1",
        "projection_method": "webmercator_hash_v1",
        "value": 618
      },
      "type": "Feature"
    },
    {
      "geometry": {
        "coordinates": [
          -15.536781,
          -3.055727
        ],
        "type": "Point"
      },
      "properties": {
        "cipher": "Standard",
        "mode": "value_domain",
        "projection": "webmercator_hash_v1",
        "projection_method": "webmercator_hash_v1",
        "value": 619
      },
      "type": "Feature"
    },
    {
      "geometry": {
        "coordinates": [
          141.078259,
          -82.894014
        ],
        "type": "Point"
      },
      "properties": {
        "cipher": "Standard",
        "mode": "value_domain",
        "projection": "webmercator_hash_v1",
        "projection_method": "webmercator_hash_v1",
        "value": 620
      },
      "type": "Feature"
    },
    {
      "geometry": {
        "coordinates": [
          -71.388696,
          -36.823522
        ],
        "type": "Point"
      },
      "properties": {
        "cipher": "Standard",
        "mode": "value_domain",
        "projection": "webmercator_hash_v1",
        "projection_method": "webmercator_hash_v1",
        "value": 621
      },
      "type": "Feature"
    },
    {
      "geometry": {
        "coordinates": [
          -32.104222,
          -41.818023
        ],
        "type": "Point"
      },
      "properties": {
        "cipher": "Standard",
        "mode": "value_domain",
        "projection": "webmercator_hash_v1",
        "projection_method": "webmercator_hash_v1",
        "value": 622
      },
      "type": "Feature"
    },
    {
      "geometry": {
        "coordinates": [
          -175.427429,
          62.519972
        ],
        "type": "Point"
      },
      "properties": {
        "cipher": "Standard",
        "mode": "value_domain",
        "projection": "webmercator_hash_v1",
        "projection_method": "webmercator_hash_v1",
        "value": 623
      },
      "type": "Feature"
    },
    {
      "geometry": {
        "coordinates": [
          -149.85312,
          64.031022
        ],
        "type": "Point"
      },
      "properties": {
        "cipher": "Standard",
        "mode": "value_domain",
        "projection": "webmercator_hash_v1",
        "projection_method": "webmercator_hash_v1",
        "value": 624
      },
      "type": "Feature"
    },
    {
      "geometry": {
        "coordinates": [
          120.663695,
          -70.07456
        ],
        "type": "Point"
      },
      "properties": {
        "cipher": "Standard",
        "mode": "value_domain",
        "projection": "webmercator_hash_v1",
        "projection_method": "webmercator_hash_v1",
        "value": 625
      },
      "type": "Feature"
    },
    {
      "geometry": {
        "coordinates": [
          -30.992972,
          -65.212064
        ],
        "type": "Point"
      },
      "properties": {
        "cipher": "Standard",
        "mode": "value_domain",
        "projection": "webmercator_hash_v1",
        "projection_method": "webmercator_hash_v1",
        "value": 626
      },
      "type": "Feature"
    },
    {
      "geometry": {
        "coordinates": [
          23.958156,
          -12.993911
        ],
        "type": "Point"
      },
      "properties": {
        "cipher": "Standard",
        "mode": "value_domain",
        "projection": "webmercator_hash_v1",
        "projection_method": "webmercator_hash_v1",
        "value": 627
      },
      "type": "Feature"
    },
    {
      "geometry": {
        "coordinates": [
          -111.994515,
          -46.304835
        ],
        "type": "Point"
      },
      "properties": {
        "cipher": "Standard",
        "mode": "value_domain",
        "projection": "webmercator_hash_v1",
        "projection_method": "webmercator_hash_v1",
        "value": 628
      },
      "type": "Feature"
    },
    {
      "geometry": {
        "coordinates": [
          -106.19918,
          -53.347721
        ],
        "type": "Point"
      },
      "properties": {
        "cipher": "Standard",
        "mode": "value_domain",
        "projection": "webmercator_hash_v1",
        "projection_method": "webmercator_hash_v1",
        "value": 629
      },
      "type": "Feature"
    },
    {
      "geometry": {
        "coordinates": [
          -45.21614,
          71.721195
        ],
        "type": "Point"
      },
      "properties": {
        "cipher": "Standard",
        "mode": "value_domain",
        "projection": "webmercator_hash_v1",
        "projection_method": "webmercator_hash_v1",
        "value": 630
      },
      "type": "Feature"
    },
    {
      "geometry": {
        "coordinates": [
          -86.543534,
          -38.208444
        ],
        "type": "Point"
      },
      "properties": {
        "cipher": "Standard",
        "mode": "value_domain",
        "projection": "webmercator_hash_v1",
        "projection_method": "webmercator_hash_v1",
        "value": 631
      },
      "type": "Feature"
    },
    {
      "geometry": {
        "coordinates": [
          -108.559123,
          11.53732
        ],
        "type": "Point"
      },
      "properties": {
        "cipher": "Standard",
        "mode": "value_domain",
        "projection": "webmercator_hash_v1",
        "projection_method": "webmercator_hash_v1",
        "value": 632
      },
      "type": "Feature"
    },
    {
      "geometry": {
        "coordinates": [
          -87.998379,
          -76.786864
        ],
        "type": "Point"
      },
      "properties": {
        "cipher": "Standard",
        "mode": "value_domain",
        "projection": "webmercator_hash_v1",
        "projection_method": "webmercator_hash_v1",
        "value": 633
      },
      "type": "Feature"
    },
    {
      "geometry": {
        "coordinates": [
          -18.88742,
          -19.740369
        ],
        "type": "Point"
      },
      "properties": {
        "cipher": "Standard",
        "mode": "value_domain",
        "projection": "webmercator_hash_v1",
        "projection_method": "webmercator_hash_v1",
        "value": 634
      },
      "type": "Feature"
    },
    {
      "geometry": {
        "coordinates": [
          -80.68313,
          -46.69689
        ],
        "type": "Point"
      },
      "properties": {
        "cipher": "Standard",
        "mode": "value_domain",
        "projection": "webmercator_hash_v1",
        "projection_method": "webmercator_hash_v1",
        "value": 635
      },
      "type": "Feature"
    },
    {
      "geometry": {
        "coordinates": [
          172.440156,
          14.803058
        ],
        "type": "Point"
      },
      "properties": {
        "cipher": "Standard",
        "mode": "value_domain",
        "projection": "webmercator_hash_v1",
        "projection_method": "webmercator_hash_v1",
        "value": 636
      },
      "type": "Feature"
    },
    {
      "geometry": {
        "coordinates": [
          -20.552512,
          -41.901828
        ],
        "type": "Point"
      },
      "properties": {
        "cipher": "Standard",
        "mode": "value_domain",
        "projection": "webmercator_hash_v1",
        "projection_method": "webmercator_hash_v1",
        "value": 637
      },
      "type": "Feature"
    },
    {
      "geometry": {
        "coordinates": [
          -166.524867,
          -19.348849
        ],
        "type": "Point"
      },
      "properties": {
        "cipher": "Standard",
        "mode": "value_domain",
        "projection": "webmercator_hash_v1",
        "projection_method": "webmercator_hash_v1",
        "value": 638
      },
      "type": "Feature"
    },
    {
      "geometry": {
        "coordinates": [
          179.839232,
          39.419732
        ],
        "type": "Point"
      },
      "properties": {
        "cipher": "Standard",
        "mode": "value_domain",
        "projection": "webmercator_hash_v1",
        "projection_method": "webmercator_hash_v1",
        "value": 639
      },
      "type": "Feature"
    },
    {
      "geometry": {
        "coordinates": [
          -94.998484,
          -69.956039
        ],
        "type": "Point"
      },
      "properties": {
        "cipher": "Standard",
        "mode": "value_domain",
        "projection": "webmercator_hash_v1",
        "projection_method": "webmercator_hash_v1",
        "value": 640
      },
      "type": "Feature"
    },
    {
      "geometry": {
        "coordinates": [
          -35.454088,
          57.211066
        ],
        "type": "Point"
      },
      "properties": {
        "cipher": "Standard",
        "mode": "value_domain",
        "projection": "webmercator_hash_v1",
        "projection_method": "webmercator_hash_v1",
        "value": 641
      },
      "type": "Feature"
    },
    {
      "geometry": {
        "coordinates": [
          40.991318,
          -35.792415
        ],
        "type": "Point"
      },
      "properties": {
        "cipher": "Standard",
        "mode": "value_domain",
        "projection": "webmercator_hash_v1",
        "projection_method": "webmercator_hash_v1",
        "value": 642
      },
      "type": "Feature"
    },
    {
      "geometry": {
        "coordinates": [
          -51.899131,
          54.113781
        ],
        "type": "Point"
      },
      "properties": {
        "cipher": "Standard",
        "mode": "value_domain",
        "projection": "webmercator_hash_v1",
        "projection_method": "webmercator_hash_v1",
        "value": 643
      },
      "type": "Feature"
    },
    {
      "geometry": {
        "coordinates": [
          -21.665487,
          -48.791748
        ],
        "type": "Point"
      },
      "properties": {
        "cipher": "Standard",
        "mode": "value_domain",
        "projection": "webmercator_hash_v1",
        "projection_method": "webmercator_hash_v1",
        "value": 644
      },
      "type": "Feature"
    },
    {
      "geometry": {
        "coordinates": [
          139.45361,
          -54.875296
        ],
        "type": "Point"
      },
      "properties": {
        "cipher": "Standard",
        "mode": "value_domain",
        "projection": "webmercator_hash_v1",
        "projection_method": "webmercator_hash_v1",
        "value": 645
      },
      "type": "Feature"
    },
    {
      "geometry": {
        "coordinates": [
          -85.5152,
          66.107182
        ],
        "type": "Point"
      },
      "properties": {
        "cipher": "Standard",
        "mode": "value_domain",
        "projection": "webmercator_hash_v1",
        "projection_method": "webmercator_hash_v1",
        "value": 646
      },
      "type": "Feature"
    },
    {
      "geometry": {
        "coordinates": [
          69.331288,
          -52.950164
        ],
        "type": "Point"
      },
      "properties": {
        "cipher": "Standard",
        "mode": "value_domain",
        "projection": "webmercator_hash_v1",
        "projection_method": "webmercator_hash_v1",
        "value": 647
      },
      "type": "Feature"
    },
    {
      "geometry": {
        "coordinates": [
          -152.959234,
          19.578619
        ],
        "type": "Point"
      },
      "properties": {
        "cipher": "Standard",
        "mode": "value_domain",
        "projection": "webmercator_hash_v1",
        "projection_method": "webmercator_hash_v1",
        "value": 648
      },
      "type": "Feature"
    },
    {
      "geometry": {
        "coordinates": [
          164.137225,
          29.911874
        ],
        "type": "Point"
      },
      "properties": {
        "cipher": "Standard",
        "mode": "value_domain",
        "projection": "webmercator_hash_v1",
        "projection_method": "webmercator_hash_v1",
        "value": 649
      },
      "type": "Feature"
    },
    {
      "geometry": {
        "coordinates": [
          5.7882,
          58.099497
        ],
        "type": "Point"
      },
      "properties": {
        "cipher": "Standard",
        "mode": "value_domain",
        "projection": "webmercator_hash_v1",
        "projection_method": "webmercator_hash_v1",
        "value": 650
      },
      "type": "Feature"
    },
    {
      "geometry": {
        "coordinates": [
          -134.271419,
          2.570627
        ],
        "type": "Point"
      },
      "properties": {
        "cipher": "Standard",
        "mode": "value_domain",
        "projection": "webmercator_hash_v1",
        "projection_method": "webmercator_hash_v1",
        "value": 651
      },
      "type": "Feature"
    },
    {
      "geometry": {
        "coordinates": [
          38.01263,
          21.707913
        ],
        "type": "Point"
      },
      "properties": {
        "cipher": "Standard",
        "mode": "value_domain",
        "projection": "webmercator_hash_v1",
        "projection_method": "webmercator_hash_v1",
        "value": 652
      },
      "type": "Feature"
    },
    {
      "geometry": {
        "coordinates": [
          -144.530599,
          56.423261
        ],
        "type": "Point"
      },
      "properties": {
        "cipher": "Standard",
        "mode": "value_domain",
        "projection": "webmercator_hash_v1",
        "projection_method": "webmercator_hash_v1",
        "value": 653
      },
      "type": "Feature"
    },
    {
      "geometry": {
        "coordinates": [
          39.796876,
          40.825399
        ],
        "type": "Point"
      },
      "properties": {
        "cipher": "Standard",
        "mode": "value_domain",
        "projection": "webmercator_hash_v1",
        "projection_method": "webmercator_hash_v1",
        "value": 654
      },
      "type": "Feature"
    },
    {
      "geometry": {
        "coordinates": [
          -112.976741,
          -62.120166
        ],
        "type": "Point"
      },
      "properties": {
        "cipher": "Standard",
        "mode": "value_domain",
        "projection": "webmercator_hash_v1",
        "projection_method": "webmercator_hash_v1",
        "value": 655
      },
      "type": "Feature"
    },
    {
      "geometry": {
        "coordinates": [
          34.908036,
          83.176468
        ],
        "type": "Point"
      },
      "properties": {
        "cipher": "Standard",
        "mode": "value_domain",
        "projection": "webmercator_hash_v1",
        "projection_method": "webmercator_hash_v1",
        "value": 656
      },
      "type": "Feature"
    },
    {
      "geometry": {
        "coordinates": [
          -100.211305,
          74.600872
        ],
        "type": "Point"
      },
      "properties": {
        "cipher": "Standard",
        "mode": "value_domain",
        "projection": "webmercator_hash_v1",
        "projection_method": "webmercator_hash_v1",
        "value": 657
      },
      "type": "Feature"
    },
    {
      "geometry": {
        "coordinates": [
          -50.703969,
          68.815781
        ],
        "type": "Point"
      },
      "properties": {
        "cipher": "Standard",
        "mode": "value_domain",
        "projection": "webmercator_hash_v1",
        "projection_method": "webmercator_hash_v1",
        "value": 658
      },
      "type": "Feature"
    },
    {
      "geometry": {
        "coordinates": [
          -41.237997,
          44.507463
        ],
        "type": "Point"
      },
      "properties": {
        "cipher": "Standard",
        "mode": "value_domain",
        "projection": "webmercator_hash_v1",
        "projection_method": "webmercator_hash_v1",
        "value": 659
      },
      "type": "Feature"
    },
    {
      "geometry": {
        "coordinates": [
          149.074049,
          -42.716535
        ],
        "type": "Point"
      },
      "properties": {
        "cipher": "Standard",
        "mode": "value_domain",
        "projection": "webmercator_hash_v1",
        "projection_method": "webmercator_hash_v1",
        "value": 660
      },
      "type": "Feature"
    },
    {
      "geometry": {
        "coordinates": [
          -10.99183,
          -27.525931
        ],
        "type": "Point"
      },
      "properties": {
        "cipher": "Standard",
        "mode": "value_domain",
        "projection": "webmercator_hash_v1",
        "projection_method": "webmercator_hash_v1",
        "value": 661
      },
      "type": "Feature"
    },
    {
      "geometry": {
        "coordinates": [
          -32.563748,
          47.05205
        ],
        "type": "Point"
      },
      "properties": {
        "cipher": "Standard",
        "mode": "value_domain",
        "projection": "webmercator_hash_v1",
        "projection_method": "webmercator_hash_v1",
        "value": 662
      },
      "type": "Feature"
    },
    {
      "geometry": {
        "coordinates": [
          71.684107,
          39.899017
        ],
        "type": "Point"
      },
      "properties": {
        "cipher": "Standard",
        "mode": "value_domain",
        "projection": "webmercator_hash_v1",
        "projection_method": "webmercator_hash_v1",
        "value": 663
      },
      "type": "Feature"
    },
    {
      "geometry": {
        "coordinates": [
          165.464392,
          79.217524
        ],
        "type": "Point"
      },
      "properties": {
        "cipher": "Standard",
        "mode": "value_domain",
        "projection": "webmercator_hash_v1",
        "projection_method": "webmercator_hash_v1",
        "value": 664
      },
      "type": "Feature"
    },
    {
      "geometry": {
        "coordinates": [
          0.76436,
          -12.570158
        ],
        "type": "Point"
      },
      "properties": {
        "cipher": "Standard",
        "mode": "value_domain",
        "projection": "webmercator_hash_v1",
        "projection_method": "webmercator_hash_v1",
        "value": 665
      },
      "type": "Feature"
    },
    {
      "geometry": {
        "coordinates": [
          122.631128,
          -16.198571
        ],
        "type": "Point"
      },
      "properties": {
        "cipher": "Standard",
        "mode": "value_domain",
        "projection": "webmercator_hash_v1",
        "projection_method": "webmercator_hash_v1",
        "value": 666
      },
      "type": "Feature"
    },
    {
      "geometry": {
        "coordinates": [
          60.452451,
          12.524549
        ],
        "type": "Point"
      },
      "properties": {
        "cipher": "Standard",
        "mode": "value_domain",
        "projection": "webmercator_hash_v1",
        "projection_method": "webmercator_hash_v1",
        "value": 667
      },
      "type": "Feature"
    },
    {
      "geometry": {
        "coordinates": [
          -98.757297,
          -74.453838
        ],
        "type": "Point"
      },
      "properties": {
        "cipher": "Standard",
        "mode": "value_domain",
        "projection": "webmercator_hash_v1",
        "projection_method": "webmercator_hash_v1",
        "value": 668
      },
      "type": "Feature"
    },
    {
      "geometry": {
        "coordinates": [
          -15.08711,
          62.270489
        ],
        "type": "Point"
      },
      "properties": {
        "cipher": "Standard",
        "mode": "value_domain",
        "projection": "webmercator_hash_v1",
        "projection_method": "webmercator_hash_v1",
        "value": 669
      },
      "type": "Feature"
    },
    {
      "geometry": {
        "coordinates": [
          -90.24301,
          44.797971
        ],
        "type": "Point"
      },
      "properties": {
        "cipher": "Standard",
        "mode": "value_domain",
        "projection": "webmercator_hash_v1",
        "projection_method": "webmercator_hash_v1",
        "value": 670
      },
      "type": "Feature"
    },
    {
      "geometry": {
        "coordinates": [
          -147.566371,
          -17.688649
        ],
        "type": "Point"
      },
      "properties": {
        "cipher": "Standard",
        "mode": "value_domain",
        "projection": "webmercator_hash_v1",
        "projection_method": "webmercator_hash_v1",
        "value": 671
      },
      "type": "Feature"
    },
    {
      "geometry": {
        "coordinates": [
          -142.918062,
          27.94943
        ],
        "type": "Point"
      },
      "properties": {
        "cipher": "Standard",
        "mode": "value_domain",
        "projection": "webmercator_hash_v1",
        "projection_method": "webmercator_hash_v1",
        "value": 672
      },
      "type": "Feature"
    },
    {
      "geometry": {
        "coordinates": [
          103.872599,
          -38.398361
        ],
        "type": "Point"
      },
      "properties": {
        "cipher": "Standard",
        "mode": "value_domain",
        "projection": "webmercator_hash_v1",
        "projection_method": "webmercator_hash_v1",
        "value": 673
      },
      "type": "Feature"
    },
    {
      "geometry": {
        "coordinates": [
          68.845879,
          74.116724
        ],
        "type": "Point"
      },
      "properties": {
        "cipher": "Standard",
        "mode": "value_domain",
        "projection": "webmercator_hash_v1",
        "projection_method": "webmercator_hash_v1",
        "value": 674
      },
      "type": "Feature"
    },
    {
      "geometry": {
        "coordinates": [
          138.618164,
          31.559033
        ],
        "type": "Point"
      },
      "properties": {
        "cipher": "Standard",
        "mode": "value_domain",
        "projection": "webmercator_hash_v1",
        "projection_method": "webmercator_hash_v1",
        "value": 675
      },
      "type": "Feature"
    },
    {
      "geometry": {
        "coordinates": [
          -49.97641,
          -41.914327
        ],
        "type": "Point"
      },
      "properties": {
        "cipher": "Standard",
        "mode": "value_domain",
        "projection": "webmercator_hash_v1",
        "projection_method": "webmercator_hash_v1",
        "value": 676
      },
      "type": "Feature"
    },
    {
      "geometry": {
        "coordinates": [
          88.550157,
          -67.993796
        ],
        "type": "Point"
      },
      "properties": {
        "cipher": "Standard",
        "mode": "value_domain",
        "projection": "webmercator_hash_v1",
        "projection_method": "webmercator_hash_v1",
        "value": 677
      },
      "type": "Feature"
    },
    {
      "geometry": {
        "coordinates": [
          60.284892,
          78.315587
        ],
        "type": "Point"
      },
      "properties": {
        "cipher": "Standard",
        "mode": "value_domain",
        "projection": "webmercator_hash_v1",
        "projection_method": "webmercator_hash_v1",
        "value": 678
      },
      "type": "Feature"
    },
    {
      "geometry": {
        "coordinates": [
          75.741558,
          7.471623
        ],
        "type": "Point"
      },
      "properties": {
        "cipher": "Standard",
        "mode": "value_domain",
        "projection": "webmercator_hash_v1",
        "projection_method": "webmercator_hash_v1",
        "value": 679
      },
      "type": "Feature"
    },
    {
      "geometry": {
        "coordinates": [
          91.878024,
          -38.043268
        ],
        "type": "Point"
      },
      "properties": {
        "cipher": "Standard",
        "mode": "value_domain",
        "projection": "webmercator_hash_v1",
        "projection_method": "webmercator_hash_v1",
        "value": 680
      },
      "type": "Feature"
    },
    {
      "geometry": {
        "coordinates": [
          -97.249077,
          59.725689
        ],
        "type": "Point"
      },
      "properties": {
        "cipher": "Standard",
        "mode": "value_domain",
        "projection": "webmercator_hash_v1",
        "projection_method": "webmercator_hash_v1",
        "value": 681
      },
      "type": "Feature"
    },
    {
      "geometry": {
        "coordinates": [
          124.89364,
          -35.147246
        ],
        "type": "Point"
      },
      "properties": {
        "cipher": "Standard",
        "mode": "value_domain",
        "projection": "webmercator_hash_v1",
        "projection_method": "webmercator_hash_v1",
        "value": 682
      },
      "type": "Feature"
    },
    {
      "geometry": {
        "coordinates": [
          -100.246137,
          -54.135351
        ],
        "type": "Point"
      },
      "properties": {
        "cipher": "Standard",
        "mode": "value_domain",
        "projection": "webmercator_hash_v1",
        "projection_method": "webmercator_hash_v1",
        "value": 683
      },
      "type": "Feature"
    },
    {
      "geometry": {
        "coordinates": [
          -36.429577,
          41.336086
        ],
        "type": "Point"
      },
      "properties": {
        "cipher": "Standard",
        "mode": "value_domain",
        "projection": "webmercator_hash_v1",
        "projection_method": "webmercator_hash_v1",
        "value": 684
      },
      "type": "Feature"
    },
    {
      "geometry": {
        "coordinates": [
          -119.063221,
          -27.74616
        ],
        "type": "Point"
      },
      "properties": {
        "cipher": "Standard",
        "mode": "value_domain",
        "projection": "webmercator_hash_v1",
        "projection_method": "webmercator_hash_v1",
        "value": 685
      },
      "type": "Feature"
    },
    {
      "geometry": {
        "coordinates": [
          -148.800608,
          -75.492717
        ],
        "type": "Point"
      },
      "properties": {
        "cipher": "Standard",
        "mode": "value_domain",
        "projection": "webmercator_hash_v1",
        "projection_method": "webmercator_hash_v1",
        "value": 686
      },
      "type": "Feature"
    },
    {
      "geometry": {
        "coordinates": [
          -135.857446,
          38.233555
        ],
        "type": "Point"
      },
      "properties": {
        "cipher": "Standard",
        "mode": "value_domain",
        "projection": "webmercator_hash_v1",
        "projection_method": "webmercator_hash_v1",
        "value": 687
      },
      "type": "Feature"
    },
    {
      "geometry": {
        "coordinates": [
          74.642739,
          50.873072
        ],
        "type": "Point"
      },
      "properties": {
        "cipher": "Standard",
        "mode": "value_domain",
        "projection": "webmercator_hash_v1",
        "projection_method": "webmercator_hash_v1",
        "value": 688
      },
      "type": "Feature"
    },
    {
      "geometry": {
        "coordinates": [
          -72.614986,
          82.907209
        ],
        "type": "Point"
      },
      "properties": {
        "cipher": "Standard",
        "mode": "value_domain",
        "projection": "webmercator_hash_v1",
        "projection_method": "webmercator_hash_v1",
        "value": 689
      },
      "type": "Feature"
    },
    {
      "geometry": {
        "coordinates": [
          -59.772334,
          57.854392
        ],
        "type": "Point"
      },
      "properties": {
        "cipher": "Standard",
        "mode": "value_domain",
        "projection": "webmercator_hash_v1",
        "projection_method": "webmercator_hash_v1",
        "value": 690
      },
      "type": "Feature"
    },
    {
      "geometry": {
        "coordinates": [
          -148.120501,
          -0.379998
        ],
        "type": "Point"
      },
      "properties": {
        "cipher": "Standard",
        "mode": "value_domain",
        "projection": "webmercator_hash_v1",
        "projection_method": "webmercator_hash_v1",
        "value": 691
      },
      "type": "Feature"
    },
    {
      "geometry": {
        "coordinates": [
          -167.922055,
          -26.944021
        ],
        "type": "Point"
      },
      "properties": {
        "cipher": "Standard",
        "mode": "value_domain",
        "projection": "webmercator_hash_v1",
        "projection_method": "webmercator_hash_v1",
        "value": 692
      },
      "type": "Feature"
    },
    {
      "geometry": {
        "coordinates": [
          79.744083,
          57.321756
        ],
        "type": "Point"
      },
      "properties": {
        "cipher": "Standard",
        "mode": "value_domain",
        "projection": "webmercator_hash_v1",
        "projection_method": "webmercator_hash_v1",
        "value": 693
      },
      "type": "Feature"
    },
    {
      "geometry": {
        "coordinates": [
          101.672409,
          -18.17749
        ],
        "type": "Point"
      },
      "properties": {
        "cipher": "Standard",
        "mode": "value_domain",
        "projection": "webmercator_hash_v1",
        "projection_method": "webmercator_hash_v1",
        "value": 694
      },
      "type": "Feature"
    },
    {
      "geometry": {
        "coordinates": [
          -64.780774,
          -73.798178
        ],
        "type": "Point"
      },
      "properties": {
        "cipher": "Standard",
        "mode": "value_domain",
        "projection": "webmercator_hash_v1",
        "projection_method": "webmercator_hash_v1",
        "value": 695
      },
      "type": "Feature"
    },
    {
      "geometry": {
        "coordinates": [
          150.043595,
          67.64717
        ],
        "type": "Point"
      },
      "properties": {
        "cipher": "Standard",
        "mode": "value_domain",
        "projection": "webmercator_hash_v1",
        "projection_method": "webmercator_hash_v1",
        "value": 696
      },
      "type": "Feature"
    },
    {
      "geometry": {
        "coordinates": [
          111.838858,
          50.997119
        ],
        "type": "Point"
      },
      "properties": {
        "cipher": "Standard",
        "mode": "value_domain",
        "projection": "webmercator_hash_v1",
        "projection_method": "webmercator_hash_v1",
        "value": 697
      },
      "type": "Feature"
    },
    {
      "geometry": {
        "coordinates": [
          -130.920811,
          5.982064
        ],
        "type": "Point"
      },
      "properties": {
        "cipher": "Standard",
        "mode": "value_domain",
        "projection": "webmercator_hash_v1",
        "projection_method": "webmercator_hash_v1",
        "value": 698
      },
      "type": "Feature"
    },
    {
      "geometry": {
        "coordinates": [
          37.523473,
          42.433503
        ],
        "type": "Point"
      },
      "properties": {
        "cipher": "Standard",
        "mode": "value_domain",
        "projection": "webmercator_hash_v1",
        "projection_method": "webmercator_hash_v1",
        "value": 699
      },
      "type": "Feature"
    },
    {
      "geometry": {
        "coordinates": [
          65.552478,
          45.040367
        ],
        "type": "Point"
      },
      "properties": {
        "cipher": "Standard",
        "mode": "value_domain",
        "projection": "webmercator_hash_v1",
        "projection_method": "webmercator_hash_v1",
        "value": 700
      },
      "type": "Feature"
    },
    {
      "geometry": {
        "coordinates": [
          -15.168901,
          2.607233
        ],
        "type": "Point"
      },
      "properties": {
        "cipher": "Standard",
        "mode": "value_domain",
        "projection": "webmercator_hash_v1",
        "projection_method": "webmercator_hash_v1",
        "value": 701
      },
      "type": "Feature"
    },
    {
      "geometry": {
        "coordinates": [
          51.432414,
          8.892969
        ],
        "type": "Point"
      },
      "properties": {
        "cipher": "Standard",
        "mode": "value_domain",
        "projection": "webmercator_hash_v1",
        "projection_method": "webmercator_hash_v1",
        "value": 702
      },
      "type": "Feature"
    },
    {
      "geometry": {
        "coordinates": [
          168.21576,
          -7.59179
        ],
        "type": "Point"
      },
      "properties": {
        "cipher": "Standard",
        "mode": "value_domain",
        "projection": "webmercator_hash_v1",
        "projection_method": "webmercator_hash_v1",
        "value": 703
      },
      "type": "Feature"
    },
    {
      "geometry": {
        "coordinates": [
          -17.730117,
          28.271207
        ],
        "type": "Point"
      },
      "properties": {
        "cipher": "Standard",
        "mode": "value_domain",
        "projection": "webmercator_hash_v1",
        "projection_method": "webmercator_hash_v1",
        "value": 704
      },
      "type": "Feature"
    },
    {
      "geometry": {
        "coordinates": [
          158.452681,
          -3.709098
        ],
        "type": "Point"
      },
      "properties": {
        "cipher": "Standard",
        "mode": "value_domain",
        "projection": "webmercator_hash_v1",
        "projection_method": "webmercator_hash_v1",
        "value": 705
      },
      "type": "Feature"
    },
    {
      "geometry": {
        "coordinates": [
          35.296427,
          69.44501
        ],
        "type": "Point"
      },
      "properties": {
        "cipher": "Standard",
        "mode": "value_domain",
        "projection": "webmercator_hash_v1",
        "projection_method": "webmercator_hash_v1",
        "value": 706
      },
      "type": "Feature"
    },
    {
      "geometry": {
        "coordinates": [
          107.405855,
          -68.208238
        ],
        "type": "Point"
      },
      "properties": {
        "cipher": "Standard",
        "mode": "value_domain",
        "projection": "webmercator_hash_v1",
        "projection_method": "webmercator_hash_v1",
        "value": 707
      },
      "type": "Feature"
    },
    {
      "geometry": {
        "coordinates": [
          -40.390194,
          76.286785
        ],
        "type": "Point"
      },
      "properties": {
        "cipher": "Standard",
        "mode": "value_domain",
        "projection": "webmercator_hash_v1",
        "projection_method": "webmercator_hash_v1",
        "value": 708
      },
      "type": "Feature"
    },
    {
      "geometry": {
        "coordinates": [
          65.784153,
          -81.704925
        ],
        "type": "Point"
      },
      "properties": {
        "cipher": "Standard",
        "mode": "value_domain",
        "projection": "webmercator_hash_v1",
        "projection_method": "webmercator_hash_v1",
        "value": 709
      },
      "type": "Feature"
    },
    {
      "geometry": {
        "coordinates": [
          129.460713,
          79.797816
        ],
        "type": "Point"
      },
      "properties": {
        "cipher": "Standard",
        "mode": "value_domain",
        "projection": "webmercator_hash_v1",
        "projection_method": "webmercator_hash_v1",
        "value": 710
      },
      "type": "Feature"
    },
    {
      "geometry": {
        "coordinates": [
          -68.618783,
          61.86977
        ],
        "type": "Point"
      },
      "properties": {
        "cipher": "Standard",
        "mode": "value_domain",
        "projection": "webmercator_hash_v1",
        "projection_method": "webmercator_hash_v1",
        "value": 711
      },
      "type": "Feature"
    },
    {
      "geometry": {
        "coordinates": [
          -156.489529,
          -3.013792
        ],
        "type": "Point"
      },
      "properties": {
        "cipher": "Standard",
        "mode": "value_domain",
        "projection": "webmercator_hash_v1",
        "projection_method": "webmercator_hash_v1",
        "value": 712
      },
      "type": "Feature"
    },
    {
      "geometry": {
        "coordinates": [
          -172.362765,
          -39.506599
        ],
        "type": "Point"
      },
      "properties": {
        "cipher": "Standard",
        "mode": "value_domain",
        "projection": "webmercator_hash_v1",
        "projection_method": "webmercator_hash_v1",
        "value": 713
      },
      "type": "Feature"
    },
    {
      "geometry": {
        "coordinates": [
          -72.647965,
          -28.841299
        ],
        "type": "Point"
      },
      "properties": {
        "cipher": "Standard",
        "mode": "value_domain",
        "projection": "webmercator_hash_v1",
        "projection_method": "webmercator_hash_v1",
        "value": 714
      },
      "type": "Feature"
    },
    {
      "geometry": {
        "coordinates": [
          80.857508,
          31.683964
        ],
        "type": "Point"
      },
      "properties": {
        "cipher": "Standard",
        "mode": "value_domain",
        "projection": "webmercator_hash_v1",
        "projection_method": "webmercator_hash_v1",
        "value": 715
      },
      "type": "Feature"
    },
    {
      "geometry": {
        "coordinates": [
          179.555714,
          11.913566
        ],
        "type": "Point"
      },
      "properties": {
        "cipher": "Standard",
        "mode": "value_domain",
        "projection": "webmercator_hash_v1",
        "projection_method": "webmercator_hash_v1",
        "value": 716
      },
      "type": "Feature"
    },
    {
      "geometry": {
        "coordinates": [
          -38.850595,
          -53.351241
        ],
        "type": "Point"
      },
      "properties": {
        "cipher": "Standard",
        "mode": "value_domain",
        "projection": "webmercator_hash_v1",
        "projection_method": "webmercator_hash_v1",
        "value": 717
      },
      "type": "Feature"
    },
    {
      "geometry": {
        "coordinates": [
          -179.106428,
          9.862068
        ],
        "type": "Point"
      },
      "properties": {
        "cipher": "Standard",
        "mode": "value_domain",
        "projection": "webmercator_hash_v1",
        "projection_method": "webmercator_hash_v1",
        "value": 718
      },
      "type": "Feature"
    },
    {
      "geometry": {
        "coordinates": [
          -154.153412,
          33.574365
        ],
        "type": "Point"
      },
      "properties": {
        "cipher": "Standard",
        "mode": "value_domain",
        "projection": "webmercator_hash_v1",
        "projection_method": "webmercator_hash_v1",
        "value": 719
      },
      "type": "Feature"
    },
    {
      "geometry": {
        "coordinates": [
          -10.427527,
          55.914965
        ],
        "type": "Point"
      },
      "properties": {
        "cipher": "Standard",
        "mode": "value_domain",
        "projection": "webmercator_hash_v1",
        "projection_method": "webmercator_hash_v1",
        "value": 720
      },
      "type": "Feature"
    },
    {
      "geometry": {
        "coordinates": [
          172.650349,
          10.050979
        ],
        "type": "Point"
      },
      "properties": {
        "cipher": "Standard",
        "mode": "value_domain",
        "projection": "webmercator_hash_v1",
        "projection_method": "webmercator_hash_v1",
        "value": 721
      },
      "type": "Feature"
    },
    {
      "geometry": {
        "coordinates": [
          -30.214303,
          -48.049838
        ],
        "type": "Point"
      },
      "properties": {
        "cipher": "Standard",
        "mode": "value_domain",
        "projection": "webmercator_hash_v1",
        "projection_method": "webmercator_hash_v1",
        "value": 722
      },
      "type": "Feature"
    },
    {
      "geometry": {
        "coordinates": [
          165.238221,
          -65.121863
        ],
        "type": "Point"
      },
      "properties": {
        "cipher": "Standard",
        "mode": "value_domain",
        "projection": "webmercator_hash_v1",
        "projection_method": "webmercator_hash_v1",
        "value": 723
      },
      "type": "Feature"
    },
    {
      "geometry": {
        "coordinates": [
          -63.022165,
          2.366397
        ],
        "type": "Point"
      },
      "properties": {
        "cipher": "Standard",
        "mode": "value_domain",
        "projection": "webmercator_hash_v1",
        "projection_method": "webmercator_hash_v1",
        "value": 724
      },
      "type": "Feature"
    },
    {
      "geometry": {
        "coordinates": [
          -87.901872,
          80.924735
        ],
        "type": "Point"
      },
      "properties": {
        "cipher": "Standard",
        "mode": "value_domain",
        "projection": "webmercator_hash_v1",
        "projection_method": "webmercator_hash_v1",
        "value": 725
      },
      "type": "Feature"
    },
    {
      "geometry": {
        "coordinates": [
          61.835717,
          51.269163
        ],
        "type": "Point"
      },
      "properties": {
        "cipher": "Standard",
        "mode": "value_domain",
        "projection": "webmercator_hash_v1",
        "projection_method": "webmercator_hash_v1",
        "value": 726
      },
      "type": "Feature"
    },
    {
      "geometry": {
        "coordinates": [
          114.116288,
          -68.382284
        ],
        "type": "Point"
      },
      "properties": {
        "cipher": "Standard",
        "mode": "value_domain",
        "projection": "webmercator_hash_v1",
        "projection_method": "webmercator_hash_v1",
        "value": 727
      },
      "type": "Feature"
    },
    {
      "geometry": {
        "coordinates": [
          88.735778,
          45.073977
        ],
        "type": "Point"
      },
      "properties": {
        "cipher": "Standard",
        "mode": "value_domain",
        "projection": "webmercator_hash_v1",
        "projection_method": "webmercator_hash_v1",
        "value": 728
      },
      "type": "Feature"
    },
    {
      "geometry": {
        "coordinates": [
          -165.709056,
          79.359382
        ],
        "type": "Point"
      },
      "properties": {
        "cipher": "Standard",
        "mode": "value_domain",
        "projection": "webmercator_hash_v1",
        "projection_method": "webmercator_hash_v1",
        "value": 729
      },
      "type": "Feature"
    },
    {
      "geometry": {
        "coordinates": [
          116.289551,
          -37.522108
        ],
        "type": "Point"
      },
      "properties": {
        "cipher": "Standard",
        "mode": "value_domain",
        "projection": "webmercator_hash_v1",
        "projection_method": "webmercator_hash_v1",
        "value": 730
      },
      "type": "Feature"
    },
    {
      "geometry": {
        "coordinates": [
          -46.805173,
          -54.473829
        ],
        "type": "Point"
      },
      "properties": {
        "cipher": "Standard",
        "mode": "value_domain",
        "projection": "webmercator_hash_v1",
        "projection_method": "webmercator_hash_v1",
        "value": 731
      },
      "type": "Feature"
    },
    {
      "geometry": {
        "coordinates": [
          -76.656082,
          -39.236282
        ],
        "type": "Point"
      },
      "properties": {
        "cipher": "Standard",
        "mode": "value_domain",
        "projection": "webmercator_hash_v1",
        "projection_method": "webmercator_hash_v1",
        "value": 732
      },
      "type": "Feature"
    },
    {
      "geometry": {
        "coordinates": [
          168.354638,
          40.945252
        ],
        "type": "Point"
      },
      "properties": {
        "cipher": "Standard",
        "mode": "value_domain",
        "projection": "webmercator_hash_v1",
        "projection_method": "webmercator_hash_v1",
        "value": 733
      },
      "type": "Feature"
    },
    {
      "geometry": {
        "coordinates": [
          74.819914,
          -51.536272
        ],
        "type": "Point"
      },
      "properties": {
        "cipher": "Standard",
        "mode": "value_domain",
        "projection": "webmercator_hash_v1",
        "projection_method": "webmercator_hash_v1",
        "value": 734
      },
      "type": "Feature"
    },
    {
      "geometry": {
        "coordinates": [
          -121.021219,
          36.290368
        ],
        "type": "Point"
      },
      "properties": {
        "cipher": "Standard",
        "mode": "value_domain",
        "projection": "webmercator_hash_v1",
        "projection_method": "webmercator_hash_v1",
        "value": 735
      },
      "type": "Feature"
    },
    {
      "geometry": {
        "coordinates": [
          155.587348,
          -12.960988
        ],
        "type": "Point"
      },
      "properties": {
        "cipher": "Standard",
        "mode": "value_domain",
        "projection": "webmercator_hash_v1",
        "projection_method": "webmercator_hash_v1",
        "value": 736
      },
      "type": "Feature"
    },
    {
      "geometry": {
        "coordinates": [
          86.965206,
          25.988266
        ],
        "type": "Point"
      },
      "properties": {
        "cipher": "Standard",
        "mode": "value_domain",
        "projection": "webmercator_hash_v1",
        "projection_method": "webmercator_hash_v1",
        "value": 737
      },
      "type": "Feature"
    },
    {
      "geometry": {
        "coordinates": [
          -65.999043,
          -7.829954
        ],
        "type": "Point"
      },
      "properties": {
        "cipher": "Standard",
        "mode": "value_domain",
        "projection": "webmercator_hash_v1",
        "projection_method": "webmercator_hash_v1",
        "value": 738
      },
      "type": "Feature"
    },
    {
      "geometry": {
        "coordinates": [
          -155.869734,
          50.81862
        ],
        "type": "Point"
      },
      "properties": {
        "cipher": "Standard",
        "mode": "value_domain",
        "projection": "webmercator_hash_v1",
        "projection_method": "webmercator_hash_v1",
        "value": 739
      },
      "type": "Feature"
    },
    {
      "geometry": {
        "coordinates": [
          -83.149936,
          -6.330336
        ],
        "type": "Point"
      },
      "properties": {
        "cipher": "Standard",
        "mode": "value_domain",
        "projection": "webmercator_hash_v1",
        "projection_method": "webmercator_hash_v1",
        "value": 740
      },
      "type": "Feature"
    },
    {
      "geometry": {
        "coordinates": [
          140.355558,
          54.01187
        ],
        "type": "Point"
      },
      "properties": {
        "cipher": "Standard",
        "mode": "value_domain",
        "projection": "webmercator_hash_v1",
        "projection_method": "webmercator_hash_v1",
        "value": 741
      },
      "type": "Feature"
    },
    {
      "geometry": {
        "coordinates": [
          157.904316,
          9.604059
        ],
        "type": "Point"
      },
      "properties": {
        "cipher": "Standard",
        "mode": "value_domain",
        "projection": "webmercator_hash_v1",
        "projection_method": "webmercator_hash_v1",
        "value": 742
      },
      "type": "Feature"
    },
    {
      "geometry": {
        "coordinates": [
          -120.472392,
          49.816893
        ],
        "type": "Point"
      },
      "properties": {
        "cipher": "Standard",
        "mode": "value_domain",
        "projection": "webmercator_hash_v1",
        "projection_method": "webmercator_hash_v1",
        "value": 743
      },
      "type": "Feature"
    },
    {
      "geometry": {
        "coordinates": [
          53.829399,
          -75.349293
        ],
        "type": "Point"
      },
      "properties": {
        "cipher": "Standard",
        "mode": "value_domain",
        "projection": "webmercator_hash_v1",
        "projection_method": "webmercator_hash_v1",
        "value": 744
      },
      "type": "Feature"
    },
    {
      "geometry": {
        "coordinates": [
          5.422826,
          -52.789139
        ],
        "type": "Point"
      },
      "properties": {
        "cipher": "Standard",
        "mode": "value_domain",
        "projection": "webmercator_hash_v1",
        "projection_method": "webmercator_hash_v1",
        "value": 745
      },
      "type": "Feature"
    },
    {
      "geometry": {
        "coordinates": [
          -79.903265,
          29.002751
        ],
        "type": "Point"
      },
      "properties": {
        "cipher": "Standard",
        "mode": "value_domain",
        "projection": "webmercator_hash_v1",
        "projection_method": "webmercator_hash_v1",
        "value": 746
      },
      "type": "Feature"
    },
    {
      "geometry": {
        "coordinates": [
          64.895202,
          2.506339
        ],
        "type": "Point"
      },
      "properties": {
        "cipher": "Standard",
        "mode": "value_domain",
        "projection": "webmercator_hash_v1",
        "projection_method": "webmercator_hash_v1",
        "value": 747
      },
      "type": "Feature"
    },
    {
      "geometry": {
        "coordinates": [
          23.289512,
          -36.683677
        ],
        "type": "Point"
      },
      "properties": {
        "cipher": "Standard",
        "mode": "value_domain",
        "projection": "webmercator_hash_v1",
        "projection_method": "webmercator_hash_v1",
        "value": 748
      },
      "type": "Feature"
    },
    {
      "geometry": {
        "coordinates": [
          117.267026,
          9.546359
        ],
        "type": "Point"
      },
      "properties": {
        "cipher": "Standard",
        "mode": "value_domain",
        "projection": "webmercator_hash_v1",
        "projection_method": "webmercator_hash_v1",
        "value": 749
      },
      "type": "Feature"
    },
    {
      "geometry": {
        "coordinates": [
          174.269808,
          -67.555954
        ],
        "type": "Point"
      },
      "properties": {
        "cipher": "Standard",
        "mode": "value_domain",
        "projection": "webmercator_hash_v1",
        "projection_method": "webmercator_hash_v1",
        "value": 750
      },
      "type": "Feature"
    },
    {
      "geometry": {
        "coordinates": [
          -114.743724,
          42.234558
        ],
        "type": "Point"
      },
      "properties": {
        "cipher": "Standard",
        "mode": "value_domain",
        "projection": "webmercator_hash_v1",
        "projection_method": "webmercator_hash_v1",
        "value": 751
      },
      "type": "Feature"
    },
    {
      "geometry": {
        "coordinates": [
          53.348269,
          -3.662306
        ],
        "type": "Point"
      },
      "properties": {
        "cipher": "Standard",
        "mode": "value_domain",
        "projection": "webmercator_hash_v1",
        "projection_method": "webmercator_hash_v1",
        "value": 752
      },
      "type": "Feature"
    },
    {
      "geometry": {
        "coordinates": [
          -64.640007,
          -12.931448
        ],
        "type": "Point"
      },
      "properties": {
        "cipher": "Standard",
        "mode": "value_domain",
        "projection": "webmercator_hash_v1",
        "projection_method": "webmercator_hash_v1",
        "value": 753
      },
      "type": "Feature"
    },
    {
      "geometry": {
        "coordinates": [
          -110.908347,
          -22.602986
        ],
        "type": "Point"
      },
      "properties": {
        "cipher": "Standard",
        "mode": "value_domain",
        "projection": "webmercator_hash_v1",
        "projection_method": "webmercator_hash_v1",
        "value": 754
      },
      "type": "Feature"
    },
    {
      "geometry": {
        "coordinates": [
          173.686036,
          -16.445519
        ],
        "type": "Point"
      },
      "properties": {
        "cipher": "Standard",
        "mode": "value_domain",
        "projection": "webmercator_hash_v1",
        "projection_method": "webmercator_hash_v1",
        "value": 755
      },
      "type": "Feature"
    },
    {
      "geometry": {
        "coordinates": [
          -62.774149,
          -56.159455
        ],
        "type": "Point"
      },
      "properties": {
        "cipher": "Standard",
        "mode": "value_domain",
        "projection": "webmercator_hash_v1",
        "projection_method": "webmercator_hash_v1",
        "value": 756
      },
      "type": "Feature"
    },
    {
      "geometry": {
        "coordinates": [
          126.246655,
          -36.949618
        ],
        "type": "Point"
      },
      "properties": {
        "cipher": "Standard",
        "mode": "value_domain",
        "projection": "webmercator_hash_v1",
        "projection_method": "webmercator_hash_v1",
        "value": 757
      },
      "type": "Feature"
    },
    {
      "geometry": {
        "coordinates": [
          -67.870436,
          34.654577
        ],
        "type": "Point"
      },
      "properties": {
        "cipher": "Standard",
        "mode": "value_domain",
        "projection": "webmercator_hash_v1",
        "projection_method": "webmercator_hash_v1",
        "value": 758
      },
      "type": "Feature"
    },
    {
      "geometry": {
        "coordinates": [
          -22.600306,
          -31.979445
        ],
        "type": "Point"
      },
      "properties": {
        "cipher": "Standard",
        "mode": "value_domain",
        "projection": "webmercator_hash_v1",
        "projection_method": "webmercator_hash_v1",
        "value": 759
      },
      "type": "Feature"
    },
    {
      "geometry": {
        "coordinates": [
          116.18936,
          16.745964
        ],
        "type": "Point"
      },
      "properties": {
        "cipher": "Standard",
        "mode": "value_domain",
        "projection": "webmercator_hash_v1",
        "projection_method": "webmercator_hash_v1",
        "value": 760
      },
      "type": "Feature"
    },
    {
      "geometry": {
        "coordinates": [
          69.549039,
          58.965257
        ],
        "type": "Point"
      },
      "properties": {
        "cipher": "Standard",
        "mode": "value_domain",
        "projection": "webmercator_hash_v1",
        "projection_method": "webmercator_hash_v1",
        "value": 761
      },
      "type": "Feature"
    },
    {
      "geometry": {
        "coordinates": [
          123.578136,
          53.615917
        ],
        "type": "Point"
      },
      "properties": {
        "cipher": "Standard",
        "mode": "value_domain",
        "projection": "webmercator_hash_v1",
        "projection_method": "webmercator_hash_v1",
        "value": 762
      },
      "type": "Feature"
    },
    {
      "geometry": {
        "coordinates": [
          20.747995,
          41.16633
        ],
        "type": "Point"
      },
      "properties": {
        "cipher": "Standard",
        "mode": "value_domain",
        "projection": "webmercator_hash_v1",
        "projection_method": "webmercator_hash_v1",
        "value": 763
      },
      "type": "Feature"
    },
    {
      "geometry": {
        "coordinates": [
          119.519311,
          62.835248
        ],
        "type": "Point"
      },
      "properties": {
        "cipher": "Standard",
        "mode": "value_domain",
        "projection": "webmercator_hash_v1",
        "projection_method": "webmercator_hash_v1",
        "value": 764
      },
      "type": "Feature"
    },
    {
      "geometry": {
        "coordinates": [
          -126.445989,
          -28.237662
        ],
        "type": "Point"
      },
      "properties": {
        "cipher": "Standard",
        "mode": "value_domain",
        "projection": "webmercator_hash_v1",
        "projection_method": "webmercator_hash_v1",
        "value": 765
      },
      "type": "Feature"
    },
    {
      "geometry": {
        "coordinates": [
          22.44418,
          53.431549
        ],
        "type": "Point"
      },
      "properties": {
        "cipher": "Standard",
        "mode": "value_domain",
        "projection": "webmercator_hash_v1",
        "projection_method": "webmercator_hash_v1",
        "value": 766
      },
      "type": "Feature"
    },
    {
      "geometry": {
        "coordinates": [
          -139.096298,
          -5.805219
        ],
        "type": "Point"
      },
      "properties": {
        "cipher": "Standard",
        "mode": "value_domain",
        "projection": "webmercator_hash_v1",
        "projection_method": "webmercator_hash_v1",
        "value": 767
      },
      "type": "Feature"
    },
    {
      "geometry": {
        "coordinates": [
          10.006276,
          30.158895
        ],
        "type": "Point"
      },
      "properties": {
        "cipher": "Standard",
        "mode": "value_domain",
        "projection": "webmercator_hash_v1",
        "projection_method": "webmercator_hash_v1",
        "value": 768
      },
      "type": "Feature"
    },
    {
      "geometry": {
        "coordinates": [
          90.999531,
          38.628197
        ],
        "type": "Point"
      },
      "properties": {
        "cipher": "Standard",
        "mode": "value_domain",
        "projection": "webmercator_hash_v1",
        "projection_method": "webmercator_hash_v1",
        "value": 769
      },
      "type": "Feature"
    },
    {
      "geometry": {
        "coordinates": [
          -163.649771,
          -43.646826
        ],
        "type": "Point"
      },
      "properties": {
        "cipher": "Standard",
        "mode": "value_domain",
        "projection": "webmercator_hash_v1",
        "projection_method": "webmercator_hash_v1",
        "value": 770
      },
      "type": "Feature"
    },
    {
      "geometry": {
        "coordinates": [
          145.478897,
          19.611532
        ],
        "type": "Point"
      },
      "properties": {
        "cipher": "Standard",
        "mode": "value_domain",
        "projection": "webmercator_hash_v1",
        "projection_method": "webmercator_hash_v1",
        "value": 771
      },
      "type": "Feature"
    },
    {
      "geometry": {
        "coordinates": [
          8.153464,
          84.563662
        ],
        "type": "Point"
      },
      "properties": {
        "cipher": "Standard",
        "mode": "value_domain",
        "projection": "webmercator_hash_v1",
        "projection_method": "webmercator_hash_v1",
        "value": 772
      },
      "type": "Feature"
    },
    {
      "geometry": {
        "coordinates": [
          144.280526,
          -35.300562
        ],
        "type": "Point"
      },
      "properties": {
        "cipher": "Standard",
        "mode": "value_domain",
        "projection": "webmercator_hash_v1",
        "projection_method": "webmercator_hash_v1",
        "value": 773
      },
      "type": "Feature"
    },
    {
      "geometry": {
        "coordinates": [
          152.374774,
          -12.225659
        ],
        "type": "Point"
      },
      "properties": {
        "cipher": "Standard",
        "mode": "value_domain",
        "projection": "webmercator_hash_v1",
        "projection_method": "webmercator_hash_v1",
        "value": 774
      },
      "type": "Feature"
    },
    {
      "geometry": {
        "coordinates": [
          179.030448,
          83.697172
        ],
        "type": "Point"
      },
      "properties": {
        "cipher": "Standard",
        "mode": "value_domain",
        "projection": "webmercator_hash_v1",
        "projection_method": "webmercator_hash_v1",
        "value": 775
      },
      "type": "Feature"
    },
    {
      "geometry": {
        "coordinates": [
          -144.273776,
          60.160771
        ],
        "type": "Point"
      },
      "properties": {
        "cipher": "Standard",
        "mode": "value_domain",
        "projection": "webmercator_hash_v1",
        "projection_method": "webmercator_hash_v1",
        "value": 776
      },
      "type": "Feature"
    },
    {
      "geometry": {
        "coordinates": [
          25.461289,
          -0.299673
        ],
        "type": "Point"
      },
      "properties": {
        "cipher": "Standard",
        "mode": "value_domain",
        "projection": "webmercator_hash_v1",
        "projection_method": "webmercator_hash_v1",
        "value": 777
      },
      "type": "Feature"
    },
    {
      "geometry": {
        "coordinates": [
          -39.707961,
          -71.143846
        ],
        "type": "Point"
      },
      "properties": {
        "cipher": "Standard",
        "mode": "value_domain",
        "projection": "webmercator_hash_v1",
        "projection_method": "webmercator_hash_v1",
        "value": 778
      },
      "type": "Feature"
    },
    {
      "geometry": {
        "coordinates": [
          -169.660961,
          72.599225
        ],
        "type": "Point"
      },
      "properties": {
        "cipher": "Standard",
        "mode": "value_domain",
        "projection": "webmercator_hash_v1",
        "projection_method": "webmercator_hash_v1",
        "value": 779
      },
      "type": "Feature"
    },
    {
      "geometry": {
        "coordinates": [
          125.651792,
          77.037791
        ],
        "type": "Point"
      },
      "properties": {
        "cipher": "Standard",
        "mode": "value_domain",
        "projection": "webmercator_hash_v1",
        "projection_method": "webmercator_hash_v1",
        "value": 780
      },
      "type": "Feature"
    },
    {
      "geometry": {
        "coordinates": [
          -116.514528,
          43.07313
        ],
        "type": "Point"
      },
      "properties": {
        "cipher": "Standard",
        "mode": "value_domain",
        "projection": "webmercator_hash_v1",
        "projection_method": "webmercator_hash_v1",
        "value": 781
      },
      "type": "Feature"
    },
    {
      "geometry": {
        "coordinates": [
          114.899269,
          -21.39648
        ],
        "type": "Point"
      },
      "properties": {
        "cipher": "Standard",
        "mode": "value_domain",
        "projection": "webmercator_hash_v1",
        "projection_method": "webmercator_hash_v1",
        "value": 782
      },
      "type": "Feature"
    },
    {
      "geometry": {
        "coordinates": [
          -40.61501,
          -7.84694
        ],
        "type": "Point"
      },
      "properties": {
        "cipher": "Standard",
        "mode": "value_domain",
        "projection": "webmercator_hash_v1",
        "projection_method": "webmercator_hash_v1",
        "value": 783
      },
      "type": "Feature"
    },
    {
      "geometry": {
        "coordinates": [
          -147.683557,
          22.923845
        ],
        "type": "Point"
      },
      "properties": {
        "cipher": "Standard",
        "mode": "value_domain",
        "projection": "webmercator_hash_v1",
        "projection_method": "webmercator_hash_v1",
        "value": 784
      },
      "type": "Feature"
    },
    {
      "geometry": {
        "coordinates": [
          163.561757,
          -3.508438
        ],
        "type": "Point"
      },
      "properties": {
        "cipher": "Standard",
        "mode": "value_domain",
        "projection": "webmercator_hash_v1",
        "projection_method": "webmercator_hash_v1",
        "value": 785
      },
      "type": "Feature"
    },
    {
      "geometry": {
        "coordinates": [
          -5.023941,
          37.957233
        ],
        "type": "Point"
      },
      "properties": {
        "cipher": "Standard",
        "mode": "value_domain",
        "projection": "webmercator_hash_v1",
        "projection_method": "webmercator_hash_v1",
        "value": 786
      },
      "type": "Feature"
    },
    {
      "geometry": {
        "coordinates": [
          60.606487,
          22.721107
        ],
        "type": "Point"
      },
      "properties": {
        "cipher": "Standard",
        "mode": "value_domain",
        "projection": "webmercator_hash_v1",
        "projection_method": "webmercator_hash_v1",
        "value": 787
      },
      "type": "Feature"
    },
    {
      "geometry": {
        "coordinates": [
          -173.126387,
          58.023602
        ],
        "type": "Point"
      },
      "properties": {
        "cipher": "Standard",
        "mode": "value_domain",
        "projection": "webmercator_hash_v1",
        "projection_method": "webmercator_hash_v1",
        "value": 788
      },
      "type": "Feature"
    },
    {
      "geometry": {
        "coordinates": [
          -149.651931,
          -35.255026
        ],
        "type": "Point"
      },
      "properties": {
        "cipher": "Standard",
        "mode": "value_domain",
        "projection": "webmercator_hash_v1",
        "projection_method": "webmercator_hash_v1",
        "value": 789
      },
      "type": "Feature"
    },
    {
      "geometry": {
        "coordinates": [
          -58.140223,
          44.918031
        ],
        "type": "Point"
      },
      "properties": {
        "cipher": "Standard",
        "mode": "value_domain",
        "projection": "webmercator_hash_v1",
        "projection_method": "webmercator_hash_v1",
        "value": 790
      },
      "type": "Feature"
    },
    {
      "geometry": {
        "coordinates": [
          102.72621,
          81.856265
        ],
        "type": "Point"
      },
      "properties": {
        "cipher": "Standard",
        "mode": "value_domain",
        "projection": "webmercator_hash_v1",
        "projection_method": "webmercator_hash_v1",
        "value": 791
      },
      "type": "Feature"
    },
    {
      "geometry": {
        "coordinates": [
          143.333161,
          -72.062929
        ],
        "type": "Point"
      },
      "properties": {
        "cipher": "Standard",
        "mode": "value_domain",
        "projection": "webmercator_hash_v1",
        "projection_method": "webmercator_hash_v1",
        "value": 792
      },
      "type": "Feature"
    },
    {
      "geometry": {
        "coordinates": [
          84.674617,
          -48.821328
        ],
        "type": "Point"
      },
      "properties": {
        "cipher": "Standard",
        "mode": "value_domain",
        "projection": "webmercator_hash_v1",
        "projection_method": "webmercator_hash_v1",
        "value": 793
      },
      "type": "Feature"
    },
    {
      "geometry": {
        "coordinates": [
          -147.17386,
          -75.649698
        ],
        "type": "Point"
      },
      "properties": {
        "cipher": "Standard",
        "mode": "value_domain",
        "projection": "webmercator_hash_v1",
        "projection_method": "webmercator_hash_v1",
        "value": 794
      },
      "type": "Feature"
    },
    {
      "geometry": {
        "coordinates": [
          70.450498,
          -82.636128
        ],
        "type": "Point"
      },
      "properties": {
        "cipher": "Standard",
        "mode": "value_domain",
        "projection": "webmercator_hash_v1",
        "projection_method": "webmercator_hash_v1",
        "value": 795
      },
      "type": "Feature"
    },
    {
      "geometry": {
        "coordinates": [
          -169.700383,
          19.351061
        ],
        "type": "Point"
      },
      "properties": {
        "cipher": "Standard",
        "mode": "value_domain",
        "projection": "webmercator_hash_v1",
        "projection_method": "webmercator_hash_v1",
        "value": 796
      },
      "type": "Feature"
    },
    {
      "geometry": {
        "coordinates": [
          -93.712095,
          20.588717
        ],
        "type": "Point"
      },
      "properties": {
        "cipher": "Standard",
        "mode": "value_domain",
        "projection": "webmercator_hash_v1",
        "projection_method": "webmercator_hash_v1",
        "value": 797
      },
      "type": "Feature"
    },
    {
      "geometry": {
        "coordinates": [
          129.494192,
          75.299767
        ],
        "type": "Point"
      },
      "properties": {
        "cipher": "Standard",
        "mode": "value_domain",
        "projection": "webmercator_hash_v1",
        "projection_method": "webmercator_hash_v1",
        "value": 798
      },
      "type": "Feature"
    },
    {
      "geometry": {
        "coordinates": [
          -143.612491,
          75.481647
        ],
        "type": "Point"
      },
      "properties": {
        "cipher": "Standard",
        "mode": "value_domain",
        "projection": "webmercator_hash_v1",
        "projection_method": "webmercator_hash_v1",
        "value": 799
      },
      "type": "Feature"
    },
    {
      "geometry": {
        "coordinates": [
          60.096124,
          69.322092
        ],
        "type": "Point"
      },
      "properties": {
        "cipher": "Standard",
        "mode": "value_domain",
        "projection": "webmercator_hash_v1",
        "projection_method": "webmercator_hash_v1",
        "value": 800
      },
      "type": "Feature"
    },
    {
      "geometry": {
        "coordinates": [
          -179.656462,
          22.840356
        ],
        "type": "Point"
      },
      "properties": {
        "cipher": "Standard",
        "mode": "value_domain",
        "projection": "webmercator_hash_v1",
        "projection_method": "webmercator_hash_v1",
        "value": 801
      },
      "type": "Feature"
    },
    {
      "geometry": {
        "coordinates": [
          173.76369,
          -5.499266
        ],
        "type": "Point"
      },
      "properties": {
        "cipher": "Standard",
        "mode": "value_domain",
        "projection": "webmercator_hash_v1",
        "projection_method": "webmercator_hash_v1",
        "value": 802
      },
      "type": "Feature"
    },
    {
      "geometry": {
        "coordinates": [
          -114.791818,
          60.838592
        ],
        "type": "Point"
      },
      "properties": {
        "cipher": "Standard",
        "mode": "value_domain",
        "projection": "webmercator_hash_v1",
        "projection_method": "webmercator_hash_v1",
        "value": 803
      },
      "type": "Feature"
    },
    {
      "geometry": {
        "coordinates": [
          -121.824425,
          66.082194
        ],
        "type": "Point"
      },
      "properties": {
        "cipher": "Standard",
        "mode": "value_domain",
        "projection": "webmercator_hash_v1",
        "projection_method": "webmercator_hash_v1",
        "value": 804
      },
      "type": "Feature"
    },
    {
      "geometry": {
        "coordinates": [
          30.920935,
          -63.013473
        ],
        "type": "Point"
      },
      "properties": {
        "cipher": "Standard",
        "mode": "value_domain",
        "projection": "webmercator_hash_v1",
        "projection_method": "webmercator_hash_v1",
        "value": 805
      },
      "type": "Feature"
    },
    {
      "geometry": {
        "coordinates": [
          -10.247131,
          -22.136544
        ],
        "type": "Point"
      },
      "properties": {
        "cipher": "Standard",
        "mode": "value_domain",
        "projection": "webmercator_hash_v1",
        "projection_method": "webmercator_hash_v1",
        "value": 806
      },
      "type": "Feature"
    },
    {
      "geometry": {
        "coordinates": [
          -165.555589,
          83.703871
        ],
        "type": "Point"
      },
      "properties": {
        "cipher": "Standard",
        "mode": "value_domain",
        "projection": "webmercator_hash_v1",
        "projection_method": "webmercator_hash_v1",
        "value": 807
      },
      "type": "Feature"
    },
    {
      "geometry": {
        "coordinates": [
          -36.953245,
          67.776059
        ],
        "type": "Point"
      },
      "properties": {
        "cipher": "Standard",
        "mode": "value_domain",
        "projection": "webmercator_hash_v1",
        "projection_method": "webmercator_hash_v1",
        "value": 808
      },
      "type": "Feature"
    },
    {
      "geometry": {
        "coordinates": [
          22.606073,
          -76.883563
        ],
        "type": "Point"
      },
      "properties": {
        "cipher": "Standard",
        "mode": "value_domain",
        "projection": "webmercator_hash_v1",
        "projection_method": "webmercator_hash_v1",
        "value": 809
      },
      "type": "Feature"
    },
    {
      "geometry": {
        "coordinates": [
          -113.962313,
          14.578936
        ],
        "type": "Point"
      },
      "properties": {
        "cipher": "Standard",
        "mode": "value_domain",
        "projection": "webmercator_hash_v1",
        "projection_method": "webmercator_hash_v1",
        "value": 810
      },
      "type": "Feature"
    },
    {
      "geometry": {
        "coordinates": [
          4.817081,
          -54.407095
        ],
        "type": "Point"
      },
      "properties": {
        "cipher": "Standard",
        "mode": "value_domain",
        "projection": "webmercator_hash_v1",
        "projection_method": "webmercator_hash_v1",
        "value": 811
      },
      "type": "Feature"
    },
    {
      "geometry": {
        "coordinates": [
          -13.638693,
          52.031096
        ],
        "type": "Point"
      },
      "properties": {
        "cipher": "Standard",
        "mode": "value_domain",
        "projection": "webmercator_hash_v1",
        "projection_method": "webmercator_hash_v1",
        "value": 812
      },
      "type": "Feature"
    },
    {
      "geometry": {
        "coordinates": [
          -49.215706,
          62.719723
        ],
        "type": "Point"
      },
      "properties": {
        "cipher": "Standard",
        "mode": "value_domain",
        "projection": "webmercator_hash_v1",
        "projection_method": "webmercator_hash_v1",
        "value": 813
      },
      "type": "Feature"
    },
    {
      "geometry": {
        "coordinates": [
          -152.610874,
          -63.944084
        ],
        "type": "Point"
      },
      "properties": {
        "cipher": "Standard",
        "mode": "value_domain",
        "projection": "webmercator_hash_v1",
        "projection_method": "webmercator_hash_v1",
        "value": 814
      },
      "type": "Feature"
    },
    {
      "geometry": {
        "coordinates": [
          124.291263,
          68.167689
        ],
        "type": "Point"
      },
      "properties": {
        "cipher": "Standard",
        "mode": "value_domain",
        "projection": "webmercator_hash_v1",
        "projection_method": "webmercator_hash_v1",
        "value": 815
      },
      "type": "Feature"
    },
    {
      "geometry": {
        "coordinates": [
          -142.064773,
          20.42275
        ],
        "type": "Point"
      },
      "properties": {
        "cipher": "Standard",
        "mode": "value_domain",
        "projection": "webmercator_hash_v1",
        "projection_method": "webmercator_hash_v1",
        "value": 816
      },
      "type": "Feature"
    },
    {
      "geometry": {
        "coordinates": [
          -165.705972,
          70.829319
        ],
        "type": "Point"
      },
      "properties": {
        "cipher": "Standard",
        "mode": "value_domain",
        "projection": "webmercator_hash_v1",
        "projection_method": "webmercator_hash_v1",
        "value": 817
      },
      "type": "Feature"
    },
    {
      "geometry": {
        "coordinates": [
          -80.534261,
          -82.138392
        ],
        "type": "Point"
      },
      "properties": {
        "cipher": "Standard",
        "mode": "value_domain",
        "projection": "webmercator_hash_v1",
        "projection_method": "webmercator_hash_v1",
        "value": 818
      },
      "type": "Feature"
    },
    {
      "geometry": {
        "coordinates": [
          164.216435,
          -26.768008
        ],
        "type": "Point"
      },
      "properties": {
        "cipher": "Standard",
        "mode": "value_domain",
        "projection": "webmercator_hash_v1",
        "projection_method": "webmercator_hash_v1",
        "value": 819
      },
      "type": "Feature"
    },
    {
      "geometry": {
        "coordinates": [
          42.130477,
          -27.172179
        ],
        "type": "Point"
      },
      "properties": {
        "cipher": "Standard",
        "mode": "value_domain",
        "projection": "webmercator_hash_v1",
        "projection_method": "webmercator_hash_v1",
        "value": 820
      },
      "type": "Feature"
    },
    {
      "geometry": {
        "coordinates": [
          -34.405887,
          -50.024008
        ],
        "type": "Point"
      },
      "properties": {
        "cipher": "Standard",
        "mode": "value_domain",
        "projection": "webmercator_hash_v1",
        "projection_method": "webmercator_hash_v1",
        "value": 821
      },
      "type": "Feature"
    },
    {
      "geometry": {
        "coordinates": [
          -59.004664,
          -68.499461
        ],
        "type": "Point"
      },
      "properties": {
        "cipher": "Standard",
        "mode": "value_domain",
        "projection": "webmercator_hash_v1",
        "projection_method": "webmercator_hash_v1",
        "value": 822
      },
      "type": "Feature"
    },
    {
      "geometry": {
        "coordinates": [
          -160.911614,
          -25.557372
        ],
        "type": "Point"
      },
      "properties": {
        "cipher": "Standard",
        "mode": "value_domain",
        "projection": "webmercator_hash_v1",
        "projection_method": "webmercator_hash_v1",
        "value": 823
      },
      "type": "Feature"
    },
    {
      "geometry": {
        "coordinates": [
          115.965116,
          22.698207
        ],
        "type": "Point"
      },
      "properties": {
        "cipher": "Standard",
        "mode": "value_domain",
        "projection": "webmercator_hash_v1",
        "projection_method": "webmercator_hash_v1",
        "value": 824
      },
      "type": "Feature"
    },
    {
      "geometry": {
        "coordinates": [
          -121.911941,
          -66.418167
        ],
        "type": "Point"
      },
      "properties": {
        "cipher": "Standard",
        "mode": "value_domain",
        "projection": "webmercator_hash_v1",
        "projection_method": "webmercator_hash_v1",
        "value": 825
      },
      "type": "Feature"
    },
    {
      "geometry": {
        "coordinates": [
          105.687981,
          -77.412589
        ],
        "type": "Point"
      },
      "properties": {
        "cipher": "Standard",
        "mode": "value_domain",
        "projection": "webmercator_hash_v1",
        "projection_method": "webmercator_hash_v1",
        "value": 826
      },
      "type": "Feature"
    },
    {
      "geometry": {
        "coordinates": [
          -119.376811,
          63.385497
        ],
        "type": "Point"
      },
      "properties": {
        "cipher": "Standard",
        "mode": "value_domain",
        "projection": "webmercator_hash_v1",
        "projection_method": "webmercator_hash_v1",
        "value": 827
      },
      "type": "Feature"
    },
    {
      "geometry": {
        "coordinates": [
          40.887957,
          -46.981501
        ],
        "type": "Point"
      },
      "properties": {
        "cipher": "Standard",
        "mode": "value_domain",
        "projection": "webmercator_hash_v1",
        "projection_method": "webmercator_hash_v1",
        "value": 828
      },
      "type": "Feature"
    },
    {
      "geometry": {
        "coordinates": [
          179.466152,
          -8.827286
        ],
        "type": "Point"
      },
      "properties": {
        "cipher": "Standard",
        "mode": "value_domain",
        "projection": "webmercator_hash_v1",
        "projection_method": "webmercator_hash_v1",
        "value": 829
      },
      "type": "Feature"
    },
    {
      "geometry": {
        "coordinates": [
          135.932774,
          34.512787
        ],
        "type": "Point"
      },
      "properties": {
        "cipher": "Standard",
        "mode": "value_domain",
        "projection": "webmercator_hash_v1",
        "projection_method": "webmercator_hash_v1",
        "value": 830
      },
      "type": "Feature"
    },
    {
      "geometry": {
        "coordinates": [
          -122.622094,
          -68.027243
        ],
        "type": "Point"
      },
      "properties": {
        "cipher": "Standard",
        "mode": "value_domain",
        "projection": "webmercator_hash_v1",
        "projection_method": "webmercator_hash_v1",
        "value": 831
      },
      "type": "Feature"
    },
    {
      "geometry": {
        "coordinates": [
          -108.040877,
          -59.389984
        ],
        "type": "Point"
      },
      "properties": {
        "cipher": "Standard",
        "mode": "value_domain",
        "projection": "webmercator_hash_v1",
        "projection_method": "webmercator_hash_v1",
        "value": 832
      },
      "type": "Feature"
    },
    {
      "geometry": {
        "coordinates": [
          175.15643,
          12.94363
        ],
        "type": "Point"
      },
      "properties": {
        "cipher": "Standard",
        "mode": "value_domain",
        "projection": "webmercator_hash_v1",
        "projection_method": "webmercator_hash_v1",
        "value": 833
      },
      "type": "Feature"
    },
    {
      "geometry": {
        "coordinates": [
          73.931694,
          33.56745
        ],
        "type": "Point"
      },
      "properties": {
        "cipher": "Standard",
        "mode": "value_domain",
        "projection": "webmercator_hash_v1",
        "projection_method": "webmercator_hash_v1",
        "value": 834
      },
      "type": "Feature"
    },
    {
      "geometry": {
        "coordinates": [
          158.432508,
          61.337184
        ],
        "type": "Point"
      },
      "properties": {
        "cipher": "Standard",
        "mode": "value_domain",
        "projection": "webmercator_hash_v1",
        "projection_method": "webmercator_hash_v1",
        "value": 835
      },
      "type": "Feature"
    },
    {
      "geometry": {
        "coordinates": [
          -76.319866,
          20.345863
        ],
        "type": "Point"
      },
      "properties": {
        "cipher": "Standard",
        "mode": "value_domain",
        "projection": "webmercator_hash_v1",
        "projection_method": "webmercator_hash_v1",
        "value": 836
      },
      "type": "Feature"
    },
    {
      "geometry": {
        "coordinates": [
          -118.732177,
          -77.07995
        ],
        "type": "Point"
      },
      "properties": {
        "cipher": "Standard",
        "mode": "value_domain",
        "projection": "webmercator_hash_v1",
        "projection_method": "webmercator_hash_v1",
        "value": 837
      },
      "type": "Feature"
    },
    {
      "geometry": {
        "coordinates": [
          168.061725,
          -49.610467
        ],
        "type": "Point"
      },
      "properties": {
        "cipher": "Standard",
        "mode": "value_domain",
        "projection": "webmercator_hash_v1",
        "projection_method": "webmercator_hash_v1",
        "value": 838
      },
      "type": "Feature"
    },
    {
      "geometry": {
        "coordinates": [
          -144.502137,
          -23.58484
        ],
        "type": "Point"
      },
      "properties": {
        "cipher": "Standard",
        "mode": "value_domain",
        "projection": "webmercator_hash_v1",
        "projection_method": "webmercator_hash_v1",
        "value": 839
      },
      "type": "Feature"
    },
    {
      "geometry": {
        "coordinates": [
          -102.192648,
          -66.557508
        ],
        "type": "Point"
      },
      "properties": {
        "cipher": "Standard",
        "mode": "value_domain",
        "projection": "webmercator_hash_v1",
        "projection_method": "webmercator_hash_v1",
        "value": 840
      },
      "type": "Feature"
    },
    {
      "geometry": {
        "coordinates": [
          59.119994,
          59.945888
        ],
        "type": "Point"
      },
      "properties": {
        "cipher": "Standard",
        "mode": "value_domain",
        "projection": "webmercator_hash_v1",
        "projection_method": "webmercator_hash_v1",
        "value": 841
      },
      "type": "Feature"
    },
    {
      "geometry": {
        "coordinates": [
          108.038036,
          -70.634181
        ],
        "type": "Point"
      },
      "properties": {
        "cipher": "Standard",
        "mode": "value_domain",
        "projection": "webmercator_hash_v1",
        "projection_method": "webmercator_hash_v1",
        "value": 842
      },
      "type": "Feature"
    },
    {
      "geometry": {
        "coordinates": [
          121.538462,
          29.723933
        ],
        "type": "Point"
      },
      "properties": {
        "cipher": "Standard",
        "mode": "value_domain",
        "projection": "webmercator_hash_v1",
        "projection_method": "webmercator_hash_v1",
        "value": 843
      },
      "type": "Feature"
    },
    {
      "geometry": {
        "coordinates": [
          26.882557,
          -1.257901
        ],
        "type": "Point"
      },
      "properties": {
        "cipher": "Standard",
        "mode": "value_domain",
        "projection": "webmercator_hash_v1",
        "projection_method": "webmercator_hash_v1",
        "value": 844
      },
      "type": "Feature"
    },
    {
      "geometry": {
        "coordinates": [
          -118.239762,
          -71.864251
        ],
        "type": "Point"
      },
      "properties": {
        "cipher": "Standard",
        "mode": "value_domain",
        "projection": "webmercator_hash_v1",
        "projection_method": "webmercator_hash_v1",
        "value": 845
      },
      "type": "Feature"
    },
    {
      "geometry": {
        "coordinates": [
          57.607074,
          -25.481926
        ],
        "type": "Point"
      },
      "properties": {
        "cipher": "Standard",
        "mode": "value_domain",
        "projection": "webmercator_hash_v1",
        "projection_method": "webmercator_hash_v1",
        "value": 846
      },
      "type": "Feature"
    },
    {
      "geometry": {
        "coordinates": [
          -167.002496,
          8.233745
        ],
        "type": "Point"
      },
      "properties": {
        "cipher": "Standard",
        "mode": "value_domain",
        "projection": "webmercator_hash_v1",
        "projection_method": "webmercator_hash_v1",
        "value": 847
      },
      "type": "Feature"
    },
    {
      "geometry": {
        "coordinates": [
          100.891524,
          -44.542745
        ],
        "type": "Point"
      },
      "properties": {
        "cipher": "Standard",
        "mode": "value_domain",
        "projection": "webmercator_hash_v1",
        "projection_method": "webmercator_hash_v1",
        "value": 848
      },
      "type": "Feature"
    },
    {
      "geometry": {
        "coordinates": [
          -17.167595,
          -38.65659
        ],
        "type": "Point"
      },
      "properties": {
        "cipher": "Standard",
        "mode": "value_domain",
        "projection": "webmercator_hash_v1",
        "projection_method": "webmercator_hash_v1",
        "value": 849
      },
      "type": "Feature"
    },
    {
      "geometry": {
        "coordinates": [
          -29.463818,
          54.591347
        ],
        "type": "Point"
      },
      "properties": {
        "cipher": "Standard",
        "mode": "value_domain",
        "projection": "webmercator_hash_v1",
        "projection_method": "webmercator_hash_v1",
        "value": 850
      },
      "type": "Feature"
    },
    {
      "geometry": {
        "coordinates": [
          103.922408,
          82.306705
        ],
        "type": "Point"
      },
      "properties": {
        "cipher": "Standard",
        "mode": "value_domain",
        "projection": "webmercator_hash_v1",
        "projection_method": "webmercator_hash_v1",
        "value": 851
      },
      "type": "Feature"
    },
    {
      "geometry": {
        "coordinates": [
          -4.854021,
          -29.54479
        ],
        "type": "Point"
      },
      "properties": {
        "cipher": "Standard",
        "mode": "value_domain",
        "projection": "webmercator_hash_v1",
        "projection_method": "webmercator_hash_v1",
        "value": 852
      },
      "type": "Feature"
    },
    {
      "geometry": {
        "coordinates": [
          93.654821,
          -2.55915
        ],
        "type": "Point"
      },
      "properties": {
        "cipher": "Standard",
        "mode": "value_domain",
        "projection": "webmercator_hash_v1",
        "projection_method": "webmercator_hash_v1",
        "value": 853
      },
      "type": "Feature"
    },
    {
      "geometry": {
        "coordinates": [
          48.661126,
          -20.866
        ],
        "type": "Point"
      },
      "properties": {
        "cipher": "Standard",
        "mode": "value_domain",
        "projection": "webmercator_hash_v1",
        "projection_method": "webmercator_hash_v1",
        "value": 854
      },
      "type": "Feature"
    },
    {
      "geometry": {
        "coordinates": [
          37.663054,
          83.060733
        ],
        "type": "Point"
      },
      "properties": {
        "cipher": "Standard",
        "mode": "value_domain",
        "projection": "webmercator_hash_v1",
        "projection_method": "webmercator_hash_v1",
        "value": 855
      },
      "type": "Feature"
    },
    {
      "geometry": {
        "coordinates": [
          175.41485,
          -5.197328
        ],
        "type": "Point"
      },
      "properties": {
        "cipher": "Standard",
        "mode": "value_domain",
        "projection": "webmercator_hash_v1",
        "projection_method": "webmercator_hash_v1",
        "value": 856
      },
      "type": "Feature"
    },
    {
      "geometry": {
        "coordinates": [
          24.390634,
          -11.000307
        ],
        "type": "Point"
      },
      "properties": {
        "cipher": "Standard",
        "mode": "value_domain",
        "projection": "webmercator_hash_v1",
        "projection_method": "webmercator_hash_v1",
        "value": 857
      },
      "type": "Feature"
    },
    {
      "geometry": {
        "coordinates": [
          144.474565,
          -6.008603
        ],
        "type": "Point"
      },
      "properties": {
        "cipher": "Standard",
        "mode": "value_domain",
        "projection": "webmercator_hash_v1",
        "projection_method": "webmercator_hash_v1",
        "value": 858
      },
      "type": "Feature"
    },
    {
      "geometry": {
        "coordinates": [
          163.002463,
          82.217068
        ],
        "type": "Point"
      },
      "properties": {
        "cipher": "Standard",
        "mode": "value_domain",
        "projection": "webmercator_hash_v1",
        "projection_method": "webmercator_hash_v1",
        "value": 859
      },
      "type": "Feature"
    },
    {
      "geometry": {
        "coordinates": [
          152.992105,
          37.900763
        ],
        "type": "Point"
      },
      "properties": {
        "cipher": "Standard",
        "mode": "value_domain",
        "projection": "webmercator_hash_v1",
        "projection_method": "webmercator_hash_v1",
        "value": 860
      },
      "type": "Feature"
    },
    {
      "geometry": {
        "coordinates": [
          -167.902849,
          -68.339239
        ],
        "type": "Point"
      },
      "properties": {
        "cipher": "Standard",
        "mode": "value_domain",
        "projection": "webmercator_hash_v1",
        "projection_method": "webmercator_hash_v1",
        "value": 861
      },
      "type": "Feature"
    },
    {
      "geometry": {
        "coordinates": [
          -139.715032,
          -48.747592
        ],
        "type": "Point"
      },
      "properties": {
        "cipher": "Standard",
        "mode": "value_domain",
        "projection": "webmercator_hash_v1",
        "projection_method": "webmercator_hash_v1",
        "value": 862
      },
      "type": "Feature"
    },
    {
      "geometry": {
        "coordinates": [
          -178.029293,
          -56.636463
        ],
        "type": "Point"
      },
      "properties": {
        "cipher": "Standard",
        "mode": "value_domain",
        "projection": "webmercator_hash_v1",
        "projection_method": "webmercator_hash_v1",
        "value": 863
      },
      "type": "Feature"
    },
    {
      "geometry": {
        "coordinates": [
          -15.640202,
          21.04864
        ],
        "type": "Point"
      },
      "properties": {
        "cipher": "Standard",
        "mode": "value_domain",
        "projection": "webmercator_hash_v1",
        "projection_method": "webmercator_hash_v1",
        "value": 864
      },
      "type": "Feature"
    },
    {
      "geometry": {
        "coordinates": [
          114.509374,
          80.256589
        ],
        "type": "Point"
      },
      "properties": {
        "cipher": "Standard",
        "mode": "value_domain",
        "projection": "webmercator_hash_v1",
        "projection_method": "webmercator_hash_v1",
        "value": 865
      },
      "type": "Feature"
    },
    {
      "geometry": {
        "coordinates": [
          -119.115913,
          39.439874
        ],
        "type": "Point"
      },
      "properties": {
        "cipher": "Standard",
        "mode": "value_domain",
        "projection": "webmercator_hash_v1",
        "projection_method": "webmercator_hash_v1",
        "value": 866
      },
      "type": "Feature"
    },
    {
      "geometry": {
        "coordinates": [
          -28.393021,
          -57.763178
        ],
        "type": "Point"
      },
      "properties": {
        "cipher": "Standard",
        "mode": "value_domain",
        "projection": "webmercator_hash_v1",
        "projection_method": "webmercator_hash_v1",
        "value": 867
      },
      "type": "Feature"
    },
    {
      "geometry": {
        "coordinates": [
          69.36889,
          -6.408888
        ],
        "type": "Point"
      },
      "properties": {
        "cipher": "Standard",
        "mode": "value_domain",
        "projection": "webmercator_hash_v1",
        "projection_method": "webmercator_hash_v1",
        "value": 868
      },
      "type": "Feature"
    },
    {
      "geometry": {
        "coordinates": [
          -19.85524,
          -25.708567
        ],
        "type": "Point"
      },
      "properties": {
        "cipher": "Standard",
        "mode": "value_domain",
        "projection": "webmercator_hash_v1",
        "projection_method": "webmercator_hash_v1",
        "value": 869
      },
      "type": "Feature"
    },
    {
      "geometry": {
        "coordinates": [
          165.930538,
          51.746272
        ],
        "type": "Point"
      },
      "properties": {
        "cipher": "Standard",
        "mode": "value_domain",
        "projection": "webmercator_hash_v1",
        "projection_method": "webmercator_hash_v1",
        "value": 870
      },
      "type": "Feature"
    },
    {
      "geometry": {
        "coordinates": [
          122.827954,
          18.895692
        ],
        "type": "Point"
      },
      "properties": {
        "cipher": "Standard",
        "mode": "value_domain",
        "projection": "webmercator_hash_v1",
        "projection_method": "webmercator_hash_v1",
        "value": 871
      },
      "type": "Feature"
    },
    {
      "geometry": {
        "coordinates": [
          -119.134835,
          -50.491191
        ],
        "type": "Point"
      },
      "properties": {
        "cipher": "Standard",
        "mode": "value_domain",
        "projection": "webmercator_hash_v1",
        "projection_method": "webmercator_hash_v1",
        "value": 872
      },
      "type": "Feature"
    },
    {
      "geometry": {
        "coordinates": [
          -108.9251,
          -39.280788
        ],
        "type": "Point"
      },
      "properties": {
        "cipher": "Standard",
        "mode": "value_domain",
        "projection": "webmercator_hash_v1",
        "projection_method": "webmercator_hash_v1",
        "value": 873
      },
      "type": "Feature"
    },
    {
      "geometry": {
        "coordinates": [
          35.687547,
          -53.302984
        ],
        "type": "Point"
      },
      "properties": {
        "cipher": "Standard",
        "mode": "value_domain",
        "projection": "webmercator_hash_v1",
        "projection_method": "webmercator_hash_v1",
        "value": 874
      },
      "type": "Feature"
    },
    {
      "geometry": {
        "coordinates": [
          -132.373299,
          67.439226
        ],
        "type": "Point"
      },
      "properties": {
        "cipher": "Standard",
        "mode": "value_domain",
        "projection": "webmercator_hash_v1",
        "projection_method": "webmercator_hash_v1",
        "value": 875
      },
      "type": "Feature"
    },
    {
      "geometry": {
        "coordinates": [
          164.569902,
          22.561995
        ],
        "type": "Point"
      },
      "properties": {
        "cipher": "Standard",
        "mode": "value_domain",
        "projection": "webmercator_hash_v1",
        "projection_method": "webmercator_hash_v1",
        "value": 876
      },
      "type": "Feature"
    },
    {
      "geometry": {
        "coordinates": [
          -80.53555,
          80.117484
        ],
        "type": "Point"
      },
      "properties": {
        "cipher": "Standard",
        "mode": "value_domain",
        "projection": "webmercator_hash_v1",
        "projection_method": "webmercator_hash_v1",
        "value": 877
      },
      "type": "Feature"
    },
    {
      "geometry": {
        "coordinates": [
          -114.906551,
          67.373364
        ],
        "type": "Point"
      },
      "properties": {
        "cipher": "Standard",
        "mode": "value_domain",
        "projection": "webmercator_hash_v1",
        "projection_method": "webmercator_hash_v1",
        "value": 878
      },
      "type": "Feature"
    },
    {
      "geometry": {
        "coordinates": [
          -76.55784,
          -8.569841
        ],
        "type": "Point"
      },
      "properties": {
        "cipher": "Standard",
        "mode": "value_domain",
        "projection": "webmercator_hash_v1",
        "projection_method": "webmercator_hash_v1",
        "value": 879
      },
      "type": "Feature"
    },
    {
      "geometry": {
        "coordinates": [
          -28.919413,
          54.364346
        ],
        "type": "Point"
      },
      "properties": {
        "cipher": "Standard",
        "mode": "value_domain",
        "projection": "webmercator_hash_v1",
        "projection_method": "webmercator_hash_v1",
        "value": 880
      },
      "type": "Feature"
    },
    {
      "geometry": {
        "coordinates": [
          -57.783678,
          79.438199
        ],
        "type": "Point"
      },
      "properties": {
        "cipher": "Standard",
        "mode": "value_domain",
        "projection": "webmercator_hash_v1",
        "projection_method": "webmercator_hash_v1",
        "value": 881
      },
      "type": "Feature"
    },
    {
      "geometry": {
        "coordinates": [
          77.620183,
          13.826167
        ],
        "type": "Point"
      },
      "properties": {
        "cipher": "Standard",
        "mode": "value_domain",
        "projection": "webmercator_hash_v1",
        "projection_method": "webmercator_hash_v1",
        "value": 882
      },
      "type": "Feature"
    },
    {
      "geometry": {
        "coordinates": [
          -150.423638,
          83.379073
        ],
        "type": "Point"
      },
      "properties": {
        "cipher": "Standard",
        "mode": "value_domain",
        "projection": "webmercator_hash_v1",
        "projection_method": "webmercator_hash_v1",
        "value": 883
      },
      "type": "Feature"
    },
    {
      "geometry": {
        "coordinates": [
          -48.260018,
          16.891712
        ],
        "type": "Point"
      },
      "properties": {
        "cipher": "Standard",
        "mode": "value_domain",
        "projection": "webmercator_hash_v1",
        "projection_method": "webmercator_hash_v1",
        "value": 884
      },
      "type": "Feature"
    },
    {
      "geometry": {
        "coordinates": [
          -97.190888,
          81.553495
        ],
        "type": "Point"
      },
      "properties": {
        "cipher": "Standard",
        "mode": "value_domain",
        "projection": "webmercator_hash_v1",
        "projection_method": "webmercator_hash_v1",
        "value": 885
      },
      "type": "Feature"
    },
    {
      "geometry": {
        "coordinates": [
          -39.432133,
          -61.82126
        ],
        "type": "Point"
      },
      "properties": {
        "cipher": "Standard",
        "mode": "value_domain",
        "projection": "webmercator_hash_v1",
        "projection_method": "webmercator_hash_v1",
        "value": 886
      },
      "type": "Feature"
    },
    {
      "geometry": {
        "coordinates": [
          -12.333146,
          20.772133
        ],
        "type": "Point"
      },
      "properties": {
        "cipher": "Standard",
        "mode": "value_domain",
        "projection": "webmercator_hash_v1",
        "projection_method": "webmercator_hash_v1",
        "value": 887
      },
      "type": "Feature"
    },
    {
      "geometry": {
        "coordinates": [
          -154.904856,
          35.317033
        ],
        "type": "Point"
      },
      "properties": {
        "cipher": "Standard",
        "mode": "value_domain",
        "projection": "webmercator_hash_v1",
        "projection_method": "webmercator_hash_v1",
        "value": 888
      },
      "type": "Feature"
    },
    {
      "geometry": {
        "coordinates": [
          17.184113,
          -4.588685
        ],
        "type": "Point"
      },
      "properties": {
        "cipher": "Standard",
        "mode": "value_domain",
        "projection": "webmercator_hash_v1",
        "projection_method": "webmercator_hash_v1",
        "value": 889
      },
      "type": "Feature"
    },
    {
      "geometry": {
        "coordinates": [
          58.429985,
          40.555971
        ],
        "type": "Point"
      },
      "properties": {
        "cipher": "Standard",
        "mode": "value_domain",
        "projection": "webmercator_hash_v1",
        "projection_method": "webmercator_hash_v1",
        "value": 890
      },
      "type": "Feature"
    },
    {
      "geometry": {
        "coordinates": [
          -67.658892,
          -66.200224
        ],
        "type": "Point"
      },
      "properties": {
        "cipher": "Standard",
        "mode": "value_domain",
        "projection": "webmercator_hash_v1",
        "projection_method": "webmercator_hash_v1",
        "value": 891
      },
      "type": "Feature"
    },
    {
      "geometry": {
        "coordinates": [
          -12.603549,
          71.710089
        ],
        "type": "Point"
      },
      "properties": {
        "cipher": "Standard",
        "mode": "value_domain",
        "projection": "webmercator_hash_v1",
        "projection_method": "webmercator_hash_v1",
        "value": 892
      },
      "type": "Feature"
    },
    {
      "geometry": {
        "coordinates": [
          -17.584923,
          -77.838044
        ],
        "type": "Point"
      },
      "properties": {
        "cipher": "Standard",
        "mode": "value_domain",
        "projection": "webmercator_hash_v1",
        "projection_method": "webmercator_hash_v1",
        "value": 893
      },
      "type": "Feature"
    },
    {
      "geometry": {
        "coordinates": [
          49.916121,
          -33.153315
        ],
        "type": "Point"
      },
      "properties": {
        "cipher": "Standard",
        "mode": "value_domain",
        "projection": "webmercator_hash_v1",
        "projection_method": "webmercator_hash_v1",
        "value": 894
      },
      "type": "Feature"
    },
    {
      "geometry": {
        "coordinates": [
          97.692773,
          -10.09829
        ],
        "type": "Point"
      },
      "properties": {
        "cipher": "Standard",
        "mode": "value_domain",
        "projection": "webmercator_hash_v1",
        "projection_method": "webmercator_hash_v1",
        "value": 895
      },
      "type": "Feature"
    },
    {
      "geometry": {
        "coordinates": [
          -103.655008,
          23.82033
        ],
        "type": "Point"
      },
      "properties": {
        "cipher": "Standard",
        "mode": "value_domain",
        "projection": "webmercator_hash_v1",
        "projection_method": "webmercator_hash_v1",
        "value": 896
      },
      "type": "Feature"
    },
    {
      "geometry": {
        "coordinates": [
          -16.535299,
          -76.74434
        ],
        "type": "Point"
      },
      "properties": {
        "cipher": "Standard",
        "mode": "value_domain",
        "projection": "webmercator_hash_v1",
        "projection_method": "webmercator_hash_v1",
        "value": 897
      },
      "type": "Feature"
    },
    {
      "geometry": {
        "coordinates": [
          -34.27397,
          47.211837
        ],
        "type": "Point"
      },
      "properties": {
        "cipher": "Standard",
        "mode": "value_domain",
        "projection": "webmercator_hash_v1",
        "projection_method": "webmercator_hash_v1",
        "value": 898
      },
      "type": "Feature"
    },
    {
      "geometry": {
        "coordinates": [
          -26.1079,
          -82.220749
        ],
        "type": "Point"
      },
      "properties": {
        "cipher": "Standard",
        "mode": "value_domain",
        "projection": "webmercator_hash_v1",
        "projection_method": "webmercator_hash_v1",
        "value": 899
      },
      "type": "Feature"
    },
    {
      "geometry": {
        "coordinates": [
          -63.611391,
          -69.857976
        ],
        "type": "Point"
      },
      "properties": {
        "cipher": "Standard",
        "mode": "value_domain",
        "projection": "webmercator_hash_v1",
        "projection_method": "webmercator_hash_v1",
        "value": 900
      },
      "type": "Feature"
    },
    {
      "geometry": {
        "coordinates": [
          104.786097,
          25.523669
        ],
        "type": "Point"
      },
      "properties": {
        "cipher": "Standard",
        "mode": "value_domain",
        "projection": "webmercator_hash_v1",
        "projection_method": "webmercator_hash_v1",
        "value": 901
      },
      "type": "Feature"
    },
    {
      "geometry": {
        "coordinates": [
          -94.795725,
          31.660389
        ],
        "type": "Point"
      },
      "properties": {
        "cipher": "Standard",
        "mode": "value_domain",
        "projection": "webmercator_hash_v1",
        "projection_method": "webmercator_hash_v1",
        "value": 902
      },
      "type": "Feature"
    },
    {
      "geometry": {
        "coordinates": [
          58.748282,
          -23.375895
        ],
        "type": "Point"
      },
      "properties": {
        "cipher": "Standard",
        "mode": "value_domain",
        "projection": "webmercator_hash_v1",
        "projection_method": "webmercator_hash_v1",
        "value": 903
      },
      "type": "Feature"
    },
    {
      "geometry": {
        "coordinates": [
          33.164379,
          62.958865
        ],
        "type": "Point"
      },
      "properties": {
        "cipher": "Standard",
        "mode": "value_domain",
        "projection": "webmercator_hash_v1",
        "projection_method": "webmercator_hash_v1",
        "value": 904
      },
      "type": "Feature"
    },
    {
      "geometry": {
        "coordinates": [
          -97.588715,
          9.234829
        ],
        "type": "Point"
      },
      "properties": {
        "cipher": "Standard",
        "mode": "value_domain",
        "projection": "webmercator_hash_v1",
        "projection_method": "webmercator_hash_v1",
        "value": 905
      },
      "type": "Feature"
    },
    {
      "geometry": {
        "coordinates": [
          -20.625076,
          31.925233
        ],
        "type": "Point"
      },
      "properties": {
        "cipher": "Standard",
        "mode": "value_domain",
        "projection": "webmercator_hash_v1",
        "projection_method": "webmercator_hash_v1",
        "value": 906
      },
      "type": "Feature"
    },
    {
      "geometry": {
        "coordinates": [
          18.994229,
          29.08721
        ],
        "type": "Point"
      },
      "properties": {
        "cipher": "Standard",
        "mode": "value_domain",
        "projection": "webmercator_hash_v1",
        "projection_method": "webmercator_hash_v1",
        "value": 907
      },
      "type": "Feature"
    },
    {
      "geometry": {
        "coordinates": [
          105.90977,
          40.483146
        ],
        "type": "Point"
      },
      "properties": {
        "cipher": "Standard",
        "mode": "value_domain",
        "projection": "webmercator_hash_v1",
        "projection_method": "webmercator_hash_v1",
        "value": 908
      },
      "type": "Feature"
    },
    {
      "geometry": {
        "coordinates": [
          -136.738213,
          -43.074398
        ],
        "type": "Point"
      },
      "properties": {
        "cipher": "Standard",
        "mode": "value_domain",
        "projection": "webmercator_hash_v1",
        "projection_method": "webmercator_hash_v1",
        "value": 909
      },
      "type": "Feature"
    },
    {
      "geometry": {
        "coordinates": [
          83.883771,
          -50.782353
        ],
        "type": "Point"
      },
      "properties": {
        "cipher": "Standard",
        "mode": "value_domain",
        "projection": "webmercator_hash_v1",
        "projection_method": "webmercator_hash_v1",
        "value": 910
      },
      "type": "Feature"
    },
    {
      "geometry": {
        "coordinates": [
          -135.219843,
          38.327536
        ],
        "type": "Point"
      },
      "properties": {
        "cipher": "Standard",
        "mode": "value_domain",
        "projection": "webmercator_hash_v1",
        "projection_method": "webmercator_hash_v1",
        "value": 911
      },
      "type": "Feature"
    },
    {
      "geometry": {
        "coordinates": [
          28.586965,
          -38.927956
        ],
        "type": "Point"
      },
      "properties": {
        "cipher": "Standard",
        "mode": "value_domain",
        "projection": "webmercator_hash_v1",
        "projection_method": "webmercator_hash_v1",
        "value": 912
      },
      "type": "Feature"
    },
    {
      "geometry": {
        "coordinates": [
          148.822929,
          21.244191
        ],
        "type": "Point"
      },
      "properties": {
        "cipher": "Standard",
        "mode": "value_domain",
        "projection": "webmercator_hash_v1",
        "projection_method": "webmercator_hash_v1",
        "value": 913
      },
      "type": "Feature"
    },
    {
      "geometry": {
        "coordinates": [
          110.611728,
          -52.015291
        ],
        "type": "Point"
      },
      "properties": {
        "cipher": "Standard",
        "mode": "value_domain",
        "projection": "webmercator_hash_v1",
        "projection_method": "webmercator_hash_v1",
        "value": 914
      },
      "type": "Feature"
    },
    {
      "geometry": {
        "coordinates": [
          -168.615086,
          55.724693
        ],
        "type": "Point"
      },
      "properties": {
        "cipher": "Standard",
        "mode": "value_domain",
        "projection": "webmercator_hash_v1",
        "projection_method": "webmercator_hash_v1",
        "value": 915
      },
      "type": "Feature"
    },
    {
      "geometry": {
        "coordinates": [
          169.90386,
          -39.794739
        ],
        "type": "Point"
      },
      "properties": {
        "cipher": "Standard",
        "mode": "value_domain",
        "projection": "webmercator_hash_v1",
        "projection_method": "webmercator_hash_v1",
        "value": 916
      },
      "type": "Feature"
    },
    {
      "geometry": {
        "coordinates": [
          108.749047,
          -35.823861
        ],
        "type": "Point"
      },
      "properties": {
        "cipher": "Standard",
        "mode": "value_domain",
        "projection": "webmercator_hash_v1",
        "projection_method": "webmercator_hash_v1",
        "value": 917
      },
      "type": "Feature"
    },
    {
      "geometry": {
        "coordinates": [
          79.354101,
          25.496978
        ],
        "type": "Point"
      },
      "properties": {
        "cipher": "Standard",
        "mode": "value_domain",
        "projection": "webmercator_hash_v1",
        "projection_method": "webmercator_hash_v1",
        "value": 918
      },
      "type": "Feature"
    },
    {
      "geometry": {
        "coordinates": [
          -125.15629,
          79.54281
        ],
        "type": "Point"
      },
      "properties": {
        "cipher": "Standard",
        "mode": "value_domain",
        "projection": "webmercator_hash_v1",
        "projection_method": "webmercator_hash_v1",
        "value": 919
      },
      "type": "Feature"
    },
    {
      "geometry": {
        "coordinates": [
          -141.869357,
          53.065828
        ],
        "type": "Point"
      },
      "properties": {
        "cipher": "Standard",
        "mode": "value_domain",
        "projection": "webmercator_hash_v1",
        "projection_method": "webmercator_hash_v1",
        "value": 920
      },
      "type": "Feature"
    },
    {
      "geometry": {
        "coordinates": [
          -84.171827,
          -63.344307
        ],
        "type": "Point"
      },
      "properties": {
        "cipher": "Standard",
        "mode": "value_domain",
        "projection": "webmercator_hash_v1",
        "projection_method": "webmercator_hash_v1",
        "value": 921
      },
      "type": "Feature"
    },
    {
      "geometry": {
        "coordinates": [
          144.94364,
          6.465239
        ],
        "type": "Point"
      },
      "properties": {
        "cipher": "Standard",
        "mode": "value_domain",
        "projection": "webmercator_hash_v1",
        "projection_method": "webmercator_hash_v1",
        "value": 922
      },
      "type": "Feature"
    },
    {
      "geometry": {
        "coordinates": [
          -21.552716,
          31.837445
        ],
        "type": "Point"
      },
      "properties": {
        "cipher": "Standard",
        "mode": "value_domain",
        "projection": "webmercator_hash_v1",
        "projection_method": "webmercator_hash_v1",
        "value": 923
      },
      "type": "Feature"
    },
    {
      "geometry": {
        "coordinates": [
          -135.246425,
          58.205716
        ],
        "type": "Point"
      },
      "properties": {
        "cipher": "Standard",
        "mode": "value_domain",
        "projection": "webmercator_hash_v1",
        "projection_method": "webmercator_hash_v1",
        "value": 924
      },
      "type": "Feature"
    },
    {
      "geometry": {
        "coordinates": [
          -44.76033,
          -22.46158
        ],
        "type": "Point"
      },
      "properties": {
        "cipher": "Standard",
        "mode": "value_domain",
        "projection": "webmercator_hash_v1",
        "projection_method": "webmercator_hash_v1",
        "value": 925
      },
      "type": "Feature"
    },
    {
      "geometry": {
        "coordinates": [
          173.218502,
          -23.794413
        ],
        "type": "Point"
      },
      "properties": {
        "cipher": "Standard",
        "mode": "value_domain",
        "projection": "webmercator_hash_v1",
        "projection_method": "webmercator_hash_v1",
        "value": 926
      },
      "type": "Feature"
    },
    {
      "geometry": {
        "coordinates": [
          -86.260841,
          44.389732
        ],
        "type": "Point"
      },
      "properties": {
        "cipher": "Standard",
        "mode": "value_domain",
        "projection": "webmercator_hash_v1",
        "projection_method": "webmercator_hash_v1",
        "value": 927
      },
      "type": "Feature"
    },
    {
      "geometry": {
        "coordinates": [
          -67.639863,
          28.012601
        ],
        "type": "Point"
      },
      "properties": {
        "cipher": "Standard",
        "mode": "value_domain",
        "projection": "webmercator_hash_v1",
        "projection_method": "webmercator_hash_v1",
        "value": 928
      },
      "type": "Feature"
    },
    {
      "geometry": {
        "coordinates": [
          98.956976,
          80.070268
        ],
        "type": "Point"
      },
      "properties": {
        "cipher": "Standard",
        "mode": "value_domain",
        "projection": "webmercator_hash_v1",
        "projection_method": "webmercator_hash_v1",
        "value": 929
      },
      "type": "Feature"
    },
    {
      "geometry": {
        "coordinates": [
          14.353777,
          -0.119276
        ],
        "type": "Point"
      },
      "properties": {
        "cipher": "Standard",
        "mode": "value_domain",
        "projection": "webmercator_hash_v1",
        "projection_method": "webmercator_hash_v1",
        "value": 930
      },
      "type": "Feature"
    },
    {
      "geometry": {
        "coordinates": [
          143.130706,
          52.385805
        ],
        "type": "Point"
      },
      "properties": {
        "cipher": "Standard",
        "mode": "value_domain",
        "projection": "webmercator_hash_v1",
        "projection_method": "webmercator_hash_v1",
        "value": 931
      },
      "type": "Feature"
    },
    {
      "geometry": {
        "coordinates": [
          149.928508,
          65.612241
        ],
        "type": "Point"
      },
      "properties": {
        "cipher": "Standard",
        "mode": "value_domain",
        "projection": "webmercator_hash_v1",
        "projection_method": "webmercator_hash_v1",
        "value": 932
      },
      "type": "Feature"
    },
    {
      "geometry": {
        "coordinates": [
          -168.41075,
          46.657542
        ],
        "type": "Point"
      },
      "properties": {
        "cipher": "Standard",
        "mode": "value_domain",
        "projection": "webmercator_hash_v1",
        "projection_method": "webmercator_hash_v1",
        "value": 933
      },
      "type": "Feature"
    },
    {
      "geometry": {
        "coordinates": [
          -39.366232,
          2.860558
        ],
        "type": "Point"
      },
      "properties": {
        "cipher": "Standard",
        "mode": "value_domain",
        "projection": "webmercator_hash_v1",
        "projection_method": "webmercator_hash_v1",
        "value": 934
      },
      "type": "Feature"
    },
    {
      "geometry": {
        "coordinates": [
          75.388421,
          -30.715152
        ],
        "type": "Point"
      },
      "properties": {
        "cipher": "Standard",
        "mode": "value_domain",
        "projection": "webmercator_hash_v1",
        "projection_method": "webmercator_hash_v1",
        "value": 935
      },
      "type": "Feature"
    },
    {
      "geometry": {
        "coordinates": [
          -175.321101,
          -1.097357
        ],
        "type": "Point"
      },
      "properties": {
        "cipher": "Standard",
        "mode": "value_domain",
        "projection": "webmercator_hash_v1",
        "projection_method": "webmercator_hash_v1",
        "value": 936
      },
      "type": "Feature"
    },
    {
      "geometry": {
        "coordinates": [
          -73.495914,
          31.765425
        ],
        "type": "Point"
      },
      "properties": {
        "cipher": "Standard",
        "mode": "value_domain",
        "projection": "webmercator_hash_v1",
        "projection_method": "webmercator_hash_v1",
        "value": 937
      },
      "type": "Feature"
    },
    {
      "geometry": {
        "coordinates": [
          104.438117,
          40.017201
        ],
        "type": "Point"
      },
      "properties": {
        "cipher": "Standard",
        "mode": "value_domain",
        "projection": "webmercator_hash_v1",
        "projection_method": "webmercator_hash_v1",
        "value": 938
      },
      "type": "Feature"
    },
    {
      "geometry": {
        "coordinates": [
          100.821803,
          -44.609044
        ],
        "type": "Point"
      },
      "properties": {
        "cipher": "Standard",
        "mode": "value_domain",
        "projection": "webmercator_hash_v1",
        "projection_method": "webmercator_hash_v1",
        "value": 939
      },
      "type": "Feature"
    },
    {
      "geometry": {
        "coordinates": [
          -94.509179,
          77.201643
        ],
        "type": "Point"
      },
      "properties": {
        "cipher": "Standard",
        "mode": "value_domain",
        "projection": "webmercator_hash_v1",
        "projection_method": "webmercator_hash_v1",
        "value": 940
      },
      "type": "Feature"
    },
    {
      "geometry": {
        "coordinates": [
          -178.565867,
          4.820043
        ],
        "type": "Point"
      },
      "properties": {
        "cipher": "Standard",
        "mode": "value_domain",
        "projection": "webmercator_hash_v1",
        "projection_method": "webmercator_hash_v1",
        "value": 941
      },
      "type": "Feature"
    },
    {
      "geometry": {
        "coordinates": [
          -167.630084,
          -62.531824
        ],
        "type": "Point"
      },
      "properties": {
        "cipher": "Standard",
        "mode": "value_domain",
        "projection": "webmercator_hash_v1",
        "projection_method": "webmercator_hash_v1",
        "value": 942
      },
      "type": "Feature"
    },
    {
      "geometry": {
        "coordinates": [
          -25.884057,
          11.724362
        ],
        "type": "Point"
      },
      "properties": {
        "cipher": "Standard",
        "mode": "value_domain",
        "projection": "webmercator_hash_v1",
        "projection_method": "webmercator_hash_v1",
        "value": 943
      },
      "type": "Feature"
    },
    {
      "geometry": {
        "coordinates": [
          -128.962914,
          4.054367
        ],
        "type": "Point"
      },
      "properties": {
        "cipher": "Standard",
        "mode": "value_domain",
        "projection": "webmercator_hash_v1",
        "projection_method": "webmercator_hash_v1",
        "value": 944
      },
      "type": "Feature"
    },
    {
      "geometry": {
        "coordinates": [
          -135.8701,
          -1.354648
        ],
        "type": "Point"
      },
      "properties": {
        "cipher": "Standard",
        "mode": "value_domain",
        "projection": "webmercator_hash_v1",
        "projection_method": "webmercator_hash_v1",
        "value": 945
      },
      "type": "Feature"
    },
    {
      "geometry": {
        "coordinates": [
          33.68794,
          5.75298
        ],
        "type": "Point"
      },
      "properties": {
        "cipher": "Standard",
        "mode": "value_domain",
        "projection": "webmercator_hash_v1",
        "projection_method": "webmercator_hash_v1",
        "value": 946
      },
      "type": "Feature"
    },
    {
      "geometry": {
        "coordinates": [
          104.755007,
          -79.348239
        ],
        "type": "Point"
      },
      "properties": {
        "cipher": "Standard",
        "mode": "value_domain",
        "projection": "webmercator_hash_v1",
        "projection_method": "webmercator_hash_v1",
        "value": 947
      },
      "type": "Feature"
    },
    {
      "geometry": {
        "coordinates": [
          -48.775095,
          -17.650234
        ],
        "type": "Point"
      },
      "properties": {
        "cipher": "Standard",
        "mode": "value_domain",
        "projection": "webmercator_hash_v1",
        "projection_method": "webmercator_hash_v1",
        "value": 948
      },
      "type": "Feature"
    },
    {
      "geometry": {
        "coordinates": [
          -114.921799,
          -30.312864
        ],
        "type": "Point"
      },
      "properties": {
        "cipher": "Standard",
        "mode": "value_domain",
        "projection": "webmercator_hash_v1",
        "projection_method": "webmercator_hash_v1",
        "value": 949
      },
      "type": "Feature"
    },
    {
      "geometry": {
        "coordinates": [
          152.784749,
          -58.083057
        ],
        "type": "Point"
      },
      "properties": {
        "cipher": "Standard",
        "mode": "value_domain",
        "projection": "webmercator_hash_v1",
        "projection_method": "webmercator_hash_v1",
        "value": 950
      },
      "type": "Feature"
    },
    {
      "geometry": {
        "coordinates": [
          121.228007,
          56.800023
        ],
        "type": "Point"
      },
      "properties": {
        "cipher": "Standard",
        "mode": "value_domain",
        "projection": "webmercator_hash_v1",
        "projection_method": "webmercator_hash_v1",
        "value": 951
      },
      "type": "Feature"
    },
    {
      "geometry": {
        "coordinates": [
          -57.703804,
          -71.698277
        ],
        "type": "Point"
      },
      "properties": {
        "cipher": "Standard",
        "mode": "value_domain",
        "projection": "webmercator_hash_v1",
        "projection_method": "webmercator_hash_v1",
        "value": 952
      },
      "type": "Feature"
    },
    {
      "geometry": {
        "coordinates": [
          -39.631383,
          64.033549
        ],
        "type": "Point"
      },
      "properties": {
        "cipher": "Standard",
        "mode": "value_domain",
        "projection": "webmercator_hash_v1",
        "projection_method": "webmercator_hash_v1",
        "value": 953
      },
      "type": "Feature"
    },
    {
      "geometry": {
        "coordinates": [
          177.44942,
          -32.735761
        ],
        "type": "Point"
      },
      "properties": {
        "cipher": "Standard",
        "mode": "value_domain",
        "projection": "webmercator_hash_v1",
        "projection_method": "webmercator_hash_v1",
        "value": 954
      },
      "type": "Feature"
    },
    {
      "geometry": {
        "coordinates": [
          -59.207159,
          -10.237945
        ],
        "type": "Point"
      },
      "properties": {
        "cipher": "Standard",
        "mode": "value_domain",
        "projection": "webmercator_hash_v1",
        "projection_method": "webmercator_hash_v1",
        "value": 955
      },
      "type": "Feature"
    },
    {
      "geometry": {
        "coordinates": [
          41.426523,
          38.376609
        ],
        "type": "Point"
      },
      "properties": {
        "cipher": "Standard",
        "mode": "value_domain",
        "projection": "webmercator_hash_v1",
        "projection_method": "webmercator_hash_v1",
        "value": 956
      },
      "type": "Feature"
    },
    {
      "geometry": {
        "coordinates": [
          87.449181,
          -18.660921
        ],
        "type": "Point"
      },
      "properties": {
        "cipher": "Standard",
        "mode": "value_domain",
        "projection": "webmercator_hash_v1",
        "projection_method": "webmercator_hash_v1",
        "value": 957
      },
      "type": "Feature"
    },
    {
      "geometry": {
        "coordinates": [
          -23.227788,
          -44.377294
        ],
        "type": "Point"
      },
      "properties": {
        "cipher": "Standard",
        "mode": "value_domain",
        "projection": "webmercator_hash_v1",
        "projection_method": "webmercator_hash_v1",
        "value": 958
      },
      "type": "Feature"
    },
    {
      "geometry": {
        "coordinates": [
          -166.706173,
          41.806812
        ],
        "type": "Point"
      },
      "properties": {
        "cipher": "Standard",
        "mode": "value_domain",
        "projection": "webmercator_hash_v1",
        "projection_method": "webmercator_hash_v1",
        "value": 959
      },
      "type": "Feature"
    },
    {
      "geometry": {
        "coordinates": [
          -3.851818,
          -33.320863
        ],
        "type": "Point"
      },
      "properties": {
        "cipher": "Standard",
        "mode": "value_domain",
        "projection": "webmercator_hash_v1",
        "projection_method": "webmercator_hash_v1",
        "value": 960
      },
      "type": "Feature"
    },
    {
      "geometry": {
        "coordinates": [
          54.182418,
          -0.247496
        ],
        "type": "Point"
      },
      "properties": {
        "cipher": "Standard",
        "mode": "value_domain",
        "projection": "webmercator_hash_v1",
        "projection_method": "webmercator_hash_v1",
        "value": 961
      },
      "type": "Feature"
    },
    {
      "geometry": {
        "coordinates": [
          166.489511,
          37.272374
        ],
        "type": "Point"
      },
      "properties": {
        "cipher": "Standard",
        "mode": "value_domain",
        "projection": "webmercator_hash_v1",
        "projection_method": "webmercator_hash_v1",
        "value": 962
      },
      "type": "Feature"
    },
    {
      "geometry": {
        "coordinates": [
          -174.10462,
          50.232911
        ],
        "type": "Point"
      },
      "properties": {
        "cipher": "Standard",
        "mode": "value_domain",
        "projection": "webmercator_hash_v1",
        "projection_method": "webmercator_hash_v1",
        "value": 963
      },
      "type": "Feature"
    },
    {
      "geometry": {
        "coordinates": [
          -85.960807,
          -2.793097
        ],
        "type": "Point"
      },
      "properties": {
        "cipher": "Standard",
        "mode": "value_domain",
        "projection": "webmercator_hash_v1",
        "projection_method": "webmercator_hash_v1",
        "value": 964
      },
      "type": "Feature"
    },
    {
      "geometry": {
        "coordinates": [
          83.696691,
          73.541384
        ],
        "type": "Point"
      },
      "properties": {
        "cipher": "Standard",
        "mode": "value_domain",
        "projection": "webmercator_hash_v1",
        "projection_method": "webmercator_hash_v1",
        "value": 965
      },
      "type": "Feature"
    },
    {
      "geometry": {
        "coordinates": [
          -144.110597,
          -15.035801
        ],
        "type": "Point"
      },
      "properties": {
        "cipher": "Standard",
        "mode": "value_domain",
        "projection": "webmercator_hash_v1",
        "projection_method": "webmercator_hash_v1",
        "value": 966
      },
      "type": "Feature"
    },
    {
      "geometry": {
        "coordinates": [
          43.032423,
          -19.323526
        ],
        "type": "Point"
      },
      "properties": {
        "cipher": "Standard",
        "mode": "value_domain",
        "projection": "webmercator_hash_v1",
        "projection_method": "webmercator_hash_v1",
        "value": 967
      },
      "type": "Feature"
    },
    {
      "geometry": {
        "coordinates": [
          5.756658,
          49.577753
        ],
        "type": "Point"
      },
      "properties": {
        "cipher": "Standard",
        "mode": "value_domain",
        "projection": "webmercator_hash_v1",
        "projection_method": "webmercator_hash_v1",
        "value": 968
      },
      "type": "Feature"
    },
    {
      "geometry": {
        "coordinates": [
          157.1834,
          12.148187
        ],
        "type": "Point"
      },
      "properties": {
        "cipher": "Standard",
        "mode": "value_domain",
        "projection": "webmercator_hash_v1",
        "projection_method": "webmercator_hash_v1",
        "value": 969
      },
      "type": "Feature"
    },
    {
      "geometry": {
        "coordinates": [
          62.836099,
          66.366124
        ],
        "type": "Point"
      },
      "properties": {
        "cipher": "Standard",
        "mode": "value_domain",
        "projection": "webmercator_hash_v1",
        "projection_method": "webmercator_hash_v1",
        "value": 970
      },
      "type": "Feature"
    },
    {
      "geometry": {
        "coordinates": [
          150.745647,
          45.88401
        ],
        "type": "Point"
      },
      "properties": {
        "cipher": "Standard",
        "mode": "value_domain",
        "projection": "webmercator_hash_v1",
        "projection_method": "webmercator_hash_v1",
        "value": 971
      },
      "type": "Feature"
    },
    {
      "geometry": {
        "coordinates": [
          153.545236,
          -11.334751
        ],
        "type": "Point"
      },
      "properties": {
        "cipher": "Standard",
        "mode": "value_domain",
        "projection": "webmercator_hash_v1",
        "projection_method": "webmercator_hash_v1",
        "value": 972
      },
      "type": "Feature"
    },
    {
      "geometry": {
        "coordinates": [
          -31.48412,
          51.751941
        ],
        "type": "Point"
      },
      "properties": {
        "cipher": "Standard",
        "mode": "value_domain",
        "projection": "webmercator_hash_v1",
        "projection_method": "webmercator_hash_v1",
        "value": 973
      },
      "type": "Feature"
    },
    {
      "geometry": {
        "coordinates": [
          81.996196,
          60.814634
        ],
        "type": "Point"
      },
      "properties": {
        "cipher": "Standard",
        "mode": "value_domain",
        "projection": "webmercator_hash_v1",
        "projection_method": "webmercator_hash_v1",
        "value": 974
      },
      "type": "Feature"
    },
    {
      "geometry": {
        "coordinates": [
          -124.402969,
          -52.66532
        ],
        "type": "Point"
      },
      "properties": {
        "cipher": "Standard",
        "mode": "value_domain",
        "projection": "webmercator_hash_v1",
        "projection_method": "webmercator_hash_v1",
        "value": 975
      },
      "type": "Feature"
    },
    {
      "geometry": {
        "coordinates": [
          -49.487859,
          -17.100088
        ],
        "type": "Point"
      },
      "properties": {
        "cipher": "Standard",
        "mode": "value_domain",
        "projection": "webmercator_hash_v1",
        "projection_method": "webmercator_hash_v1",
        "value": 976
      },
      "type": "Feature"
    },
    {
      "geometry": {
        "coordinates": [
          112.075563,
          63.961846
        ],
        "type": "Point"
      },
      "properties": {
        "cipher": "Standard",
        "mode": "value_domain",
        "projection": "webmercator_hash_v1",
        "projection_method": "webmercator_hash_v1",
        "value": 977
      },
      "type": "Feature"
    },
    {
      "geometry": {
        "coordinates": [
          -83.009224,
          32.706274
        ],
        "type": "Point"
      },
      "properties": {
        "cipher": "Standard",
        "mode": "value_domain",
        "projection": "webmercator_hash_v1",
        "projection_method": "webmercator_hash_v1",
        "value": 978
      },
      "type": "Feature"
    },
    {
      "geometry": {
        "coordinates": [
          120.046671,
          64.286352
        ],
        "type": "Point"
      },
      "properties": {
        "cipher": "Standard",
        "mode": "value_domain",
        "projection": "webmercator_hash_v1",
        "projection_method": "webmercator_hash_v1",
        "value": 979
      },
      "type": "Feature"
    },
    {
      "geometry": {
        "coordinates": [
          83.277564,
          2.862712
        ],
        "type": "Point"
      },
      "properties": {
        "cipher": "Standard",
        "mode": "value_domain",
        "projection": "webmercator_hash_v1",
        "projection_method": "webmercator_hash_v1",
        "value": 980
      },
      "type": "Feature"
    },
    {
      "geometry": {
        "coordinates": [
          45.027917,
          56.973272
        ],
        "type": "Point"
      },
      "properties": {
        "cipher": "Standard",
        "mode": "value_domain",
        "projection": "webmercator_hash_v1",
        "projection_method": "webmercator_hash_v1",
        "value": 981
      },
      "type": "Feature"
    },
    {
      "geometry": {
        "coordinates": [
          -84.658271,
          7.19245
        ],
        "type": "Point"
      },
      "properties": {
        "cipher": "Standard",
        "mode": "value_domain",
        "projection": "webmercator_hash_v1",
        "projection_method": "webmercator_hash_v1",
        "value": 982
      },
      "type": "Feature"
    },
    {
      "geometry": {
        "coordinates": [
          -100.503278,
          23.577329
        ],
        "type": "Point"
      },
      "properties": {
        "cipher": "Standard",
        "mode": "value_domain",
        "projection": "webmercator_hash_v1",
        "projection_method": "webmercator_hash_v1",
        "value": 983
      },
      "type": "Feature"
    },
    {
      "geometry": {
        "coordinates": [
          102.913991,
          68.648465
        ],
        "type": "Point"
      },
      "properties": {
        "cipher": "Standard",
        "mode": "value_domain",
        "projection": "webmercator_hash_v1",
        "projection_method": "webmercator_hash_v1",
        "value": 984
      },
      "type": "Feature"
    },
    {
      "geometry": {
        "coordinates": [
          -176.206076,
          13.180725
        ],
        "type": "Point"
      },
      "properties": {
        "cipher": "Standard",
        "mode": "value_domain",
        "projection": "webmercator_hash_v1",
        "projection_method": "webmercator_hash_v1",
        "value": 985
      },
      "type": "Feature"
    },
    {
      "geometry": {
        "coordinates": [
          -128.563247,
          -43.302097
        ],
        "type": "Point"
      },
      "properties": {
        "cipher": "Standard",
        "mode": "value_domain",
        "projection": "webmercator_hash_v1",
        "projection_method": "webmercator_hash_v1",
        "value": 986
      },
      "type": "Feature"
    },
    {
      "geometry": {
        "coordinates": [
          56.406517,
          -59.757383
        ],
        "type": "Point"
      },
      "properties": {
        "cipher": "Standard",
        "mode": "value_domain",
        "projection": "webmercator_hash_v1",
        "projection_method": "webmercator_hash_v1",
        "value": 987
      },
      "type": "Feature"
    },
    {
      "geometry": {
        "coordinates": [
          148.030717,
          22.569677
        ],
        "type": "Point"
      },
      "properties": {
        "cipher": "Standard",
        "mode": "value_domain",
        "projection": "webmercator_hash_v1",
        "projection_method": "webmercator_hash_v1",
        "value": 988
      },
      "type": "Feature"
    },
    {
      "geometry": {
        "coordinates": [
          159.774322,
          -74.084176
        ],
        "type": "Point"
      },
      "properties": {
        "cipher": "Standard",
        "mode": "value_domain",
        "projection": "webmercator_hash_v1",
        "projection_method": "webmercator_hash_v1",
        "value": 989
      },
      "type": "Feature"
    },
    {
      "geometry": {
        "coordinates": [
          45.611125,
          65.161063
        ],
        "type": "Point"
      },
      "properties": {
        "cipher": "Standard",
        "mode": "value_domain",
        "projection": "webmercator_hash_v1",
        "projection_method": "webmercator_hash_v1",
        "value": 990
      },
      "type": "Feature"
    },
    {
      "geometry": {
        "coordinates": [
          -52.789056,
          0.880341
        ],
        "type": "Point"
      },
      "properties": {
        "cipher": "Standard",
        "mode": "value_domain",
        "projection": "webmercator_hash_v1",
        "projection_method": "webmercator_hash_v1",
        "value": 991
      },
      "type": "Feature"
    },
    {
      "geometry": {
        "coordinates": [
          28.614607,
          -27.700822
        ],
        "type": "Point"
      },
      "properties": {
        "cipher": "Standard",
        "mode": "value_domain",
        "projection": "webmercator_hash_v1",
        "projection_method": "webmercator_hash_v1",
        "value": 992
      },
      "type": "Feature"
    },
    {
      "geometry": {
        "coordinates": [
          116.20228,
          38.56086
        ],
        "type": "Point"
      },
      "properties": {
        "cipher": "Standard",
        "mode": "value_domain",
        "projection": "webmercator_hash_v1",
        "projection_method": "webmercator_hash_v1",
        "value": 993
      },
      "type": "Feature"
    },
    {
      "geometry": {
        "coordinates": [
          130.815637,
          -53.786254
        ],
        "type": "Point"
      },
      "properties": {
        "cipher": "Standard",
        "mode": "value_domain",
        "projection": "webmercator_hash_v1",
        "projection_method": "webmercator_hash_v1",
        "value": 994
      },
      "type": "Feature"
    },
    {
      "geometry": {
        "coordinates": [
          2.982129,
          -19.233795
        ],
        "type": "Point"
      },
      "properties": {
        "cipher": "Standard",
        "mode": "value_domain",
        "projection": "webmercator_hash_v1",
        "projection_method": "webmercator_hash_v1",
        "value": 995
      },
      "type": "Feature"
    },
    {
      "geometry": {
        "coordinates": [
          120.727057,
          -24.207741
        ],
        "type": "Point"
      },
      "properties": {
        "cipher": "Standard",
        "mode": "value_domain",
        "projection": "webmercator_hash_v1",
        "projection_method": "webmercator_hash_v1",
        "value": 996
      },
      "type": "Feature"
    },
    {
      "geometry": {
        "coordinates": [
          124.893721,
          74.607233
        ],
        "type": "Point"
      },
      "properties": {
        "cipher": "Standard",
        "mode": "value_domain",
        "projection": "webmercator_hash_v1",
        "projection_method": "webmercator_hash_v1",
        "value": 997
      },
      "type": "Feature"
    },
    {
      "geometry": {
        "coordinates": [
          -163.944479,
          -23.167063
        ],
        "type": "Point"
      },
      "properties": {
        "cipher": "Standard",
        "mode": "value_domain",
        "projection": "webmercator_hash_v1",
        "projection_method": "webmercator_hash_v1",
        "value": 998
      },
      "type": "Feature"
    },
    {
      "geometry": {
        "coordinates": [
          10.811193,
          83.549413
        ],
        "type": "Point"
      },
      "properties": {
        "cipher": "Standard",
        "mode": "value_domain",
        "projection": "webmercator_hash_v1",
        "projection_method": "webmercator_hash_v1",
        "value": 999
      },
      "type": "Feature"
    },
    {
      "geometry": {
        "coordinates": [
          7.326818,
          -13.673735
        ],
        "type": "Point"
      },
      "properties": {
        "cipher": "Standard",
        "mode": "value_domain",
        "projection": "webmercator_hash_v1",
        "projection_method": "webmercator_hash_v1",
        "value": 1000
      },
      "type": "Feature"
    },
    {
      "geometry": {
        "coordinates": [
          113.506351,
          71.737379
        ],
        "type": "Point"
      },
      "properties": {
        "cipher": "Standard",
        "mode": "value_domain",
        "projection": "webmercator_hash_v1",
        "projection_method": "webmercator_hash_v1",
        "value": 1001
      },
      "type": "Feature"
    },
    {
      "geometry": {
        "coordinates": [
          -144.162178,
          6.380649
        ],
        "type": "Point"
      },
      "properties": {
        "cipher": "Standard",
        "mode": "value_domain",
        "projection": "webmercator_hash_v1",
        "projection_method": "webmercator_hash_v1",
        "value": 1002
      },
      "type": "Feature"
    },
    {
      "geometry": {
        "coordinates": [
          114.340717,
          37.68678
        ],
        "type": "Point"
      },
      "properties": {
        "cipher": "Standard",
        "mode": "value_domain",
        "projection": "webmercator_hash_v1",
        "projection_method": "webmercator_hash_v1",
        "value": 1003
      },
      "type": "Feature"
    },
    {
      "geometry": {
        "coordinates": [
          -8.533268,
          12.427423
        ],
        "type": "Point"
      },
      "properties": {
        "cipher": "Standard",
        "mode": "value_domain",
        "projection": "webmercator_hash_v1",
        "projection_method": "webmercator_hash_v1",
        "value": 1004
      },
      "type": "Feature"
    },
    {
      "geometry": {
        "coordinates": [
          92.543514,
          52.782778
        ],
        "type": "Point"
      },
      "properties": {
        "cipher": "Standard",
        "mode": "value_domain",
        "projection": "webmercator_hash_v1",
        "projection_method": "webmercator_hash_v1",
        "value": 1005
      },
      "type": "Feature"
    },
    {
      "geometry": {
        "coordinates": [
          -144.283593,
          -54.330817
        ],
        "type": "Point"
      },
      "properties": {
        "cipher": "Standard",
        "mode": "value_domain",
        "projection": "webmercator_hash_v1",
        "projection_method": "webmercator_hash_v1",
        "value": 1006
      },
      "type": "Feature"
    },
    {
      "geometry": {
        "coordinates": [
          119.393005,
          -8.850941
        ],
        "type": "Point"
      },
      "properties": {
        "cipher": "Standard",
        "mode": "value_domain",
        "projection": "webmercator_hash_v1",
        "projection_method": "webmercator_hash_v1",
        "value": 1007
      },
      "type": "Feature"
    },
    {
      "geometry": {
        "coordinates": [
          4.632829,
          -48.362457
        ],
        "type": "Point"
      },
      "properties": {
        "cipher": "Standard",
        "mode": "value_domain",
        "projection": "webmercator_hash_v1",
        "projection_method": "webmercator_hash_v1",
        "value": 1008
      },
      "type": "Feature"
    },
    {
      "geometry": {
        "coordinates": [
          149.106642,
          68.509057
        ],
        "type": "Point"
      },
      "properties": {
        "cipher": "Standard",
        "mode": "value_domain",
        "projection": "webmercator_hash_v1",
        "projection_method": "webmercator_hash_v1",
        "value": 1009
      },
      "type": "Feature"
    },
    {
      "geometry": {
        "coordinates": [
          -65.925691,
          73.646273
        ],
        "type": "Point"
      },
      "properties": {
        "cipher": "Standard",
        "mode": "value_domain",
        "projection": "webmercator_hash_v1",
        "projection_method": "webmercator_hash_v1",
        "value": 1010
      },
      "type": "Feature"
    },
    {
      "geometry": {
        "coordinates": [
          134.114847,
          -24.459172
        ],
        "type": "Point"
      },
      "properties": {
        "cipher": "Standard",
        "mode": "value_domain",
        "projection": "webmercator_hash_v1",
        "projection_method": "webmercator_hash_v1",
        "value": 1011
      },
      "type": "Feature"
    },
    {
      "geometry": {
        "coordinates": [
          -60.624745,
          -34.697799
        ],
        "type": "Point"
      },
      "properties": {
        "cipher": "Standard",
        "mode": "value_domain",
        "projection": "webmercator_hash_v1",
        "projection_method": "webmercator_hash_v1",
        "value": 1012
      },
      "type": "Feature"
    },
    {
      "geometry": {
        "coordinates": [
          46.911783,
          -0.033555
        ],
        "type": "Point"
      },
      "properties": {
        "cipher": "Standard",
        "mode": "value_domain",
        "projection": "webmercator_hash_v1",
        "projection_method": "webmercator_hash_v1",
        "value": 1013
      },
      "type": "Feature"
    },
    {
      "geometry": {
        "coordinates": [
          -124.567637,
          75.829627
        ],
        "type": "Point"
      },
      "properties": {
        "cipher": "Standard",
        "mode": "value_domain",
        "projection": "webmercator_hash_v1",
        "projection_method": "webmercator_hash_v1",
        "value": 1014
      },
      "type": "Feature"
    },
    {
      "geometry": {
        "coordinates": [
          178.567911,
          77.933396
        ],
        "type": "Point"
      },
      "properties": {
        "cipher": "Standard",
        "mode": "value_domain",
        "projection": "webmercator_hash_v1",
        "projection_method": "webmercator_hash_v1",
        "value": 1015
      },
      "type": "Feature"
    },
    {
      "geometry": {
        "coordinates": [
          97.723081,
          -59.269474
        ],
        "type": "Point"
      },
      "properties": {
        "cipher": "Standard",
        "mode": "value_domain",
        "projection": "webmercator_hash_v1",
        "projection_method": "webmercator_hash_v1",
        "value": 1016
      },
      "type": "Feature"
    },
    {
      "geometry": {
        "coordinates": [
          170.964743,
          -66.11031
        ],
        "type": "Point"
      },
      "properties": {
        "cipher": "Standard",
        "mode": "value_domain",
        "projection": "webmercator_hash_v1",
        "projection_method": "webmercator_hash_v1",
        "value": 1017
      },
      "type": "Feature"
    },
    {
      "geometry": {
        "coordinates": [
          57.544588,
          22.711136
        ],
        "type": "Point"
      },
      "properties": {
        "cipher": "Standard",
        "mode": "value_domain",
        "projection": "webmercator_hash_v1",
        "projection_method": "webmercator_hash_v1",
        "value": 1018
      },
      "type": "Feature"
    },
    {
      "geometry": {
        "coordinates": [
          48.824394,
          -59.872555
        ],
        "type": "Point"
      },
      "properties": {
        "cipher": "Standard",
        "mode": "value_domain",
        "projection": "webmercator_hash_v1",
        "projection_method": "webmercator_hash_v1",
        "value": 1019
      },
      "type": "Feature"
    },
    {
      "geometry": {
        "coordinates": [
          -119.971229,
          50.651313
        ],
        "type": "Point"
      },
      "properties": {
        "cipher": "Standard",
        "mode": "value_domain",
        "projection": "webmercator_hash_v1",
        "projection_method": "webmercator_hash_v1",
        "value": 1020
      },
      "type": "Feature"
    },
    {
      "geometry": {
        "coordinates": [
          81.732123,
          -41.040599
        ],
        "type": "Point"
      },
      "properties": {
        "cipher": "Standard",
        "mode": "value_domain",
        "projection": "webmercator_hash_v1",
        "projection_method": "webmercator_hash_v1",
        "value": 1021
      },
      "type": "Feature"
    },
    {
      "geometry": {
        "coordinates": [
          -82.025319,
          39.275309
        ],
        "type": "Point"
      },
      "properties": {
        "cipher": "Standard",
        "mode": "value_domain",
        "projection": "webmercator_hash_v1",
        "projection_method": "webmercator_hash_v1",
        "value": 1022
      },
      "type": "Feature"
    },
    {
      "geometry": {
        "coordinates": [
          74.04669,
          10.333866
        ],
        "type": "Point"
      },
      "properties": {
        "cipher": "Standard",
        "mode": "value_domain",
        "projection": "webmercator_hash_v1",
        "projection_method": "webmercator_hash_v1",
        "value": 1023
      },
      "type": "Feature"
    },
    {
      "geometry": {
        "coordinates": [
          -131.921694,
          -54.899732
        ],
        "type": "Point"
      },
      "properties": {
        "cipher": "Standard",
        "mode": "value_domain",
        "projection": "webmercator_hash_v1",
        "projection_method": "webmercator_hash_v1",
        "value": 1024
      },
      "type": "Feature"
    },
    {
      "geometry": {
        "coordinates": [
          152.418976,
          65.085292
        ],
        "type": "Point"
      },
      "properties": {
        "cipher": "Standard",
        "mode": "value_domain",
        "projection": "webmercator_hash_v1",
        "projection_method": "webmercator_hash_v1",
        "value": 1025
      },
      "type": "Feature"
    },
    {
      "geometry": {
        "coordinates": [
          142.7231,
          -17.042937
        ],
        "type": "Point"
      },
      "properties": {
        "cipher": "Standard",
        "mode": "value_domain",
        "projection": "webmercator_hash_v1",
        "projection_method": "webmercator_hash_v1",
        "value": 1026
      },
      "type": "Feature"
    },
    {
      "geometry": {
        "coordinates": [
          91.819823,
          77.293171
        ],
        "type": "Point"
      },
      "properties": {
        "cipher": "Standard",
        "mode": "value_domain",
        "projection": "webmercator_hash_v1",
        "projection_method": "webmercator_hash_v1",
        "value": 1027
      },
      "type": "Feature"
    },
    {
      "geometry": {
        "coordinates": [
          34.69363,
          53.161141
        ],
        "type": "Point"
      },
      "properties": {
        "cipher": "Standard",
        "mode": "value_domain",
        "projection": "webmercator_hash_v1",
        "projection_method": "webmercator_hash_v1",
        "value": 1028
      },
      "type": "Feature"
    },
    {
      "geometry": {
        "coordinates": [
          51.193246,
          5.9822
        ],
        "type": "Point"
      },
      "properties": {
        "cipher": "Standard",
        "mode": "value_domain",
        "projection": "webmercator_hash_v1",
        "projection_method": "webmercator_hash_v1",
        "value": 1029
      },
      "type": "Feature"
    },
    {
      "geometry": {
        "coordinates": [
          135.93789,
          10.700669
        ],
        "type": "Point"
      },
      "properties": {
        "cipher": "Standard",
        "mode": "value_domain",
        "projection": "webmercator_hash_v1",
        "projection_method": "webmercator_hash_v1",
        "value": 1030
      },
      "type": "Feature"
    },
    {
      "geometry": {
        "coordinates": [
          -56.530426,
          -65.643426
        ],
        "type": "Point"
      },
      "properties": {
        "cipher": "Standard",
        "mode": "value_domain",
        "projection": "webmercator_hash_v1",
        "projection_method": "webmercator_hash_v1",
        "value": 1031
      },
      "type": "Feature"
    },
    {
      "geometry": {
        "coordinates": [
          125.638691,
          -41.806769
        ],
        "type": "Point"
      },
      "properties": {
        "cipher": "Standard",
        "mode": "value_domain",
        "projection": "webmercator_hash_v1",
        "projection_method": "webmercator_hash_v1",
        "value": 1032
      },
      "type": "Feature"
    },
    {
      "geometry": {
        "coordinates": [
          34.562204,
          40.893827
        ],
        "type": "Point"
      },
      "properties": {
        "cipher": "Standard",
        "mode": "value_domain",
        "projection": "webmercator_hash_v1",
        "projection_method": "webmercator_hash_v1",
        "value": 1033
      },
      "type": "Feature"
    },
    {
      "geometry": {
        "coordinates": [
          14.39008,
          -25.736673
        ],
        "type": "Point"
      },
      "properties": {
        "cipher": "Standard",
        "mode": "value_domain",
        "projection": "webmercator_hash_v1",
        "projection_method": "webmercator_hash_v1",
        "value": 1034
      },
      "type": "Feature"
    },
    {
      "geometry": {
        "coordinates": [
          -136.202901,
          -83.442168
        ],
        "type": "Point"
      },
      "properties": {
        "cipher": "Standard",
        "mode": "value_domain",
        "projection": "webmercator_hash_v1",
        "projection_method": "webmercator_hash_v1",
        "value": 1035
      },
      "type": "Feature"
    },
    {
      "geometry": {
        "coordinates": [
          -88.103878,
          38.071408
        ],
        "type": "Point"
      },
      "properties": {
        "cipher": "Standard",
        "mode": "value_domain",
        "projection": "webmercator_hash_v1",
        "projection_method": "webmercator_hash_v1",
        "value": 1036
      },
      "type": "Feature"
    },
    {
      "geometry": {
        "coordinates": [
          174.493866,
          70.952857
        ],
        "type": "Point"
      },
      "properties": {
        "cipher": "Standard",
        "mode": "value_domain",
        "projection": "webmercator_hash_v1",
        "projection_method": "webmercator_hash_v1",
        "value": 1037
      },
      "type": "Feature"
    },
    {
      "geometry": {
        "coordinates": [
          5.336768,
          59.799014
        ],
        "type": "Point"
      },
      "properties": {
        "cipher": "Standard",
        "mode": "value_domain",
        "projection": "webmercator_hash_v1",
        "projection_method": "webmercator_hash_v1",
        "value": 1038
      },
      "type": "Feature"
    },
    {
      "geometry": {
        "coordinates": [
          -144.664317,
          29.959936
        ],
        "type": "Point"
      },
      "properties": {
        "cipher": "Standard",
        "mode": "value_domain",
        "projection": "webmercator_hash_v1",
        "projection_method": "webmercator_hash_v1",
        "value": 1039
      },
      "type": "Feature"
    },
    {
      "geometry": {
        "coordinates": [
          80.104478,
          -46.713105
        ],
        "type": "Point"
      },
      "properties": {
        "cipher": "Standard",
        "mode": "value_domain",
        "projection": "webmercator_hash_v1",
        "projection_method": "webmercator_hash_v1",
        "value": 1040
      },
      "type": "Feature"
    },
    {
      "geometry": {
        "coordinates": [
          -64.726285,
          -14.861639
        ],
        "type": "Point"
      },
      "properties": {
        "cipher": "Standard",
        "mode": "value_domain",
        "projection": "webmercator_hash_v1",
        "projection_method": "webmercator_hash_v1",
        "value": 1041
      },
      "type": "Feature"
    },
    {
      "geometry": {
        "coordinates": [
          129.104849,
          25.784774
        ],
        "type": "Point"
      },
      "properties": {
        "cipher": "Standard",
        "mode": "value_domain",
        "projection": "webmercator_hash_v1",
        "projection_method": "webmercator_hash_v1",
        "value": 1042
      },
      "type": "Feature"
    },
    {
      "geometry": {
        "coordinates": [
          -0.45621,
          -16.855117
        ],
        "type": "Point"
      },
      "properties": {
        "cipher": "Standard",
        "mode": "value_domain",
        "projection": "webmercator_hash_v1",
        "projection_method": "webmercator_hash_v1",
        "value": 1043
      },
      "type": "Feature"
    },
    {
      "geometry": {
        "coordinates": [
          102.999313,
          28.158558
        ],
        "type": "Point"
      },
      "properties": {
        "cipher": "Standard",
        "mode": "value_domain",
        "projection": "webmercator_hash_v1",
        "projection_method": "webmercator_hash_v1",
        "value": 1044
      },
      "type": "Feature"
    },
    {
      "geometry": {
        "coordinates": [
          -92.829572,
          41.153999
        ],
        "type": "Point"
      },
      "properties": {
        "cipher": "Standard",
        "mode": "value_domain",
        "projection": "webmercator_hash_v1",
        "projection_method": "webmercator_hash_v1",
        "value": 1045
      },
      "type": "Feature"
    },
    {
      "geometry": {
        "coordinates": [
          61.719706,
          71.198506
        ],
        "type": "Point"
      },
      "properties": {
        "cipher": "Standard",
        "mode": "value_domain",
        "projection": "webmercator_hash_v1",
        "projection_method": "webmercator_hash_v1",
        "value": 1046
      },
      "type": "Feature"
    },
    {
      "geometry": {
        "coordinates": [
          145.004715,
          -50.675441
        ],
        "type": "Point"
      },
      "properties": {
        "cipher": "Standard",
        "mode": "value_domain",
        "projection": "webmercator_hash_v1",
        "projection_method": "webmercator_hash_v1",
        "value": 1047
      },
      "type": "Feature"
    },
    {
      "geometry": {
        "coordinates": [
          172.795419,
          57.538299
        ],
        "type": "Point"
      },
      "properties": {
        "cipher": "Standard",
        "mode": "value_domain",
        "projection": "webmercator_hash_v1",
        "projection_method": "webmercator_hash_v1",
        "value": 1048
      },
      "type": "Feature"
    },
    {
      "geometry": {
        "coordinates": [
          107.284504,
          28.849959
        ],
        "type": "Point"
      },
      "properties": {
        "cipher": "Standard",
        "mode": "value_domain",
        "projection": "webmercator_hash_v1",
        "projection_method": "webmercator_hash_v1",
        "value": 1049
      },
      "type": "Feature"
    },
    {
      "geometry": {
        "coordinates": [
          -157.656724,
          -63.404195
        ],
        "type": "Point"
      },
      "properties": {
        "cipher": "Standard",
        "mode": "value_domain",
        "projection": "webmercator_hash_v1",
        "projection_method": "webmercator_hash_v1",
        "value": 1050
      },
      "type": "Feature"
    },
    {
      "geometry": {
        "coordinates": [
          115.989344,
          -22.867156
        ],
        "type": "Point"
      },
      "properties": {
        "cipher": "Standard",
        "mode": "value_domain",
        "projection": "webmercator_hash_v1",
        "projection_method": "webmercator_hash_v1",
        "value": 1051
      },
      "type": "Feature"
    },
    {
      "geometry": {
        "coordinates": [
          -9.255254,
          -27.123884
        ],
        "type": "Point"
      },
      "properties": {
        "cipher": "Standard",
        "mode": "value_domain",
        "projection": "webmercator_hash_v1",
        "projection_method": "webmercator_hash_v1",
        "value": 1052
      },
      "type": "Feature"
    },
    {
      "geometry": {
        "coordinates": [
          -157.374745,
          3.454727
        ],
        "type": "Point"
      },
      "properties": {
        "cipher": "Standard",
        "mode": "value_domain",
        "projection": "webmercator_hash_v1",
        "projection_method": "webmercator_hash_v1",
        "value": 1053
      },
      "type": "Feature"
    },
    {
      "geometry": {
        "coordinates": [
          57.412941,
          6.56593
        ],
        "type": "Point"
      },
      "properties": {
        "cipher": "Standard",
        "mode": "value_domain",
        "projection": "webmercator_hash_v1",
        "projection_method": "webmercator_hash_v1",
        "value": 1054
      },
      "type": "Feature"
    },
    {
      "geometry": {
        "coordinates": [
          -176.154378,
          -58.503288
        ],
        "type": "Point"
      },
      "properties": {
        "cipher": "Standard",
        "mode": "value_domain",
        "projection": "webmercator_hash_v1",
        "projection_method": "webmercator_hash_v1",
        "value": 1055
      },
      "type": "Feature"
    },
    {
      "geometry": {
        "coordinates": [
          7.912835,
          -67.697543
        ],
        "type": "Point"
      },
      "properties": {
        "cipher": "Standard",
        "mode": "value_domain",
        "projection": "webmercator_hash_v1",
        "projection_method": "webmercator_hash_v1",
        "value": 1056
      },
      "type": "Feature"
    },
    {
      "geometry": {
        "coordinates": [
          118.628481,
          -56.189174
        ],
        "type": "Point"
      },
      "properties": {
        "cipher": "Standard",
        "mode": "value_domain",
        "projection": "webmercator_hash_v1",
        "projection_method": "webmercator_hash_v1",
        "value": 1057
      },
      "type": "Feature"
    },
    {
      "geometry": {
        "coordinates": [
          38.921356,
          -55.976466
        ],
        "type": "Point"
      },
      "properties": {
        "cipher": "Standard",
        "mode": "value_domain",
        "projection": "webmercator_hash_v1",
        "projection_method": "webmercator_hash_v1",
        "value": 1058
      },
      "type": "Feature"
    },
    {
      "geometry": {
        "coordinates": [
          10.305565,
          39.385277
        ],
        "type": "Point"
      },
      "properties": {
        "cipher": "Standard",
        "mode": "value_domain",
        "projection": "webmercator_hash_v1",
        "projection_method": "webmercator_hash_v1",
        "value": 1059
      },
      "type": "Feature"
    },
    {
      "geometry": {
        "coordinates": [
          -67.855897,
          19.398749
        ],
        "type": "Point"
      },
      "properties": {
        "cipher": "Standard",
        "mode": "value_domain",
        "projection": "webmercator_hash_v1",
        "projection_method": "webmercator_hash_v1",
        "value": 1060
      },
      "type": "Feature"
    },
    {
      "geometry": {
        "coordinates": [
          162.646128,
          -43.260674
        ],
        "type": "Point"
      },
      "properties": {
        "cipher": "Standard",
        "mode": "value_domain",
        "projection": "webmercator_hash_v1",
        "projection_method": "webmercator_hash_v1",
        "value": 1061
      },
      "type": "Feature"
    },
    {
      "geometry": {
        "coordinates": [
          -98.009957,
          -51.92297
        ],
        "type": "Point"
      },
      "properties": {
        "cipher": "Standard",
        "mode": "value_domain",
        "projection": "webmercator_hash_v1",
        "projection_method": "webmercator_hash_v1",
        "value": 1062
      },
      "type": "Feature"
    },
    {
      "geometry": {
        "coordinates": [
          135.215795,
          -73.568233
        ],
        "type": "Point"
      },
      "properties": {
        "cipher": "Standard",
        "mode": "value_domain",
        "projection": "webmercator_hash_v1",
        "projection_method": "webmercator_hash_v1",
        "value": 1063
      },
      "type": "Feature"
    },
    {
      "geometry": {
        "coordinates": [
          30.433806,
          34.63597
        ],
        "type": "Point"
      },
      "properties": {
        "cipher": "Standard",
        "mode": "value_domain",
        "projection": "webmercator_hash_v1",
        "projection_method": "webmercator_hash_v1",
        "value": 1064
      },
      "type": "Feature"
    },
    {
      "geometry": {
        "coordinates": [
          -104.358799,
          -55.426846
        ],
        "type": "Point"
      },
      "properties": {
        "cipher": "Standard",
        "mode": "value_domain",
        "projection": "webmercator_hash_v1",
        "projection_method": "webmercator_hash_v1",
        "value": 1065
      },
      "type": "Feature"
    },
    {
      "geometry": {
        "coordinates": [
          -83.471246,
          -26.393403
        ],
        "type": "Point"
      },
      "properties": {
        "cipher": "Standard",
        "mode": "value_domain",
        "projection": "webmercator_hash_v1",
        "projection_method": "webmercator_hash_v1",
        "value": 1066
      },
      "type": "Feature"
    },
    {
      "geometry": {
        "coordinates": [
          -15.000369,
          27.091165
        ],
        "type": "Point"
      },
      "properties": {
        "cipher": "Standard",
        "mode": "value_domain",
        "projection": "webmercator_hash_v1",
        "projection_method": "webmercator_hash_v1",
        "value": 1067
      },
      "type": "Feature"
    },
    {
      "geometry": {
        "coordinates": [
          -170.34468,
          58.254742
        ],
        "type": "Point"
      },
      "properties": {
        "cipher": "Standard",
        "mode": "value_domain",
        "projection": "webmercator_hash_v1",
        "projection_method": "webmercator_hash_v1",
        "value": 1068
      },
      "type": "Feature"
    },
    {
      "geometry": {
        "coordinates": [
          -81.823292,
          -51.884471
        ],
        "type": "Point"
      },
      "properties": {
        "cipher": "Standard",
        "mode": "value_domain",
        "projection": "webmercator_hash_v1",
        "projection_method": "webmercator_hash_v1",
        "value": 1069
      },
      "type": "Feature"
    },
    {
      "geometry": {
        "coordinates": [
          -93.426537,
          -57.885373
        ],
        "type": "Point"
      },
      "properties": {
        "cipher": "Standard",
        "mode": "value_domain",
        "projection": "webmercator_hash_v1",
        "projection_method": "webmercator_hash_v1",
        "value": 1070
      },
      "type": "Feature"
    },
    {
      "geometry": {
        "coordinates": [
          13.591145,
          -17.282111
        ],
        "type": "Point"
      },
      "properties": {
        "cipher": "Standard",
        "mode": "value_domain",
        "projection": "webmercator_hash_v1",
        "projection_method": "webmercator_hash_v1",
        "value": 1071
      },
      "type": "Feature"
    },
    {
      "geometry": {
        "coordinates": [
          -114.67618,
          76.02877
        ],
        "type": "Point"
      },
      "properties": {
        "cipher": "Standard",
        "mode": "value_domain",
        "projection": "webmercator_hash_v1",
        "projection_method": "webmercator_hash_v1",
        "value": 1072
      },
      "type": "Feature"
    },
    {
      "geometry": {
        "coordinates": [
          -179.863552,
          -72.53562
        ],
        "type": "Point"
      },
      "properties": {
        "cipher": "Standard",
        "mode": "value_domain",
        "projection": "webmercator_hash_v1",
        "projection_method": "webmercator_hash_v1",
        "value": 1073
      },
      "type": "Feature"
    },
    {
      "geometry": {
        "coordinates": [
          149.170079,
          -48.761454
        ],
        "type": "Point"
      },
      "properties": {
        "cipher": "Standard",
        "mode": "value_domain",
        "projection": "webmercator_hash_v1",
        "projection_method": "webmercator_hash_v1",
        "value": 1074
      },
      "type": "Feature"
    },
    {
      "geometry": {
        "coordinates": [
          155.381584,
          65.054487
        ],
        "type": "Point"
      },
      "properties": {
        "cipher": "Standard",
        "mode": "value_domain",
        "projection": "webmercator_hash_v1",
        "projection_method": "webmercator_hash_v1",
        "value": 1075
      },
      "type": "Feature"
    },
    {
      "geometry": {
        "coordinates": [
          32.813244,
          49.996446
        ],
        "type": "Point"
      },
      "properties": {
        "cipher": "Standard",
        "mode": "value_domain",
        "projection": "webmercator_hash_v1",
        "projection_method": "webmercator_hash_v1",
        "value": 1076
      },
      "type": "Feature"
    },
    {
      "geometry": {
        "coordinates": [
          122.165072,
          38.124141
        ],
        "type": "Point"
      },
      "properties": {
        "cipher": "Standard",
        "mode": "value_domain",
        "projection": "webmercator_hash_v1",
        "projection_method": "webmercator_hash_v1",
        "value": 1077
      },
      "type": "Feature"
    },
    {
      "geometry": {
        "coordinates": [
          39.313848,
          83.439349
        ],
        "type": "Point"
      },
      "properties": {
        "cipher": "Standard",
        "mode": "value_domain",
        "projection": "webmercator_hash_v1",
        "projection_method": "webmercator_hash_v1",
        "value": 1078
      },
      "type": "Feature"
    },
    {
      "geometry": {
        "coordinates": [
          -121.710196,
          -6.547684
        ],
        "type": "Point"
      },
      "properties": {
        "cipher": "Standard",
        "mode": "value_domain",
        "projection": "webmercator_hash_v1",
        "projection_method": "webmercator_hash_v1",
        "value": 1079
      },
      "type": "Feature"
    },
    {
      "geometry": {
        "coordinates": [
          87.453905,
          -72.644762
        ],
        "type": "Point"
      },
      "properties": {
        "cipher": "Standard",
        "mode": "value_domain",
        "projection": "webmercator_hash_v1",
        "projection_method": "webmercator_hash_v1",
        "value": 1080
      },
      "type": "Feature"
    },
    {
      "geometry": {
        "coordinates": [
          -36.634839,
          76.694494
        ],
        "type": "Point"
      },
      "properties": {
        "cipher": "Standard",
        "mode": "value_domain",
        "projection": "webmercator_hash_v1",
        "projection_method": "webmercator_hash_v1",
        "value": 1081
      },
      "type": "Feature"
    },
    {
      "geometry": {
        "coordinates": [
          -20.27085,
          54.537511
        ],
        "type": "Point"
      },
      "properties": {
        "cipher": "Standard",
        "mode": "value_domain",
        "projection": "webmercator_hash_v1",
        "projection_method": "webmercator_hash_v1",
        "value": 1082
      },
      "type": "Feature"
    },
    {
      "geometry": {
        "coordinates": [
          115.849805,
          -35.374261
        ],
        "type": "Point"
      },
      "properties": {
        "cipher": "Standard",
        "mode": "value_domain",
        "projection": "webmercator_hash_v1",
        "projection_method": "webmercator_hash_v1",
        "value": 1083
      },
      "type": "Feature"
    },
    {
      "geometry": {
        "coordinates": [
          -86.943337,
          52.884299
        ],
        "type": "Point"
      },
      "properties": {
        "cipher": "Standard",
        "mode": "value_domain",
        "projection": "webmercator_hash_v1",
        "projection_method": "webmercator_hash_v1",
        "value": 1084
      },
      "type": "Feature"
    },
    {
      "geometry": {
        "coordinates": [
          -109.517662,
          35.166132
        ],
        "type": "Point"
      },
      "properties": {
        "cipher": "Standard",
        "mode": "value_domain",
        "projection": "webmercator_hash_v1",
        "projection_method": "webmercator_hash_v1",
        "value": 1085
      },
      "type": "Feature"
    },
    {
      "geometry": {
        "coordinates": [
          -2.790912,
          -59.459696
        ],
        "type": "Point"
      },
      "properties": {
        "cipher": "Standard",
        "mode": "value_domain",
        "projection": "webmercator_hash_v1",
        "projection_method": "webmercator_hash_v1",
        "value": 1086
      },
      "type": "Feature"
    },
    {
      "geometry": {
        "coordinates": [
          39.101146,
          17.435665
        ],
        "type": "Point"
      },
      "properties": {
        "cipher": "Standard",
        "mode": "value_domain",
        "projection": "webmercator_hash_v1",
        "projection_method": "webmercator_hash_v1",
        "value": 1087
      },
      "type": "Feature"
    },
    {
      "geometry": {
        "coordinates": [
          -63.246803,
          7.606254
        ],
        "type": "Point"
      },
      "properties": {
        "cipher": "Standard",
        "mode": "value_domain",
        "projection": "webmercator_hash_v1",
        "projection_method": "webmercator_hash_v1",
        "value": 1088
      },
      "type": "Feature"
    },
    {
      "geometry": {
        "coordinates": [
          124.824543,
          -40.952555
        ],
        "type": "Point"
      },
      "properties": {
        "cipher": "Standard",
        "mode": "value_domain",
        "projection": "webmercator_hash_v1",
        "projection_method": "webmercator_hash_v1",
        "value": 1089
      },
      "type": "Feature"
    },
    {
      "geometry": {
        "coordinates": [
          60.539308,
          -72.045149
        ],
        "type": "Point"
      },
      "properties": {
        "cipher": "Standard",
        "mode": "value_domain",
        "projection": "webmercator_hash_v1",
        "projection_method": "webmercator_hash_v1",
        "value": 1090
      },
      "type": "Feature"
    },
    {
      "geometry": {
        "coordinates": [
          134.325276,
          10.699636
        ],
        "type": "Point"
      },
      "properties": {
        "cipher": "Standard",
        "mode": "value_domain",
        "projection": "webmercator_hash_v1",
        "projection_method": "webmercator_hash_v1",
        "value": 1091
      },
      "type": "Feature"
    },
    {
      "geometry": {
        "coordinates": [
          29.752817,
          15.708097
        ],
        "type": "Point"
      },
      "properties": {
        "cipher": "Standard",
        "mode": "value_domain",
        "projection": "webmercator_hash_v1",
        "projection_method": "webmercator_hash_v1",
        "value": 1092
      },
      "type": "Feature"
    },
    {
      "geometry": {
        "coordinates": [
          -143.06642,
          24.069226
        ],
        "type": "Point"
      },
      "properties": {
        "cipher": "Standard",
        "mode": "value_domain",
        "projection": "webmercator_hash_v1",
        "projection_method": "webmercator_hash_v1",
        "value": 1093
      },
      "type": "Feature"
    },
    {
      "geometry": {
        "coordinates": [
          113.196467,
          37.804598
        ],
        "type": "Point"
      },
      "properties": {
        "cipher": "Standard",
        "mode": "value_domain",
        "projection": "webmercator_hash_v1",
        "projection_method": "webmercator_hash_v1",
        "value": 1094
      },
      "type": "Feature"
    },
    {
      "geometry": {
        "coordinates": [
          -120.776221,
          5.610831
        ],
        "type": "Point"
      },
      "properties": {
        "cipher": "Standard",
        "mode": "value_domain",
        "projection": "webmercator_hash_v1",
        "projection_method": "webmercator_hash_v1",
        "value": 1095
      },
      "type": "Feature"
    },
    {
      "geometry": {
        "coordinates": [
          99.182739,
          19.394557
        ],
        "type": "Point"
      },
      "properties": {
        "cipher": "Standard",
        "mode": "value_domain",
        "projection": "webmercator_hash_v1",
        "projection_method": "webmercator_hash_v1",
        "value": 1096
      },
      "type": "Feature"
    },
    {
      "geometry": {
        "coordinates": [
          159.168392,
          32.442306
        ],
        "type": "Point"
      },
      "properties": {
        "cipher": "Standard",
        "mode": "value_domain",
        "projection": "webmercator_hash_v1",
        "projection_method": "webmercator_hash_v1",
        "value": 1097
      },
      "type": "Feature"
    },
    {
      "geometry": {
        "coordinates": [
          171.465867,
          54.036252
        ],
        "type": "Point"
      },
      "properties": {
        "cipher": "Standard",
        "mode": "value_domain",
        "projection": "webmercator_hash_v1",
        "projection_method": "webmercator_hash_v1",
        "value": 1098
      },
      "type": "Feature"
    },
    {
      "geometry": {
        "coordinates": [
          -155.195049,
          -76.437748
        ],
        "type": "Point"
      },
      "properties": {
        "cipher": "Standard",
        "mode": "value_domain",
        "projection": "webmercator_hash_v1",
        "projection_method": "webmercator_hash_v1",
        "value": 1099
      },
      "type": "Feature"
    },
    {
      "geometry": {
        "coordinates": [
          -62.979408,
          81.514241
        ],
        "type": "Point"
      },
      "properties": {
        "cipher": "Standard",
        "mode": "value_domain",
        "projection": "webmercator_hash_v1",
        "projection_method": "webmercator_hash_v1",
        "value": 1100
      },
      "type": "Feature"
    },
    {
      "geometry": {
        "coordinates": [
          8.052931,
          59.165981
        ],
        "type": "Point"
      },
      "properties": {
        "cipher": "Standard",
        "mode": "value_domain",
        "projection": "webmercator_hash_v1",
        "projection_method": "webmercator_hash_v1",
        "value": 1101
      },
      "type": "Feature"
    },
    {
      "geometry": {
        "coordinates": [
          -123.251738,
          61.275402
        ],
        "type": "Point"
      },
      "properties": {
        "cipher": "Standard",
        "mode": "value_domain",
        "projection": "webmercator_hash_v1",
        "projection_method": "webmercator_hash_v1",
        "value": 1102
      },
      "type": "Feature"
    },
    {
      "geometry": {
        "coordinates": [
          -143.275994,
          49.249677
        ],
        "type": "Point"
      },
      "properties": {
        "cipher": "Standard",
        "mode": "value_domain",
        "projection": "webmercator_hash_v1",
        "projection_method": "webmercator_hash_v1",
        "value": 1103
      },
      "type": "Feature"
    },
    {
      "geometry": {
        "coordinates": [
          126.276524,
          0.747589
        ],
        "type": "Point"
      },
      "properties": {
        "cipher": "Standard",
        "mode": "value_domain",
        "projection": "webmercator_hash_v1",
        "projection_method": "webmercator_hash_v1",
        "value": 1104
      },
      "type": "Feature"
    },
    {
      "geometry": {
        "coordinates": [
          -133.936105,
          34.469906
        ],
        "type": "Point"
      },
      "properties": {
        "cipher": "Standard",
        "mode": "value_domain",
        "projection": "webmercator_hash_v1",
        "projection_method": "webmercator_hash_v1",
        "value": 1105
      },
      "type": "Feature"
    },
    {
      "geometry": {
        "coordinates": [
          56.541624,
          4.273086
        ],
        "type": "Point"
      },
      "properties": {
        "cipher": "Standard",
        "mode": "value_domain",
        "projection": "webmercator_hash_v1",
        "projection_method": "webmercator_hash_v1",
        "value": 1106
      },
      "type": "Feature"
    },
    {
      "geometry": {
        "coordinates": [
          28.193518,
          53.767424
        ],
        "type": "Point"
      },
      "properties": {
        "cipher": "Standard",
        "mode": "value_domain",
        "projection": "webmercator_hash_v1",
        "projection_method": "webmercator_hash_v1",
        "value": 1107
      },
      "type": "Feature"
    },
    {
      "geometry": {
        "coordinates": [
          132.901336,
          -75.353516
        ],
        "type": "Point"
      },
      "properties": {
        "cipher": "Standard",
        "mode": "value_domain",
        "projection": "webmercator_hash_v1",
        "projection_method": "webmercator_hash_v1",
        "value": 1108
      },
      "type": "Feature"
    },
    {
      "geometry": {
        "coordinates": [
          -49.449058,
          83.015992
        ],
        "type": "Point"
      },
      "properties": {
        "cipher": "Standard",
        "mode": "value_domain",
        "projection": "webmercator_hash_v1",
        "projection_method": "webmercator_hash_v1",
        "value": 1109
      },
      "type": "Feature"
    },
    {
      "geometry": {
        "coordinates": [
          -6.064257,
          -28.492629
        ],
        "type": "Point"
      },
      "properties": {
        "cipher": "Standard",
        "mode": "value_domain",
        "projection": "webmercator_hash_v1",
        "projection_method": "webmercator_hash_v1",
        "value": 1110
      },
      "type": "Feature"
    },
    {
      "geometry": {
        "coordinates": [
          165.317786,
          -0.872865
        ],
        "type": "Point"
      },
      "properties": {
        "cipher": "Standard",
        "mode": "value_domain",
        "projection": "webmercator_hash_v1",
        "projection_method": "webmercator_hash_v1",
        "value": 1111
      },
      "type": "Feature"
    },
    {
      "geometry": {
        "coordinates": [
          149.615333,
          58.847605
        ],
        "type": "Point"
      },
      "properties": {
        "cipher": "Standard",
        "mode": "value_domain",
        "projection": "webmercator_hash_v1",
        "projection_method": "webmercator_hash_v1",
        "value": 1112
      },
      "type": "Feature"
    },
    {
      "geometry": {
        "coordinates": [
          79.504354,
          65.628271
        ],
        "type": "Point"
      },
      "properties": {
        "cipher": "Standard",
        "mode": "value_domain",
        "projection": "webmercator_hash_v1",
        "projection_method": "webmercator_hash_v1",
        "value": 1113
      },
      "type": "Feature"
    },
    {
      "geometry": {
        "coordinates": [
          -19.321693,
          65.42579
        ],
        "type": "Point"
      },
      "properties": {
        "cipher": "Standard",
        "mode": "value_domain",
        "projection": "webmercator_hash_v1",
        "projection_method": "webmercator_hash_v1",
        "value": 1114
      },
      "type": "Feature"
    },
    {
      "geometry": {
        "coordinates": [
          -1.319704,
          5.182419
        ],
        "type": "Point"
      },
      "properties": {
        "cipher": "Standard",
        "mode": "value_domain",
        "projection": "webmercator_hash_v1",
        "projection_method": "webmercator_hash_v1",
        "value": 1115
      },
      "type": "Feature"
    },
    {
      "geometry": {
        "coordinates": [
          28.240848,
          56.462195
        ],
        "type": "Point"
      },
      "properties": {
        "cipher": "Standard",
        "mode": "value_domain",
        "projection": "webmercator_hash_v1",
        "projection_method": "webmercator_hash_v1",
        "value": 1116
      },
      "type": "Feature"
    },
    {
      "geometry": {
        "coordinates": [
          -26.633322,
          -23.601399
        ],
        "type": "Point"
      },
      "properties": {
        "cipher": "Standard",
        "mode": "value_domain",
        "projection": "webmercator_hash_v1",
        "projection_method": "webmercator_hash_v1",
        "value": 1117
      },
      "type": "Feature"
    },
    {
      "geometry": {
        "coordinates": [
          -102.356094,
          41.123779
        ],
        "type": "Point"
      },
      "properties": {
        "cipher": "Standard",
        "mode": "value_domain",
        "projection": "webmercator_hash_v1",
        "projection_method": "webmercator_hash_v1",
        "value": 1118
      },
      "type": "Feature"
    },
    {
      "geometry": {
        "coordinates": [
          -72.938294,
          -29.121466
        ],
        "type": "Point"
      },
      "properties": {
        "cipher": "Standard",
        "mode": "value_domain",
        "projection": "webmercator_hash_v1",
        "projection_method": "webmercator_hash_v1",
        "value": 1119
      },
      "type": "Feature"
    },
    {
      "geometry": {
        "coordinates": [
          59.677987,
          -55.183065
        ],
        "type": "Point"
      },
      "properties": {
        "cipher": "Standard",
        "mode": "value_domain",
        "projection": "webmercator_hash_v1",
        "projection_method": "webmercator_hash_v1",
        "value": 1120
      },
      "type": "Feature"
    },
    {
      "geometry": {
        "coordinates": [
          -42.334079,
          -28.318432
        ],
        "type": "Point"
      },
      "properties": {
        "cipher": "Standard",
        "mode": "value_domain",
        "projection": "webmercator_hash_v1",
        "projection_method": "webmercator_hash_v1",
        "value": 1121
      },
      "type": "Feature"
    },
    {
      "geometry": {
        "coordinates": [
          150.215755,
          30.224146
        ],
        "type": "Point"
      },
      "properties": {
        "cipher": "Standard",
        "mode": "value_domain",
        "projection": "webmercator_hash_v1",
        "projection_method": "webmercator_hash_v1",
        "value": 1122
      },
      "type": "Feature"
    },
    {
      "geometry": {
        "coordinates": [
          -161.044973,
          80.086383
        ],
        "type": "Point"
      },
      "properties": {
        "cipher": "Standard",
        "mode": "value_domain",
        "projection": "webmercator_hash_v1",
        "projection_method": "webmercator_hash_v1",
        "value": 1123
      },
      "type": "Feature"
    },
    {
      "geometry": {
        "coordinates": [
          63.012077,
          76.663467
        ],
        "type": "Point"
      },
      "properties": {
        "cipher": "Standard",
        "mode": "value_domain",
        "projection": "webmercator_hash_v1",
        "projection_method": "webmercator_hash_v1",
        "value": 1124
      },
      "type": "Feature"
    },
    {
      "geometry": {
        "coordinates": [
          28.292689,
          83.340583
        ],
        "type": "Point"
      },
      "properties": {
        "cipher": "Standard",
        "mode": "value_domain",
        "projection": "webmercator_hash_v1",
        "projection_method": "webmercator_hash_v1",
        "value": 1125
      },
      "type": "Feature"
    },
    {
      "geometry": {
        "coordinates": [
          72.232916,
          26.211013
        ],
        "type": "Point"
      },
      "properties": {
        "cipher": "Standard",
        "mode": "value_domain",
        "projection": "webmercator_hash_v1",
        "projection_method": "webmercator_hash_v1",
        "value": 1126
      },
      "type": "Feature"
    },
    {
      "geometry": {
        "coordinates": [
          125.310292,
          4.679044
        ],
        "type": "Point"
      },
      "properties": {
        "cipher": "Standard",
        "mode": "value_domain",
        "projection": "webmercator_hash_v1",
        "projection_method": "webmercator_hash_v1",
        "value": 1127
      },
      "type": "Feature"
    },
    {
      "geometry": {
        "coordinates": [
          54.174719,
          -60.586303
        ],
        "type": "Point"
      },
      "properties": {
        "cipher": "Standard",
        "mode": "value_domain",
        "projection": "webmercator_hash_v1",
        "projection_method": "webmercator_hash_v1",
        "value": 1128
      },
      "type": "Feature"
    },
    {
      "geometry": {
        "coordinates": [
          101.187686,
          -82.782104
        ],
        "type": "Point"
      },
      "properties": {
        "cipher": "Standard",
        "mode": "value_domain",
        "projection": "webmercator_hash_v1",
        "projection_method": "webmercator_hash_v1",
        "value": 1129
      },
      "type": "Feature"
    },
    {
      "geometry": {
        "coordinates": [
          -45.666882,
          -34.352821
        ],
        "type": "Point"
      },
      "properties": {
        "cipher": "Standard",
        "mode": "value_domain",
        "projection": "webmercator_hash_v1",
        "projection_method": "webmercator_hash_v1",
        "value": 1130
      },
      "type": "Feature"
    },
    {
      "geometry": {
        "coordinates": [
          121.538203,
          58.956843
        ],
        "type": "Point"
      },
      "properties": {
        "cipher": "Standard",
        "mode": "value_domain",
        "projection": "webmercator_hash_v1",
        "projection_method": "webmercator_hash_v1",
        "value": 1131
      },
      "type": "Feature"
    },
    {
      "geometry": {
        "coordinates": [
          -118.995817,
          61.260864
        ],
        "type": "Point"
      },
      "properties": {
        "cipher": "Standard",
        "mode": "value_domain",
        "projection": "webmercator_hash_v1",
        "projection_method": "webmercator_hash_v1",
        "value": 1132
      },
      "type": "Feature"
    },
    {
      "geometry": {
        "coordinates": [
          76.704607,
          -8.820854
        ],
        "type": "Point"
      },
      "properties": {
        "cipher": "Standard",
        "mode": "value_domain",
        "projection": "webmercator_hash_v1",
        "projection_method": "webmercator_hash_v1",
        "value": 1133
      },
      "type": "Feature"
    },
    {
      "geometry": {
        "coordinates": [
          -62.264164,
          35.789607
        ],
        "type": "Point"
      },
      "properties": {
        "cipher": "Standard",
        "mode": "value_domain",
        "projection": "webmercator_hash_v1",
        "projection_method": "webmercator_hash_v1",
        "value": 1134
      },
      "type": "Feature"
    },
    {
      "geometry": {
        "coordinates": [
          -19.764562,
          -46.693655
        ],
        "type": "Point"
      },
      "properties": {
        "cipher": "Standard",
        "mode": "value_domain",
        "projection": "webmercator_hash_v1",
        "projection_method": "webmercator_hash_v1",
        "value": 1135
      },
      "type": "Feature"
    },
    {
      "geometry": {
        "coordinates": [
          73.766464,
          9.453359
        ],
        "type": "Point"
      },
      "properties": {
        "cipher": "Standard",
        "mode": "value_domain",
        "projection": "webmercator_hash_v1",
        "projection_method": "webmercator_hash_v1",
        "value": 1136
      },
      "type": "Feature"
    },
    {
      "geometry": {
        "coordinates": [
          43.369784,
          -80.227346
        ],
        "type": "Point"
      },
      "properties": {
        "cipher": "Standard",
        "mode": "value_domain",
        "projection": "webmercator_hash_v1",
        "projection_method": "webmercator_hash_v1",
        "value": 1137
      },
      "type": "Feature"
    },
    {
      "geometry": {
        "coordinates": [
          54.480005,
          41.129727
        ],
        "type": "Point"
      },
      "properties": {
        "cipher": "Standard",
        "mode": "value_domain",
        "projection": "webmercator_hash_v1",
        "projection_method": "webmercator_hash_v1",
        "value": 1138
      },
      "type": "Feature"
    },
    {
      "geometry": {
        "coordinates": [
          126.62795,
          -42.465471
        ],
        "type": "Point"
      },
      "properties": {
        "cipher": "Standard",
        "mode": "value_domain",
        "projection": "webmercator_hash_v1",
        "projection_method": "webmercator_hash_v1",
        "value": 1139
      },
      "type": "Feature"
    },
    {
      "geometry": {
        "coordinates": [
          -109.858061,
          74.15361
        ],
        "type": "Point"
      },
      "properties": {
        "cipher": "Standard",
        "mode": "value_domain",
        "projection": "webmercator_hash_v1",
        "projection_method": "webmercator_hash_v1",
        "value": 1140
      },
      "type": "Feature"
    },
    {
      "geometry": {
        "coordinates": [
          -50.523921,
          78.298349
        ],
        "type": "Point"
      },
      "properties": {
        "cipher": "Standard",
        "mode": "value_domain",
        "projection": "webmercator_hash_v1",
        "projection_method": "webmercator_hash_v1",
        "value": 1141
      },
      "type": "Feature"
    },
    {
      "geometry": {
        "coordinates": [
          -127.302284,
          21.682284
        ],
        "type": "Point"
      },
      "properties": {
        "cipher": "Standard",
        "mode": "value_domain",
        "projection": "webmercator_hash_v1",
        "projection_method": "webmercator_hash_v1",
        "value": 1142
      },
      "type": "Feature"
    },
    {
      "geometry": {
        "coordinates": [
          -105.477239,
          83.089658
        ],
        "type": "Point"
      },
      "properties": {
        "cipher": "Standard",
        "mode": "value_domain",
        "projection": "webmercator_hash_v1",
        "projection_method": "webmercator_hash_v1",
        "value": 1143
      },
      "type": "Feature"
    },
    {
      "geometry": {
        "coordinates": [
          64.856799,
          25.958687
        ],
        "type": "Point"
      },
      "properties": {
        "cipher": "Standard",
        "mode": "value_domain",
        "projection": "webmercator_hash_v1",
        "projection_method": "webmercator_hash_v1",
        "value": 1144
      },
      "type": "Feature"
    },
    {
      "geometry": {
        "coordinates": [
          -152.264281,
          -26.727406
        ],
        "type": "Point"
      },
      "properties": {
        "cipher": "Standard",
        "mode": "value_domain",
        "projection": "webmercator_hash_v1",
        "projection_method": "webmercator_hash_v1",
        "value": 1145
      },
      "type": "Feature"
    },
    {
      "geometry": {
        "coordinates": [
          158.75846,
          -30.727343
        ],
        "type": "Point"
      },
      "properties": {
        "cipher": "Standard",
        "mode": "value_domain",
        "projection": "webmercator_hash_v1",
        "projection_method": "webmercator_hash_v1",
        "value": 1146
      },
      "type": "Feature"
    },
    {
      "geometry": {
        "coordinates": [
          -161.960479,
          17.973007
        ],
        "type": "Point"
      },
      "properties": {
        "cipher": "Standard",
        "mode": "value_domain",
        "projection": "webmercator_hash_v1",
        "projection_method": "webmercator_hash_v1",
        "value": 1147
      },
      "type": "Feature"
    },
    {
      "geometry": {
        "coordinates": [
          53.670067,
          -11.2744
        ],
        "type": "Point"
      },
      "properties": {
        "cipher": "Standard",
        "mode": "value_domain",
        "projection": "webmercator_hash_v1",
        "projection_method": "webmercator_hash_v1",
        "value": 1148
      },
      "type": "Feature"
    },
    {
      "geometry": {
        "coordinates": [
          107.235723,
          37.103247
        ],
        "type": "Point"
      },
      "properties": {
        "cipher": "Standard",
        "mode": "value_domain",
        "projection": "webmercator_hash_v1",
        "projection_method": "webmercator_hash_v1",
        "value": 1149
      },
      "type": "Feature"
    },
    {
      "geometry": {
        "coordinates": [
          78.756216,
          34.493157
        ],
        "type": "Point"
      },
      "properties": {
        "cipher": "Standard",
        "mode": "value_domain",
        "projection": "webmercator_hash_v1",
        "projection_method": "webmercator_hash_v1",
        "value": 1150
      },
      "type": "Feature"
    },
    {
      "geometry": {
        "coordinates": [
          -119.212275,
          9.494846
        ],
        "type": "Point"
      },
      "properties": {
        "cipher": "Standard",
        "mode": "value_domain",
        "projection": "webmercator_hash_v1",
        "projection_method": "webmercator_hash_v1",
        "value": 1151
      },
      "type": "Feature"
    },
    {
      "geometry": {
        "coordinates": [
          -153.358265,
          70.922515
        ],
        "type": "Point"
      },
      "properties": {
        "cipher": "Standard",
        "mode": "value_domain",
        "projection": "webmercator_hash_v1",
        "projection_method": "webmercator_hash_v1",
        "value": 1152
      },
      "type": "Feature"
    },
    {
      "geometry": {
        "coordinates": [
          17.735097,
          44.283793
        ],
        "type": "Point"
      },
      "properties": {
        "cipher": "Standard",
        "mode": "value_domain",
        "projection": "webmercator_hash_v1",
        "projection_method": "webmercator_hash_v1",
        "value": 1153
      },
      "type": "Feature"
    },
    {
      "geometry": {
        "coordinates": [
          -107.842041,
          14.122075
        ],
        "type": "Point"
      },
      "properties": {
        "cipher": "Standard",
        "mode": "value_domain",
        "projection": "webmercator_hash_v1",
        "projection_method": "webmercator_hash_v1",
        "value": 1154
      },
      "type": "Feature"
    },
    {
      "geometry": {
        "coordinates": [
          118.008746,
          -77.802289
        ],
        "type": "Point"
      },
      "properties": {
        "cipher": "Standard",
        "mode": "value_domain",
        "projection": "webmercator_hash_v1",
        "projection_method": "webmercator_hash_v1",
        "value": 1155
      },
      "type": "Feature"
    },
    {
      "geometry": {
        "coordinates": [
          -103.112589,
          20.363043
        ],
        "type": "Point"
      },
      "properties": {
        "cipher": "Standard",
        "mode": "value_domain",
        "projection": "webmercator_hash_v1",
        "projection_method": "webmercator_hash_v1",
        "value": 1156
      },
      "type": "Feature"
    },
    {
      "geometry": {
        "coordinates": [
          -57.827161,
          -5.721395
        ],
        "type": "Point"
      },
      "properties": {
        "cipher": "Standard",
        "mode": "value_domain",
        "projection": "webmercator_hash_v1",
        "projection_method": "webmercator_hash_v1",
        "value": 1157
      },
      "type": "Feature"
    },
    {
      "geometry": {
        "coordinates": [
          39.303514,
          -52.94793
        ],
        "type": "Point"
      },
      "properties": {
        "cipher": "Standard",
        "mode": "value_domain",
        "projection": "webmercator_hash_v1",
        "projection_method": "webmercator_hash_v1",
        "value": 1158
      },
      "type": "Feature"
    },
    {
      "geometry": {
        "coordinates": [
          58.828795,
          -23.421313
        ],
        "type": "Point"
      },
      "properties": {
        "cipher": "Standard",
        "mode": "value_domain",
        "projection": "webmercator_hash_v1",
        "projection_method": "webmercator_hash_v1",
        "value": 1159
      },
      "type": "Feature"
    },
    {
      "geometry": {
        "coordinates": [
          -0.25263,
          -30.381442
        ],
        "type": "Point"
      },
      "properties": {
        "cipher": "Standard",
        "mode": "value_domain",
        "projection": "webmercator_hash_v1",
        "projection_method": "webmercator_hash_v1",
        "value": 1160
      },
      "type": "Feature"
    },
    {
      "geometry": {
        "coordinates": [
          -130.31827,
          15.217442
        ],
        "type": "Point"
      },
      "properties": {
        "cipher": "Standard",
        "mode": "value_domain",
        "projection": "webmercator_hash_v1",
        "projection_method": "webmercator_hash_v1",
        "value": 1161
      },
      "type": "Feature"
    },
    {
      "geometry": {
        "coordinates": [
          -2.980527,
          -58.161629
        ],
        "type": "Point"
      },
      "properties": {
        "cipher": "Standard",
        "mode": "value_domain",
        "projection": "webmercator_hash_v1",
        "projection_method": "webmercator_hash_v1",
        "value": 1162
      },
      "type": "Feature"
    },
    {
      "geometry": {
        "coordinates": [
          -145.202415,
          36.061596
        ],
        "type": "Point"
      },
      "properties": {
        "cipher": "Standard",
        "mode": "value_domain",
        "projection": "webmercator_hash_v1",
        "projection_method": "webmercator_hash_v1",
        "value": 1163
      },
      "type": "Feature"
    },
    {
      "geometry": {
        "coordinates": [
          -150.435639,
          74.909999
        ],
        "type": "Point"
      },
      "properties": {
        "cipher": "Standard",
        "mode": "value_domain",
        "projection": "webmercator_hash_v1",
        "projection_method": "webmercator_hash_v1",
        "value": 1164
      },
      "type": "Feature"
    },
    {
      "geometry": {
        "coordinates": [
          126.590568,
          57.37716
        ],
        "type": "Point"
      },
      "properties": {
        "cipher": "Standard",
        "mode": "value_domain",
        "projection": "webmercator_hash_v1",
        "projection_method": "webmercator_hash_v1",
        "value": 1165
      },
      "type": "Feature"
    },
    {
      "geometry": {
        "coordinates": [
          -172.762001,
          -65.785837
        ],
        "type": "Point"
      },
      "properties": {
        "cipher": "Standard",
        "mode": "value_domain",
        "projection": "webmercator_hash_v1",
        "projection_method": "webmercator_hash_v1",
        "value": 1166
      },
      "type": "Feature"
    },
    {
      "geometry": {
        "coordinates": [
          15.983167,
          -39.187326
        ],
        "type": "Point"
      },
      "properties": {
        "cipher": "Standard",
        "mode": "value_domain",
        "projection": "webmercator_hash_v1",
        "projection_method": "webmercator_hash_v1",
        "value": 1167
      },
      "type": "Feature"
    },
    {
      "geometry": {
        "coordinates": [
          144.111026,
          -36.696772
        ],
        "type": "Point"
      },
      "properties": {
        "cipher": "Standard",
        "mode": "value_domain",
        "projection": "webmercator_hash_v1",
        "projection_method": "webmercator_hash_v1",
        "value": 1168
      },
      "type": "Feature"
    },
    {
      "geometry": {
        "coordinates": [
          -92.363164,
          56.764241
        ],
        "type": "Point"
      },
      "properties": {
        "cipher": "Standard",
        "mode": "value_domain",
        "projection": "webmercator_hash_v1",
        "projection_method": "webmercator_hash_v1",
        "value": 1169
      },
      "type": "Feature"
    },
    {
      "geometry": {
        "coordinates": [
          -60.552922,
          24.068214
        ],
        "type": "Point"
      },
      "properties": {
        "cipher": "Standard",
        "mode": "value_domain",
        "projection": "webmercator_hash_v1",
        "projection_method": "webmercator_hash_v1",
        "value": 1170
      },
      "type": "Feature"
    },
    {
      "geometry": {
        "coordinates": [
          120.379152,
          -36.80757
        ],
        "type": "Point"
      },
      "properties": {
        "cipher": "Standard",
        "mode": "value_domain",
        "projection": "webmercator_hash_v1",
        "projection_method": "webmercator_hash_v1",
        "value": 1171
      },
      "type": "Feature"
    },
    {
      "geometry": {
        "coordinates": [
          -27.111289,
          80.361264
        ],
        "type": "Point"
      },
      "properties": {
        "cipher": "Standard",
        "mode": "value_domain",
        "projection": "webmercator_hash_v1",
        "projection_method": "webmercator_hash_v1",
        "value": 1172
      },
      "type": "Feature"
    },
    {
      "geometry": {
        "coordinates": [
          48.977079,
          74.191485
        ],
        "type": "Point"
      },
      "properties": {
        "cipher": "Standard",
        "mode": "value_domain",
        "projection": "webmercator_hash_v1",
        "projection_method": "webmercator_hash_v1",
        "value": 1173
      },
      "type": "Feature"
    },
    {
      "geometry": {
        "coordinates": [
          -16.057047,
          -9.027009
        ],
        "type": "Point"
      },
      "properties": {
        "cipher": "Standard",
        "mode": "value_domain",
        "projection": "webmercator_hash_v1",
        "projection_method": "webmercator_hash_v1",
        "value": 1174
      },
      "type": "Feature"
    },
    {
      "geometry": {
        "coordinates": [
          133.826188,
          73.988975
        ],
        "type": "Point"
      },
      "properties": {
        "cipher": "Standard",
        "mode": "value_domain",
        "projection": "webmercator_hash_v1",
        "projection_method": "webmercator_hash_v1",
        "value": 1175
      },
      "type": "Feature"
    },
    {
      "geometry": {
        "coordinates": [
          147.832285,
          83.070225
        ],
        "type": "Point"
      },
      "properties": {
        "cipher": "Standard",
        "mode": "value_domain",
        "projection": "webmercator_hash_v1",
        "projection_method": "webmercator_hash_v1",
        "value": 1176
      },
      "type": "Feature"
    },
    {
      "geometry": {
        "coordinates": [
          66.409934,
          79.750641
        ],
        "type": "Point"
      },
      "properties": {
        "cipher": "Standard",
        "mode": "value_domain",
        "projection": "webmercator_hash_v1",
        "projection_method": "webmercator_hash_v1",
        "value": 1177
      },
      "type": "Feature"
    },
    {
      "geometry": {
        "coordinates": [
          167.578254,
          22.299683
        ],
        "type": "Point"
      },
      "properties": {
        "cipher": "Standard",
        "mode": "value_domain",
        "projection": "webmercator_hash_v1",
        "projection_method": "webmercator_hash_v1",
        "value": 1178
      },
      "type": "Feature"
    },
    {
      "geometry": {
        "coordinates": [
          -49.988272,
          39.295746
        ],
        "type": "Point"
      },
      "properties": {
        "cipher": "Standard",
        "mode": "value_domain",
        "projection": "webmercator_hash_v1",
        "projection_method": "webmercator_hash_v1",
        "value": 1179
      },
      "type": "Feature"
    },
    {
      "geometry": {
        "coordinates": [
          -128.268903,
          -55.41727
        ],
        "type": "Point"
      },
      "properties": {
        "cipher": "Standard",
        "mode": "value_domain",
        "projection": "webmercator_hash_v1",
        "projection_method": "webmercator_hash_v1",
        "value": 1180
      },
      "type": "Feature"
    },
    {
      "geometry": {
        "coordinates": [
          -24.343717,
          -3.551469
        ],
        "type": "Point"
      },
      "properties": {
        "cipher": "Standard",
        "mode": "value_domain",
        "projection": "webmercator_hash_v1",
        "projection_method": "webmercator_hash_v1",
        "value": 1181
      },
      "type": "Feature"
    },
    {
      "geometry": {
        "coordinates": [
          -75.213081,
          -74.168381
        ],
        "type": "Point"
      },
      "properties": {
        "cipher": "Standard",
        "mode": "value_domain",
        "projection": "webmercator_hash_v1",
        "projection_method": "webmercator_hash_v1",
        "value": 1182
      },
      "type": "Feature"
    },
    {
      "geometry": {
        "coordinates": [
          -101.643776,
          -26.061226
        ],
        "type": "Point"
      },
      "properties": {
        "cipher": "Standard",
        "mode": "value_domain",
        "projection": "webmercator_hash_v1",
        "projection_method": "webmercator_hash_v1",
        "value": 1183
      },
      "type": "Feature"
    },
    {
      "geometry": {
        "coordinates": [
          43.429976,
          -2.96686
        ],
        "type": "Point"
      },
      "properties": {
        "cipher": "Standard",
        "mode": "value_domain",
        "projection": "webmercator_hash_v1",
        "projection_method": "webmercator_hash_v1",
        "value": 1184
      },
      "type": "Feature"
    },
    {
      "geometry": {
        "coordinates": [
          -134.420801,
          -3.93779
        ],
        "type": "Point"
      },
      "properties": {
        "cipher": "Standard",
        "mode": "value_domain",
        "projection": "webmercator_hash_v1",
        "projection_method": "webmercator_hash_v1",
        "value": 1185
      },
      "type": "Feature"
    },
    {
      "geometry": {
        "coordinates": [
          135.197642,
          -2.677584
        ],
        "type": "Point"
      },
      "properties": {
        "cipher": "Standard",
        "mode": "value_domain",
        "projection": "webmercator_hash_v1",
        "projection_method": "webmercator_hash_v1",
        "value": 1186
      },
      "type": "Feature"
    },
    {
      "geometry": {
        "coordinates": [
          121.466878,
          -22.732487
        ],
        "type": "Point"
      },
      "properties": {
        "cipher": "Standard",
        "mode": "value_domain",
        "projection": "webmercator_hash_v1",
        "projection_method": "webmercator_hash_v1",
        "value": 1187
      },
      "type": "Feature"
    },
    {
      "geometry": {
        "coordinates": [
          -42.021744,
          4.6676
        ],
        "type": "Point"
      },
      "properties": {
        "cipher": "Standard",
        "mode": "value_domain",
        "projection": "webmercator_hash_v1",
        "projection_method": "webmercator_hash_v1",
        "value": 1188
      },
      "type": "Feature"
    },
    {
      "geometry": {
        "coordinates": [
          4.975651,
          71.462116
        ],
        "type": "Point"
      },
      "properties": {
        "cipher": "Standard",
        "mode": "value_domain",
        "projection": "webmercator_hash_v1",
        "projection_method": "webmercator_hash_v1",
        "value": 1189
      },
      "type": "Feature"
    },
    {
      "geometry": {
        "coordinates": [
          28.829083,
          60.57075
        ],
        "type": "Point"
      },
      "properties": {
        "cipher": "Standard",
        "mode": "value_domain",
        "projection": "webmercator_hash_v1",
        "projection_method": "webmercator_hash_v1",
        "value": 1190
      },
      "type": "Feature"
    },
    {
      "geometry": {
        "coordinates": [
          -32.267933,
          45.380384
        ],
        "type": "Point"
      },
      "properties": {
        "cipher": "Standard",
        "mode": "value_domain",
        "projection": "webmercator_hash_v1",
        "projection_method": "webmercator_hash_v1",
        "value": 1191
      },
      "type": "Feature"
    },
    {
      "geometry": {
        "coordinates": [
          114.244828,
          18.940839
        ],
        "type": "Point"
      },
      "properties": {
        "cipher": "Standard",
        "mode": "value_domain",
        "projection": "webmercator_hash_v1",
        "projection_method": "webmercator_hash_v1",
        "value": 1192
      },
      "type": "Feature"
    },
    {
      "geometry": {
        "coordinates": [
          77.008494,
          51.206893
        ],
        "type": "Point"
      },
      "properties": {
        "cipher": "Standard",
        "mode": "value_domain",
        "projection": "webmercator_hash_v1",
        "projection_method": "webmercator_hash_v1",
        "value": 1193
      },
      "type": "Feature"
    },
    {
      "geometry": {
        "coordinates": [
          48.910688,
          46.652056
        ],
        "type": "Point"
      },
      "properties": {
        "cipher": "Standard",
        "mode": "value_domain",
        "projection": "webmercator_hash_v1",
        "projection_method": "webmercator_hash_v1",
        "value": 1194
      },
      "type": "Feature"
    },
    {
      "geometry": {
        "coordinates": [
          134.208224,
          59.074217
        ],
        "type": "Point"
      },
      "properties": {
        "cipher": "Standard",
        "mode": "value_domain",
        "projection": "webmercator_hash_v1",
        "projection_method": "webmercator_hash_v1",
        "value": 1195
      },
      "type": "Feature"
    },
    {
      "geometry": {
        "coordinates": [
          -102.564237,
          -77.067294
        ],
        "type": "Point"
      },
      "properties": {
        "cipher": "Standard",
        "mode": "value_domain",
        "projection": "webmercator_hash_v1",
        "projection_method": "webmercator_hash_v1",
        "value": 1196
      },
      "type": "Feature"
    },
    {
      "geometry": {
        "coordinates": [
          80.558241,
          30.394209
        ],
        "type": "Point"
      },
      "properties": {
        "cipher": "Standard",
        "mode": "value_domain",
        "projection": "webmercator_hash_v1",
        "projection_method": "webmercator_hash_v1",
        "value": 1197
      },
      "type": "Feature"
    },
    {
      "geometry": {
        "coordinates": [
          33.840846,
          31.537174
        ],
        "type": "Point"
      },
      "properties": {
        "cipher": "Standard",
        "mode": "value_domain",
        "projection": "webmercator_hash_v1",
        "projection_method": "webmercator_hash_v1",
        "value": 1198
      },
      "type": "Feature"
    },
    {
      "geometry": {
        "coordinates": [
          -173.197485,
          -37.018837
        ],
        "type": "Point"
      },
      "properties": {
        "cipher": "Standard",
        "mode": "value_domain",
        "projection": "webmercator_hash_v1",
        "projection_method": "webmercator_hash_v1",
        "value": 1199
      },
      "type": "Feature"
    },
    {
      "geometry": {
        "coordinates": [
          31.166727,
          24.162885
        ],
        "type": "Point"
      },
      "properties": {
        "cipher": "Standard",
        "mode": "value_domain",
        "projection": "webmercator_hash_v1",
        "projection_method": "webmercator_hash_v1",
        "value": 1200
      },
      "type": "Feature"
    },
    {
      "geometry": {
        "coordinates": [
          -2.15925,
          -35.597577
        ],
        "type": "Point"
      },
      "properties": {
        "cipher": "Standard",
        "mode": "value_domain",
        "projection": "webmercator_hash_v1",
        "projection_method": "webmercator_hash_v1",
        "value": 1201
      },
      "type": "Feature"
    },
    {
      "geometry": {
        "coordinates": [
          105.488063,
          -60.722725
        ],
        "type": "Point"
      },
      "properties": {
        "cipher": "Standard",
        "mode": "value_domain",
        "projection": "webmercator_hash_v1",
        "projection_method": "webmercator_hash_v1",
        "value": 1202
      },
      "type": "Feature"
    },
    {
      "geometry": {
        "coordinates": [
          -146.303135,
          -6.734795
        ],
        "type": "Point"
      },
      "properties": {
        "cipher": "Standard",
        "mode": "value_domain",
        "projection": "webmercator_hash_v1",
        "projection_method": "webmercator_hash_v1",
        "value": 1203
      },
      "type": "Feature"
    },
    {
      "geometry": {
        "coordinates": [
          91.565166,
          -47.78627
        ],
        "type": "Point"
      },
      "properties": {
        "cipher": "Standard",
        "mode": "value_domain",
        "projection": "webmercator_hash_v1",
        "projection_method": "webmercator_hash_v1",
        "value": 1204
      },
      "type": "Feature"
    },
    {
      "geometry": {
        "coordinates": [
          -20.998846,
          -12.182261
        ],
        "type": "Point"
      },
      "properties": {
        "cipher": "Standard",
        "mode": "value_domain",
        "projection": "webmercator_hash_v1",
        "projection_method": "webmercator_hash_v1",
        "value": 1205
      },
      "type": "Feature"
    },
    {
      "geometry": {
        "coordinates": [
          -125.869901,
          -54.114935
        ],
        "type": "Point"
      },
      "properties": {
        "cipher": "Standard",
        "mode": "value_domain",
        "projection": "webmercator_hash_v1",
        "projection_method": "webmercator_hash_v1",
        "value": 1206
      },
      "type": "Feature"
    },
    {
      "geometry": {
        "coordinates": [
          -40.361414,
          -61.91135
        ],
        "type": "Point"
      },
      "properties": {
        "cipher": "Standard",
        "mode": "value_domain",
        "projection": "webmercator_hash_v1",
        "projection_method": "webmercator_hash_v1",
        "value": 1207
      },
      "type": "Feature"
    },
    {
      "geometry": {
        "coordinates": [
          176.842438,
          -44.28331
        ],
        "type": "Point"
      },
      "properties": {
        "cipher": "Standard",
        "mode": "value_domain",
        "projection": "webmercator_hash_v1",
        "projection_method": "webmercator_hash_v1",
        "value": 1208
      },
      "type": "Feature"
    },
    {
      "geometry": {
        "coordinates": [
          133.87154,
          70.523075
        ],
        "type": "Point"
      },
      "properties": {
        "cipher": "Standard",
        "mode": "value_domain",
        "projection": "webmercator_hash_v1",
        "projection_method": "webmercator_hash_v1",
        "value": 1209
      },
      "type": "Feature"
    },
    {
      "geometry": {
        "coordinates": [
          -131.994461,
          26.255738
        ],
        "type": "Point"
      },
      "properties": {
        "cipher": "Standard",
        "mode": "value_domain",
        "projection": "webmercator_hash_v1",
        "projection_method": "webmercator_hash_v1",
        "value": 1210
      },
      "type": "Feature"
    },
    {
      "geometry": {
        "coordinates": [
          -32.201158,
          33.239161
        ],
        "type": "Point"
      },
      "properties": {
        "cipher": "Standard",
        "mode": "value_domain",
        "projection": "webmercator_hash_v1",
        "projection_method": "webmercator_hash_v1",
        "value": 1211
      },
      "type": "Feature"
    },
    {
      "geometry": {
        "coordinates": [
          111.217805,
          28.951635
        ],
        "type": "Point"
      },
      "properties": {
        "cipher": "Standard",
        "mode": "value_domain",
        "projection": "webmercator_hash_v1",
        "projection_method": "webmercator_hash_v1",
        "value": 1212
      },
      "type": "Feature"
    },
    {
      "geometry": {
        "coordinates": [
          133.124036,
          -37.582307
        ],
        "type": "Point"
      },
      "properties": {
        "cipher": "Standard",
        "mode": "value_domain",
        "projection": "webmercator_hash_v1",
        "projection_method": "webmercator_hash_v1",
        "value": 1213
      },
      "type": "Feature"
    },
    {
      "geometry": {
        "coordinates": [
          25.214506,
          59.490873
        ],
        "type": "Point"
      },
      "properties": {
        "cipher": "Standard",
        "mode": "value_domain",
        "projection": "webmercator_hash_v1",
        "projection_method": "webmercator_hash_v1",
        "value": 1214
      },
      "type": "Feature"
    },
    {
      "geometry": {
        "coordinates": [
          179.019638,
          -41.469861
        ],
        "type": "Point"
      },
      "properties": {
        "cipher": "Standard",
        "mode": "value_domain",
        "projection": "webmercator_hash_v1",
        "projection_method": "webmercator_hash_v1",
        "value": 1215
      },
      "type": "Feature"
    },
    {
      "geometry": {
        "coordinates": [
          83.881499,
          50.304759
        ],
        "type": "Point"
      },
      "properties": {
        "cipher": "Standard",
        "mode": "value_domain",
        "projection": "webmercator_hash_v1",
        "projection_method": "webmercator_hash_v1",
        "value": 1216
      },
      "type": "Feature"
    },
    {
      "geometry": {
        "coordinates": [
          -54.589759,
          -35.131568
        ],
        "type": "Point"
      },
      "properties": {
        "cipher": "Standard",
        "mode": "value_domain",
        "projection": "webmercator_hash_v1",
        "projection_method": "webmercator_hash_v1",
        "value": 1217
      },
      "type": "Feature"
    },
    {
      "geometry": {
        "coordinates": [
          -89.887538,
          6.367195
        ],
        "type": "Point"
      },
      "properties": {
        "cipher": "Standard",
        "mode": "value_domain",
        "projection": "webmercator_hash_v1",
        "projection_method": "webmercator_hash_v1",
        "value": 1218
      },
      "type": "Feature"
    },
    {
      "geometry": {
        "coordinates": [
          -35.568674,
          -29.542215
        ],
        "type": "Point"
      },
      "properties": {
        "cipher": "Standard",
        "mode": "value_domain",
        "projection": "webmercator_hash_v1",
        "projection_method": "webmercator_hash_v1",
        "value": 1219
      },
      "type": "Feature"
    },
    {
      "geometry": {
        "coordinates": [
          -149.784405,
          -53.237088
        ],
        "type": "Point"
      },
      "properties": {
        "cipher": "Standard",
        "mode": "value_domain",
        "projection": "webmercator_hash_v1",
        "projection_method": "webmercator_hash_v1",
        "value": 1220
      },
      "type": "Feature"
    },
    {
      "geometry": {
        "coordinates": [
          98.598389,
          -83.543466
        ],
        "type": "Point"
      },
      "properties": {
        "cipher": "Standard",
        "mode": "value_domain",
        "projection": "webmercator_hash_v1",
        "projection_method": "webmercator_hash_v1",
        "value": 1221
      },
      "type": "Feature"
    },
    {
      "geometry": {
        "coordinates": [
          80.629193,
          -41.975641
        ],
        "type": "Point"
      },
      "properties": {
        "cipher": "Standard",
        "mode": "value_domain",
        "projection": "webmercator_hash_v1",
        "projection_method": "webmercator_hash_v1",
        "value": 1222
      },
      "type": "Feature"
    },
    {
      "geometry": {
        "coordinates": [
          -31.341124,
          20.265115
        ],
        "type": "Point"
      },
      "properties": {
        "cipher": "Standard",
        "mode": "value_domain",
        "projection": "webmercator_hash_v1",
        "projection_method": "webmercator_hash_v1",
        "value": 1223
      },
      "type": "Feature"
    },
    {
      "geometry": {
        "coordinates": [
          -29.264503,
          -10.633123
        ],
        "type": "Point"
      },
      "properties": {
        "cipher": "Standard",
        "mode": "value_domain",
        "projection": "webmercator_hash_v1",
        "projection_method": "webmercator_hash_v1",
        "value": 1224
      },
      "type": "Feature"
    },
    {
      "geometry": {
        "coordinates": [
          171.110079,
          -64.857631
        ],
        "type": "Point"
      },
      "properties": {
        "cipher": "Standard",
        "mode": "value_domain",
        "projection": "webmercator_hash_v1",
        "projection_method": "webmercator_hash_v1",
        "value": 1225
      },
      "type": "Feature"
    },
    {
      "geometry": {
        "coordinates": [
          66.435485,
          13.69768
        ],
        "type": "Point"
      },
      "properties": {
        "cipher": "Standard",
        "mode": "value_domain",
        "projection": "webmercator_hash_v1",
        "projection_method": "webmercator_hash_v1",
        "value": 1226
      },
      "type": "Feature"
    },
    {
      "geometry": {
        "coordinates": [
          23.864642,
          -12.461839
        ],
        "type": "Point"
      },
      "properties": {
        "cipher": "Standard",
        "mode": "value_domain",
        "projection": "webmercator_hash_v1",
        "projection_method": "webmercator_hash_v1",
        "value": 1227
      },
      "type": "Feature"
    },
    {
      "geometry": {
        "coordinates": [
          -82.57686,
          -52.900258
        ],
        "type": "Point"
      },
      "properties": {
        "cipher": "Standard",
        "mode": "value_domain",
        "projection": "webmercator_hash_v1",
        "projection_method": "webmercator_hash_v1",
        "value": 1228
      },
      "type": "Feature"
    },
    {
      "geometry": {
        "coordinates": [
          25.704991,
          -80.463233
        ],
        "type": "Point"
      },
      "properties": {
        "cipher": "Standard",
        "mode": "value_domain",
        "projection": "webmercator_hash_v1",
        "projection_method": "webmercator_hash_v1",
        "value": 1229
      },
      "type": "Feature"
    },
    {
      "geometry": {
        "coordinates": [
          63.24414,
          -58.944895
        ],
        "type": "Point"
      },
      "properties": {
        "cipher": "Standard",
        "mode": "value_domain",
        "projection": "webmercator_hash_v1",
        "projection_method": "webmercator_hash_v1",
        "value": 1230
      },
      "type": "Feature"
    },
    {
      "geometry": {
        "coordinates": [
          165.988336,
          -15.949746
        ],
        "type": "Point"
      },
      "properties": {
        "cipher": "Standard",
        "mode": "value_domain",
        "projection": "webmercator_hash_v1",
        "projection_method": "webmercator_hash_v1",
        "value": 1231
      },
      "type": "Feature"
    },
    {
      "geometry": {
        "coordinates": [
          131.289713,
          -15.169837
        ],
        "type": "Point"
      },
      "properties": {
        "cipher": "Standard",
        "mode": "value_domain",
        "projection": "webmercator_hash_v1",
        "projection_method": "webmercator_hash_v1",
        "value": 1232
      },
      "type": "Feature"
    },
    {
      "geometry": {
        "coordinates": [
          40.426805,
          24.06521
        ],
        "type": "Point"
      },
      "properties": {
        "cipher": "Standard",
        "mode": "value_domain",
        "projection": "webmercator_hash_v1",
        "projection_method": "webmercator_hash_v1",
        "value": 1233
      },
      "type": "Feature"
    },
    {
      "geometry": {
        "coordinates": [
          -155.775852,
          -12.670108
        ],
        "type": "Point"
      },
      "properties": {
        "cipher": "Standard",
        "mode": "value_domain",
        "projection": "webmercator_hash_v1",
        "projection_method": "webmercator_hash_v1",
        "value": 1234
      },
      "type": "Feature"
    },
    {
      "geometry": {
        "coordinates": [
          -72.636678,
          33.222917
        ],
        "type": "Point"
      },
      "properties": {
        "cipher": "Standard",
        "mode": "value_domain",
        "projection": "webmercator_hash_v1",
        "projection_method": "webmercator_hash_v1",
        "value": 1235
      },
      "type": "Feature"
    },
    {
      "geometry": {
        "coordinates": [
          137.372091,
          -84.124635
        ],
        "type": "Point"
      },
      "properties": {
        "cipher": "Standard",
        "mode": "value_domain",
        "projection": "webmercator_hash_v1",
        "projection_method": "webmercator_hash_v1",
        "value": 1236
      },
      "type": "Feature"
    },
    {
      "geometry": {
        "coordinates": [
          127.840394,
          -73.55217
        ],
        "type": "Point"
      },
      "properties": {
        "cipher": "Standard",
        "mode": "value_domain",
        "projection": "webmercator_hash_v1",
        "projection_method": "webmercator_hash_v1",
        "value": 1237
      },
      "type": "Feature"
    },
    {
      "geometry": {
        "coordinates": [
          -106.126213,
          -13.612168
        ],
        "type": "Point"
      },
      "properties": {
        "cipher": "Standard",
        "mode": "value_domain",
        "projection": "webmercator_hash_v1",
        "projection_method": "webmercator_hash_v1",
        "value": 1238
      },
      "type": "Feature"
    },
    {
      "geometry": {
        "coordinates": [
          -121.802128,
          -51.258176
        ],
        "type": "Point"
      },
      "properties": {
        "cipher": "Standard",
        "mode": "value_domain",
        "projection": "webmercator_hash_v1",
        "projection_method": "webmercator_hash_v1",
        "value": 1239
      },
      "type": "Feature"
    },
    {
      "geometry": {
        "coordinates": [
          -45.722359,
          -68.933191
        ],
        "type": "Point"
      },
      "properties": {
        "cipher": "Standard",
        "mode": "value_domain",
        "projection": "webmercator_hash_v1",
        "projection_method": "webmercator_hash_v1",
        "value": 1240
      },
      "type": "Feature"
    },
    {
      "geometry": {
        "coordinates": [
          -25.188428,
          -50.344398
        ],
        "type": "Point"
      },
      "properties": {
        "cipher": "Standard",
        "mode": "value_domain",
        "projection": "webmercator_hash_v1",
        "projection_method": "webmercator_hash_v1",
        "value": 1241
      },
      "type": "Feature"
    },
    {
      "geometry": {
        "coordinates": [
          179.853878,
          -42.57018
        ],
        "type": "Point"
      },
      "properties": {
        "cipher": "Standard",
        "mode": "value_domain",
        "projection": "webmercator_hash_v1",
        "projection_method": "webmercator_hash_v1",
        "value": 1242
      },
      "type": "Feature"
    },
    {
      "geometry": {
        "coordinates": [
          97.116053,
          -72.266446
        ],
        "type": "Point"
      },
      "properties": {
        "cipher": "Standard",
        "mode": "value_domain",
        "projection": "webmercator_hash_v1",
        "projection_method": "webmercator_hash_v1",
        "value": 1243
      },
      "type": "Feature"
    },
    {
      "geometry": {
        "coordinates": [
          -99.89521,
          27.287832
        ],
        "type": "Point"
      },
      "properties": {
        "cipher": "Standard",
        "mode": "value_domain",
        "projection": "webmercator_hash_v1",
        "projection_method": "webmercator_hash_v1",
        "value": 1244
      },
      "type": "Feature"
    },
    {
      "geometry": {
        "coordinates": [
          155.601014,
          -76.940543
        ],
        "type": "Point"
      },
      "properties": {
        "cipher": "Standard",
        "mode": "value_domain",
        "projection": "webmercator_hash_v1",
        "projection_method": "webmercator_hash_v1",
        "value": 1245
      },
      "type": "Feature"
    },
    {
      "geometry": {
        "coordinates": [
          63.829116,
          -78.998694
        ],
        "type": "Point"
      },
      "properties": {
        "cipher": "Standard",
        "mode": "value_domain",
        "projection": "webmercator_hash_v1",
        "projection_method": "webmercator_hash_v1",
        "value": 1246
      },
      "type": "Feature"
    },
    {
      "geometry": {
        "coordinates": [
          -71.634367,
          -60.300582
        ],
        "type": "Point"
      },
      "properties": {
        "cipher": "Standard",
        "mode": "value_domain",
        "projection": "webmercator_hash_v1",
        "projection_method": "webmercator_hash_v1",
        "value": 1247
      },
      "type": "Feature"
    },
    {
      "geometry": {
        "coordinates": [
          1.123375,
          3.670898
        ],
        "type": "Point"
      },
      "properties": {
        "cipher": "Standard",
        "mode": "value_domain",
        "projection": "webmercator_hash_v1",
        "projection_method": "webmercator_hash_v1",
        "value": 1248
      },
      "type": "Feature"
    },
    {
      "geometry": {
        "coordinates": [
          20.870132,
          -71.643659
        ],
        "type": "Point"
      },
      "properties": {
        "cipher": "Standard",
        "mode": "value_domain",
        "projection": "webmercator_hash_v1",
        "projection_method": "webmercator_hash_v1",
        "value": 1249
      },
      "type": "Feature"
    },
    {
      "geometry": {
        "coordinates": [
          -78.183924,
          54.061302
        ],
        "type": "Point"
      },
      "properties": {
        "cipher": "Standard",
        "mode": "value_domain",
        "projection": "webmercator_hash_v1",
        "projection_method": "webmercator_hash_v1",
        "value": 1250
      },
      "type": "Feature"
    },
    {
      "geometry": {
        "coordinates": [
          95.042101,
          65.834407
        ],
        "type": "Point"
      },
      "properties": {
        "cipher": "Standard",
        "mode": "value_domain",
        "projection": "webmercator_hash_v1",
        "projection_method": "webmercator_hash_v1",
        "value": 1251
      },
      "type": "Feature"
    },
    {
      "geometry": {
        "coordinates": [
          -47.201819,
          -55.767387
        ],
        "type": "Point"
      },
      "properties": {
        "cipher": "Standard",
        "mode": "value_domain",
        "projection": "webmercator_hash_v1",
        "projection_method": "webmercator_hash_v1",
        "value": 1252
      },
      "type": "Feature"
    },
    {
      "geometry": {
        "coordinates": [
          -31.65977,
          61.320337
        ],
        "type": "Point"
      },
      "properties": {
        "cipher": "Standard",
        "mode": "value_domain",
        "projection": "webmercator_hash_v1",
        "projection_method": "webmercator_hash_v1",
        "value": 1253
      },
      "type": "Feature"
    },
    {
      "geometry": {
        "coordinates": [
          -93.195472,
          76.196837
        ],
        "type": "Point"
      },
      "properties": {
        "cipher": "Standard",
        "mode": "value_domain",
        "projection": "webmercator_hash_v1",
        "projection_method": "webmercator_hash_v1",
        "value": 1254
      },
      "type": "Feature"
    },
    {
      "geometry": {
        "coordinates": [
          16.411109,
          -38.725476
        ],
        "type": "Point"
      },
      "properties": {
        "cipher": "Standard",
        "mode": "value_domain",
        "projection": "webmercator_hash_v1",
        "projection_method": "webmercator_hash_v1",
        "value": 1255
      },
      "type": "Feature"
    },
    {
      "geometry": {
        "coordinates": [
          76.463805,
          61.41092
        ],
        "type": "Point"
      },
      "properties": {
        "cipher": "Standard",
        "mode": "value_domain",
        "projection": "webmercator_hash_v1",
        "projection_method": "webmercator_hash_v1",
        "value": 1256
      },
      "type": "Feature"
    },
    {
      "geometry": {
        "coordinates": [
          -106.534788,
          -3.723436
        ],
        "type": "Point"
      },
      "properties": {
        "cipher": "Standard",
        "mode": "value_domain",
        "projection": "webmercator_hash_v1",
        "projection_method": "webmercator_hash_v1",
        "value": 1257
      },
      "type": "Feature"
    },
    {
      "geometry": {
        "coordinates": [
          -51.581834,
          58.486403
        ],
        "type": "Point"
      },
      "properties": {
        "cipher": "Standard",
        "mode": "value_domain",
        "projection": "webmercator_hash_v1",
        "projection_method": "webmercator_hash_v1",
        "value": 1258
      },
      "type": "Feature"
    },
    {
      "geometry": {
        "coordinates": [
          -142.556831,
          79.430682
        ],
        "type": "Point"
      },
      "properties": {
        "cipher": "Standard",
        "mode": "value_domain",
        "projection": "webmercator_hash_v1",
        "projection_method": "webmercator_hash_v1",
        "value": 1259
      },
      "type": "Feature"
    },
    {
      "geometry": {
        "coordinates": [
          -38.122776,
          53.82589
        ],
        "type": "Point"
      },
      "properties": {
        "cipher": "Standard",
        "mode": "value_domain",
        "projection": "webmercator_hash_v1",
        "projection_method": "webmercator_hash_v1",
        "value": 1260
      },
      "type": "Feature"
    },
    {
      "geometry": {
        "coordinates": [
          121.100472,
          -83.617564
        ],
        "type": "Point"
      },
      "properties": {
        "cipher": "Standard",
        "mode": "value_domain",
        "projection": "webmercator_hash_v1",
        "projection_method": "webmercator_hash_v1",
        "value": 1261
      },
      "type": "Feature"
    },
    {
      "geometry": {
        "coordinates": [
          -106.398416,
          -24.044977
        ],
        "type": "Point"
      },
      "properties": {
        "cipher": "Standard",
        "mode": "value_domain",
        "projection": "webmercator_hash_v1",
        "projection_method": "webmercator_hash_v1",
        "value": 1262
      },
      "type": "Feature"
    },
    {
      "geometry": {
        "coordinates": [
          97.871536,
          -79.001769
        ],
        "type": "Point"
      },
      "properties": {
        "cipher": "Standard",
        "mode": "value_domain",
        "projection": "webmercator_hash_v1",
        "projection_method": "webmercator_hash_v1",
        "value": 1263
      },
      "type": "Feature"
    },
    {
      "geometry": {
        "coordinates": [
          -60.651005,
          -6.88835
        ],
        "type": "Point"
      },
      "properties": {
        "cipher": "Standard",
        "mode": "value_domain",
        "projection": "webmercator_hash_v1",
        "projection_method": "webmercator_hash_v1",
        "value": 1264
      },
      "type": "Feature"
    },
    {
      "geometry": {
        "coordinates": [
          -27.546618,
          -10.247936
        ],
        "type": "Point"
      },
      "properties": {
        "cipher": "Standard",
        "mode": "value_domain",
        "projection": "webmercator_hash_v1",
        "projection_method": "webmercator_hash_v1",
        "value": 1265
      },
      "type": "Feature"
    },
    {
      "geometry": {
        "coordinates": [
          -175.498419,
          -20.693872
        ],
        "type": "Point"
      },
      "properties": {
        "cipher": "Standard",
        "mode": "value_domain",
        "projection": "webmercator_hash_v1",
        "projection_method": "webmercator_hash_v1",
        "value": 1266
      },
      "type": "Feature"
    },
    {
      "geometry": {
        "coordinates": [
          -165.900139,
          23.489199
        ],
        "type": "Point"
      },
      "properties": {
        "cipher": "Standard",
        "mode": "value_domain",
        "projection": "webmercator_hash_v1",
        "projection_method": "webmercator_hash_v1",
        "value": 1267
      },
      "type": "Feature"
    },
    {
      "geometry": {
        "coordinates": [
          9.25286,
          -5.500813
        ],
        "type": "Point"
      },
      "properties": {
        "cipher": "Standard",
        "mode": "value_domain",
        "projection": "webmercator_hash_v1",
        "projection_method": "webmercator_hash_v1",
        "value": 1268
      },
      "type": "Feature"
    },
    {
      "geometry": {
        "coordinates": [
          -79.12691,
          44.698389
        ],
        "type": "Point"
      },
      "properties": {
        "cipher": "Standard",
        "mode": "value_domain",
        "projection": "webmercator_hash_v1",
        "projection_method": "webmercator_hash_v1",
        "value": 1269
      },
      "type": "Feature"
    },
    {
      "geometry": {
        "coordinates": [
          -173.578074,
          38.348921
        ],
        "type": "Point"
      },
      "properties": {
        "cipher": "Standard",
        "mode": "value_domain",
        "projection": "webmercator_hash_v1",
        "projection_method": "webmercator_hash_v1",
        "value": 1270
      },
      "type": "Feature"
    },
    {
      "geometry": {
        "coordinates": [
          122.60415,
          1.841183
        ],
        "type": "Point"
      },
      "properties": {
        "cipher": "Standard",
        "mode": "value_domain",
        "projection": "webmercator_hash_v1",
        "projection_method": "webmercator_hash_v1",
        "value": 1271
      },
      "type": "Feature"
    },
    {
      "geometry": {
        "coordinates": [
          -24.867455,
          41.70615
        ],
        "type": "Point"
      },
      "properties": {
        "cipher": "Standard",
        "mode": "value_domain",
        "projection": "webmercator_hash_v1",
        "projection_method": "webmercator_hash_v1",
        "value": 1272
      },
      "type": "Feature"
    },
    {
      "geometry": {
        "coordinates": [
          -82.765939,
          -1.427567
        ],
        "type": "Point"
      },
      "properties": {
        "cipher": "Standard",
        "mode": "value_domain",
        "projection": "webmercator_hash_v1",
        "projection_method": "webmercator_hash_v1",
        "value": 1273
      },
      "type": "Feature"
    },
    {
      "geometry": {
        "coordinates": [
          102.857534,
          -74.142914
        ],
        "type": "Point"
      },
      "properties": {
        "cipher": "Standard",
        "mode": "value_domain",
        "projection": "webmercator_hash_v1",
        "projection_method": "webmercator_hash_v1",
        "value": 1274
      },
      "type": "Feature"
    },
    {
      "geometry": {
        "coordinates": [
          64.378923,
          48.978917
        ],
        "type": "Point"
      },
      "properties": {
        "cipher": "Standard",
        "mode": "value_domain",
        "projection": "webmercator_hash_v1",
        "projection_method": "webmercator_hash_v1",
        "value": 1275
      },
      "type": "Feature"
    },
    {
      "geometry": {
        "coordinates": [
          172.691753,
          35.141601
        ],
        "type": "Point"
      },
      "properties": {
        "cipher": "Standard",
        "mode": "value_domain",
        "projection": "webmercator_hash_v1",
        "projection_method": "webmercator_hash_v1",
        "value": 1276
      },
      "type": "Feature"
    },
    {
      "geometry": {
        "coordinates": [
          -87.083208,
          -25.950867
        ],
        "type": "Point"
      },
      "properties": {
        "cipher": "Standard",
        "mode": "value_domain",
        "projection": "webmercator_hash_v1",
        "projection_method": "webmercator_hash_v1",
        "value": 1277
      },
      "type": "Feature"
    },
    {
      "geometry": {
        "coordinates": [
          -31.581527,
          37.359891
        ],
        "type": "Point"
      },
      "properties": {
        "cipher": "Standard",
        "mode": "value_domain",
        "projection": "webmercator_hash_v1",
        "projection_method": "webmercator_hash_v1",
        "value": 1278
      },
      "type": "Feature"
    },
    {
      "geometry": {
        "coordinates": [
          -158.727347,
          71.556142
        ],
        "type": "Point"
      },
      "properties": {
        "cipher": "Standard",
        "mode": "value_domain",
        "projection": "webmercator_hash_v1",
        "projection_method": "webmercator_hash_v1",
        "value": 1279
      },
      "type": "Feature"
    },
    {
      "geometry": {
        "coordinates": [
          143.104463,
          58.833954
        ],
        "type": "Point"
      },
      "properties": {
        "cipher": "Standard",
        "mode": "value_domain",
        "projection": "webmercator_hash_v1",
        "projection_method": "webmercator_hash_v1",
        "value": 1280
      },
      "type": "Feature"
    },
    {
      "geometry": {
        "coordinates": [
          -58.561753,
          32.814602
        ],
        "type": "Point"
      },
      "properties": {
        "cipher": "Standard",
        "mode": "value_domain",
        "projection": "webmercator_hash_v1",
        "projection_method": "webmercator_hash_v1",
        "value": 1281
      },
      "type": "Feature"
    },
    {
      "geometry": {
        "coordinates": [
          85.369242,
          -19.331612
        ],
        "type": "Point"
      },
      "properties": {
        "cipher": "Standard",
        "mode": "value_domain",
        "projection": "webmercator_hash_v1",
        "projection_method": "webmercator_hash_v1",
        "value": 1282
      },
      "type": "Feature"
    },
    {
      "geometry": {
        "coordinates": [
          172.820324,
          33.795632
        ],
        "type": "Point"
      },
      "properties": {
        "cipher": "Standard",
        "mode": "value_domain",
        "projection": "webmercator_hash_v1",
        "projection_method": "webmercator_hash_v1",
        "value": 1283
      },
      "type": "Feature"
    },
    {
      "geometry": {
        "coordinates": [
          89.121511,
          -5.201514
        ],
        "type": "Point"
      },
      "properties": {
        "cipher": "Standard",
        "mode": "value_domain",
        "projection": "webmercator_hash_v1",
        "projection_method": "webmercator_hash_v1",
        "value": 1284
      },
      "type": "Feature"
    },
    {
      "geometry": {
        "coordinates": [
          -44.070999,
          -29.610304
        ],
        "type": "Point"
      },
      "properties": {
        "cipher": "Standard",
        "mode": "value_domain",
        "projection": "webmercator_hash_v1",
        "projection_method": "webmercator_hash_v1",
        "value": 1285
      },
      "type": "Feature"
    },
    {
      "geometry": {
        "coordinates": [
          -83.003699,
          -0.664756
        ],
        "type": "Point"
      },
      "properties": {
        "cipher": "Standard",
        "mode": "value_domain",
        "projection": "webmercator_hash_v1",
        "projection_method": "webmercator_hash_v1",
        "value": 1286
      },
      "type": "Feature"
    },
    {
      "geometry": {
        "coordinates": [
          22.081566,
          -57.714577
        ],
        "type": "Point"
      },
      "properties": {
        "cipher": "Standard",
        "mode": "value_domain",
        "projection": "webmercator_hash_v1",
        "projection_method": "webmercator_hash_v1",
        "value": 1287
      },
      "type": "Feature"
    },
    {
      "geometry": {
        "coordinates": [
          90.703788,
          -54.577003
        ],
        "type": "Point"
      },
      "properties": {
        "cipher": "Standard",
        "mode": "value_domain",
        "projection": "webmercator_hash_v1",
        "projection_method": "webmercator_hash_v1",
        "value": 1288
      },
      "type": "Feature"
    },
    {
      "geometry": {
        "coordinates": [
          104.110465,
          19.461451
        ],
        "type": "Point"
      },
      "properties": {
        "cipher": "Standard",
        "mode": "value_domain",
        "projection": "webmercator_hash_v1",
        "projection_method": "webmercator_hash_v1",
        "value": 1289
      },
      "type": "Feature"
    },
    {
      "geometry": {
        "coordinates": [
          177.811451,
          40.812483
        ],
        "type": "Point"
      },
      "properties": {
        "cipher": "Standard",
        "mode": "value_domain",
        "projection": "webmercator_hash_v1",
        "projection_method": "webmercator_hash_v1",
        "value": 1290
      },
      "type": "Feature"
    },
    {
      "geometry": {
        "coordinates": [
          -48.312052,
          21.363519
        ],
        "type": "Point"
      },
      "properties": {
        "cipher": "Standard",
        "mode": "value_domain",
        "projection": "webmercator_hash_v1",
        "projection_method": "webmercator_hash_v1",
        "value": 1291
      },
      "type": "Feature"
    },
    {
      "geometry": {
        "coordinates": [
          -151.546201,
          6.835641
        ],
        "type": "Point"
      },
      "properties": {
        "cipher": "Standard",
        "mode": "value_domain",
        "projection": "webmercator_hash_v1",
        "projection_method": "webmercator_hash_v1",
        "value": 1292
      },
      "type": "Feature"
    },
    {
      "geometry": {
        "coordinates": [
          166.566804,
          15.200217
        ],
        "type": "Point"
      },
      "properties": {
        "cipher": "Standard",
        "mode": "value_domain",
        "projection": "webmercator_hash_v1",
        "projection_method": "webmercator_hash_v1",
        "value": 1293
      },
      "type": "Feature"
    },
    {
      "geometry": {
        "coordinates": [
          157.712408,
          -52.126892
        ],
        "type": "Point"
      },
      "properties": {
        "cipher": "Standard",
        "mode": "value_domain",
        "projection": "webmercator_hash_v1",
        "projection_method": "webmercator_hash_v1",
        "value": 1294
      },
      "type": "Feature"
    },
    {
      "geometry": {
        "coordinates": [
          -91.142605,
          36.511219
        ],
        "type": "Point"
      },
      "properties": {
        "cipher": "Standard",
        "mode": "value_domain",
        "projection": "webmercator_hash_v1",
        "projection_method": "webmercator_hash_v1",
        "value": 1295
      },
      "type": "Feature"
    },
    {
      "geometry": {
        "coordinates": [
          -99.804638,
          33.922053
        ],
        "type": "Point"
      },
      "properties": {
        "cipher": "Standard",
        "mode": "value_domain",
        "projection": "webmercator_hash_v1",
        "projection_method": "webmercator_hash_v1",
        "value": 1296
      },
      "type": "Feature"
    },
    {
      "geometry": {
        "coordinates": [
          -166.577192,
          -38.492928
        ],
        "type": "Point"
      },
      "properties": {
        "cipher": "Standard",
        "mode": "value_domain",
        "projection": "webmercator_hash_v1",
        "projection_method": "webmercator_hash_v1",
        "value": 1297
      },
      "type": "Feature"
    },
    {
      "geometry": {
        "coordinates": [
          -34.000878,
          65.285327
        ],
        "type": "Point"
      },
      "properties": {
        "cipher": "Standard",
        "mode": "value_domain",
        "projection": "webmercator_hash_v1",
        "projection_method": "webmercator_hash_v1",
        "value": 1298
      },
      "type": "Feature"
    },
    {
      "geometry": {
        "coordinates": [
          101.456848,
          4.368368
        ],
        "type": "Point"
      },
      "properties": {
        "cipher": "Standard",
        "mode": "value_domain",
        "projection": "webmercator_hash_v1",
        "projection_method": "webmercator_hash_v1",
        "value": 1299
      },
      "type": "Feature"
    },
    {
      "geometry": {
        "coordinates": [
          -125.321664,
          -20.908983
        ],
        "type": "Point"
      },
      "properties": {
        "cipher": "Standard",
        "mode": "value_domain",
        "projection": "webmercator_hash_v1",
        "projection_method": "webmercator_hash_v1",
        "value": 1300
      },
      "type": "Feature"
    },
    {
      "geometry": {
        "coordinates": [
          -47.829629,
          54.390353
        ],
        "type": "Point"
      },
      "properties": {
        "cipher": "Standard",
        "mode": "value_domain",
        "projection": "webmercator_hash_v1",
        "projection_method": "webmercator_hash_v1",
        "value": 1301
      },
      "type": "Feature"
    },
    {
      "geometry": {
        "coordinates": [
          78.259108,
          49.827303
        ],
        "type": "Point"
      },
      "properties": {
        "cipher": "Standard",
        "mode": "value_domain",
        "projection": "webmercator_hash_v1",
        "projection_method": "webmercator_hash_v1",
        "value": 1302
      },
      "type": "Feature"
    },
    {
      "geometry": {
        "coordinates": [
          109.208476,
          69.049029
        ],
        "type": "Point"
      },
      "properties": {
        "cipher": "Standard",
        "mode": "value_domain",
        "projection": "webmercator_hash_v1",
        "projection_method": "webmercator_hash_v1",
        "value": 1303
      },
      "type": "Feature"
    },
    {
      "geometry": {
        "coordinates": [
          117.633665,
          25.872508
        ],
        "type": "Point"
      },
      "properties": {
        "cipher": "Standard",
        "mode": "value_domain",
        "projection": "webmercator_hash_v1",
        "projection_method": "webmercator_hash_v1",
        "value": 1304
      },
      "type": "Feature"
    },
    {
      "geometry": {
        "coordinates": [
          -7.613652,
          -6.508828
        ],
        "type": "Point"
      },
      "properties": {
        "cipher": "Standard",
        "mode": "value_domain",
        "projection": "webmercator_hash_v1",
        "projection_method": "webmercator_hash_v1",
        "value": 1305
      },
      "type": "Feature"
    },
    {
      "geometry": {
        "coordinates": [
          -65.580135,
          -33.276517
        ],
        "type": "Point"
      },
      "properties": {
        "cipher": "Standard",
        "mode": "value_domain",
        "projection": "webmercator_hash_v1",
        "projection_method": "webmercator_hash_v1",
        "value": 1306
      },
      "type": "Feature"
    },
    {
      "geometry": {
        "coordinates": [
          130.368295,
          57.28298
        ],
        "type": "Point"
      },
      "properties": {
        "cipher": "Standard",
        "mode": "value_domain",
        "projection": "webmercator_hash_v1",
        "projection_method": "webmercator_hash_v1",
        "value": 1307
      },
      "type": "Feature"
    },
    {
      "geometry": {
        "coordinates": [
          -83.045534,
          -49.101739
        ],
        "type": "Point"
      },
      "properties": {
        "cipher": "Standard",
        "mode": "value_domain",
        "projection": "webmercator_hash_v1",
        "projection_method": "webmercator_hash_v1",
        "value": 1308
      },
      "type": "Feature"
    },
    {
      "geometry": {
        "coordinates": [
          -142.116291,
          2.375548
        ],
        "type": "Point"
      },
      "properties": {
        "cipher": "Standard",
        "mode": "value_domain",
        "projection": "webmercator_hash_v1",
        "projection_method": "webmercator_hash_v1",
        "value": 1309
      },
      "type": "Feature"
    },
    {
      "geometry": {
        "coordinates": [
          -67.129961,
          -21.019822
        ],
        "type": "Point"
      },
      "properties": {
        "cipher": "Standard",
        "mode": "value_domain",
        "projection": "webmercator_hash_v1",
        "projection_method": "webmercator_hash_v1",
        "value": 1310
      },
      "type": "Feature"
    },
    {
      "geometry": {
        "coordinates": [
          67.840123,
          -43.127185
        ],
        "type": "Point"
      },
      "properties": {
        "cipher": "Standard",
        "mode": "value_domain",
        "projection": "webmercator_hash_v1",
        "projection_method": "webmercator_hash_v1",
        "value": 1311
      },
      "type": "Feature"
    },
    {
      "geometry": {
        "coordinates": [
          99.771756,
          43.062565
        ],
        "type": "Point"
      },
      "properties": {
        "cipher": "Standard",
        "mode": "value_domain",
        "projection": "webmercator_hash_v1",
        "projection_method": "webmercator_hash_v1",
        "value": 1312
      },
      "type": "Feature"
    },
    {
      "geometry": {
        "coordinates": [
          85.429672,
          51.790485
        ],
        "type": "Point"
      },
      "properties": {
        "cipher": "Standard",
        "mode": "value_domain",
        "projection": "webmercator_hash_v1",
        "projection_method": "webmercator_hash_v1",
        "value": 1313
      },
      "type": "Feature"
    },
    {
      "geometry": {
        "coordinates": [
          10.514188,
          10.530011
        ],
        "type": "Point"
      },
      "properties": {
        "cipher": "Standard",
        "mode": "value_domain",
        "projection": "webmercator_hash_v1",
        "projection_method": "webmercator_hash_v1",
        "value": 1314
      },
      "type": "Feature"
    },
    {
      "geometry": {
        "coordinates": [
          47.417263,
          5.713801
        ],
        "type": "Point"
      },
      "properties": {
        "cipher": "Standard",
        "mode": "value_domain",
        "projection": "webmercator_hash_v1",
        "projection_method": "webmercator_hash_v1",
        "value": 1315
      },
      "type": "Feature"
    },
    {
      "geometry": {
        "coordinates": [
          -154.831917,
          -49.069613
        ],
        "type": "Point"
      },
      "properties": {
        "cipher": "Standard",
        "mode": "value_domain",
        "projection": "webmercator_hash_v1",
        "projection_method": "webmercator_hash_v1",
        "value": 1316
      },
      "type": "Feature"
    },
    {
      "geometry": {
        "coordinates": [
          -162.390668,
          4.625253
        ],
        "type": "Point"
      },
      "properties": {
        "cipher": "Standard",
        "mode": "value_domain",
        "projection": "webmercator_hash_v1",
        "projection_method": "webmercator_hash_v1",
        "value": 1317
      },
      "type": "Feature"
    },
    {
      "geometry": {
        "coordinates": [
          -158.82744,
          80.059938
        ],
        "type": "Point"
      },
      "properties": {
        "cipher": "Standard",
        "mode": "value_domain",
        "projection": "webmercator_hash_v1",
        "projection_method": "webmercator_hash_v1",
        "value": 1318
      },
      "type": "Feature"
    },
    {
      "geometry": {
        "coordinates": [
          26.543624,
          -59.978493
        ],
        "type": "Point"
      },
      "properties": {
        "cipher": "Standard",
        "mode": "value_domain",
        "projection": "webmercator_hash_v1",
        "projection_method": "webmercator_hash_v1",
        "value": 1319
      },
      "type": "Feature"
    },
    {
      "geometry": {
        "coordinates": [
          158.891962,
          4.343776
        ],
        "type": "Point"
      },
      "properties": {
        "cipher": "Standard",
        "mode": "value_domain",
        "projection": "webmercator_hash_v1",
        "projection_method": "webmercator_hash_v1",
        "value": 1320
      },
      "type": "Feature"
    },
    {
      "geometry": {
        "coordinates": [
          -87.817702,
          -55.111932
        ],
        "type": "Point"
      },
      "properties": {
        "cipher": "Standard",
        "mode": "value_domain",
        "projection": "webmercator_hash_v1",
        "projection_method": "webmercator_hash_v1",
        "value": 1321
      },
      "type": "Feature"
    },
    {
      "geometry": {
        "coordinates": [
          176.080918,
          -1.336137
        ],
        "type": "Point"
      },
      "properties": {
        "cipher": "Standard",
        "mode": "value_domain",
        "projection": "webmercator_hash_v1",
        "projection_method": "webmercator_hash_v1",
        "value": 1322
      },
      "type": "Feature"
    },
    {
      "geometry": {
        "coordinates": [
          23.610229,
          -78.007649
        ],
        "type": "Point"
      },
      "properties": {
        "cipher": "Standard",
        "mode": "value_domain",
        "projection": "webmercator_hash_v1",
        "projection_method": "webmercator_hash_v1",
        "value": 1323
      },
      "type": "Feature"
    },
    {
      "geometry": {
        "coordinates": [
          -1.143968,
          -59.726008
        ],
        "type": "Point"
      },
      "properties": {
        "cipher": "Standard",
        "mode": "value_domain",
        "projection": "webmercator_hash_v1",
        "projection_method": "webmercator_hash_v1",
        "value": 1324
      },
      "type": "Feature"
    },
    {
      "geometry": {
        "coordinates": [
          -29.005516,
          70.60217
        ],
        "type": "Point"
      },
      "properties": {
        "cipher": "Standard",
        "mode": "value_domain",
        "projection": "webmercator_hash_v1",
        "projection_method": "webmercator_hash_v1",
        "value": 1325
      },
      "type": "Feature"
    },
    {
      "geometry": {
        "coordinates": [
          113.712016,
          25.54291
        ],
        "type": "Point"
      },
      "properties": {
        "cipher": "Standard",
        "mode": "value_domain",
        "projection": "webmercator_hash_v1",
        "projection_method": "webmercator_hash_v1",
        "value": 1326
      },
      "type": "Feature"
    },
    {
      "geometry": {
        "coordinates": [
          46.450347,
          51.804817
        ],
        "type": "Point"
      },
      "properties": {
        "cipher": "Standard",
        "mode": "value_domain",
        "projection": "webmercator_hash_v1",
        "projection_method": "webmercator_hash_v1",
        "value": 1327
      },
      "type": "Feature"
    },
    {
      "geometry": {
        "coordinates": [
          -39.554001,
          -70.580949
        ],
        "type": "Point"
      },
      "properties": {
        "cipher": "Standard",
        "mode": "value_domain",
        "projection": "webmercator_hash_v1",
        "projection_method": "webmercator_hash_v1",
        "value": 1328
      },
      "type": "Feature"
    },
    {
      "geometry": {
        "coordinates": [
          -137.526221,
          79.585387
        ],
        "type": "Point"
      },
      "properties": {
        "cipher": "Standard",
        "mode": "value_domain",
        "projection": "webmercator_hash_v1",
        "projection_method": "webmercator_hash_v1",
        "value": 1329
      },
      "type": "Feature"
    },
    {
      "geometry": {
        "coordinates": [
          -10.654169,
          52.300419
        ],
        "type": "Point"
      },
      "properties": {
        "cipher": "Standard",
        "mode": "value_domain",
        "projection": "webmercator_hash_v1",
        "projection_method": "webmercator_hash_v1",
        "value": 1330
      },
      "type": "Feature"
    },
    {
      "geometry": {
        "coordinates": [
          82.977475,
          11.145039
        ],
        "type": "Point"
      },
      "properties": {
        "cipher": "Standard",
        "mode": "value_domain",
        "projection": "webmercator_hash_v1",
        "projection_method": "webmercator_hash_v1",
        "value": 1331
      },
      "type": "Feature"
    },
    {
      "geometry": {
        "coordinates": [
          -19.191551,
          56.287617
        ],
        "type": "Point"
      },
      "properties": {
        "cipher": "Standard",
        "mode": "value_domain",
        "projection": "webmercator_hash_v1",
        "projection_method": "webmercator_hash_v1",
        "value": 1332
      },
      "type": "Feature"
    },
    {
      "geometry": {
        "coordinates": [
          -160.377111,
          -40.984046
        ],
        "type": "Point"
      },
      "properties": {
        "cipher": "Standard",
        "mode": "value_domain",
        "projection": "webmercator_hash_v1",
        "projection_method": "webmercator_hash_v1",
        "value": 1333
      },
      "type": "Feature"
    },
    {
      "geometry": {
        "coordinates": [
          -32.619147,
          62.186923
        ],
        "type": "Point"
      },
      "properties": {
        "cipher": "Standard",
        "mode": "value_domain",
        "projection": "webmercator_hash_v1",
        "projection_method": "webmercator_hash_v1",
        "value": 1334
      },
      "type": "Feature"
    },
    {
      "geometry": {
        "coordinates": [
          126.464008,
          -22.979206
        ],
        "type": "Point"
      },
      "properties": {
        "cipher": "Standard",
        "mode": "value_domain",
        "projection": "webmercator_hash_v1",
        "projection_method": "webmercator_hash_v1",
        "value": 1335
      },
      "type": "Feature"
    },
    {
      "geometry": {
        "coordinates": [
          -129.060157,
          -5.1099
        ],
        "type": "Point"
      },
      "properties": {
        "cipher": "Standard",
        "mode": "value_domain",
        "projection": "webmercator_hash_v1",
        "projection_method": "webmercator_hash_v1",
        "value": 1336
      },
      "type": "Feature"
    },
    {
      "geometry": {
        "coordinates": [
          132.815779,
          81.825633
        ],
        "type": "Point"
      },
      "properties": {
        "cipher": "Standard",
        "mode": "value_domain",
        "projection": "webmercator_hash_v1",
        "projection_method": "webmercator_hash_v1",
        "value": 1337
      },
      "type": "Feature"
    },
    {
      "geometry": {
        "coordinates": [
          167.070286,
          -2.350595
        ],
        "type": "Point"
      },
      "properties": {
        "cipher": "Standard",
        "mode": "value_domain",
        "projection": "webmercator_hash_v1",
        "projection_method": "webmercator_hash_v1",
        "value": 1338
      },
      "type": "Feature"
    },
    {
      "geometry": {
        "coordinates": [
          -35.499391,
          -1.866586
        ],
        "type": "Point"
      },
      "properties": {
        "cipher": "Standard",
        "mode": "value_domain",
        "projection": "webmercator_hash_v1",
        "projection_method": "webmercator_hash_v1",
        "value": 1339
      },
      "type": "Feature"
    },
    {
      "geometry": {
        "coordinates": [
          176.15636,
          20.781799
        ],
        "type": "Point"
      },
      "properties": {
        "cipher": "Standard",
        "mode": "value_domain",
        "projection": "webmercator_hash_v1",
        "projection_method": "webmercator_hash_v1",
        "value": 1340
      },
      "type": "Feature"
    },
    {
      "geometry": {
        "coordinates": [
          29.584901,
          58.354115
        ],
        "type": "Point"
      },
      "properties": {
        "cipher": "Standard",
        "mode": "value_domain",
        "projection": "webmercator_hash_v1",
        "projection_method": "webmercator_hash_v1",
        "value": 1341
      },
      "type": "Feature"
    },
    {
      "geometry": {
        "coordinates": [
          124.282374,
          75.464213
        ],
        "type": "Point"
      },
      "properties": {
        "cipher": "Standard",
        "mode": "value_domain",
        "projection": "webmercator_hash_v1",
        "projection_method": "webmercator_hash_v1",
        "value": 1342
      },
      "type": "Feature"
    },
    {
      "geometry": {
        "coordinates": [
          -130.700312,
          -50.489911
        ],
        "type": "Point"
      },
      "properties": {
        "cipher": "Standard",
        "mode": "value_domain",
        "projection": "webmercator_hash_v1",
        "projection_method": "webmercator_hash_v1",
        "value": 1343
      },
      "type": "Feature"
    },
    {
      "geometry": {
        "coordinates": [
          -3.796003,
          80.911073
        ],
        "type": "Point"
      },
      "properties": {
        "cipher": "Standard",
        "mode": "value_domain",
        "projection": "webmercator_hash_v1",
        "projection_method": "webmercator_hash_v1",
        "value": 1344
      },
      "type": "Feature"
    },
    {
      "geometry": {
        "coordinates": [
          116.925297,
          3.718725
        ],
        "type": "Point"
      },
      "properties": {
        "cipher": "Standard",
        "mode": "value_domain",
        "projection": "webmercator_hash_v1",
        "projection_method": "webmercator_hash_v1",
        "value": 1345
      },
      "type": "Feature"
    },
    {
      "geometry": {
        "coordinates": [
          -6.730318,
          -25.806008
        ],
        "type": "Point"
      },
      "properties": {
        "cipher": "Standard",
        "mode": "value_domain",
        "projection": "webmercator_hash_v1",
        "projection_method": "webmercator_hash_v1",
        "value": 1346
      },
      "type": "Feature"
    },
    {
      "geometry": {
        "coordinates": [
          16.855932,
          81.370977
        ],
        "type": "Point"
      },
      "properties": {
        "cipher": "Standard",
        "mode": "value_domain",
        "projection": "webmercator_hash_v1",
        "projection_method": "webmercator_hash_v1",
        "value": 1347
      },
      "type": "Feature"
    },
    {
      "geometry": {
        "coordinates": [
          -161.237519,
          45.460087
        ],
        "type": "Point"
      },
      "properties": {
        "cipher": "Standard",
        "mode": "value_domain",
        "projection": "webmercator_hash_v1",
        "projection_method": "webmercator_hash_v1",
        "value": 1348
      },
      "type": "Feature"
    },
    {
      "geometry": {
        "coordinates": [
          -177.016237,
          -70.224196
        ],
        "type": "Point"
      },
      "properties": {
        "cipher": "Standard",
        "mode": "value_domain",
        "projection": "webmercator_hash_v1",
        "projection_method": "webmercator_hash_v1",
        "value": 1349
      },
      "type": "Feature"
    },
    {
      "geometry": {
        "coordinates": [
          -21.409793,
          77.846665
        ],
        "type": "Point"
      },
      "properties": {
        "cipher": "Standard",
        "mode": "value_domain",
        "projection": "webmercator_hash_v1",
        "projection_method": "webmercator_hash_v1",
        "value": 1350
      },
      "type": "Feature"
    },
    {
      "geometry": {
        "coordinates": [
          -121.807451,
          56.952174
        ],
        "type": "Point"
      },
      "properties": {
        "cipher": "Standard",
        "mode": "value_domain",
        "projection": "webmercator_hash_v1",
        "projection_method": "webmercator_hash_v1",
        "value": 1351
      },
      "type": "Feature"
    },
    {
      "geometry": {
        "coordinates": [
          -29.356169,
          -33.845599
        ],
        "type": "Point"
      },
      "properties": {
        "cipher": "Standard",
        "mode": "value_domain",
        "projection": "webmercator_hash_v1",
        "projection_method": "webmercator_hash_v1",
        "value": 1352
      },
      "type": "Feature"
    },
    {
      "geometry": {
        "coordinates": [
          173.117899,
          75.574649
        ],
        "type": "Point"
      },
      "properties": {
        "cipher": "Standard",
        "mode": "value_domain",
        "projection": "webmercator_hash_v1",
        "projection_method": "webmercator_hash_v1",
        "value": 1353
      },
      "type": "Feature"
    },
    {
      "geometry": {
        "coordinates": [
          -60.095603,
          73.636666
        ],
        "type": "Point"
      },
      "properties": {
        "cipher": "Standard",
        "mode": "value_domain",
        "projection": "webmercator_hash_v1",
        "projection_method": "webmercator_hash_v1",
        "value": 1354
      },
      "type": "Feature"
    },
    {
      "geometry": {
        "coordinates": [
          -57.456547,
          -29.92122
        ],
        "type": "Point"
      },
      "properties": {
        "cipher": "Standard",
        "mode": "value_domain",
        "projection": "webmercator_hash_v1",
        "projection_method": "webmercator_hash_v1",
        "value": 1355
      },
      "type": "Feature"
    },
    {
      "geometry": {
        "coordinates": [
          56.466878,
          50.029895
        ],
        "type": "Point"
      },
      "properties": {
        "cipher": "Standard",
        "mode": "value_domain",
        "projection": "webmercator_hash_v1",
        "projection_method": "webmercator_hash_v1",
        "value": 1356
      },
      "type": "Feature"
    },
    {
      "geometry": {
        "coordinates": [
          -129.153937,
          -56.224307
        ],
        "type": "Point"
      },
      "properties": {
        "cipher": "Standard",
        "mode": "value_domain",
        "projection": "webmercator_hash_v1",
        "projection_method": "webmercator_hash_v1",
        "value": 1357
      },
      "type": "Feature"
    },
    {
      "geometry": {
        "coordinates": [
          -106.788778,
          59.242401
        ],
        "type": "Point"
      },
      "properties": {
        "cipher": "Standard",
        "mode": "value_domain",
        "projection": "webmercator_hash_v1",
        "projection_method": "webmercator_hash_v1",
        "value": 1358
      },
      "type": "Feature"
    },
    {
      "geometry": {
        "coordinates": [
          -83.414838,
          -54.371236
        ],
        "type": "Point"
      },
      "properties": {
        "cipher": "Standard",
        "mode": "value_domain",
        "projection": "webmercator_hash_v1",
        "projection_method": "webmercator_hash_v1",
        "value": 1359
      },
      "type": "Feature"
    },
    {
      "geometry": {
        "coordinates": [
          -169.897688,
          -80.279719
        ],
        "type": "Point"
      },
      "properties": {
        "cipher": "Standard",
        "mode": "value_domain",
        "projection": "webmercator_hash_v1",
        "projection_method": "webmercator_hash_v1",
        "value": 1360
      },
      "type": "Feature"
    },
    {
      "geometry": {
        "coordinates": [
          106.76907,
          22.47648
        ],
        "type": "Point"
      },
      "properties": {
        "cipher": "Standard",
        "mode": "value_domain",
        "projection": "webmercator_hash_v1",
        "projection_method": "webmercator_hash_v1",
        "value": 1361
      },
      "type": "Feature"
    },
    {
      "geometry": {
        "coordinates": [
          179.192823,
          -58.225217
        ],
        "type": "Point"
      },
      "properties": {
        "cipher": "Standard",
        "mode": "value_domain",
        "projection": "webmercator_hash_v1",
        "projection_method": "webmercator_hash_v1",
        "value": 1362
      },
      "type": "Feature"
    },
    {
      "geometry": {
        "coordinates": [
          -2.499267,
          -66.107541
        ],
        "type": "Point"
      },
      "properties": {
        "cipher": "Standard",
        "mode": "value_domain",
        "projection": "webmercator_hash_v1",
        "projection_method": "webmercator_hash_v1",
        "value": 1363
      },
      "type": "Feature"
    },
    {
      "geometry": {
        "coordinates": [
          -10.994563,
          -44.712956
        ],
        "type": "Point"
      },
      "properties": {
        "cipher": "Standard",
        "mode": "value_domain",
        "projection": "webmercator_hash_v1",
        "projection_method": "webmercator_hash_v1",
        "value": 1364
      },
      "type": "Feature"
    },
    {
      "geometry": {
        "coordinates": [
          51.799909,
          13.15857
        ],
        "type": "Point"
      },
      "properties": {
        "cipher": "Standard",
        "mode": "value_domain",
        "projection": "webmercator_hash_v1",
        "projection_method": "webmercator_hash_v1",
        "value": 1365
      },
      "type": "Feature"
    },
    {
      "geometry": {
        "coordinates": [
          79.700215,
          -36.496904
        ],
        "type": "Point"
      },
      "properties": {
        "cipher": "Standard",
        "mode": "value_domain",
        "projection": "webmercator_hash_v1",
        "projection_method": "webmercator_hash_v1",
        "value": 1366
      },
      "type": "Feature"
    },
    {
      "geometry": {
        "coordinates": [
          148.636646,
          -41.409868
        ],
        "type": "Point"
      },
      "properties": {
        "cipher": "Standard",
        "mode": "value_domain",
        "projection": "webmercator_hash_v1",
        "projection_method": "webmercator_hash_v1",
        "value": 1367
      },
      "type": "Feature"
    },
    {
      "geometry": {
        "coordinates": [
          106.852262,
          -79.48084
        ],
        "type": "Point"
      },
      "properties": {
        "cipher": "Standard",
        "mode": "value_domain",
        "projection": "webmercator_hash_v1",
        "projection_method": "webmercator_hash_v1",
        "value": 1368
      },
      "type": "Feature"
    },
    {
      "geometry": {
        "coordinates": [
          -111.905088,
          -34.425643
        ],
        "type": "Point"
      },
      "properties": {
        "cipher": "Standard",
        "mode": "value_domain",
        "projection": "webmercator_hash_v1",
        "projection_method": "webmercator_hash_v1",
        "value": 1369
      },
      "type": "Feature"
    },
    {
      "geometry": {
        "coordinates": [
          -96.896881,
          -16.465079
        ],
        "type": "Point"
      },
      "properties": {
        "cipher": "Standard",
        "mode": "value_domain",
        "projection": "webmercator_hash_v1",
        "projection_method": "webmercator_hash_v1",
        "value": 1370
      },
      "type": "Feature"
    },
    {
      "geometry": {
        "coordinates": [
          106.786373,
          22.362158
        ],
        "type": "Point"
      },
      "properties": {
        "cipher": "Standard",
        "mode": "value_domain",
        "projection": "webmercator_hash_v1",
        "projection_method": "webmercator_hash_v1",
        "value": 1371
      },
      "type": "Feature"
    },
    {
      "geometry": {
        "coordinates": [
          33.277773,
          57.41691
        ],
        "type": "Point"
      },
      "properties": {
        "cipher": "Standard",
        "mode": "value_domain",
        "projection": "webmercator_hash_v1",
        "projection_method": "webmercator_hash_v1",
        "value": 1372
      },
      "type": "Feature"
    },
    {
      "geometry": {
        "coordinates": [
          33.757909,
          5.221769
        ],
        "type": "Point"
      },
      "properties": {
        "cipher": "Standard",
        "mode": "value_domain",
        "projection": "webmercator_hash_v1",
        "projection_method": "webmercator_hash_v1",
        "value": 1373
      },
      "type": "Feature"
    },
    {
      "geometry": {
        "coordinates": [
          62.601973,
          -65.325411
        ],
        "type": "Point"
      },
      "properties": {
        "cipher": "Standard",
        "mode": "value_domain",
        "projection": "webmercator_hash_v1",
        "projection_method": "webmercator_hash_v1",
        "value": 1374
      },
      "type": "Feature"
    },
    {
      "geometry": {
        "coordinates": [
          -62.56929,
          39.980049
        ],
        "type": "Point"
      },
      "properties": {
        "cipher": "Standard",
        "mode": "value_domain",
        "projection": "webmercator_hash_v1",
        "projection_method": "webmercator_hash_v1",
        "value": 1375
      },
      "type": "Feature"
    },
    {
      "geometry": {
        "coordinates": [
          102.719509,
          18.792074
        ],
        "type": "Point"
      },
      "properties": {
        "cipher": "Standard",
        "mode": "value_domain",
        "projection": "webmercator_hash_v1",
        "projection_method": "webmercator_hash_v1",
        "value": 1376
      },
      "type": "Feature"
    },
    {
      "geometry": {
        "coordinates": [
          -141.395287,
          -78.441634
        ],
        "type": "Point"
      },
      "properties": {
        "cipher": "Standard",
        "mode": "value_domain",
        "projection": "webmercator_hash_v1",
        "projection_method": "webmercator_hash_v1",
        "value": 1377
      },
      "type": "Feature"
    },
    {
      "geometry": {
        "coordinates": [
          99.372878,
          52.476081
        ],
        "type": "Point"
      },
      "properties": {
        "cipher": "Standard",
        "mode": "value_domain",
        "projection": "webmercator_hash_v1",
        "projection_method": "webmercator_hash_v1",
        "value": 1378
      },
      "type": "Feature"
    },
    {
      "geometry": {
        "coordinates": [
          -38.565688,
          -25.586472
        ],
        "type": "Point"
      },
      "properties": {
        "cipher": "Standard",
        "mode": "value_domain",
        "projection": "webmercator_hash_v1",
        "projection_method": "webmercator_hash_v1",
        "value": 1379
      },
      "type": "Feature"
    },
    {
      "geometry": {
        "coordinates": [
          123.435749,
          27.89131
        ],
        "type": "Point"
      },
      "properties": {
        "cipher": "Standard",
        "mode": "value_domain",
        "projection": "webmercator_hash_v1",
        "projection_method": "webmercator_hash_v1",
        "value": 1380
      },
      "type": "Feature"
    },
    {
      "geometry": {
        "coordinates": [
          92.863419,
          -7.371148
        ],
        "type": "Point"
      },
      "properties": {
        "cipher": "Standard",
        "mode": "value_domain",
        "projection": "webmercator_hash_v1",
        "projection_method": "webmercator_hash_v1",
        "value": 1381
      },
      "type": "Feature"
    },
    {
      "geometry": {
        "coordinates": [
          171.369268,
          0.187599
        ],
        "type": "Point"
      },
      "properties": {
        "cipher": "Standard",
        "mode": "value_domain",
        "projection": "webmercator_hash_v1",
        "projection_method": "webmercator_hash_v1",
        "value": 1382
      },
      "type": "Feature"
    },
    {
      "geometry": {
        "coordinates": [
          -127.59489,
          57.406346
        ],
        "type": "Point"
      },
      "properties": {
        "cipher": "Standard",
        "mode": "value_domain",
        "projection": "webmercator_hash_v1",
        "projection_method": "webmercator_hash_v1",
        "value": 1383
      },
      "type": "Feature"
    },
    {
      "geometry": {
        "coordinates": [
          55.531335,
          8.874198
        ],
        "type": "Point"
      },
      "properties": {
        "cipher": "Standard",
        "mode": "value_domain",
        "projection": "webmercator_hash_v1",
        "projection_method": "webmercator_hash_v1",
        "value": 1384
      },
      "type": "Feature"
    },
    {
      "geometry": {
        "coordinates": [
          -92.784909,
          35.552524
        ],
        "type": "Point"
      },
      "properties": {
        "cipher": "Standard",
        "mode": "value_domain",
        "projection": "webmercator_hash_v1",
        "projection_method": "webmercator_hash_v1",
        "value": 1385
      },
      "type": "Feature"
    },
    {
      "geometry": {
        "coordinates": [
          176.4972,
          53.525576
        ],
        "type": "Point"
      },
      "properties": {
        "cipher": "Standard",
        "mode": "value_domain",
        "projection": "webmercator_hash_v1",
        "projection_method": "webmercator_hash_v1",
        "value": 1386
      },
      "type": "Feature"
    },
    {
      "geometry": {
        "coordinates": [
          79.920031,
          -48.778269
        ],
        "type": "Point"
      },
      "properties": {
        "cipher": "Standard",
        "mode": "value_domain",
        "projection": "webmercator_hash_v1",
        "projection_method": "webmercator_hash_v1",
        "value": 1387
      },
      "type": "Feature"
    },
    {
      "geometry": {
        "coordinates": [
          -123.598708,
          31.035164
        ],
        "type": "Point"
      },
      "properties": {
        "cipher": "Standard",
        "mode": "value_domain",
        "projection": "webmercator_hash_v1",
        "projection_method": "webmercator_hash_v1",
        "value": 1388
      },
      "type": "Feature"
    },
    {
      "geometry": {
        "coordinates": [
          -21.182116,
          -46.886302
        ],
        "type": "Point"
      },
      "properties": {
        "cipher": "Standard",
        "mode": "value_domain",
        "projection": "webmercator_hash_v1",
        "projection_method": "webmercator_hash_v1",
        "value": 1389
      },
      "type": "Feature"
    },
    {
      "geometry": {
        "coordinates": [
          -171.088614,
          -83.050249
        ],
        "type": "Point"
      },
      "properties": {
        "cipher": "Standard",
        "mode": "value_domain",
        "projection": "webmercator_hash_v1",
        "projection_method": "webmercator_hash_v1",
        "value": 1390
      },
      "type": "Feature"
    },
    {
      "geometry": {
        "coordinates": [
          -64.264076,
          47.448659
        ],
        "type": "Point"
      },
      "properties": {
        "cipher": "Standard",
        "mode": "value_domain",
        "projection": "webmercator_hash_v1",
        "projection_method": "webmercator_hash_v1",
        "value": 1391
      },
      "type": "Feature"
    },
    {
      "geometry": {
        "coordinates": [
          106.199326,
          -76.391024
        ],
        "type": "Point"
      },
      "properties": {
        "cipher": "Standard",
        "mode": "value_domain",
        "projection": "webmercator_hash_v1",
        "projection_method": "webmercator_hash_v1",
        "value": 1392
      },
      "type": "Feature"
    },
    {
      "geometry": {
        "coordinates": [
          163.227219,
          59.7895
        ],
        "type": "Point"
      },
      "properties": {
        "cipher": "Standard",
        "mode": "value_domain",
        "projection": "webmercator_hash_v1",
        "projection_method": "webmercator_hash_v1",
        "value": 1393
      },
      "type": "Feature"
    },
    {
      "geometry": {
        "coordinates": [
          -50.369139,
          15.18111
        ],
        "type": "Point"
      },
      "properties": {
        "cipher": "Standard",
        "mode": "value_domain",
        "projection": "webmercator_hash_v1",
        "projection_method": "webmercator_hash_v1",
        "value": 1394
      },
      "type": "Feature"
    },
    {
      "geometry": {
        "coordinates": [
          82.019665,
          62.803327
        ],
        "type": "Point"
      },
      "properties": {
        "cipher": "Standard",
        "mode": "value_domain",
        "projection": "webmercator_hash_v1",
        "projection_method": "webmercator_hash_v1",
        "value": 1395
      },
      "type": "Feature"
    },
    {
      "geometry": {
        "coordinates": [
          -77.537719,
          50.924537
        ],
        "type": "Point"
      },
      "properties": {
        "cipher": "Standard",
        "mode": "value_domain",
        "projection": "webmercator_hash_v1",
        "projection_method": "webmercator_hash_v1",
        "value": 1396
      },
      "type": "Feature"
    },
    {
      "geometry": {
        "coordinates": [
          55.290559,
          -74.618687
        ],
        "type": "Point"
      },
      "properties": {
        "cipher": "Standard",
        "mode": "value_domain",
        "projection": "webmercator_hash_v1",
        "projection_method": "webmercator_hash_v1",
        "value": 1397
      },
      "type": "Feature"
    },
    {
      "geometry": {
        "coordinates": [
          149.201966,
          -65.27599
        ],
        "type": "Point"
      },
      "properties": {
        "cipher": "Standard",
        "mode": "value_domain",
        "projection": "webmercator_hash_v1",
        "projection_method": "webmercator_hash_v1",
        "value": 1398
      },
      "type": "Feature"
    },
    {
      "geometry": {
        "coordinates": [
          29.231058,
          -54.144486
        ],
        "type": "Point"
      },
      "properties": {
        "cipher": "Standard",
        "mode": "value_domain",
        "projection": "webmercator_hash_v1",
        "projection_method": "webmercator_hash_v1",
        "value": 1399
      },
      "type": "Feature"
    },
    {
      "geometry": {
        "coordinates": [
          -97.339189,
          54.534237
        ],
        "type": "Point"
      },
      "properties": {
        "cipher": "Standard",
        "mode": "value_domain",
        "projection": "webmercator_hash_v1",
        "projection_method": "webmercator_hash_v1",
        "value": 1400
      },
      "type": "Feature"
    },
    {
      "geometry": {
        "coordinates": [
          -134.251447,
          -50.854436
        ],
        "type": "Point"
      },
      "properties": {
        "cipher": "Standard",
        "mode": "value_domain",
        "projection": "webmercator_hash_v1",
        "projection_method": "webmercator_hash_v1",
        "value": 1401
      },
      "type": "Feature"
    },
    {
      "geometry": {
        "coordinates": [
          -9.627252,
          -58.48279
        ],
        "type": "Point"
      },
      "properties": {
        "cipher": "Standard",
        "mode": "value_domain",
        "projection": "webmercator_hash_v1",
        "projection_method": "webmercator_hash_v1",
        "value": 1402
      },
      "type": "Feature"
    },
    {
      "geometry": {
        "coordinates": [
          -107.67883,
          -72.492441
        ],
        "type": "Point"
      },
      "properties": {
        "cipher": "Standard",
        "mode": "value_domain",
        "projection": "webmercator_hash_v1",
        "projection_method": "webmercator_hash_v1",
        "value": 1403
      },
      "type": "Feature"
    },
    {
      "geometry": {
        "coordinates": [
          -93.63264,
          9.871069
        ],
        "type": "Point"
      },
      "properties": {
        "cipher": "Standard",
        "mode": "value_domain",
        "projection": "webmercator_hash_v1",
        "projection_method": "webmercator_hash_v1",
        "value": 1404
      },
      "type": "Feature"
    },
    {
      "geometry": {
        "coordinates": [
          82.061613,
          23.000466
        ],
        "type": "Point"
      },
      "properties": {
        "cipher": "Standard",
        "mode": "value_domain",
        "projection": "webmercator_hash_v1",
        "projection_method": "webmercator_hash_v1",
        "value": 1405
      },
      "type": "Feature"
    },
    {
      "geometry": {
        "coordinates": [
          -120.524306,
          27.075024
        ],
        "type": "Point"
      },
      "properties": {
        "cipher": "Standard",
        "mode": "value_domain",
        "projection": "webmercator_hash_v1",
        "projection_method": "webmercator_hash_v1",
        "value": 1406
      },
      "type": "Feature"
    },
    {
      "geometry": {
        "coordinates": [
          -60.098333,
          35.029638
        ],
        "type": "Point"
      },
      "properties": {
        "cipher": "Standard",
        "mode": "value_domain",
        "projection": "webmercator_hash_v1",
        "projection_method": "webmercator_hash_v1",
        "value": 1407
      },
      "type": "Feature"
    },
    {
      "geometry": {
        "coordinates": [
          -12.980274,
          -3.019616
        ],
        "type": "Point"
      },
      "properties": {
        "cipher": "Standard",
        "mode": "value_domain",
        "projection": "webmercator_hash_v1",
        "projection_method": "webmercator_hash_v1",
        "value": 1408
      },
      "type": "Feature"
    },
    {
      "geometry": {
        "coordinates": [
          33.580952,
          29.591119
        ],
        "type": "Point"
      },
      "properties": {
        "cipher": "Standard",
        "mode": "value_domain",
        "projection": "webmercator_hash_v1",
        "projection_method": "webmercator_hash_v1",
        "value": 1409
      },
      "type": "Feature"
    },
    {
      "geometry": {
        "coordinates": [
          -140.273772,
          2.138397
        ],
        "type": "Point"
      },
      "properties": {
        "cipher": "Standard",
        "mode": "value_domain",
        "projection": "webmercator_hash_v1",
        "projection_method": "webmercator_hash_v1",
        "value": 1410
      },
      "type": "Feature"
    },
    {
      "geometry": {
        "coordinates": [
          -0.618545,
          -6.556605
        ],
        "type": "Point"
      },
      "properties": {
        "cipher": "Standard",
        "mode": "value_domain",
        "projection": "webmercator_hash_v1",
        "projection_method": "webmercator_hash_v1",
        "value": 1411
      },
      "type": "Feature"
    },
    {
      "geometry": {
        "coordinates": [
          -111.528559,
          22.559466
        ],
        "type": "Point"
      },
      "properties": {
        "cipher": "Standard",
        "mode": "value_domain",
        "projection": "webmercator_hash_v1",
        "projection_method": "webmercator_hash_v1",
        "value": 1412
      },
      "type": "Feature"
    },
    {
      "geometry": {
        "coordinates": [
          -135.116188,
          -36.001256
        ],
        "type": "Point"
      },
      "properties": {
        "cipher": "Standard",
        "mode": "value_domain",
        "projection": "webmercator_hash_v1",
        "projection_method": "webmercator_hash_v1",
        "value": 1413
      },
      "type": "Feature"
    },
    {
      "geometry": {
        "coordinates": [
          4.578856,
          45.281508
        ],
        "type": "Point"
      },
      "properties": {
        "cipher": "Standard",
        "mode": "value_domain",
        "projection": "webmercator_hash_v1",
        "projection_method": "webmercator_hash_v1",
        "value": 1414
      },
      "type": "Feature"
    },
    {
      "geometry": {
        "coordinates": [
          -71.416854,
          13.936647
        ],
        "type": "Point"
      },
      "properties": {
        "cipher": "Standard",
        "mode": "value_domain",
        "projection": "webmercator_hash_v1",
        "projection_method": "webmercator_hash_v1",
        "value": 1415
      },
      "type": "Feature"
    },
    {
      "geometry": {
        "coordinates": [
          -40.024058,
          -52.496474
        ],
        "type": "Point"
      },
      "properties": {
        "cipher": "Standard",
        "mode": "value_domain",
        "projection": "webmercator_hash_v1",
        "projection_method": "webmercator_hash_v1",
        "value": 1416
      },
      "type": "Feature"
    },
    {
      "geometry": {
        "coordinates": [
          37.609261,
          -13.670832
        ],
        "type": "Point"
      },
      "properties": {
        "cipher": "Standard",
        "mode": "value_domain",
        "projection": "webmercator_hash_v1",
        "projection_method": "webmercator_hash_v1",
        "value": 1417
      },
      "type": "Feature"
    },
    {
      "geometry": {
        "coordinates": [
          -8.215336,
          -5.127057
        ],
        "type": "Point"
      },
      "properties": {
        "cipher": "Standard",
        "mode": "value_domain",
        "projection": "webmercator_hash_v1",
        "projection_method": "webmercator_hash_v1",
        "value": 1418
      },
      "type": "Feature"
    },
    {
      "geometry": {
        "coordinates": [
          135.615745,
          32.349457
        ],
        "type": "Point"
      },
      "properties": {
        "cipher": "Standard",
        "mode": "value_domain",
        "projection": "webmercator_hash_v1",
        "projection_method": "webmercator_hash_v1",
        "value": 1419
      },
      "type": "Feature"
    },
    {
      "geometry": {
        "coordinates": [
          95.430827,
          10.350816
        ],
        "type": "Point"
      },
      "properties": {
        "cipher": "Standard",
        "mode": "value_domain",
        "projection": "webmercator_hash_v1",
        "projection_method": "webmercator_hash_v1",
        "value": 1420
      },
      "type": "Feature"
    },
    {
      "geometry": {
        "coordinates": [
          -140.86377,
          22.965889
        ],
        "type": "Point"
      },
      "properties": {
        "cipher": "Standard",
        "mode": "value_domain",
        "projection": "webmercator_hash_v1",
        "projection_method": "webmercator_hash_v1",
        "value": 1421
      },
      "type": "Feature"
    },
    {
      "geometry": {
        "coordinates": [
          44.754871,
          -56.571668
        ],
        "type": "Point"
      },
      "properties": {
        "cipher": "Standard",
        "mode": "value_domain",
        "projection": "webmercator_hash_v1",
        "projection_method": "webmercator_hash_v1",
        "value": 1422
      },
      "type": "Feature"
    },
    {
      "geometry": {
        "coordinates": [
          -158.579903,
          74.422252
        ],
        "type": "Point"
      },
      "properties": {
        "cipher": "Standard",
        "mode": "value_domain",
        "projection": "webmercator_hash_v1",
        "projection_method": "webmercator_hash_v1",
        "value": 1423
      },
      "type": "Feature"
    },
    {
      "geometry": {
        "coordinates": [
          -155.305192,
          30.057493
        ],
        "type": "Point"
      },
      "properties": {
        "cipher": "Standard",
        "mode": "value_domain",
        "projection": "webmercator_hash_v1",
        "projection_method": "webmercator_hash_v1",
        "value": 1424
      },
      "type": "Feature"
    },
    {
      "geometry": {
        "coordinates": [
          -41.169382,
          30.846161
        ],
        "type": "Point"
      },
      "properties": {
        "cipher": "Standard",
        "mode": "value_domain",
        "projection": "webmercator_hash_v1",
        "projection_method": "webmercator_hash_v1",
        "value": 1425
      },
      "type": "Feature"
    },
    {
      "geometry": {
        "coordinates": [
          169.766618,
          -34.134175
        ],
        "type": "Point"
      },
      "properties": {
        "cipher": "Standard",
        "mode": "value_domain",
        "projection": "webmercator_hash_v1",
        "projection_method": "webmercator_hash_v1",
        "value": 1426
      },
      "type": "Feature"
    },
    {
      "geometry": {
        "coordinates": [
          -0.732767,
          -65.445821
        ],
        "type": "Point"
      },
      "properties": {
        "cipher": "Standard",
        "mode": "value_domain",
        "projection": "webmercator_hash_v1",
        "projection_method": "webmercator_hash_v1",
        "value": 1427
      },
      "type": "Feature"
    },
    {
      "geometry": {
        "coordinates": [
          -123.715268,
          62.703463
        ],
        "type": "Point"
      },
      "properties": {
        "cipher": "Standard",
        "mode": "value_domain",
        "projection": "webmercator_hash_v1",
        "projection_method": "webmercator_hash_v1",
        "value": 1428
      },
      "type": "Feature"
    },
    {
      "geometry": {
        "coordinates": [
          -93.073932,
          22.147024
        ],
        "type": "Point"
      },
      "properties": {
        "cipher": "Standard",
        "mode": "value_domain",
        "projection": "webmercator_hash_v1",
        "projection_method": "webmercator_hash_v1",
        "value": 1429
      },
      "type": "Feature"
    },
    {
      "geometry": {
        "coordinates": [
          54.126099,
          -73.766492
        ],
        "type": "Point"
      },
      "properties": {
        "cipher": "Standard",
        "mode": "value_domain",
        "projection": "webmercator_hash_v1",
        "projection_method": "webmercator_hash_v1",
        "value": 1430
      },
      "type": "Feature"
    },
    {
      "geometry": {
        "coordinates": [
          -151.54137,
          -63.866815
        ],
        "type": "Point"
      },
      "properties": {
        "cipher": "Standard",
        "mode": "value_domain",
        "projection": "webmercator_hash_v1",
        "projection_method": "webmercator_hash_v1",
        "value": 1431
      },
      "type": "Feature"
    },
    {
      "geometry": {
        "coordinates": [
          6.3488,
          -2.025273
        ],
        "type": "Point"
      },
      "properties": {
        "cipher": "Standard",
        "mode": "value_domain",
        "projection": "webmercator_hash_v1",
        "projection_method": "webmercator_hash_v1",
        "value": 1432
      },
      "type": "Feature"
    },
    {
      "geometry": {
        "coordinates": [
          68.999139,
          -40.585845
        ],
        "type": "Point"
      },
      "properties": {
        "cipher": "Standard",
        "mode": "value_domain",
        "projection": "webmercator_hash_v1",
        "projection_method": "webmercator_hash_v1",
        "value": 1433
      },
      "type": "Feature"
    },
    {
      "geometry": {
        "coordinates": [
          155.967709,
          29.450396
        ],
        "type": "Point"
      },
      "properties": {
        "cipher": "Standard",
        "mode": "value_domain",
        "projection": "webmercator_hash_v1",
        "projection_method": "webmercator_hash_v1",
        "value": 1434
      },
      "type": "Feature"
    },
    {
      "geometry": {
        "coordinates": [
          117.322059,
          -26.507739
        ],
        "type": "Point"
      },
      "properties": {
        "cipher": "Standard",
        "mode": "value_domain",
        "projection": "webmercator_hash_v1",
        "projection_method": "webmercator_hash_v1",
        "value": 1435
      },
      "type": "Feature"
    },
    {
      "geometry": {
        "coordinates": [
          33.92709,
          49.004197
        ],
        "type": "Point"
      },
      "properties": {
        "cipher": "Standard",
        "mode": "value_domain",
        "projection": "webmercator_hash_v1",
        "projection_method": "webmercator_hash_v1",
        "value": 1436
      },
      "type": "Feature"
    },
    {
      "geometry": {
        "coordinates": [
          93.830547,
          13.382958
        ],
        "type": "Point"
      },
      "properties": {
        "cipher": "Standard",
        "mode": "value_domain",
        "projection": "webmercator_hash_v1",
        "projection_method": "webmercator_hash_v1",
        "value": 1437
      },
      "type": "Feature"
    },
    {
      "geometry": {
        "coordinates": [
          168.057844,
          20.554619
        ],
        "type": "Point"
      },
      "properties": {
        "cipher": "Standard",
        "mode": "value_domain",
        "projection": "webmercator_hash_v1",
        "projection_method": "webmercator_hash_v1",
        "value": 1438
      },
      "type": "Feature"
    },
    {
      "geometry": {
        "coordinates": [
          -81.223012,
          -35.066652
        ],
        "type": "Point"
      },
      "properties": {
        "cipher": "Standard",
        "mode": "value_domain",
        "projection": "webmercator_hash_v1",
        "projection_method": "webmercator_hash_v1",
        "value": 1439
      },
      "type": "Feature"
    },
    {
      "geometry": {
        "coordinates": [
          -35.302453,
          55.135721
        ],
        "type": "Point"
      },
      "properties": {
        "cipher": "Standard",
        "mode": "value_domain",
        "projection": "webmercator_hash_v1",
        "projection_method": "webmercator_hash_v1",
        "value": 1440
      },
      "type": "Feature"
    },
    {
      "geometry": {
        "coordinates": [
          -40.555928,
          72.057879
        ],
        "type": "Point"
      },
      "properties": {
        "cipher": "Standard",
        "mode": "value_domain",
        "projection": "webmercator_hash_v1",
        "projection_method": "webmercator_hash_v1",
        "value": 1441
      },
      "type": "Feature"
    },
    {
      "geometry": {
        "coordinates": [
          104.126757,
          -72.911942
        ],
        "type": "Point"
      },
      "properties": {
        "cipher": "Standard",
        "mode": "value_domain",
        "projection": "webmercator_hash_v1",
        "projection_method": "webmercator_hash_v1",
        "value": 1442
      },
      "type": "Feature"
    },
    {
      "geometry": {
        "coordinates": [
          33.161204,
          2.964585
        ],
        "type": "Point"
      },
      "properties": {
        "cipher": "Standard",
        "mode": "value_domain",
        "projection": "webmercator_hash_v1",
        "projection_method": "webmercator_hash_v1",
        "value": 1443
      },
      "type": "Feature"
    },
    {
      "geometry": {
        "coordinates": [
          8.097431,
          -40.545242
        ],
        "type": "Point"
      },
      "properties": {
        "cipher": "Standard",
        "mode": "value_domain",
        "projection": "webmercator_hash_v1",
        "projection_method": "webmercator_hash_v1",
        "value": 1444
      },
      "type": "Feature"
    },
    {
      "geometry": {
        "coordinates": [
          128.169575,
          -0.140414
        ],
        "type": "Point"
      },
      "properties": {
        "cipher": "Standard",
        "mode": "value_domain",
        "projection": "webmercator_hash_v1",
        "projection_method": "webmercator_hash_v1",
        "value": 1445
      },
      "type": "Feature"
    },
    {
      "geometry": {
        "coordinates": [
          94.107209,
          -12.001014
        ],
        "type": "Point"
      },
      "properties": {
        "cipher": "Standard",
        "mode": "value_domain",
        "projection": "webmercator_hash_v1",
        "projection_method": "webmercator_hash_v1",
        "value": 1446
      },
      "type": "Feature"
    },
    {
      "geometry": {
        "coordinates": [
          -73.328132,
          -3.057224
        ],
        "type": "Point"
      },
      "properties": {
        "cipher": "Standard",
        "mode": "value_domain",
        "projection": "webmercator_hash_v1",
        "projection_method": "webmercator_hash_v1",
        "value": 1447
      },
      "type": "Feature"
    },
    {
      "geometry": {
        "coordinates": [
          149.686104,
          -41.313941
        ],
        "type": "Point"
      },
      "properties": {
        "cipher": "Standard",
        "mode": "value_domain",
        "projection": "webmercator_hash_v1",
        "projection_method": "webmercator_hash_v1",
        "value": 1448
      },
      "type": "Feature"
    },
    {
      "geometry": {
        "coordinates": [
          -75.585677,
          -54.538752
        ],
        "type": "Point"
      },
      "properties": {
        "cipher": "Standard",
        "mode": "value_domain",
        "projection": "webmercator_hash_v1",
        "projection_method": "webmercator_hash_v1",
        "value": 1449
      },
      "type": "Feature"
    },
    {
      "geometry": {
        "coordinates": [
          -101.946308,
          8.594526
        ],
        "type": "Point"
      },
      "properties": {
        "cipher": "Standard",
        "mode": "value_domain",
        "projection": "webmercator_hash_v1",
        "projection_method": "webmercator_hash_v1",
        "value": 1450
      },
      "type": "Feature"
    },
    {
      "geometry": {
        "coordinates": [
          -127.516076,
          -33.687197
        ],
        "type": "Point"
      },
      "properties": {
        "cipher": "Standard",
        "mode": "value_domain",
        "projection": "webmercator_hash_v1",
        "projection_method": "webmercator_hash_v1",
        "value": 1451
      },
      "type": "Feature"
    },
    {
      "geometry": {
        "coordinates": [
          94.890805,
          -10.742745
        ],
        "type": "Point"
      },
      "properties": {
        "cipher": "Standard",
        "mode": "value_domain",
        "projection": "webmercator_hash_v1",
        "projection_method": "webmercator_hash_v1",
        "value": 1452
      },
      "type": "Feature"
    },
    {
      "geometry": {
        "coordinates": [
          71.317915,
          -9.689088
        ],
        "type": "Point"
      },
      "properties": {
        "cipher": "Standard",
        "mode": "value_domain",
        "projection": "webmercator_hash_v1",
        "projection_method": "webmercator_hash_v1",
        "value": 1453
      },
      "type": "Feature"
    },
    {
      "geometry": {
        "coordinates": [
          23.277413,
          78.91673
        ],
        "type": "Point"
      },
      "properties": {
        "cipher": "Standard",
        "mode": "value_domain",
        "projection": "webmercator_hash_v1",
        "projection_method": "webmercator_hash_v1",
        "value": 1454
      },
      "type": "Feature"
    },
    {
      "geometry": {
        "coordinates": [
          -109.901049,
          -71.932394
        ],
        "type": "Point"
      },
      "properties": {
        "cipher": "Standard",
        "mode": "value_domain",
        "projection": "webmercator_hash_v1",
        "projection_method": "webmercator_hash_v1",
        "value": 1455
      },
      "type": "Feature"
    },
    {
      "geometry": {
        "coordinates": [
          50.373416,
          42.771789
        ],
        "type": "Point"
      },
      "properties": {
        "cipher": "Standard",
        "mode": "value_domain",
        "projection": "webmercator_hash_v1",
        "projection_method": "webmercator_hash_v1",
        "value": 1456
      },
      "type": "Feature"
    },
    {
      "geometry": {
        "coordinates": [
          -169.096758,
          68.376642
        ],
        "type": "Point"
      },
      "properties": {
        "cipher": "Standard",
        "mode": "value_domain",
        "projection": "webmercator_hash_v1",
        "projection_method": "webmercator_hash_v1",
        "value": 1457
      },
      "type": "Feature"
    },
    {
      "geometry": {
        "coordinates": [
          -141.590659,
          63.342106
        ],
        "type": "Point"
      },
      "properties": {
        "cipher": "Standard",
        "mode": "value_domain",
        "projection": "webmercator_hash_v1",
        "projection_method": "webmercator_hash_v1",
        "value": 1458
      },
      "type": "Feature"
    },
    {
      "geometry": {
        "coordinates": [
          -149.161137,
          49.632112
        ],
        "type": "Point"
      },
      "properties": {
        "cipher": "Standard",
        "mode": "value_domain",
        "projection": "webmercator_hash_v1",
        "projection_method": "webmercator_hash_v1",
        "value": 1459
      },
      "type": "Feature"
    },
    {
      "geometry": {
        "coordinates": [
          -14.780823,
          74.45993
        ],
        "type": "Point"
      },
      "properties": {
        "cipher": "Standard",
        "mode": "value_domain",
        "projection": "webmercator_hash_v1",
        "projection_method": "webmercator_hash_v1",
        "value": 1460
      },
      "type": "Feature"
    },
    {
      "geometry": {
        "coordinates": [
          77.890915,
          -80.493187
        ],
        "type": "Point"
      },
      "properties": {
        "cipher": "Standard",
        "mode": "value_domain",
        "projection": "webmercator_hash_v1",
        "projection_method": "webmercator_hash_v1",
        "value": 1461
      },
      "type": "Feature"
    },
    {
      "geometry": {
        "coordinates": [
          -44.308548,
          -17.70003
        ],
        "type": "Point"
      },
      "properties": {
        "cipher": "Standard",
        "mode": "value_domain",
        "projection": "webmercator_hash_v1",
        "projection_method": "webmercator_hash_v1",
        "value": 1462
      },
      "type": "Feature"
    },
    {
      "geometry": {
        "coordinates": [
          -119.256967,
          -71.045031
        ],
        "type": "Point"
      },
      "properties": {
        "cipher": "Standard",
        "mode": "value_domain",
        "projection": "webmercator_hash_v1",
        "projection_method": "webmercator_hash_v1",
        "value": 1463
      },
      "type": "Feature"
    },
    {
      "geometry": {
        "coordinates": [
          81.349864,
          4.999292
        ],
        "type": "Point"
      },
      "properties": {
        "cipher": "Standard",
        "mode": "value_domain",
        "projection": "webmercator_hash_v1",
        "projection_method": "webmercator_hash_v1",
        "value": 1464
      },
      "type": "Feature"
    },
    {
      "geometry": {
        "coordinates": [
          -87.233755,
          54.395419
        ],
        "type": "Point"
      },
      "properties": {
        "cipher": "Standard",
        "mode": "value_domain",
        "projection": "webmercator_hash_v1",
        "projection_method": "webmercator_hash_v1",
        "value": 1465
      },
      "type": "Feature"
    },
    {
      "geometry": {
        "coordinates": [
          -170.67014,
          45.956386
        ],
        "type": "Point"
      },
      "properties": {
        "cipher": "Standard",
        "mode": "value_domain",
        "projection": "webmercator_hash_v1",
        "projection_method": "webmercator_hash_v1",
        "value": 1466
      },
      "type": "Feature"
    },
    {
      "geometry": {
        "coordinates": [
          174.287731,
          77.270705
        ],
        "type": "Point"
      },
      "properties": {
        "cipher": "Standard",
        "mode": "value_domain",
        "projection": "webmercator_hash_v1",
        "projection_method": "webmercator_hash_v1",
        "value": 1467
      },
      "type": "Feature"
    },
    {
      "geometry": {
        "coordinates": [
          -58.735526,
          46.337548
        ],
        "type": "Point"
      },
      "properties": {
        "cipher": "Standard",
        "mode": "value_domain",
        "projection": "webmercator_hash_v1",
        "projection_method": "webmercator_hash_v1",
        "value": 1468
      },
      "type": "Feature"
    },
    {
      "geometry": {
        "coordinates": [
          176.452987,
          -61.617969
        ],
        "type": "Point"
      },
      "properties": {
        "cipher": "Standard",
        "mode": "value_domain",
        "projection": "webmercator_hash_v1",
        "projection_method": "webmercator_hash_v1",
        "value": 1469
      },
      "type": "Feature"
    },
    {
      "geometry": {
        "coordinates": [
          20.82861,
          68.211354
        ],
        "type": "Point"
      },
      "properties": {
        "cipher": "Standard",
        "mode": "value_domain",
        "projection": "webmercator_hash_v1",
        "projection_method": "webmercator_hash_v1",
        "value": 1470
      },
      "type": "Feature"
    },
    {
      "geometry": {
        "coordinates": [
          -124.95481,
          -16.221431
        ],
        "type": "Point"
      },
      "properties": {
        "cipher": "Standard",
        "mode": "value_domain",
        "projection": "webmercator_hash_v1",
        "projection_method": "webmercator_hash_v1",
        "value": 1471
      },
      "type": "Feature"
    },
    {
      "geometry": {
        "coordinates": [
          4.455252,
          -57.295412
        ],
        "type": "Point"
      },
      "properties": {
        "cipher": "Standard",
        "mode": "value_domain",
        "projection": "webmercator_hash_v1",
        "projection_method": "webmercator_hash_v1",
        "value": 1472
      },
      "type": "Feature"
    },
    {
      "geometry": {
        "coordinates": [
          43.267645,
          79.438672
        ],
        "type": "Point"
      },
      "properties": {
        "cipher": "Standard",
        "mode": "value_domain",
        "projection": "webmercator_hash_v1",
        "projection_method": "webmercator_hash_v1",
        "value": 1473
      },
      "type": "Feature"
    },
    {
      "geometry": {
        "coordinates": [
          -134.341775,
          22.478477
        ],
        "type": "Point"
      },
      "properties": {
        "cipher": "Standard",
        "mode": "value_domain",
        "projection": "webmercator_hash_v1",
        "projection_method": "webmercator_hash_v1",
        "value": 1474
      },
      "type": "Feature"
    },
    {
      "geometry": {
        "coordinates": [
          139.521347,
          -22.593195
        ],
        "type": "Point"
      },
      "properties": {
        "cipher": "Standard",
        "mode": "value_domain",
        "projection": "webmercator_hash_v1",
        "projection_method": "webmercator_hash_v1",
        "value": 1475
      },
      "type": "Feature"
    },
    {
      "geometry": {
        "coordinates": [
          -132.746531,
          82.353238
        ],
        "type": "Point"
      },
      "properties": {
        "cipher": "Standard",
        "mode": "value_domain",
        "projection": "webmercator_hash_v1",
        "projection_method": "webmercator_hash_v1",
        "value": 1476
      },
      "type": "Feature"
    },
    {
      "geometry": {
        "coordinates": [
          67.552332,
          59.513177
        ],
        "type": "Point"
      },
      "properties": {
        "cipher": "Standard",
        "mode": "value_domain",
        "projection": "webmercator_hash_v1",
        "projection_method": "webmercator_hash_v1",
        "value": 1477
      },
      "type": "Feature"
    },
    {
      "geometry": {
        "coordinates": [
          17.120181,
          66.819278
        ],
        "type": "Point"
      },
      "properties": {
        "cipher": "Standard",
        "mode": "value_domain",
        "projection": "webmercator_hash_v1",
        "projection_method": "webmercator_hash_v1",
        "value": 1478
      },
      "type": "Feature"
    },
    {
      "geometry": {
        "coordinates": [
          110.412767,
          -0.97481
        ],
        "type": "Point"
      },
      "properties": {
        "cipher": "Standard",
        "mode": "value_domain",
        "projection": "webmercator_hash_v1",
        "projection_method": "webmercator_hash_v1",
        "value": 1479
      },
      "type": "Feature"
    },
    {
      "geometry": {
        "coordinates": [
          -81.771695,
          -34.867581
        ],
        "type": "Point"
      },
      "properties": {
        "cipher": "Standard",
        "mode": "value_domain",
        "projection": "webmercator_hash_v1",
        "projection_method": "webmercator_hash_v1",
        "value": 1480
      },
      "type": "Feature"
    },
    {
      "geometry": {
        "coordinates": [
          123.508832,
          -63.363621
        ],
        "type": "Point"
      },
      "properties": {
        "cipher": "Standard",
        "mode": "value_domain",
        "projection": "webmercator_hash_v1",
        "projection_method": "webmercator_hash_v1",
        "value": 1481
      },
      "type": "Feature"
    },
    {
      "geometry": {
        "coordinates": [
          -154.463912,
          -66.5644
        ],
        "type": "Point"
      },
      "properties": {
        "cipher": "Standard",
        "mode": "value_domain",
        "projection": "webmercator_hash_v1",
        "projection_method": "webmercator_hash_v1",
        "value": 1482
      },
      "type": "Feature"
    },
    {
      "geometry": {
        "coordinates": [
          141.018837,
          41.401566
        ],
        "type": "Point"
      },
      "properties": {
        "cipher": "Standard",
        "mode": "value_domain",
        "projection": "webmercator_hash_v1",
        "projection_method": "webmercator_hash_v1",
        "value": 1483
      },
      "type": "Feature"
    },
    {
      "geometry": {
        "coordinates": [
          -91.446649,
          -23.028913
        ],
        "type": "Point"
      },
      "properties": {
        "cipher": "Standard",
        "mode": "value_domain",
        "projection": "webmercator_hash_v1",
        "projection_method": "webmercator_hash_v1",
        "value": 1484
      },
      "type": "Feature"
    },
    {
      "geometry": {
        "coordinates": [
          10.153313,
          -54.138068
        ],
        "type": "Point"
      },
      "properties": {
        "cipher": "Standard",
        "mode": "value_domain",
        "projection": "webmercator_hash_v1",
        "projection_method": "webmercator_hash_v1",
        "value": 1485
      },
      "type": "Feature"
    },
    {
      "geometry": {
        "coordinates": [
          51.269301,
          -4.43264
        ],
        "type": "Point"
      },
      "properties": {
        "cipher": "Standard",
        "mode": "value_domain",
        "projection": "webmercator_hash_v1",
        "projection_method": "webmercator_hash_v1",
        "value": 1486
      },
      "type": "Feature"
    },
    {
      "geometry": {
        "coordinates": [
          11.274849,
          34.686438
        ],
        "type": "Point"
      },
      "properties": {
        "cipher": "Standard",
        "mode": "value_domain",
        "projection": "webmercator_hash_v1",
        "projection_method": "webmercator_hash_v1",
        "value": 1487
      },
      "type": "Feature"
    },
    {
      "geometry": {
        "coordinates": [
          158.406364,
          -25.441722
        ],
        "type": "Point"
      },
      "properties": {
        "cipher": "Standard",
        "mode": "value_domain",
        "projection": "webmercator_hash_v1",
        "projection_method": "webmercator_hash_v1",
        "value": 1488
      },
      "type": "Feature"
    },
    {
      "geometry": {
        "coordinates": [
          -28.059818,
          40.353606
        ],
        "type": "Point"
      },
      "properties": {
        "cipher": "Standard",
        "mode": "value_domain",
        "projection": "webmercator_hash_v1",
        "projection_method": "webmercator_hash_v1",
        "value": 1489
      },
      "type": "Feature"
    },
    {
      "geometry": {
        "coordinates": [
          -166.774332,
          -73.67662
        ],
        "type": "Point"
      },
      "properties": {
        "cipher": "Standard",
        "mode": "value_domain",
        "projection": "webmercator_hash_v1",
        "projection_method": "webmercator_hash_v1",
        "value": 1490
      },
      "type": "Feature"
    },
    {
      "geometry": {
        "coordinates": [
          62.262801,
          -60.932422
        ],
        "type": "Point"
      },
      "properties": {
        "cipher": "Standard",
        "mode": "value_domain",
        "projection": "webmercator_hash_v1",
        "projection_method": "webmercator_hash_v1",
        "value": 1491
      },
      "type": "Feature"
    },
    {
      "geometry": {
        "coordinates": [
          68.673009,
          65.844496
        ],
        "type": "Point"
      },
      "properties": {
        "cipher": "Standard",
        "mode": "value_domain",
        "projection": "webmercator_hash_v1",
        "projection_method": "webmercator_hash_v1",
        "value": 1492
      },
      "type": "Feature"
    },
    {
      "geometry": {
        "coordinates": [
          66.572065,
          -43.800542
        ],
        "type": "Point"
      },
      "properties": {
        "cipher": "Standard",
        "mode": "value_domain",
        "projection": "webmercator_hash_v1",
        "projection_method": "webmercator_hash_v1",
        "value": 1493
      },
      "type": "Feature"
    },
    {
      "geometry": {
        "coordinates": [
          21.405909,
          -28.180451
        ],
        "type": "Point"
      },
      "properties": {
        "cipher": "Standard",
        "mode": "value_domain",
        "projection": "webmercator_hash_v1",
        "projection_method": "webmercator_hash_v1",
        "value": 1494
      },
      "type": "Feature"
    },
    {
      "geometry": {
        "coordinates": [
          98.200079,
          84.46487
        ],
        "type": "Point"
      },
      "properties": {
        "cipher": "Standard",
        "mode": "value_domain",
        "projection": "webmercator_hash_v1",
        "projection_method": "webmercator_hash_v1",
        "value": 1495
      },
      "type": "Feature"
    },
    {
      "geometry": {
        "coordinates": [
          -128.4326,
          -42.725281
        ],
        "type": "Point"
      },
      "properties": {
        "cipher": "Standard",
        "mode": "value_domain",
        "projection": "webmercator_hash_v1",
        "projection_method": "webmercator_hash_v1",
        "value": 1496
      },
      "type": "Feature"
    },
    {
      "geometry": {
        "coordinates": [
          64.403332,
          -72.120933
        ],
        "type": "Point"
      },
      "properties": {
        "cipher": "Standard",
        "mode": "value_domain",
        "projection": "webmercator_hash_v1",
        "projection_method": "webmercator_hash_v1",
        "value": 1497
      },
      "type": "Feature"
    },
    {
      "geometry": {
        "coordinates": [
          -73.38818,
          -7.693998
        ],
        "type": "Point"
      },
      "properties": {
        "cipher": "Standard",
        "mode": "value_domain",
        "projection": "webmercator_hash_v1",
        "projection_method": "webmercator_hash_v1",
        "value": 1498
      },
      "type": "Feature"
    },
    {
      "geometry": {
        "coordinates": [
          40.792362,
          56.346824
        ],
        "type": "Point"
      },
      "properties": {
        "cipher": "Standard",
        "mode": "value_domain",
        "projection": "webmercator_hash_v1",
        "projection_method": "webmercator_hash_v1",
        "value": 1499
      },
      "type": "Feature"
    },
    {
      "geometry": {
        "coordinates": [
          34.613012,
          -14.058621
        ],
        "type": "Point"
      },
      "properties": {
        "cipher": "Standard",
        "mode": "value_domain",
        "projection": "webmercator_hash_v1",
        "projection_method": "webmercator_hash_v1",
        "value": 1500
      },
      "type": "Feature"
    },
    {
      "geometry": {
        "coordinates": [
          15.689227,
          -4.892285
        ],
        "type": "Point"
      },
      "properties": {
        "cipher": "Standard",
        "mode": "value_domain",
        "projection": "webmercator_hash_v1",
        "projection_method": "webmercator_hash_v1",
        "value": 1501
      },
      "type": "Feature"
    },
    {
      "geometry": {
        "coordinates": [
          148.971263,
          59.079496
        ],
        "type": "Point"
      },
      "properties": {
        "cipher": "Standard",
        "mode": "value_domain",
        "projection": "webmercator_hash_v1",
        "projection_method": "webmercator_hash_v1",
        "value": 1502
      },
      "type": "Feature"
    },
    {
      "geometry": {
        "coordinates": [
          -55.168926,
          -57.657811
        ],
        "type": "Point"
      },
      "properties": {
        "cipher": "Standard",
        "mode": "value_domain",
        "projection": "webmercator_hash_v1",
        "projection_method": "webmercator_hash_v1",
        "value": 1503
      },
      "type": "Feature"
    },
    {
      "geometry": {
        "coordinates": [
          156.542363,
          59.276525
        ],
        "type": "Point"
      },
      "properties": {
        "cipher": "Standard",
        "mode": "value_domain",
        "projection": "webmercator_hash_v1",
        "projection_method": "webmercator_hash_v1",
        "value": 1504
      },
      "type": "Feature"
    },
    {
      "geometry": {
        "coordinates": [
          -151.018674,
          74.039335
        ],
        "type": "Point"
      },
      "properties": {
        "cipher": "Standard",
        "mode": "value_domain",
        "projection": "webmercator_hash_v1",
        "projection_method": "webmercator_hash_v1",
        "value": 1505
      },
      "type": "Feature"
    },
    {
      "geometry": {
        "coordinates": [
          -53.866729,
          23.421623
        ],
        "type": "Point"
      },
      "properties": {
        "cipher": "Standard",
        "mode": "value_domain",
        "projection": "webmercator_hash_v1",
        "projection_method": "webmercator_hash_v1",
        "value": 1506
      },
      "type": "Feature"
    },
    {
      "geometry": {
        "coordinates": [
          -114.758102,
          2.689529
        ],
        "type": "Point"
      },
      "properties": {
        "cipher": "Standard",
        "mode": "value_domain",
        "projection": "webmercator_hash_v1",
        "projection_method": "webmercator_hash_v1",
        "value": 1507
      },
      "type": "Feature"
    },
    {
      "geometry": {
        "coordinates": [
          101.795935,
          -71.271823
        ],
        "type": "Point"
      },
      "properties": {
        "cipher": "Standard",
        "mode": "value_domain",
        "projection": "webmercator_hash_v1",
        "projection_method": "webmercator_hash_v1",
        "value": 1508
      },
      "type": "Feature"
    },
    {
      "geometry": {
        "coordinates": [
          -43.781109,
          -5.537021
        ],
        "type": "Point"
      },
      "properties": {
        "cipher": "Standard",
        "mode": "value_domain",
        "projection": "webmercator_hash_v1",
        "projection_method": "webmercator_hash_v1",
        "value": 1509
      },
      "type": "Feature"
    },
    {
      "geometry": {
        "coordinates": [
          107.578494,
          30.398509
        ],
        "type": "Point"
      },
      "properties": {
        "cipher": "Standard",
        "mode": "value_domain",
        "projection": "webmercator_hash_v1",
        "projection_method": "webmercator_hash_v1",
        "value": 1510
      },
      "type": "Feature"
    },
    {
      "geometry": {
        "coordinates": [
          114.1221,
          79.955821
        ],
        "type": "Point"
      },
      "properties": {
        "cipher": "Standard",
        "mode": "value_domain",
        "projection": "webmercator_hash_v1",
        "projection_method": "webmercator_hash_v1",
        "value": 1511
      },
      "type": "Feature"
    },
    {
      "geometry": {
        "coordinates": [
          -82.891559,
          -70.436211
        ],
        "type": "Point"
      },
      "properties": {
        "cipher": "Standard",
        "mode": "value_domain",
        "projection": "webmercator_hash_v1",
        "projection_method": "webmercator_hash_v1",
        "value": 1512
      },
      "type": "Feature"
    },
    {
      "geometry": {
        "coordinates": [
          105.942588,
          -7.399813
        ],
        "type": "Point"
      },
      "properties": {
        "cipher": "Standard",
        "mode": "value_domain",
        "projection": "webmercator_hash_v1",
        "projection_method": "webmercator_hash_v1",
        "value": 1513
      },
      "type": "Feature"
    },
    {
      "geometry": {
        "coordinates": [
          152.039601,
          29.924613
        ],
        "type": "Point"
      },
      "properties": {
        "cipher": "Standard",
        "mode": "value_domain",
        "projection": "webmercator_hash_v1",
        "projection_method": "webmercator_hash_v1",
        "value": 1514
      },
      "type": "Feature"
    },
    {
      "geometry": {
        "coordinates": [
          -12.742796,
          -28.773678
        ],
        "type": "Point"
      },
      "properties": {
        "cipher": "Standard",
        "mode": "value_domain",
        "projection": "webmercator_hash_v1",
        "projection_method": "webmercator_hash_v1",
        "value": 1515
      },
      "type": "Feature"
    },
    {
      "geometry": {
        "coordinates": [
          70.866989,
          -8.528655
        ],
        "type": "Point"
      },
      "properties": {
        "cipher": "Standard",
        "mode": "value_domain",
        "projection": "webmercator_hash_v1",
        "projection_method": "webmercator_hash_v1",
        "value": 1516
      },
      "type": "Feature"
    },
    {
      "geometry": {
        "coordinates": [
          -143.528864,
          -33.644364
        ],
        "type": "Point"
      },
      "properties": {
        "cipher": "Standard",
        "mode": "value_domain",
        "projection": "webmercator_hash_v1",
        "projection_method": "webmercator_hash_v1",
        "value": 1517
      },
      "type": "Feature"
    },
    {
      "geometry": {
        "coordinates": [
          -129.292513,
          -31.545699
        ],
        "type": "Point"
      },
      "properties": {
        "cipher": "Standard",
        "mode": "value_domain",
        "projection": "webmercator_hash_v1",
        "projection_method": "webmercator_hash_v1",
        "value": 1518
      },
      "type": "Feature"
    },
    {
      "geometry": {
        "coordinates": [
          58.13253,
          23.518281
        ],
        "type": "Point"
      },
      "properties": {
        "cipher": "Standard",
        "mode": "value_domain",
        "projection": "webmercator_hash_v1",
        "projection_method": "webmercator_hash_v1",
        "value": 1519
      },
      "type": "Feature"
    },
    {
      "geometry": {
        "coordinates": [
          -40.809539,
          -47.47275
        ],
        "type": "Point"
      },
      "properties": {
        "cipher": "Standard",
        "mode": "value_domain",
        "projection": "webmercator_hash_v1",
        "projection_method": "webmercator_hash_v1",
        "value": 1520
      },
      "type": "Feature"
    },
    {
      "geometry": {
        "coordinates": [
          -65.020021,
          -3.254823
        ],
        "type": "Point"
      },
      "properties": {
        "cipher": "Standard",
        "mode": "value_domain",
        "projection": "webmercator_hash_v1",
        "projection_method": "webmercator_hash_v1",
        "value": 1521
      },
      "type": "Feature"
    },
    {
      "geometry": {
        "coordinates": [
          -19.770954,
          -24.171713
        ],
        "type": "Point"
      },
      "properties": {
        "cipher": "Standard",
        "mode": "value_domain",
        "projection": "webmercator_hash_v1",
        "projection_method": "webmercator_hash_v1",
        "value": 1522
      },
      "type": "Feature"
    },
    {
      "geometry": {
        "coordinates": [
          -78.206179,
          -59.451094
        ],
        "type": "Point"
      },
      "properties": {
        "cipher": "Standard",
        "mode": "value_domain",
        "projection": "webmercator_hash_v1",
        "projection_method": "webmercator_hash_v1",
        "value": 1523
      },
      "type": "Feature"
    },
    {
      "geometry": {
        "coordinates": [
          119.097312,
          49.862933
        ],
        "type": "Point"
      },
      "properties": {
        "cipher": "Standard",
        "mode": "value_domain",
        "projection": "webmercator_hash_v1",
        "projection_method": "webmercator_hash_v1",
        "value": 1524
      },
      "type": "Feature"
    },
    {
      "geometry": {
        "coordinates": [
          8.527344,
          81.149409
        ],
        "type": "Point"
      },
      "properties": {
        "cipher": "Standard",
        "mode": "value_domain",
        "projection": "webmercator_hash_v1",
        "projection_method": "webmercator_hash_v1",
        "value": 1525
      },
      "type": "Feature"
    },
    {
      "geometry": {
        "coordinates": [
          57.247176,
          3.387685
        ],
        "type": "Point"
      },
      "properties": {
        "cipher": "Standard",
        "mode": "value_domain",
        "projection": "webmercator_hash_v1",
        "projection_method": "webmercator_hash_v1",
        "value": 1526
      },
      "type": "Feature"
    },
    {
      "geometry": {
        "coordinates": [
          143.899179,
          66.320419
        ],
        "type": "Point"
      },
      "properties": {
        "cipher": "Standard",
        "mode": "value_domain",
        "projection": "webmercator_hash_v1",
        "projection_method": "webmercator_hash_v1",
        "value": 1527
      },
      "type": "Feature"
    },
    {
      "geometry": {
        "coordinates": [
          12.999989,
          69.900602
        ],
        "type": "Point"
      },
      "properties": {
        "cipher": "Standard",
        "mode": "value_domain",
        "projection": "webmercator_hash_v1",
        "projection_method": "webmercator_hash_v1",
        "value": 1528
      },
      "type": "Feature"
    },
    {
      "geometry": {
        "coordinates": [
          173.633819,
          44.704309
        ],
        "type": "Point"
      },
      "properties": {
        "cipher": "Standard",
        "mode": "value_domain",
        "projection": "webmercator_hash_v1",
        "projection_method": "webmercator_hash_v1",
        "value": 1529
      },
      "type": "Feature"
    },
    {
      "geometry": {
        "coordinates": [
          139.042594,
          -26.439586
        ],
        "type": "Point"
      },
      "properties": {
        "cipher": "Standard",
        "mode": "value_domain",
        "projection": "webmercator_hash_v1",
        "projection_method": "webmercator_hash_v1",
        "value": 1530
      },
      "type": "Feature"
    },
    {
      "geometry": {
        "coordinates": [
          99.236413,
          26.780825
        ],
        "type": "Point"
      },
      "properties": {
        "cipher": "Standard",
        "mode": "value_domain",
        "projection": "webmercator_hash_v1",
        "projection_method": "webmercator_hash_v1",
        "value": 1531
      },
      "type": "Feature"
    },
    {
      "geometry": {
        "coordinates": [
          -13.975638,
          -81.128334
        ],
        "type": "Point"
      },
      "properties": {
        "cipher": "Standard",
        "mode": "value_domain",
        "projection": "webmercator_hash_v1",
        "projection_method": "webmercator_hash_v1",
        "value": 1532
      },
      "type": "Feature"
    },
    {
      "geometry": {
        "coordinates": [
          142.605067,
          -46.599963
        ],
        "type": "Point"
      },
      "properties": {
        "cipher": "Standard",
        "mode": "value_domain",
        "projection": "webmercator_hash_v1",
        "projection_method": "webmercator_hash_v1",
        "value": 1533
      },
      "type": "Feature"
    },
    {
      "geometry": {
        "coordinates": [
          152.824302,
          -80.691759
        ],
        "type": "Point"
      },
      "properties": {
        "cipher": "Standard",
        "mode": "value_domain",
        "projection": "webmercator_hash_v1",
        "projection_method": "webmercator_hash_v1",
        "value": 1534
      },
      "type": "Feature"
    },
    {
      "geometry": {
        "coordinates": [
          124.85057,
          -48.595705
        ],
        "type": "Point"
      },
      "properties": {
        "cipher": "Standard",
        "mode": "value_domain",
        "projection": "webmercator_hash_v1",
        "projection_method": "webmercator_hash_v1",
        "value": 1535
      },
      "type": "Feature"
    },
    {
      "geometry": {
        "coordinates": [
          44.244764,
          58.591668
        ],
        "type": "Point"
      },
      "properties": {
        "cipher": "Standard",
        "mode": "value_domain",
        "projection": "webmercator_hash_v1",
        "projection_method": "webmercator_hash_v1",
        "value": 1536
      },
      "type": "Feature"
    },
    {
      "geometry": {
        "coordinates": [
          65.801338,
          -10.385199
        ],
        "type": "Point"
      },
      "properties": {
        "cipher": "Standard",
        "mode": "value_domain",
        "projection": "webmercator_hash_v1",
        "projection_method": "webmercator_hash_v1",
        "value": 1537
      },
      "type": "Feature"
    },
    {
      "geometry": {
        "coordinates": [
          64.033679,
          -32.489443
        ],
        "type": "Point"
      },
      "properties": {
        "cipher": "Standard",
        "mode": "value_domain",
        "projection": "webmercator_hash_v1",
        "projection_method": "webmercator_hash_v1",
        "value": 1538
      },
      "type": "Feature"
    },
    {
      "geometry": {
        "coordinates": [
          -113.730963,
          26.21095
        ],
        "type": "Point"
      },
      "properties": {
        "cipher": "Standard",
        "mode": "value_domain",
        "projection": "webmercator_hash_v1",
        "projection_method": "webmercator_hash_v1",
        "value": 1539
      },
      "type": "Feature"
    },
    {
      "geometry": {
        "coordinates": [
          23.566547,
          -71.046421
        ],
        "type": "Point"
      },
      "properties": {
        "cipher": "Standard",
        "mode": "value_domain",
        "projection": "webmercator_hash_v1",
        "projection_method": "webmercator_hash_v1",
        "value": 1540
      },
      "type": "Feature"
    },
    {
      "geometry": {
        "coordinates": [
          177.552719,
          37.302144
        ],
        "type": "Point"
      },
      "properties": {
        "cipher": "Standard",
        "mode": "value_domain",
        "projection": "webmercator_hash_v1",
        "projection_method": "webmercator_hash_v1",
        "value": 1541
      },
      "type": "Feature"
    },
    {
      "geometry": {
        "coordinates": [
          71.525171,
          -71.734867
        ],
        "type": "Point"
      },
      "properties": {
        "cipher": "Standard",
        "mode": "value_domain",
        "projection": "webmercator_hash_v1",
        "projection_method": "webmercator_hash_v1",
        "value": 1542
      },
      "type": "Feature"
    },
    {
      "geometry": {
        "coordinates": [
          -63.735621,
          2.73449
        ],
        "type": "Point"
      },
      "properties": {
        "cipher": "Standard",
        "mode": "value_domain",
        "projection": "webmercator_hash_v1",
        "projection_method": "webmercator_hash_v1",
        "value": 1543
      },
      "type": "Feature"
    },
    {
      "geometry": {
        "coordinates": [
          2.975002,
          -41.404876
        ],
        "type": "Point"
      },
      "properties": {
        "cipher": "Standard",
        "mode": "value_domain",
        "projection": "webmercator_hash_v1",
        "projection_method": "webmercator_hash_v1",
        "value": 1544
      },
      "type": "Feature"
    },
    {
      "geometry": {
        "coordinates": [
          62.627179,
          6.611854
        ],
        "type": "Point"
      },
      "properties": {
        "cipher": "Standard",
        "mode": "value_domain",
        "projection": "webmercator_hash_v1",
        "projection_method": "webmercator_hash_v1",
        "value": 1545
      },
      "type": "Feature"
    },
    {
      "geometry": {
        "coordinates": [
          132.215533,
          -42.31574
        ],
        "type": "Point"
      },
      "properties": {
        "cipher": "Standard",
        "mode": "value_domain",
        "projection": "webmercator_hash_v1",
        "projection_method": "webmercator_hash_v1",
        "value": 1546
      },
      "type": "Feature"
    },
    {
      "geometry": {
        "coordinates": [
          174.295352,
          -40.105874
        ],
        "type": "Point"
      },
      "properties": {
        "cipher": "Standard",
        "mode": "value_domain",
        "projection": "webmercator_hash_v1",
        "projection_method": "webmercator_hash_v1",
        "value": 1547
      },
      "type": "Feature"
    },
    {
      "geometry": {
        "coordinates": [
          -76.154178,
          79.924804
        ],
        "type": "Point"
      },
      "properties": {
        "cipher": "Standard",
        "mode": "value_domain",
        "projection": "webmercator_hash_v1",
        "projection_method": "webmercator_hash_v1",
        "value": 1548
      },
      "type": "Feature"
    },
    {
      "geometry": {
        "coordinates": [
          19.124566,
          22.256718
        ],
        "type": "Point"
      },
      "properties": {
        "cipher": "Standard",
        "mode": "value_domain",
        "projection": "webmercator_hash_v1",
        "projection_method": "webmercator_hash_v1",
        "value": 1549
      },
      "type": "Feature"
    },
    {
      "geometry": {
        "coordinates": [
          68.921449,
          63.035983
        ],
        "type": "Point"
      },
      "properties": {
        "cipher": "Standard",
        "mode": "value_domain",
        "projection": "webmercator_hash_v1",
        "projection_method": "webmercator_hash_v1",
        "value": 1550
      },
      "type": "Feature"
    },
    {
      "geometry": {
        "coordinates": [
          -168.194597,
          13.656644
        ],
        "type": "Point"
      },
      "properties": {
        "cipher": "Standard",
        "mode": "value_domain",
        "projection": "webmercator_hash_v1",
        "projection_method": "webmercator_hash_v1",
        "value": 1551
      },
      "type": "Feature"
    },
    {
      "geometry": {
        "coordinates": [
          -154.541777,
          82.228333
        ],
        "type": "Point"
      },
      "properties": {
        "cipher": "Standard",
        "mode": "value_domain",
        "projection": "webmercator_hash_v1",
        "projection_method": "webmercator_hash_v1",
        "value": 1552
      },
      "type": "Feature"
    },
    {
      "geometry": {
        "coordinates": [
          161.263228,
          78.961124
        ],
        "type": "Point"
      },
      "properties": {
        "cipher": "Standard",
        "mode": "value_domain",
        "projection": "webmercator_hash_v1",
        "projection_method": "webmercator_hash_v1",
        "value": 1553
      },
      "type": "Feature"
    },
    {
      "geometry": {
        "coordinates": [
          63.240158,
          43.498851
        ],
        "type": "Point"
      },
      "properties": {
        "cipher": "Standard",
        "mode": "value_domain",
        "projection": "webmercator_hash_v1",
        "projection_method": "webmercator_hash_v1",
        "value": 1554
      },
      "type": "Feature"
    },
    {
      "geometry": {
        "coordinates": [
          -149.282966,
          -13.132106
        ],
        "type": "Point"
      },
      "properties": {
        "cipher": "Standard",
        "mode": "value_domain",
        "projection": "webmercator_hash_v1",
        "projection_method": "webmercator_hash_v1",
        "value": 1555
      },
      "type": "Feature"
    },
    {
      "geometry": {
        "coordinates": [
          39.708808,
          -36.320449
        ],
        "type": "Point"
      },
      "properties": {
        "cipher": "Standard",
        "mode": "value_domain",
        "projection": "webmercator_hash_v1",
        "projection_method": "webmercator_hash_v1",
        "value": 1556
      },
      "type": "Feature"
    },
    {
      "geometry": {
        "coordinates": [
          113.948116,
          -79.33304
        ],
        "type": "Point"
      },
      "properties": {
        "cipher": "Standard",
        "mode": "value_domain",
        "projection": "webmercator_hash_v1",
        "projection_method": "webmercator_hash_v1",
        "value": 1557
      },
      "type": "Feature"
    },
    {
      "geometry": {
        "coordinates": [
          69.362394,
          -28.836022
        ],
        "type": "Point"
      },
      "properties": {
        "cipher": "Standard",
        "mode": "value_domain",
        "projection": "webmercator_hash_v1",
        "projection_method": "webmercator_hash_v1",
        "value": 1558
      },
      "type": "Feature"
    },
    {
      "geometry": {
        "coordinates": [
          72.342661,
          -33.383747
        ],
        "type": "Point"
      },
      "properties": {
        "cipher": "Standard",
        "mode": "value_domain",
        "projection": "webmercator_hash_v1",
        "projection_method": "webmercator_hash_v1",
        "value": 1559
      },
      "type": "Feature"
    },
    {
      "geometry": {
        "coordinates": [
          -154.469156,
          81.154481
        ],
        "type": "Point"
      },
      "properties": {
        "cipher": "Standard",
        "mode": "value_domain",
        "projection": "webmercator_hash_v1",
        "projection_method": "webmercator_hash_v1",
        "value": 1560
      },
      "type": "Feature"
    },
    {
      "geometry": {
        "coordinates": [
          100.318359,
          -51.916788
        ],
        "type": "Point"
      },
      "properties": {
        "cipher": "Standard",
        "mode": "value_domain",
        "projection": "webmercator_hash_v1",
        "projection_method": "webmercator_hash_v1",
        "value": 1561
      },
      "type": "Feature"
    },
    {
      "geometry": {
        "coordinates": [
          -24.505403,
          -65.022093
        ],
        "type": "Point"
      },
      "properties": {
        "cipher": "Standard",
        "mode": "value_domain",
        "projection": "webmercator_hash_v1",
        "projection_method": "webmercator_hash_v1",
        "value": 1562
      },
      "type": "Feature"
    },
    {
      "geometry": {
        "coordinates": [
          9.171442,
          84.67343
        ],
        "type": "Point"
      },
      "properties": {
        "cipher": "Standard",
        "mode": "value_domain",
        "projection": "webmercator_hash_v1",
        "projection_method": "webmercator_hash_v1",
        "value": 1563
      },
      "type": "Feature"
    },
    {
      "geometry": {
        "coordinates": [
          -120.852742,
          65.465718
        ],
        "type": "Point"
      },
      "properties": {
        "cipher": "Standard",
        "mode": "value_domain",
        "projection": "webmercator_hash_v1",
        "projection_method": "webmercator_hash_v1",
        "value": 1564
      },
      "type": "Feature"
    },
    {
      "geometry": {
        "coordinates": [
          118.603609,
          68.966532
        ],
        "type": "Point"
      },
      "properties": {
        "cipher": "Standard",
        "mode": "value_domain",
        "projection": "webmercator_hash_v1",
        "projection_method": "webmercator_hash_v1",
        "value": 1565
      },
      "type": "Feature"
    },
    {
      "geometry": {
        "coordinates": [
          137.993912,
          66.742975
        ],
        "type": "Point"
      },
      "properties": {
        "cipher": "Standard",
        "mode": "value_domain",
        "projection": "webmercator_hash_v1",
        "projection_method": "webmercator_hash_v1",
        "value": 1566
      },
      "type": "Feature"
    },
    {
      "geometry": {
        "coordinates": [
          101.869027,
          30.618896
        ],
        "type": "Point"
      },
      "properties": {
        "cipher": "Standard",
        "mode": "value_domain",
        "projection": "webmercator_hash_v1",
        "projection_method": "webmercator_hash_v1",
        "value": 1567
      },
      "type": "Feature"
    },
    {
      "geometry": {
        "coordinates": [
          -156.654699,
          46.137396
        ],
        "type": "Point"
      },
      "properties": {
        "cipher": "Standard",
        "mode": "value_domain",
        "projection": "webmercator_hash_v1",
        "projection_method": "webmercator_hash_v1",
        "value": 1568
      },
      "type": "Feature"
    },
    {
      "geometry": {
        "coordinates": [
          -105.147629,
          61.888884
        ],
        "type": "Point"
      },
      "properties": {
        "cipher": "Standard",
        "mode": "value_domain",
        "projection": "webmercator_hash_v1",
        "projection_method": "webmercator_hash_v1",
        "value": 1569
      },
      "type": "Feature"
    },
    {
      "geometry": {
        "coordinates": [
          38.834702,
          -69.448254
        ],
        "type": "Point"
      },
      "properties": {
        "cipher": "Standard",
        "mode": "value_domain",
        "projection": "webmercator_hash_v1",
        "projection_method": "webmercator_hash_v1",
        "value": 1570
      },
      "type": "Feature"
    },
    {
      "geometry": {
        "coordinates": [
          -52.773472,
          25.687324
        ],
        "type": "Point"
      },
      "properties": {
        "cipher": "Standard",
        "mode": "value_domain",
        "projection": "webmercator_hash_v1",
        "projection_method": "webmercator_hash_v1",
        "value": 1571
      },
      "type": "Feature"
    },
    {
      "geometry": {
        "coordinates": [
          -78.025396,
          -13.240714
        ],
        "type": "Point"
      },
      "properties": {
        "cipher": "Standard",
        "mode": "value_domain",
        "projection": "webmercator_hash_v1",
        "projection_method": "webmercator_hash_v1",
        "value": 1572
      },
      "type": "Feature"
    },
    {
      "geometry": {
        "coordinates": [
          -144.692101,
          -61.712635
        ],
        "type": "Point"
      },
      "properties": {
        "cipher": "Standard",
        "mode": "value_domain",
        "projection": "webmercator_hash_v1",
        "projection_method": "webmercator_hash_v1",
        "value": 1573
      },
      "type": "Feature"
    },
    {
      "geometry": {
        "coordinates": [
          -43.286389,
          -5.236244
        ],
        "type": "Point"
      },
      "properties": {
        "cipher": "Standard",
        "mode": "value_domain",
        "projection": "webmercator_hash_v1",
        "projection_method": "webmercator_hash_v1",
        "value": 1574
      },
      "type": "Feature"
    },
    {
      "geometry": {
        "coordinates": [
          50.514196,
          -61.71604
        ],
        "type": "Point"
      },
      "properties": {
        "cipher": "Standard",
        "mode": "value_domain",
        "projection": "webmercator_hash_v1",
        "projection_method": "webmercator_hash_v1",
        "value": 1575
      },
      "type": "Feature"
    },
    {
      "geometry": {
        "coordinates": [
          139.846151,
          -41.037785
        ],
        "type": "Point"
      },
      "properties": {
        "cipher": "Standard",
        "mode": "value_domain",
        "projection": "webmercator_hash_v1",
        "projection_method": "webmercator_hash_v1",
        "value": 1576
      },
      "type": "Feature"
    },
    {
      "geometry": {
        "coordinates": [
          -50.058345,
          76.376393
        ],
        "type": "Point"
      },
      "properties": {
        "cipher": "Standard",
        "mode": "value_domain",
        "projection": "webmercator_hash_v1",
        "projection_method": "webmercator_hash_v1",
        "value": 1577
      },
      "type": "Feature"
    },
    {
      "geometry": {
        "coordinates": [
          85.165543,
          -29.179117
        ],
        "type": "Point"
      },
      "properties": {
        "cipher": "Standard",
        "mode": "value_domain",
        "projection": "webmercator_hash_v1",
        "projection_method": "webmercator_hash_v1",
        "value": 1578
      },
      "type": "Feature"
    },
    {
      "geometry": {
        "coordinates": [
          -6.609057,
          9.440189
        ],
        "type": "Point"
      },
      "properties": {
        "cipher": "Standard",
        "mode": "value_domain",
        "projection": "webmercator_hash_v1",
        "projection_method": "webmercator_hash_v1",
        "value": 1579
      },
      "type": "Feature"
    },
    {
      "geometry": {
        "coordinates": [
          -146.216997,
          64.614952
        ],
        "type": "Point"
      },
      "properties": {
        "cipher": "Standard",
        "mode": "value_domain",
        "projection": "webmercator_hash_v1",
        "projection_method": "webmercator_hash_v1",
        "value": 1580
      },
      "type": "Feature"
    },
    {
      "geometry": {
        "coordinates": [
          -59.791886,
          83.516396
        ],
        "type": "Point"
      },
      "properties": {
        "cipher": "Standard",
        "mode": "value_domain",
        "projection": "webmercator_hash_v1",
        "projection_method": "webmercator_hash_v1",
        "value": 1581
      },
      "type": "Feature"
    },
    {
      "geometry": {
        "coordinates": [
          -82.320238,
          -59.298911
        ],
        "type": "Point"
      },
      "properties": {
        "cipher": "Standard",
        "mode": "value_domain",
        "projection": "webmercator_hash_v1",
        "projection_method": "webmercator_hash_v1",
        "value": 1582
      },
      "type": "Feature"
    },
    {
      "geometry": {
        "coordinates": [
          -80.904509,
          50.620789
        ],
        "type": "Point"
      },
      "properties": {
        "cipher": "Standard",
        "mode": "value_domain",
        "projection": "webmercator_hash_v1",
        "projection_method": "webmercator_hash_v1",
        "value": 1583
      },
      "type": "Feature"
    },
    {
      "geometry": {
        "coordinates": [
          31.27119,
          12.287482
        ],
        "type": "Point"
      },
      "properties": {
        "cipher": "Standard",
        "mode": "value_domain",
        "projection": "webmercator_hash_v1",
        "projection_method": "webmercator_hash_v1",
        "value": 1584
      },
      "type": "Feature"
    },
    {
      "geometry": {
        "coordinates": [
          12.901076,
          31.519724
        ],
        "type": "Point"
      },
      "properties": {
        "cipher": "Standard",
        "mode": "value_domain",
        "projection": "webmercator_hash_v1",
        "projection_method": "webmercator_hash_v1",
        "value": 1585
      },
      "type": "Feature"
    },
    {
      "geometry": {
        "coordinates": [
          2.088326,
          -83.084149
        ],
        "type": "Point"
      },
      "properties": {
        "cipher": "Standard",
        "mode": "value_domain",
        "projection": "webmercator_hash_v1",
        "projection_method": "webmercator_hash_v1",
        "value": 1586
      },
      "type": "Feature"
    },
    {
      "geometry": {
        "coordinates": [
          121.168843,
          -82.301523
        ],
        "type": "Point"
      },
      "properties": {
        "cipher": "Standard",
        "mode": "value_domain",
        "projection": "webmercator_hash_v1",
        "projection_method": "webmercator_hash_v1",
        "value": 1587
      },
      "type": "Feature"
    },
    {
      "geometry": {
        "coordinates": [
          39.108177,
          44.282101
        ],
        "type": "Point"
      },
      "properties": {
        "cipher": "Standard",
        "mode": "value_domain",
        "projection": "webmercator_hash_v1",
        "projection_method": "webmercator_hash_v1",
        "value": 1588
      },
      "type": "Feature"
    },
    {
      "geometry": {
        "coordinates": [
          62.286045,
          81.116023
        ],
        "type": "Point"
      },
      "properties": {
        "cipher": "Standard",
        "mode": "value_domain",
        "projection": "webmercator_hash_v1",
        "projection_method": "webmercator_hash_v1",
        "value": 1589
      },
      "type": "Feature"
    },
    {
      "geometry": {
        "coordinates": [
          132.312148,
          18.823354
        ],
        "type": "Point"
      },
      "properties": {
        "cipher": "Standard",
        "mode": "value_domain",
        "projection": "webmercator_hash_v1",
        "projection_method": "webmercator_hash_v1",
        "value": 1590
      },
      "type": "Feature"
    },
    {
      "geometry": {
        "coordinates": [
          -36.490972,
          -40.613408
        ],
        "type": "Point"
      },
      "properties": {
        "cipher": "Standard",
        "mode": "value_domain",
        "projection": "webmercator_hash_v1",
        "projection_method": "webmercator_hash_v1",
        "value": 1591
      },
      "type": "Feature"
    },
    {
      "geometry": {
        "coordinates": [
          60.208306,
          -60.963137
        ],
        "type": "Point"
      },
      "properties": {
        "cipher": "Standard",
        "mode": "value_domain",
        "projection": "webmercator_hash_v1",
        "projection_method": "webmercator_hash_v1",
        "value": 1592
      },
      "type": "Feature"
    },
    {
      "geometry": {
        "coordinates": [
          68.680558,
          -61.626115
        ],
        "type": "Point"
      },
      "properties": {
        "cipher": "Standard",
        "mode": "value_domain",
        "projection": "webmercator_hash_v1",
        "projection_method": "webmercator_hash_v1",
        "value": 1593
      },
      "type": "Feature"
    },
    {
      "geometry": {
        "coordinates": [
          5.357649,
          -34.34329
        ],
        "type": "Point"
      },
      "properties": {
        "cipher": "Standard",
        "mode": "value_domain",
        "projection": "webmercator_hash_v1",
        "projection_method": "webmercator_hash_v1",
        "value": 1594
      },
      "type": "Feature"
    },
    {
      "geometry": {
        "coordinates": [
          7.469434,
          -22.096662
        ],
        "type": "Point"
      },
      "properties": {
        "cipher": "Standard",
        "mode": "value_domain",
        "projection": "webmercator_hash_v1",
        "projection_method": "webmercator_hash_v1",
        "value": 1595
      },
      "type": "Feature"
    },
    {
      "geometry": {
        "coordinates": [
          156.722618,
          33.13628
        ],
        "type": "Point"
      },
      "properties": {
        "cipher": "Standard",
        "mode": "value_domain",
        "projection": "webmercator_hash_v1",
        "projection_method": "webmercator_hash_v1",
        "value": 1596
      },
      "type": "Feature"
    },
    {
      "geometry": {
        "coordinates": [
          113.536866,
          -71.151858
        ],
        "type": "Point"
      },
      "properties": {
        "cipher": "Standard",
        "mode": "value_domain",
        "projection": "webmercator_hash_v1",
        "projection_method": "webmercator_hash_v1",
        "value": 1597
      },
      "type": "Feature"
    },
    {
      "geometry": {
        "coordinates": [
          -80.241041,
          9.213191
        ],
        "type": "Point"
      },
      "properties": {
        "cipher": "Standard",
        "mode": "value_domain",
        "projection": "webmercator_hash_v1",
        "projection_method": "webmercator_hash_v1",
        "value": 1598
      },
      "type": "Feature"
    },
    {
      "geometry": {
        "coordinates": [
          -95.251252,
          -84.031377
        ],
        "type": "Point"
      },
      "properties": {
        "cipher": "Standard",
        "mode": "value_domain",
        "projection": "webmercator_hash_v1",
        "projection_method": "webmercator_hash_v1",
        "value": 1599
      },
      "type": "Feature"
    },
    {
      "geometry": {
        "coordinates": [
          109.698388,
          72.033348
        ],
        "type": "Point"
      },
      "properties": {
        "cipher": "Standard",
        "mode": "value_domain",
        "projection": "webmercator_hash_v1",
        "projection_method": "webmercator_hash_v1",
        "value": 1600
      },
      "type": "Feature"
    },
    {
      "geometry": {
        "coordinates": [
          3.64473,
          -27.67626
        ],
        "type": "Point"
      },
      "properties": {
        "cipher": "Standard",
        "mode": "value_domain",
        "projection": "webmercator_hash_v1",
        "projection_method": "webmercator_hash_v1",
        "value": 1601
      },
      "type": "Feature"
    },
    {
      "geometry": {
        "coordinates": [
          11.62443,
          -10.237286
        ],
        "type": "Point"
      },
      "properties": {
        "cipher": "Standard",
        "mode": "value_domain",
        "projection": "webmercator_hash_v1",
        "projection_method": "webmercator_hash_v1",
        "value": 1602
      },
      "type": "Feature"
    },
    {
      "geometry": {
        "coordinates": [
          -163.262049,
          27.561789
        ],
        "type": "Point"
      },
      "properties": {
        "cipher": "Standard",
        "mode": "value_domain",
        "projection": "webmercator_hash_v1",
        "projection_method": "webmercator_hash_v1",
        "value": 1603
      },
      "type": "Feature"
    },
    {
      "geometry": {
        "coordinates": [
          45.501161,
          11.621299
        ],
        "type": "Point"
      },
      "properties": {
        "cipher": "Standard",
        "mode": "value_domain",
        "projection": "webmercator_hash_v1",
        "projection_method": "webmercator_hash_v1",
        "value": 1604
      },
      "type": "Feature"
    },
    {
      "geometry": {
        "coordinates": [
          48.639338,
          -40.077075
        ],
        "type": "Point"
      },
      "properties": {
        "cipher": "Standard",
        "mode": "value_domain",
        "projection": "webmercator_hash_v1",
        "projection_method": "webmercator_hash_v1",
        "value": 1605
      },
      "type": "Feature"
    },
    {
      "geometry": {
        "coordinates": [
          105.829527,
          -54.744172
        ],
        "type": "Point"
      },
      "properties": {
        "cipher": "Standard",
        "mode": "value_domain",
        "projection": "webmercator_hash_v1",
        "projection_method": "webmercator_hash_v1",
        "value": 1606
      },
      "type": "Feature"
    },
    {
      "geometry": {
        "coordinates": [
          -3.224559,
          64.002834
        ],
        "type": "Point"
      },
      "properties": {
        "cipher": "Standard",
        "mode": "value_domain",
        "projection": "webmercator_hash_v1",
        "projection_method": "webmercator_hash_v1",
        "value": 1607
      },
      "type": "Feature"
    },
    {
      "geometry": {
        "coordinates": [
          135.870416,
          36.370427
        ],
        "type": "Point"
      },
      "properties": {
        "cipher": "Standard",
        "mode": "value_domain",
        "projection": "webmercator_hash_v1",
        "projection_method": "webmercator_hash_v1",
        "value": 1608
      },
      "type": "Feature"
    },
    {
      "geometry": {
        "coordinates": [
          72.585217,
          75.614086
        ],
        "type": "Point"
      },
      "properties": {
        "cipher": "Standard",
        "mode": "value_domain",
        "projection": "webmercator_hash_v1",
        "projection_method": "webmercator_hash_v1",
        "value": 1609
      },
      "type": "Feature"
    },
    {
      "geometry": {
        "coordinates": [
          13.007747,
          46.73453
        ],
        "type": "Point"
      },
      "properties": {
        "cipher": "Standard",
        "mode": "value_domain",
        "projection": "webmercator_hash_v1",
        "projection_method": "webmercator_hash_v1",
        "value": 1610
      },
      "type": "Feature"
    },
    {
      "geometry": {
        "coordinates": [
          142.822767,
          -69.429209
        ],
        "type": "Point"
      },
      "properties": {
        "cipher": "Standard",
        "mode": "value_domain",
        "projection": "webmercator_hash_v1",
        "projection_method": "webmercator_hash_v1",
        "value": 1611
      },
      "type": "Feature"
    },
    {
      "geometry": {
        "coordinates": [
          -88.794917,
          59.46621
        ],
        "type": "Point"
      },
      "properties": {
        "cipher": "Standard",
        "mode": "value_domain",
        "projection": "webmercator_hash_v1",
        "projection_method": "webmercator_hash_v1",
        "value": 1612
      },
      "type": "Feature"
    },
    {
      "geometry": {
        "coordinates": [
          -143.578085,
          46.573704
        ],
        "type": "Point"
      },
      "properties": {
        "cipher": "Standard",
        "mode": "value_domain",
        "projection": "webmercator_hash_v1",
        "projection_method": "webmercator_hash_v1",
        "value": 1613
      },
      "type": "Feature"
    },
    {
      "geometry": {
        "coordinates": [
          9.439296,
          -11.852647
        ],
        "type": "Point"
      },
      "properties": {
        "cipher": "Standard",
        "mode": "value_domain",
        "projection": "webmercator_hash_v1",
        "projection_method": "webmercator_hash_v1",
        "value": 1614
      },
      "type": "Feature"
    },
    {
      "geometry": {
        "coordinates": [
          6.209935,
          -30.308234
        ],
        "type": "Point"
      },
      "properties": {
        "cipher": "Standard",
        "mode": "value_domain",
        "projection": "webmercator_hash_v1",
        "projection_method": "webmercator_hash_v1",
        "value": 1615
      },
      "type": "Feature"
    },
    {
      "geometry": {
        "coordinates": [
          73.724873,
          -43.356682
        ],
        "type": "Point"
      },
      "properties": {
        "cipher": "Standard",
        "mode": "value_domain",
        "projection": "webmercator_hash_v1",
        "projection_method": "webmercator_hash_v1",
        "value": 1616
      },
      "type": "Feature"
    },
    {
      "geometry": {
        "coordinates": [
          -1.064237,
          -63.822239
        ],
        "type": "Point"
      },
      "properties": {
        "cipher": "Standard",
        "mode": "value_domain",
        "projection": "webmercator_hash_v1",
        "projection_method": "webmercator_hash_v1",
        "value": 1617
      },
      "type": "Feature"
    },
    {
      "geometry": {
        "coordinates": [
          -115.97801,
          60.702651
        ],
        "type": "Point"
      },
      "properties": {
        "cipher": "Standard",
        "mode": "value_domain",
        "projection": "webmercator_hash_v1",
        "projection_method": "webmercator_hash_v1",
        "value": 1618
      },
      "type": "Feature"
    },
    {
      "geometry": {
        "coordinates": [
          21.768579,
          -34.278439
        ],
        "type": "Point"
      },
      "properties": {
        "cipher": "Standard",
        "mode": "value_domain",
        "projection": "webmercator_hash_v1",
        "projection_method": "webmercator_hash_v1",
        "value": 1619
      },
      "type": "Feature"
    },
    {
      "geometry": {
        "coordinates": [
          -52.801082,
          -22.954629
        ],
        "type": "Point"
      },
      "properties": {
        "cipher": "Standard",
        "mode": "value_domain",
        "projection": "webmercator_hash_v1",
        "projection_method": "webmercator_hash_v1",
        "value": 1620
      },
      "type": "Feature"
    },
    {
      "geometry": {
        "coordinates": [
          161.402251,
          17.615926
        ],
        "type": "Point"
      },
      "properties": {
        "cipher": "Standard",
        "mode": "value_domain",
        "projection": "webmercator_hash_v1",
        "projection_method": "webmercator_hash_v1",
        "value": 1621
      },
      "type": "Feature"
    },
    {
      "geometry": {
        "coordinates": [
          -101.48138,
          19.225016
        ],
        "type": "Point"
      },
      "properties": {
        "cipher": "Standard",
        "mode": "value_domain",
        "projection": "webmercator_hash_v1",
        "projection_method": "webmercator_hash_v1",
        "value": 1622
      },
      "type": "Feature"
    },
    {
      "geometry": {
        "coordinates": [
          -77.47916,
          -59.519894
        ],
        "type": "Point"
      },
      "properties": {
        "cipher": "Standard",
        "mode": "value_domain",
        "projection": "webmercator_hash_v1",
        "projection_method": "webmercator_hash_v1",
        "value": 1623
      },
      "type": "Feature"
    },
    {
      "geometry": {
        "coordinates": [
          -75.280179,
          -70.86106
        ],
        "type": "Point"
      },
      "properties": {
        "cipher": "Standard",
        "mode": "value_domain",
        "projection": "webmercator_hash_v1",
        "projection_method": "webmercator_hash_v1",
        "value": 1624
      },
      "type": "Feature"
    },
    {
      "geometry": {
        "coordinates": [
          157.294505,
          -78.82713
        ],
        "type": "Point"
      },
      "properties": {
        "cipher": "Standard",
        "mode": "value_domain",
        "projection": "webmercator_hash_v1",
        "projection_method": "webmercator_hash_v1",
        "value": 1625
      },
      "type": "Feature"
    },
    {
      "geometry": {
        "coordinates": [
          14.3757,
          5.784566
        ],
        "type": "Point"
      },
      "properties": {
        "cipher": "Standard",
        "mode": "value_domain",
        "projection": "webmercator_hash_v1",
        "projection_method": "webmercator_hash_v1",
        "value": 1626
      },
      "type": "Feature"
    },
    {
      "geometry": {
        "coordinates": [
          22.986512,
          -35.986247
        ],
        "type": "Point"
      },
      "properties": {
        "cipher": "Standard",
        "mode": "value_domain",
        "projection": "webmercator_hash_v1",
        "projection_method": "webmercator_hash_v1",
        "value": 1627
      },
      "type": "Feature"
    },
    {
      "geometry": {
        "coordinates": [
          98.419151,
          68.726095
        ],
        "type": "Point"
      },
      "properties": {
        "cipher": "Standard",
        "mode": "value_domain",
        "projection": "webmercator_hash_v1",
        "projection_method": "webmercator_hash_v1",
        "value": 1628
      },
      "type": "Feature"
    },
    {
      "geometry": {
        "coordinates": [
          -163.223098,
          -8.759133
        ],
        "type": "Point"
      },
      "properties": {
        "cipher": "Standard",
        "mode": "value_domain",
        "projection": "webmercator_hash_v1",
        "projection_method": "webmercator_hash_v1",
        "value": 1629
      },
      "type": "Feature"
    },
    {
      "geometry": {
        "coordinates": [
          1.025,
          38.809058
        ],
        "type": "Point"
      },
      "properties": {
        "cipher": "Standard",
        "mode": "value_domain",
        "projection": "webmercator_hash_v1",
        "projection_method": "webmercator_hash_v1",
        "value": 1630
      },
      "type": "Feature"
    },
    {
      "geometry": {
        "coordinates": [
          39.98334,
          22.594915
        ],
        "type": "Point"
      },
      "properties": {
        "cipher": "Standard",
        "mode": "value_domain",
        "projection": "webmercator_hash_v1",
        "projection_method": "webmercator_hash_v1",
        "value": 1631
      },
      "type": "Feature"
    },
    {
      "geometry": {
        "coordinates": [
          82.251657,
          56.152835
        ],
        "type": "Point"
      },
      "properties": {
        "cipher": "Standard",
        "mode": "value_domain",
        "projection": "webmercator_hash_v1",
        "projection_method": "webmercator_hash_v1",
        "value": 1632
      },
      "type": "Feature"
    },
    {
      "geometry": {
        "coordinates": [
          -60.786977,
          66.732954
        ],
        "type": "Point"
      },
      "properties": {
        "cipher": "Standard",
        "mode": "value_domain",
        "projection": "webmercator_hash_v1",
        "projection_method": "webmercator_hash_v1",
        "value": 1633
      },
      "type": "Feature"
    },
    {
      "geometry": {
        "coordinates": [
          130.877431,
          -46.813007
        ],
        "type": "Point"
      },
      "properties": {
        "cipher": "Standard",
        "mode": "value_domain",
        "projection": "webmercator_hash_v1",
        "projection_method": "webmercator_hash_v1",
        "value": 1634
      },
      "type": "Feature"
    },
    {
      "geometry": {
        "coordinates": [
          69.155584,
          9.705935
        ],
        "type": "Point"
      },
      "properties": {
        "cipher": "Standard",
        "mode": "value_domain",
        "projection": "webmercator_hash_v1",
        "projection_method": "webmercator_hash_v1",
        "value": 1635
      },
      "type": "Feature"
    },
    {
      "geometry": {
        "coordinates": [
          -172.939583,
          67.968228
        ],
        "type": "Point"
      },
      "properties": {
        "cipher": "Standard",
        "mode": "value_domain",
        "projection": "webmercator_hash_v1",
        "projection_method": "webmercator_hash_v1",
        "value": 1636
      },
      "type": "Feature"
    },
    {
      "geometry": {
        "coordinates": [
          -43.582207,
          30.317692
        ],
        "type": "Point"
      },
      "properties": {
        "cipher": "Standard",
        "mode": "value_domain",
        "projection": "webmercator_hash_v1",
        "projection_method": "webmercator_hash_v1",
        "value": 1637
      },
      "type": "Feature"
    },
    {
      "geometry": {
        "coordinates": [
          -25.218042,
          34.760256
        ],
        "type": "Point"
      },
      "properties": {
        "cipher": "Standard",
        "mode": "value_domain",
        "projection": "webmercator_hash_v1",
        "projection_method": "webmercator_hash_v1",
        "value": 1638
      },
      "type": "Feature"
    },
    {
      "geometry": {
        "coordinates": [
          56.380807,
          39.270746
        ],
        "type": "Point"
      },
      "properties": {
        "cipher": "Standard",
        "mode": "value_domain",
        "projection": "webmercator_hash_v1",
        "projection_method": "webmercator_hash_v1",
        "value": 1639
      },
      "type": "Feature"
    },
    {
      "geometry": {
        "coordinates": [
          -152.155536,
          -68.740864
        ],
        "type": "Point"
      },
      "properties": {
        "cipher": "Standard",
        "mode": "value_domain",
        "projection": "webmercator_hash_v1",
        "projection_method": "webmercator_hash_v1",
        "value": 1640
      },
      "type": "Feature"
    },
    {
      "geometry": {
        "coordinates": [
          -151.603253,
          12.474545
        ],
        "type": "Point"
      },
      "properties": {
        "cipher": "Standard",
        "mode": "value_domain",
        "projection": "webmercator_hash_v1",
        "projection_method": "webmercator_hash_v1",
        "value": 1641
      },
      "type": "Feature"
    },
    {
      "geometry": {
        "coordinates": [
          -51.583425,
          55.910082
        ],
        "type": "Point"
      },
      "properties": {
        "cipher": "Standard",
        "mode": "value_domain",
        "projection": "webmercator_hash_v1",
        "projection_method": "webmercator_hash_v1",
        "value": 1642
      },
      "type": "Feature"
    },
    {
      "geometry": {
        "coordinates": [
          136.406757,
          -6.948331
        ],
        "type": "Point"
      },
      "properties": {
        "cipher": "Standard",
        "mode": "value_domain",
        "projection": "webmercator_hash_v1",
        "projection_method": "webmercator_hash_v1",
        "value": 1643
      },
      "type": "Feature"
    },
    {
      "geometry": {
        "coordinates": [
          -176.762415,
          -3.862528
        ],
        "type": "Point"
      },
      "properties": {
        "cipher": "Standard",
        "mode": "value_domain",
        "projection": "webmercator_hash_v1",
        "projection_method": "webmercator_hash_v1",
        "value": 1644
      },
      "type": "Feature"
    },
    {
      "geometry": {
        "coordinates": [
          47.126452,
          73.922609
        ],
        "type": "Point"
      },
      "properties": {
        "cipher": "Standard",
        "mode": "value_domain",
        "projection": "webmercator_hash_v1",
        "projection_method": "webmercator_hash_v1",
        "value": 1645
      },
      "type": "Feature"
    },
    {
      "geometry": {
        "coordinates": [
          -36.473942,
          -26.867251
        ],
        "type": "Point"
      },
      "properties": {
        "cipher": "Standard",
        "mode": "value_domain",
        "projection": "webmercator_hash_v1",
        "projection_method": "webmercator_hash_v1",
        "value": 1646
      },
      "type": "Feature"
    },
    {
      "geometry": {
        "coordinates": [
          161.647394,
          63.222629
        ],
        "type": "Point"
      },
      "properties": {
        "cipher": "Standard",
        "mode": "value_domain",
        "projection": "webmercator_hash_v1",
        "projection_method": "webmercator_hash_v1",
        "value": 1647
      },
      "type": "Feature"
    },
    {
      "geometry": {
        "coordinates": [
          -0.706619,
          -55.048812
        ],
        "type": "Point"
      },
      "properties": {
        "cipher": "Standard",
        "mode": "value_domain",
        "projection": "webmercator_hash_v1",
        "projection_method": "webmercator_hash_v1",
        "value": 1648
      },
      "type": "Feature"
    },
    {
      "geometry": {
        "coordinates": [
          4.053208,
          68.644236
        ],
        "type": "Point"
      },
      "properties": {
        "cipher": "Standard",
        "mode": "value_domain",
        "projection": "webmercator_hash_v1",
        "projection_method": "webmercator_hash_v1",
        "value": 1649
      },
      "type": "Feature"
    },
    {
      "geometry": {
        "coordinates": [
          -64.374201,
          -76.756142
        ],
        "type": "Point"
      },
      "properties": {
        "cipher": "Standard",
        "mode": "value_domain",
        "projection": "webmercator_hash_v1",
        "projection_method": "webmercator_hash_v1",
        "value": 1650
      },
      "type": "Feature"
    },
    {
      "geometry": {
        "coordinates": [
          24.090357,
          -79.20122
        ],
        "type": "Point"
      },
      "properties": {
        "cipher": "Standard",
        "mode": "value_domain",
        "projection": "webmercator_hash_v1",
        "projection_method": "webmercator_hash_v1",
        "value": 1651
      },
      "type": "Feature"
    },
    {
      "geometry": {
        "coordinates": [
          102.690457,
          61.528557
        ],
        "type": "Point"
      },
      "properties": {
        "cipher": "Standard",
        "mode": "value_domain",
        "projection": "webmercator_hash_v1",
        "projection_method": "webmercator_hash_v1",
        "value": 1652
      },
      "type": "Feature"
    },
    {
      "geometry": {
        "coordinates": [
          75.68887,
          39.721085
        ],
        "type": "Point"
      },
      "properties": {
        "cipher": "Standard",
        "mode": "value_domain",
        "projection": "webmercator_hash_v1",
        "projection_method": "webmercator_hash_v1",
        "value": 1653
      },
      "type": "Feature"
    },
    {
      "geometry": {
        "coordinates": [
          40.591259,
          4.39421
        ],
        "type": "Point"
      },
      "properties": {
        "cipher": "Standard",
        "mode": "value_domain",
        "projection": "webmercator_hash_v1",
        "projection_method": "webmercator_hash_v1",
        "value": 1654
      },
      "type": "Feature"
    },
    {
      "geometry": {
        "coordinates": [
          -110.449491,
          -82.816911
        ],
        "type": "Point"
      },
      "properties": {
        "cipher": "Standard",
        "mode": "value_domain",
        "projection": "webmercator_hash_v1",
        "projection_method": "webmercator_hash_v1",
        "value": 1655
      },
      "type": "Feature"
    },
    {
      "geometry": {
        "coordinates": [
          -123.528839,
          -74.521925
        ],
        "type": "Point"
      },
      "properties": {
        "cipher": "Standard",
        "mode": "value_domain",
        "projection": "webmercator_hash_v1",
        "projection_method": "webmercator_hash_v1",
        "value": 1656
      },
      "type": "Feature"
    },
    {
      "geometry": {
        "coordinates": [
          80.10926,
          36.121531
        ],
        "type": "Point"
      },
      "properties": {
        "cipher": "Standard",
        "mode": "value_domain",
        "projection": "webmercator_hash_v1",
        "projection_method": "webmercator_hash_v1",
        "value": 1657
      },
      "type": "Feature"
    },
    {
      "geometry": {
        "coordinates": [
          28.883811,
          -81.388012
        ],
        "type": "Point"
      },
      "properties": {
        "cipher": "Standard",
        "mode": "value_domain",
        "projection": "webmercator_hash_v1",
        "projection_method": "webmercator_hash_v1",
        "value": 1658
      },
      "type": "Feature"
    },
    {
      "geometry": {
        "coordinates": [
          -142.41365,
          67.217615
        ],
        "type": "Point"
      },
      "properties": {
        "cipher": "Standard",
        "mode": "value_domain",
        "projection": "webmercator_hash_v1",
        "projection_method": "webmercator_hash_v1",
        "value": 1659
      },
      "type": "Feature"
    },
    {
      "geometry": {
        "coordinates": [
          -36.230007,
          28.262763
        ],
        "type": "Point"
      },
      "properties": {
        "cipher": "Standard",
        "mode": "value_domain",
        "projection": "webmercator_hash_v1",
        "projection_method": "webmercator_hash_v1",
        "value": 1660
      },
      "type": "Feature"
    },
    {
      "geometry": {
        "coordinates": [
          7.191402,
          -72.671608
        ],
        "type": "Point"
      },
      "properties": {
        "cipher": "Standard",
        "mode": "value_domain",
        "projection": "webmercator_hash_v1",
        "projection_method": "webmercator_hash_v1",
        "value": 1661
      },
      "type": "Feature"
    },
    {
      "geometry": {
        "coordinates": [
          -66.349941,
          80.4454
        ],
        "type": "Point"
      },
      "properties": {
        "cipher": "Standard",
        "mode": "value_domain",
        "projection": "webmercator_hash_v1",
        "projection_method": "webmercator_hash_v1",
        "value": 1662
      },
      "type": "Feature"
    },
    {
      "geometry": {
        "coordinates": [
          -144.541876,
          -50.182394
        ],
        "type": "Point"
      },
      "properties": {
        "cipher": "Standard",
        "mode": "value_domain",
        "projection": "webmercator_hash_v1",
        "projection_method": "webmercator_hash_v1",
        "value": 1663
      },
      "type": "Feature"
    },
    {
      "geometry": {
        "coordinates": [
          -21.333607,
          -49.846399
        ],
        "type": "Point"
      },
      "properties": {
        "cipher": "Standard",
        "mode": "value_domain",
        "projection": "webmercator_hash_v1",
        "projection_method": "webmercator_hash_v1",
        "value": 1664
      },
      "type": "Feature"
    },
    {
      "geometry": {
        "coordinates": [
          -130.646168,
          69.060624
        ],
        "type": "Point"
      },
      "properties": {
        "cipher": "Standard",
        "mode": "value_domain",
        "projection": "webmercator_hash_v1",
        "projection_method": "webmercator_hash_v1",
        "value": 1665
      },
      "type": "Feature"
    },
    {
      "geometry": {
        "coordinates": [
          -114.029646,
          74.649985
        ],
        "type": "Point"
      },
      "properties": {
        "cipher": "Standard",
        "mode": "value_domain",
        "projection": "webmercator_hash_v1",
        "projection_method": "webmercator_hash_v1",
        "value": 1666
      },
      "type": "Feature"
    },
    {
      "geometry": {
        "coordinates": [
          -137.756469,
          67.826571
        ],
        "type": "Point"
      },
      "properties": {
        "cipher": "Standard",
        "mode": "value_domain",
        "projection": "webmercator_hash_v1",
        "projection_method": "webmercator_hash_v1",
        "value": 1667
      },
      "type": "Feature"
    },
    {
      "geometry": {
        "coordinates": [
          -99.678691,
          -72.285481
        ],
        "type": "Point"
      },
      "properties": {
        "cipher": "Standard",
        "mode": "value_domain",
        "projection": "webmercator_hash_v1",
        "projection_method": "webmercator_hash_v1",
        "value": 1668
      },
      "type": "Feature"
    },
    {
      "geometry": {
        "coordinates": [
          22.489312,
          -0.988157
        ],
        "type": "Point"
      },
      "properties": {
        "cipher": "Standard",
        "mode": "value_domain",
        "projection": "webmercator_hash_v1",
        "projection_method": "webmercator_hash_v1",
        "value": 1669
      },
      "type": "Feature"
    },
    {
      "geometry": {
        "coordinates": [
          -36.526397,
          83.339193
        ],
        "type": "Point"
      },
      "properties": {
        "cipher": "Standard",
        "mode": "value_domain",
        "projection": "webmercator_hash_v1",
        "projection_method": "webmercator_hash_v1",
        "value": 1670
      },
      "type": "Feature"
    },
    {
      "geometry": {
        "coordinates": [
          115.049386,
          -42.080191
        ],
        "type": "Point"
      },
      "properties": {
        "cipher": "Standard",
        "mode": "value_domain",
        "projection": "webmercator_hash_v1",
        "projection_method": "webmercator_hash_v1",
        "value": 1671
      },
      "type": "Feature"
    },
    {
      "geometry": {
        "coordinates": [
          -8.734242,
          -1.806719
        ],
        "type": "Point"
      },
      "properties": {
        "cipher": "Standard",
        "mode": "value_domain",
        "projection": "webmercator_hash_v1",
        "projection_method": "webmercator_hash_v1",
        "value": 1672
      },
      "type": "Feature"
    },
    {
      "geometry": {
        "coordinates": [
          102.722193,
          14.681133
        ],
        "type": "Point"
      },
      "properties": {
        "cipher": "Standard",
        "mode": "value_domain",
        "projection": "webmercator_hash_v1",
        "projection_method": "webmercator_hash_v1",
        "value": 1673
      },
      "type": "Feature"
    },
    {
      "geometry": {
        "coordinates": [
          15.624407,
          43.712422
        ],
        "type": "Point"
      },
      "properties": {
        "cipher": "Standard",
        "mode": "value_domain",
        "projection": "webmercator_hash_v1",
        "projection_method": "webmercator_hash_v1",
        "value": 1674
      },
      "type": "Feature"
    },
    {
      "geometry": {
        "coordinates": [
          -145.539689,
          35.270909
        ],
        "type": "Point"
      },
      "properties": {
        "cipher": "Standard",
        "mode": "value_domain",
        "projection": "webmercator_hash_v1",
        "projection_method": "webmercator_hash_v1",
        "value": 1675
      },
      "type": "Feature"
    },
    {
      "geometry": {
        "coordinates": [
          -110.966809,
          -37.941589
        ],
        "type": "Point"
      },
      "properties": {
        "cipher": "Standard",
        "mode": "value_domain",
        "projection": "webmercator_hash_v1",
        "projection_method": "webmercator_hash_v1",
        "value": 1676
      },
      "type": "Feature"
    },
    {
      "geometry": {
        "coordinates": [
          -60.991538,
          7.555326
        ],
        "type": "Point"
      },
      "properties": {
        "cipher": "Standard",
        "mode": "value_domain",
        "projection": "webmercator_hash_v1",
        "projection_method": "webmercator_hash_v1",
        "value": 1677
      },
      "type": "Feature"
    },
    {
      "geometry": {
        "coordinates": [
          113.834868,
          25.920532
        ],
        "type": "Point"
      },
      "properties": {
        "cipher": "Standard",
        "mode": "value_domain",
        "projection": "webmercator_hash_v1",
        "projection_method": "webmercator_hash_v1",
        "value": 1678
      },
      "type": "Feature"
    },
    {
      "geometry": {
        "coordinates": [
          53.62597,
          70.555353
        ],
        "type": "Point"
      },
      "properties": {
        "cipher": "Standard",
        "mode": "value_domain",
        "projection": "webmercator_hash_v1",
        "projection_method": "webmercator_hash_v1",
        "value": 1679
      },
      "type": "Feature"
    },
    {
      "geometry": {
        "coordinates": [
          -89.382401,
          4.381223
        ],
        "type": "Point"
      },
      "properties": {
        "cipher": "Standard",
        "mode": "value_domain",
        "projection": "webmercator_hash_v1",
        "projection_method": "webmercator_hash_v1",
        "value": 1680
      },
      "type": "Feature"
    },
    {
      "geometry": {
        "coordinates": [
          -22.145948,
          78.40533
        ],
        "type": "Point"
      },
      "properties": {
        "cipher": "Standard",
        "mode": "value_domain",
        "projection": "webmercator_hash_v1",
        "projection_method": "webmercator_hash_v1",
        "value": 1681
      },
      "type": "Feature"
    },
    {
      "geometry": {
        "coordinates": [
          -42.649744,
          16.972813
        ],
        "type": "Point"
      },
      "properties": {
        "cipher": "Standard",
        "mode": "value_domain",
        "projection": "webmercator_hash_v1",
        "projection_method": "webmercator_hash_v1",
        "value": 1682
      },
      "type": "Feature"
    },
    {
      "geometry": {
        "coordinates": [
          -97.47126,
          -37.31315
        ],
        "type": "Point"
      },
      "properties": {
        "cipher": "Standard",
        "mode": "value_domain",
        "projection": "webmercator_hash_v1",
        "projection_method": "webmercator_hash_v1",
        "value": 1683
      },
      "type": "Feature"
    },
    {
      "geometry": {
        "coordinates": [
          175.92153,
          -3.4567
        ],
        "type": "Point"
      },
      "properties": {
        "cipher": "Standard",
        "mode": "value_domain",
        "projection": "webmercator_hash_v1",
        "projection_method": "webmercator_hash_v1",
        "value": 1684
      },
      "type": "Feature"
    },
    {
      "geometry": {
        "coordinates": [
          33.810811,
          -32.45243
        ],
        "type": "Point"
      },
      "properties": {
        "cipher": "Standard",
        "mode": "value_domain",
        "projection": "webmercator_hash_v1",
        "projection_method": "webmercator_hash_v1",
        "value": 1685
      },
      "type": "Feature"
    },
    {
      "geometry": {
        "coordinates": [
          61.410362,
          -43.083392
        ],
        "type": "Point"
      },
      "properties": {
        "cipher": "Standard",
        "mode": "value_domain",
        "projection": "webmercator_hash_v1",
        "projection_method": "webmercator_hash_v1",
        "value": 1686
      },
      "type": "Feature"
    },
    {
      "geometry": {
        "coordinates": [
          118.711733,
          -20.656098
        ],
        "type": "Point"
      },
      "properties": {
        "cipher": "Standard",
        "mode": "value_domain",
        "projection": "webmercator_hash_v1",
        "projection_method": "webmercator_hash_v1",
        "value": 1687
      },
      "type": "Feature"
    },
    {
      "geometry": {
        "coordinates": [
          123.406026,
          51.363806
        ],
        "type": "Point"
      },
      "properties": {
        "cipher": "Standard",
        "mode": "value_domain",
        "projection": "webmercator_hash_v1",
        "projection_method": "webmercator_hash_v1",
        "value": 1688
      },
      "type": "Feature"
    },
    {
      "geometry": {
        "coordinates": [
          -101.255063,
          -57.893744
        ],
        "type": "Point"
      },
      "properties": {
        "cipher": "Standard",
        "mode": "value_domain",
        "projection": "webmercator_hash_v1",
        "projection_method": "webmercator_hash_v1",
        "value": 1689
      },
      "type": "Feature"
    },
    {
      "geometry": {
        "coordinates": [
          -171.877196,
          -70.17357
        ],
        "type": "Point"
      },
      "properties": {
        "cipher": "Standard",
        "mode": "value_domain",
        "projection": "webmercator_hash_v1",
        "projection_method": "webmercator_hash_v1",
        "value": 1690
      },
      "type": "Feature"
    },
    {
      "geometry": {
        "coordinates": [
          49.85591,
          15.89194
        ],
        "type": "Point"
      },
      "properties": {
        "cipher": "Standard",
        "mode": "value_domain",
        "projection": "webmercator_hash_v1",
        "projection_method": "webmercator_hash_v1",
        "value": 1691
      },
      "type": "Feature"
    },
    {
      "geometry": {
        "coordinates": [
          86.330433,
          -25.243766
        ],
        "type": "Point"
      },
      "properties": {
        "cipher": "Standard",
        "mode": "value_domain",
        "projection": "webmercator_hash_v1",
        "projection_method": "webmercator_hash_v1",
        "value": 1692
      },
      "type": "Feature"
    },
    {
      "geometry": {
        "coordinates": [
          -93.306562,
          65.489208
        ],
        "type": "Point"
      },
      "properties": {
        "cipher": "Standard",
        "mode": "value_domain",
        "projection": "webmercator_hash_v1",
        "projection_method": "webmercator_hash_v1",
        "value": 1693
      },
      "type": "Feature"
    },
    {
      "geometry": {
        "coordinates": [
          121.749474,
          45.585702
        ],
        "type": "Point"
      },
      "properties": {
        "cipher": "Standard",
        "mode": "value_domain",
        "projection": "webmercator_hash_v1",
        "projection_method": "webmercator_hash_v1",
        "value": 1694
      },
      "type": "Feature"
    },
    {
      "geometry": {
        "coordinates": [
          161.219902,
          25.228573
        ],
        "type": "Point"
      },
      "properties": {
        "cipher": "Standard",
        "mode": "value_domain",
        "projection": "webmercator_hash_v1",
        "projection_method": "webmercator_hash_v1",
        "value": 1695
      },
      "type": "Feature"
    },
    {
      "geometry": {
        "coordinates": [
          55.901618,
          -42.75025
        ],
        "type": "Point"
      },
      "properties": {
        "cipher": "Standard",
        "mode": "value_domain",
        "projection": "webmercator_hash_v1",
        "projection_method": "webmercator_hash_v1",
        "value": 1696
      },
      "type": "Feature"
    },
    {
      "geometry": {
        "coordinates": [
          122.514848,
          53.959668
        ],
        "type": "Point"
      },
      "properties": {
        "cipher": "Standard",
        "mode": "value_domain",
        "projection": "webmercator_hash_v1",
        "projection_method": "webmercator_hash_v1",
        "value": 1697
      },
      "type": "Feature"
    },
    {
      "geometry": {
        "coordinates": [
          170.418107,
          -28.410045
        ],
        "type": "Point"
      },
      "properties": {
        "cipher": "Standard",
        "mode": "value_domain",
        "projection": "webmercator_hash_v1",
        "projection_method": "webmercator_hash_v1",
        "value": 1698
      },
      "type": "Feature"
    },
    {
      "geometry": {
        "coordinates": [
          -148.126248,
          60.821653
        ],
        "type": "Point"
      },
      "properties": {
        "cipher": "Standard",
        "mode": "value_domain",
        "projection": "webmercator_hash_v1",
        "projection_method": "webmercator_hash_v1",
        "value": 1699
      },
      "type": "Feature"
    },
    {
      "geometry": {
        "coordinates": [
          -173.058652,
          -51.595722
        ],
        "type": "Point"
      },
      "properties": {
        "cipher": "Standard",
        "mode": "value_domain",
        "projection": "webmercator_hash_v1",
        "projection_method": "webmercator_hash_v1",
        "value": 1700
      },
      "type": "Feature"
    },
    {
      "geometry": {
        "coordinates": [
          -79.209253,
          9.284689
        ],
        "type": "Point"
      },
      "properties": {
        "cipher": "Standard",
        "mode": "value_domain",
        "projection": "webmercator_hash_v1",
        "projection_method": "webmercator_hash_v1",
        "value": 1701
      },
      "type": "Feature"
    },
    {
      "geometry": {
        "coordinates": [
          163.847278,
          -23.349504
        ],
        "type": "Point"
      },
      "properties": {
        "cipher": "Standard",
        "mode": "value_domain",
        "projection": "webmercator_hash_v1",
        "projection_method": "webmercator_hash_v1",
        "value": 1702
      },
      "type": "Feature"
    },
    {
      "geometry": {
        "coordinates": [
          39.723592,
          75.242337
        ],
        "type": "Point"
      },
      "properties": {
        "cipher": "Standard",
        "mode": "value_domain",
        "projection": "webmercator_hash_v1",
        "projection_method": "webmercator_hash_v1",
        "value": 1703
      },
      "type": "Feature"
    },
    {
      "geometry": {
        "coordinates": [
          75.589238,
          77.075773
        ],
        "type": "Point"
      },
      "properties": {
        "cipher": "Standard",
        "mode": "value_domain",
        "projection": "webmercator_hash_v1",
        "projection_method": "webmercator_hash_v1",
        "value": 1704
      },
      "type": "Feature"
    },
    {
      "geometry": {
        "coordinates": [
          -48.301208,
          -62.373958
        ],
        "type": "Point"
      },
      "properties": {
        "cipher": "Standard",
        "mode": "value_domain",
        "projection": "webmercator_hash_v1",
        "projection_method": "webmercator_hash_v1",
        "value": 1705
      },
      "type": "Feature"
    },
    {
      "geometry": {
        "coordinates": [
          149.447757,
          45.692735
        ],
        "type": "Point"
      },
      "properties": {
        "cipher": "Standard",
        "mode": "value_domain",
        "projection": "webmercator_hash_v1",
        "projection_method": "webmercator_hash_v1",
        "value": 1706
      },
      "type": "Feature"
    },
    {
      "geometry": {
        "coordinates": [
          -90.855326,
          -10.834853
        ],
        "type": "Point"
      },
      "properties": {
        "cipher": "Standard",
        "mode": "value_domain",
        "projection": "webmercator_hash_v1",
        "projection_method": "webmercator_hash_v1",
        "value": 1707
      },
      "type": "Feature"
    },
    {
      "geometry": {
        "coordinates": [
          -134.098569,
          -19.497409
        ],
        "type": "Point"
      },
      "properties": {
        "cipher": "Standard",
        "mode": "value_domain",
        "projection": "webmercator_hash_v1",
        "projection_method": "webmercator_hash_v1",
        "value": 1708
      },
      "type": "Feature"
    },
    {
      "geometry": {
        "coordinates": [
          62.406541,
          67.526046
        ],
        "type": "Point"
      },
      "properties": {
        "cipher": "Standard",
        "mode": "value_domain",
        "projection": "webmercator_hash_v1",
        "projection_method": "webmercator_hash_v1",
        "value": 1709
      },
      "type": "Feature"
    },
    {
      "geometry": {
        "coordinates": [
          115.391562,
          -7.432051
        ],
        "type": "Point"
      },
      "properties": {
        "cipher": "Standard",
        "mode": "value_domain",
        "projection": "webmercator_hash_v1",
        "projection_method": "webmercator_hash_v1",
        "value": 1710
      },
      "type": "Feature"
    },
    {
      "geometry": {
        "coordinates": [
          -52.017328,
          28.11913
        ],
        "type": "Point"
      },
      "properties": {
        "cipher": "Standard",
        "mode": "value_domain",
        "projection": "webmercator_hash_v1",
        "projection_method": "webmercator_hash_v1",
        "value": 1711
      },
      "type": "Feature"
    },
    {
      "geometry": {
        "coordinates": [
          53.974661,
          15.791675
        ],
        "type": "Point"
      },
      "properties": {
        "cipher": "Standard",
        "mode": "value_domain",
        "projection": "webmercator_hash_v1",
        "projection_method": "webmercator_hash_v1",
        "value": 1712
      },
      "type": "Feature"
    },
    {
      "geometry": {
        "coordinates": [
          -43.639802,
          -63.654259
        ],
        "type": "Point"
      },
      "properties": {
        "cipher": "Standard",
        "mode": "value_domain",
        "projection": "webmercator_hash_v1",
        "projection_method": "webmercator_hash_v1",
        "value": 1713
      },
      "type": "Feature"
    },
    {
      "geometry": {
        "coordinates": [
          -175.532622,
          6.907933
        ],
        "type": "Point"
      },
      "properties": {
        "cipher": "Standard",
        "mode": "value_domain",
        "projection": "webmercator_hash_v1",
        "projection_method": "webmercator_hash_v1",
        "value": 1714
      },
      "type": "Feature"
    },
    {
      "geometry": {
        "coordinates": [
          -127.496238,
          -22.642424
        ],
        "type": "Point"
      },
      "properties": {
        "cipher": "Standard",
        "mode": "value_domain",
        "projection": "webmercator_hash_v1",
        "projection_method": "webmercator_hash_v1",
        "value": 1715
      },
      "type": "Feature"
    },
    {
      "geometry": {
        "coordinates": [
          -3.694238,
          58.374168
        ],
        "type": "Point"
      },
      "properties": {
        "cipher": "Standard",
        "mode": "value_domain",
        "projection": "webmercator_hash_v1",
        "projection_method": "webmercator_hash_v1",
        "value": 1716
      },
      "type": "Feature"
    },
    {
      "geometry": {
        "coordinates": [
          -76.80069,
          59.760801
        ],
        "type": "Point"
      },
      "properties": {
        "cipher": "Standard",
        "mode": "value_domain",
        "projection": "webmercator_hash_v1",
        "projection_method": "webmercator_hash_v1",
        "value": 1717
      },
      "type": "Feature"
    },
    {
      "geometry": {
        "coordinates": [
          101.874119,
          -65.29071
        ],
        "type": "Point"
      },
      "properties": {
        "cipher": "Standard",
        "mode": "value_domain",
        "projection": "webmercator_hash_v1",
        "projection_method": "webmercator_hash_v1",
        "value": 1718
      },
      "type": "Feature"
    },
    {
      "geometry": {
        "coordinates": [
          19.765696,
          -50.536666
        ],
        "type": "Point"
      },
      "properties": {
        "cipher": "Standard",
        "mode": "value_domain",
        "projection": "webmercator_hash_v1",
        "projection_method": "webmercator_hash_v1",
        "value": 1719
      },
      "type": "Feature"
    },
    {
      "geometry": {
        "coordinates": [
          -100.616573,
          55.538736
        ],
        "type": "Point"
      },
      "properties": {
        "cipher": "Standard",
        "mode": "value_domain",
        "projection": "webmercator_hash_v1",
        "projection_method": "webmercator_hash_v1",
        "value": 1720
      },
      "type": "Feature"
    },
    {
      "geometry": {
        "coordinates": [
          154.12654,
          57.499146
        ],
        "type": "Point"
      },
      "properties": {
        "cipher": "Standard",
        "mode": "value_domain",
        "projection": "webmercator_hash_v1",
        "projection_method": "webmercator_hash_v1",
        "value": 1721
      },
      "type": "Feature"
    },
    {
      "geometry": {
        "coordinates": [
          -109.391545,
          25.60901
        ],
        "type": "Point"
      },
      "properties": {
        "cipher": "Standard",
        "mode": "value_domain",
        "projection": "webmercator_hash_v1",
        "projection_method": "webmercator_hash_v1",
        "value": 1722
      },
      "type": "Feature"
    },
    {
      "geometry": {
        "coordinates": [
          -24.318877,
          32.645482
        ],
        "type": "Point"
      },
      "properties": {
        "cipher": "Standard",
        "mode": "value_domain",
        "projection": "webmercator_hash_v1",
        "projection_method": "webmercator_hash_v1",
        "value": 1723
      },
      "type": "Feature"
    },
    {
      "geometry": {
        "coordinates": [
          -166.153946,
          57.094189
        ],
        "type": "Point"
      },
      "properties": {
        "cipher": "Standard",
        "mode": "value_domain",
        "projection": "webmercator_hash_v1",
        "projection_method": "webmercator_hash_v1",
        "value": 1724
      },
      "type": "Feature"
    },
    {
      "geometry": {
        "coordinates": [
          -52.029218,
          -62.228536
        ],
        "type": "Point"
      },
      "properties": {
        "cipher": "Standard",
        "mode": "value_domain",
        "projection": "webmercator_hash_v1",
        "projection_method": "webmercator_hash_v1",
        "value": 1725
      },
      "type": "Feature"
    },
    {
      "geometry": {
        "coordinates": [
          -173.002707,
          -83.015765
        ],
        "type": "Point"
      },
      "properties": {
        "cipher": "Standard",
        "mode": "value_domain",
        "projection": "webmercator_hash_v1",
        "projection_method": "webmercator_hash_v1",
        "value": 1726
      },
      "type": "Feature"
    },
    {
      "geometry": {
        "coordinates": [
          124.474115,
          73.874347
        ],
        "type": "Point"
      },
      "properties": {
        "cipher": "Standard",
        "mode": "value_domain",
        "projection": "webmercator_hash_v1",
        "projection_method": "webmercator_hash_v1",
        "value": 1727
      },
      "type": "Feature"
    },
    {
      "geometry": {
        "coordinates": [
          -135.823122,
          14.965209
        ],
        "type": "Point"
      },
      "properties": {
        "cipher": "Standard",
        "mode": "value_domain",
        "projection": "webmercator_hash_v1",
        "projection_method": "webmercator_hash_v1",
        "value": 1728
      },
      "type": "Feature"
    },
    {
      "geometry": {
        "coordinates": [
          33.882298,
          58.598121
        ],
        "type": "Point"
      },
      "properties": {
        "cipher": "Standard",
        "mode": "value_domain",
        "projection": "webmercator_hash_v1",
        "projection_method": "webmercator_hash_v1",
        "value": 1729
      },
      "type": "Feature"
    },
    {
      "geometry": {
        "coordinates": [
          -63.855985,
          63.647409
        ],
        "type": "Point"
      },
      "properties": {
        "cipher": "Standard",
        "mode": "value_domain",
        "projection": "webmercator_hash_v1",
        "projection_method": "webmercator_hash_v1",
        "value": 1730
      },
      "type": "Feature"
    },
    {
      "geometry": {
        "coordinates": [
          105.937152,
          -26.224645
        ],
        "type": "Point"
      },
      "properties": {
        "cipher": "Standard",
        "mode": "value_domain",
        "projection": "webmercator_hash_v1",
        "projection_method": "webmercator_hash_v1",
        "value": 1731
      },
      "type": "Feature"
    },
    {
      "geometry": {
        "coordinates": [
          159.9403,
          69.373341
        ],
        "type": "Point"
      },
      "properties": {
        "cipher": "Standard",
        "mode": "value_domain",
        "projection": "webmercator_hash_v1",
        "projection_method": "webmercator_hash_v1",
        "value": 1732
      },
      "type": "Feature"
    },
    {
      "geometry": {
        "coordinates": [
          11.383935,
          62.295353
        ],
        "type": "Point"
      },
      "properties": {
        "cipher": "Standard",
        "mode": "value_domain",
        "projection": "webmercator_hash_v1",
        "projection_method": "webmercator_hash_v1",
        "value": 1733
      },
      "type": "Feature"
    },
    {
      "geometry": {
        "coordinates": [
          -1.146475,
          -36.655482
        ],
        "type": "Point"
      },
      "properties": {
        "cipher": "Standard",
        "mode": "value_domain",
        "projection": "webmercator_hash_v1",
        "projection_method": "webmercator_hash_v1",
        "value": 1734
      },
      "type": "Feature"
    },
    {
      "geometry": {
        "coordinates": [
          -102.258238,
          83.046991
        ],
        "type": "Point"
      },
      "properties": {
        "cipher": "Standard",
        "mode": "value_domain",
        "projection": "webmercator_hash_v1",
        "projection_method": "webmercator_hash_v1",
        "value": 1735
      },
      "type": "Feature"
    },
    {
      "geometry": {
        "coordinates": [
          168.048919,
          -62.313611
        ],
        "type": "Point"
      },
      "properties": {
        "cipher": "Standard",
        "mode": "value_domain",
        "projection": "webmercator_hash_v1",
        "projection_method": "webmercator_hash_v1",
        "value": 1736
      },
      "type": "Feature"
    },
    {
      "geometry": {
        "coordinates": [
          -14.068581,
          32.256788
        ],
        "type": "Point"
      },
      "properties": {
        "cipher": "Standard",
        "mode": "value_domain",
        "projection": "webmercator_hash_v1",
        "projection_method": "webmercator_hash_v1",
        "value": 1737
      },
      "type": "Feature"
    },
    {
      "geometry": {
        "coordinates": [
          162.827658,
          -58.365083
        ],
        "type": "Point"
      },
      "properties": {
        "cipher": "Standard",
        "mode": "value_domain",
        "projection": "webmercator_hash_v1",
        "projection_method": "webmercator_hash_v1",
        "value": 1738
      },
      "type": "Feature"
    },
    {
      "geometry": {
        "coordinates": [
          -35.19363,
          -23.713277
        ],
        "type": "Point"
      },
      "properties": {
        "cipher": "Standard",
        "mode": "value_domain",
        "projection": "webmercator_hash_v1",
        "projection_method": "webmercator_hash_v1",
        "value": 1739
      },
      "type": "Feature"
    },
    {
      "geometry": {
        "coordinates": [
          -164.292513,
          33.865818
        ],
        "type": "Point"
      },
      "properties": {
        "cipher": "Standard",
        "mode": "value_domain",
        "projection": "webmercator_hash_v1",
        "projection_method": "webmercator_hash_v1",
        "value": 1740
      },
      "type": "Feature"
    },
    {
      "geometry": {
        "coordinates": [
          109.837759,
          57.804363
        ],
        "type": "Point"
      },
      "properties": {
        "cipher": "Standard",
        "mode": "value_domain",
        "projection": "webmercator_hash_v1",
        "projection_method": "webmercator_hash_v1",
        "value": 1741
      },
      "type": "Feature"
    },
    {
      "geometry": {
        "coordinates": [
          -42.29278,
          -83.340415
        ],
        "type": "Point"
      },
      "properties": {
        "cipher": "Standard",
        "mode": "value_domain",
        "projection": "webmercator_hash_v1",
        "projection_method": "webmercator_hash_v1",
        "value": 1742
      },
      "type": "Feature"
    },
    {
      "geometry": {
        "coordinates": [
          -117.828024,
          -11.290333
        ],
        "type": "Point"
      },
      "properties": {
        "cipher": "Standard",
        "mode": "value_domain",
        "projection": "webmercator_hash_v1",
        "projection_method": "webmercator_hash_v1",
        "value": 1743
      },
      "type": "Feature"
    },
    {
      "geometry": {
        "coordinates": [
          0.798762,
          73.557229
        ],
        "type": "Point"
      },
      "properties": {
        "cipher": "Standard",
        "mode": "value_domain",
        "projection": "webmercator_hash_v1",
        "projection_method": "webmercator_hash_v1",
        "value": 1744
      },
      "type": "Feature"
    },
    {
      "geometry": {
        "coordinates": [
          47.267688,
          38.450206
        ],
        "type": "Point"
      },
      "properties": {
        "cipher": "Standard",
        "mode": "value_domain",
        "projection": "webmercator_hash_v1",
        "projection_method": "webmercator_hash_v1",
        "value": 1745
      },
      "type": "Feature"
    },
    {
      "geometry": {
        "coordinates": [
          -65.523678,
          -61.708206
        ],
        "type": "Point"
      },
      "properties": {
        "cipher": "Standard",
        "mode": "value_domain",
        "projection": "webmercator_hash_v1",
        "projection_method": "webmercator_hash_v1",
        "value": 1746
      },
      "type": "Feature"
    },
    {
      "geometry": {
        "coordinates": [
          -167.817115,
          32.165619
        ],
        "type": "Point"
      },
      "properties": {
        "cipher": "Standard",
        "mode": "value_domain",
        "projection": "webmercator_hash_v1",
        "projection_method": "webmercator_hash_v1",
        "value": 1747
      },
      "type": "Feature"
    },
    {
      "geometry": {
        "coordinates": [
          123.421083,
          36.112612
        ],
        "type": "Point"
      },
      "properties": {
        "cipher": "Standard",
        "mode": "value_domain",
        "projection": "webmercator_hash_v1",
        "projection_method": "webmercator_hash_v1",
        "value": 1748
      },
      "type": "Feature"
    },
    {
      "geometry": {
        "coordinates": [
          128.045911,
          -46.700917
        ],
        "type": "Point"
      },
      "properties": {
        "cipher": "Standard",
        "mode": "value_domain",
        "projection": "webmercator_hash_v1",
        "projection_method": "webmercator_hash_v1",
        "value": 1749
      },
      "type": "Feature"
    },
    {
      "geometry": {
        "coordinates": [
          135.951593,
          -56.823247
        ],
        "type": "Point"
      },
      "properties": {
        "cipher": "Standard",
        "mode": "value_domain",
        "projection": "webmercator_hash_v1",
        "projection_method": "webmercator_hash_v1",
        "value": 1750
      },
      "type": "Feature"
    },
    {
      "geometry": {
        "coordinates": [
          -2.245173,
          62.130041
        ],
        "type": "Point"
      },
      "properties": {
        "cipher": "Standard",
        "mode": "value_domain",
        "projection": "webmercator_hash_v1",
        "projection_method": "webmercator_hash_v1",
        "value": 1751
      },
      "type": "Feature"
    },
    {
      "geometry": {
        "coordinates": [
          83.992705,
          -10.011569
        ],
        "type": "Point"
      },
      "properties": {
        "cipher": "Standard",
        "mode": "value_domain",
        "projection": "webmercator_hash_v1",
        "projection_method": "webmercator_hash_v1",
        "value": 1752
      },
      "type": "Feature"
    },
    {
      "geometry": {
        "coordinates": [
          -157.420731,
          -34.627463
        ],
        "type": "Point"
      },
      "properties": {
        "cipher": "Standard",
        "mode": "value_domain",
        "projection": "webmercator_hash_v1",
        "projection_method": "webmercator_hash_v1",
        "value": 1753
      },
      "type": "Feature"
    },
    {
      "geometry": {
        "coordinates": [
          145.53711,
          48.869604
        ],
        "type": "Point"
      },
      "properties": {
        "cipher": "Standard",
        "mode": "value_domain",
        "projection": "webmercator_hash_v1",
        "projection_method": "webmercator_hash_v1",
        "value": 1754
      },
      "type": "Feature"
    },
    {
      "geometry": {
        "coordinates": [
          101.582358,
          57.880609
        ],
        "type": "Point"
      },
      "properties": {
        "cipher": "Standard",
        "mode": "value_domain",
        "projection": "webmercator_hash_v1",
        "projection_method": "webmercator_hash_v1",
        "value": 1755
      },
      "type": "Feature"
    },
    {
      "geometry": {
        "coordinates": [
          -30.731119,
          26.619068
        ],
        "type": "Point"
      },
      "properties": {
        "cipher": "Standard",
        "mode": "value_domain",
        "projection": "webmercator_hash_v1",
        "projection_method": "webmercator_hash_v1",
        "value": 1756
      },
      "type": "Feature"
    },
    {
      "geometry": {
        "coordinates": [
          73.378614,
          55.952198
        ],
        "type": "Point"
      },
      "properties": {
        "cipher": "Standard",
        "mode": "value_domain",
        "projection": "webmercator_hash_v1",
        "projection_method": "webmercator_hash_v1",
        "value": 1757
      },
      "type": "Feature"
    },
    {
      "geometry": {
        "coordinates": [
          4.16242,
          -62.551154
        ],
        "type": "Point"
      },
      "properties": {
        "cipher": "Standard",
        "mode": "value_domain",
        "projection": "webmercator_hash_v1",
        "projection_method": "webmercator_hash_v1",
        "value": 1758
      },
      "type": "Feature"
    },
    {
      "geometry": {
        "coordinates": [
          -28.956988,
          -57.388437
        ],
        "type": "Point"
      },
      "properties": {
        "cipher": "Standard",
        "mode": "value_domain",
        "projection": "webmercator_hash_v1",
        "projection_method": "webmercator_hash_v1",
        "value": 1759
      },
      "type": "Feature"
    },
    {
      "geometry": {
        "coordinates": [
          -119.188428,
          15.829388
        ],
        "type": "Point"
      },
      "properties": {
        "cipher": "Standard",
        "mode": "value_domain",
        "projection": "webmercator_hash_v1",
        "projection_method": "webmercator_hash_v1",
        "value": 1760
      },
      "type": "Feature"
    },
    {
      "geometry": {
        "coordinates": [
          90.27847,
          35.078561
        ],
        "type": "Point"
      },
      "properties": {
        "cipher": "Standard",
        "mode": "value_domain",
        "projection": "webmercator_hash_v1",
        "projection_method": "webmercator_hash_v1",
        "value": 1761
      },
      "type": "Feature"
    },
    {
      "geometry": {
        "coordinates": [
          82.78247,
          -67.992933
        ],
        "type": "Point"
      },
      "properties": {
        "cipher": "Standard",
        "mode": "value_domain",
        "projection": "webmercator_hash_v1",
        "projection_method": "webmercator_hash_v1",
        "value": 1762
      },
      "type": "Feature"
    },
    {
      "geometry": {
        "coordinates": [
          17.867147,
          0.901754
        ],
        "type": "Point"
      },
      "properties": {
        "cipher": "Standard",
        "mode": "value_domain",
        "projection": "webmercator_hash_v1",
        "projection_method": "webmercator_hash_v1",
        "value": 1763
      },
      "type": "Feature"
    },
    {
      "geometry": {
        "coordinates": [
          -163.988518,
          1.823652
        ],
        "type": "Point"
      },
      "properties": {
        "cipher": "Standard",
        "mode": "value_domain",
        "projection": "webmercator_hash_v1",
        "projection_method": "webmercator_hash_v1",
        "value": 1764
      },
      "type": "Feature"
    },
    {
      "geometry": {
        "coordinates": [
          -33.398613,
          -9.382116
        ],
        "type": "Point"
      },
      "properties": {
        "cipher": "Standard",
        "mode": "value_domain",
        "projection": "webmercator_hash_v1",
        "projection_method": "webmercator_hash_v1",
        "value": 1765
      },
      "type": "Feature"
    },
    {
      "geometry": {
        "coordinates": [
          -145.593516,
          -71.389518
        ],
        "type": "Point"
      },
      "properties": {
        "cipher": "Standard",
        "mode": "value_domain",
        "projection": "webmercator_hash_v1",
        "projection_method": "webmercator_hash_v1",
        "value": 1766
      },
      "type": "Feature"
    },
    {
      "geometry": {
        "coordinates": [
          123.480509,
          -21.637482
        ],
        "type": "Point"
      },
      "properties": {
        "cipher": "Standard",
        "mode": "value_domain",
        "projection": "webmercator_hash_v1",
        "projection_method": "webmercator_hash_v1",
        "value": 1767
      },
      "type": "Feature"
    },
    {
      "geometry": {
        "coordinates": [
          136.305632,
          -68.37713
        ],
        "type": "Point"
      },
      "properties": {
        "cipher": "Standard",
        "mode": "value_domain",
        "projection": "webmercator_hash_v1",
        "projection_method": "webmercator_hash_v1",
        "value": 1768
      },
      "type": "Feature"
    },
    {
      "geometry": {
        "coordinates": [
          106.904758,
          -26.28731
        ],
        "type": "Point"
      },
      "properties": {
        "cipher": "Standard",
        "mode": "value_domain",
        "projection": "webmercator_hash_v1",
        "projection_method": "webmercator_hash_v1",
        "value": 1769
      },
      "type": "Feature"
    },
    {
      "geometry": {
        "coordinates": [
          58.656409,
          -5.333548
        ],
        "type": "Point"
      },
      "properties": {
        "cipher": "Standard",
        "mode": "value_domain",
        "projection": "webmercator_hash_v1",
        "projection_method": "webmercator_hash_v1",
        "value": 1770
      },
      "type": "Feature"
    },
    {
      "geometry": {
        "coordinates": [
          -151.051188,
          -23.587887
        ],
        "type": "Point"
      },
      "properties": {
        "cipher": "Standard",
        "mode": "value_domain",
        "projection": "webmercator_hash_v1",
        "projection_method": "webmercator_hash_v1",
        "value": 1771
      },
      "type": "Feature"
    },
    {
      "geometry": {
        "coordinates": [
          -35.395384,
          15.204659
        ],
        "type": "Point"
      },
      "properties": {
        "cipher": "Standard",
        "mode": "value_domain",
        "projection": "webmercator_hash_v1",
        "projection_method": "webmercator_hash_v1",
        "value": 1772
      },
      "type": "Feature"
    },
    {
      "geometry": {
        "coordinates": [
          73.816569,
          -48.688878
        ],
        "type": "Point"
      },
      "properties": {
        "cipher": "Standard",
        "mode": "value_domain",
        "projection": "webmercator_hash_v1",
        "projection_method": "webmercator_hash_v1",
        "value": 1773
      },
      "type": "Feature"
    },
    {
      "geometry": {
        "coordinates": [
          52.78385,
          -38.109958
        ],
        "type": "Point"
      },
      "properties": {
        "cipher": "Standard",
        "mode": "value_domain",
        "projection": "webmercator_hash_v1",
        "projection_method": "webmercator_hash_v1",
        "value": 1774
      },
      "type": "Feature"
    },
    {
      "geometry": {
        "coordinates": [
          170.143469,
          -45.163687
        ],
        "type": "Point"
      },
      "properties": {
        "cipher": "Standard",
        "mode": "value_domain",
        "projection": "webmercator_hash_v1",
        "projection_method": "webmercator_hash_v1",
        "value": 1775
      },
      "type": "Feature"
    },
    {
      "geometry": {
        "coordinates": [
          -127.350046,
          -38.183368
        ],
        "type": "Point"
      },
      "properties": {
        "cipher": "Standard",
        "mode": "value_domain",
        "projection": "webmercator_hash_v1",
        "projection_method": "webmercator_hash_v1",
        "value": 1776
      },
      "type": "Feature"
    },
    {
      "geometry": {
        "coordinates": [
          -83.26869,
          31.509829
        ],
        "type": "Point"
      },
      "properties": {
        "cipher": "Standard",
        "mode": "value_domain",
        "projection": "webmercator_hash_v1",
        "projection_method": "webmercator_hash_v1",
        "value": 1777
      },
      "type": "Feature"
    },
    {
      "geometry": {
        "coordinates": [
          -94.075427,
          26.928163
        ],
        "type": "Point"
      },
      "properties": {
        "cipher": "Standard",
        "mode": "value_domain",
        "projection": "webmercator_hash_v1",
        "projection_method": "webmercator_hash_v1",
        "value": 1778
      },
      "type": "Feature"
    },
    {
      "geometry": {
        "coordinates": [
          -84.216593,
          -23.712894
        ],
        "type": "Point"
      },
      "properties": {
        "cipher": "Standard",
        "mode": "value_domain",
        "projection": "webmercator_hash_v1",
        "projection_method": "webmercator_hash_v1",
        "value": 1779
      },
      "type": "Feature"
    },
    {
      "geometry": {
        "coordinates": [
          60.634373,
          43.981046
        ],
        "type": "Point"
      },
      "properties": {
        "cipher": "Standard",
        "mode": "value_domain",
        "projection": "webmercator_hash_v1",
        "projection_method": "webmercator_hash_v1",
        "value": 1780
      },
      "type": "Feature"
    },
    {
      "geometry": {
        "coordinates": [
          9.841381,
          43.685364
        ],
        "type": "Point"
      },
      "properties": {
        "cipher": "Standard",
        "mode": "value_domain",
        "projection": "webmercator_hash_v1",
        "projection_method": "webmercator_hash_v1",
        "value": 1781
      },
      "type": "Feature"
    },
    {
      "geometry": {
        "coordinates": [
          136.363899,
          -26.796107
        ],
        "type": "Point"
      },
      "properties": {
        "cipher": "Standard",
        "mode": "value_domain",
        "projection": "webmercator_hash_v1",
        "projection_method": "webmercator_hash_v1",
        "value": 1782
      },
      "type": "Feature"
    },
    {
      "geometry": {
        "coordinates": [
          15.957166,
          -38.27539
        ],
        "type": "Point"
      },
      "properties": {
        "cipher": "Standard",
        "mode": "value_domain",
        "projection": "webmercator_hash_v1",
        "projection_method": "webmercator_hash_v1",
        "value": 1783
      },
      "type": "Feature"
    },
    {
      "geometry": {
        "coordinates": [
          -73.564478,
          28.140909
        ],
        "type": "Point"
      },
      "properties": {
        "cipher": "Standard",
        "mode": "value_domain",
        "projection": "webmercator_hash_v1",
        "projection_method": "webmercator_hash_v1",
        "value": 1784
      },
      "type": "Feature"
    },
    {
      "geometry": {
        "coordinates": [
          50.354329,
          44.136061
        ],
        "type": "Point"
      },
      "properties": {
        "cipher": "Standard",
        "mode": "value_domain",
        "projection": "webmercator_hash_v1",
        "projection_method": "webmercator_hash_v1",
        "value": 1785
      },
      "type": "Feature"
    },
    {
      "geometry": {
        "coordinates": [
          106.506347,
          58.466451
        ],
        "type": "Point"
      },
      "properties": {
        "cipher": "Standard",
        "mode": "value_domain",
        "projection": "webmercator_hash_v1",
        "projection_method": "webmercator_hash_v1",
        "value": 1786
      },
      "type": "Feature"
    },
    {
      "geometry": {
        "coordinates": [
          -149.026729,
          -37.634222
        ],
        "type": "Point"
      },
      "properties": {
        "cipher": "Standard",
        "mode": "value_domain",
        "projection": "webmercator_hash_v1",
        "projection_method": "webmercator_hash_v1",
        "value": 1787
      },
      "type": "Feature"
    },
    {
      "geometry": {
        "coordinates": [
          -94.648642,
          -30.981852
        ],
        "type": "Point"
      },
      "properties": {
        "cipher": "Standard",
        "mode": "value_domain",
        "projection": "webmercator_hash_v1",
        "projection_method": "webmercator_hash_v1",
        "value": 1788
      },
      "type": "Feature"
    },
    {
      "geometry": {
        "coordinates": [
          -81.756628,
          -28.613215
        ],
        "type": "Point"
      },
      "properties": {
        "cipher": "Standard",
        "mode": "value_domain",
        "projection": "webmercator_hash_v1",
        "projection_method": "webmercator_hash_v1",
        "value": 1789
      },
      "type": "Feature"
    },
    {
      "geometry": {
        "coordinates": [
          -34.253625,
          63.886481
        ],
        "type": "Point"
      },
      "properties": {
        "cipher": "Standard",
        "mode": "value_domain",
        "projection": "webmercator_hash_v1",
        "projection_method": "webmercator_hash_v1",
        "value": 1790
      },
      "type": "Feature"
    },
    {
      "geometry": {
        "coordinates": [
          96.870058,
          17.422452
        ],
        "type": "Point"
      },
      "properties": {
        "cipher": "Standard",
        "mode": "value_domain",
        "projection": "webmercator_hash_v1",
        "projection_method": "webmercator_hash_v1",
        "value": 1791
      },
      "type": "Feature"
    },
    {
      "geometry": {
        "coordinates": [
          -33.596974,
          14.589759
        ],
        "type": "Point"
      },
      "properties": {
        "cipher": "Standard",
        "mode": "value_domain",
        "projection": "webmercator_hash_v1",
        "projection_method": "webmercator_hash_v1",
        "value": 1792
      },
      "type": "Feature"
    },
    {
      "geometry": {
        "coordinates": [
          47.893523,
          57.478623
        ],
        "type": "Point"
      },
      "properties": {
        "cipher": "Standard",
        "mode": "value_domain",
        "projection": "webmercator_hash_v1",
        "projection_method": "webmercator_hash_v1",
        "value": 1793
      },
      "type": "Feature"
    },
    {
      "geometry": {
        "coordinates": [
          -129.962323,
          -78.826136
        ],
        "type": "Point"
      },
      "properties": {
        "cipher": "Standard",
        "mode": "value_domain",
        "projection": "webmercator_hash_v1",
        "projection_method": "webmercator_hash_v1",
        "value": 1794
      },
      "type": "Feature"
    },
    {
      "geometry": {
        "coordinates": [
          -76.321983,
          67.609235
        ],
        "type": "Point"
      },
      "properties": {
        "cipher": "Standard",
        "mode": "value_domain",
        "projection": "webmercator_hash_v1",
        "projection_method": "webmercator_hash_v1",
        "value": 1795
      },
      "type": "Feature"
    },
    {
      "geometry": {
        "coordinates": [
          159.238852,
          -15.369696
        ],
        "type": "Point"
      },
      "properties": {
        "cipher": "Standard",
        "mode": "value_domain",
        "projection": "webmercator_hash_v1",
        "projection_method": "webmercator_hash_v1",
        "value": 1796
      },
      "type": "Feature"
    },
    {
      "geometry": {
        "coordinates": [
          -18.4735,
          -16.86815
        ],
        "type": "Point"
      },
      "properties": {
        "cipher": "Standard",
        "mode": "value_domain",
        "projection": "webmercator_hash_v1",
        "projection_method": "webmercator_hash_v1",
        "value": 1797
      },
      "type": "Feature"
    },
    {
      "geometry": {
        "coordinates": [
          54.762191,
          -73.305105
        ],
        "type": "Point"
      },
      "properties": {
        "cipher": "Standard",
        "mode": "value_domain",
        "projection": "webmercator_hash_v1",
        "projection_method": "webmercator_hash_v1",
        "value": 1798
      },
      "type": "Feature"
    },
    {
      "geometry": {
        "coordinates": [
          -136.416912,
          7.128952
        ],
        "type": "Point"
      },
      "properties": {
        "cipher": "Standard",
        "mode": "value_domain",
        "projection": "webmercator_hash_v1",
        "projection_method": "webmercator_hash_v1",
        "value": 1799
      },
      "type": "Feature"
    },
    {
      "geometry": {
        "coordinates": [
          169.705429,
          5.377414
        ],
        "type": "Point"
      },
      "properties": {
        "cipher": "Standard",
        "mode": "value_domain",
        "projection": "webmercator_hash_v1",
        "projection_method": "webmercator_hash_v1",
        "value": 1800
      },
      "type": "Feature"
    },
    {
      "geometry": {
        "coordinates": [
          -35.299639,
          67.957409
        ],
        "type": "Point"
      },
      "properties": {
        "cipher": "Standard",
        "mode": "value_domain",
        "projection": "webmercator_hash_v1",
        "projection_method": "webmercator_hash_v1",
        "value": 1801
      },
      "type": "Feature"
    },
    {
      "geometry": {
        "coordinates": [
          142.120768,
          16.608778
        ],
        "type": "Point"
      },
      "properties": {
        "cipher": "Standard",
        "mode": "value_domain",
        "projection": "webmercator_hash_v1",
        "projection_method": "webmercator_hash_v1",
        "value": 1802
      },
      "type": "Feature"
    },
    {
      "geometry": {
        "coordinates": [
          -55.892008,
          32.536579
        ],
        "type": "Point"
      },
      "properties": {
        "cipher": "Standard",
        "mode": "value_domain",
        "projection": "webmercator_hash_v1",
        "projection_method": "webmercator_hash_v1",
        "value": 1803
      },
      "type": "Feature"
    },
    {
      "geometry": {
        "coordinates": [
          161.170982,
          69.614164
        ],
        "type": "Point"
      },
      "properties": {
        "cipher": "Standard",
        "mode": "value_domain",
        "projection": "webmercator_hash_v1",
        "projection_method": "webmercator_hash_v1",
        "value": 1804
      },
      "type": "Feature"
    },
    {
      "geometry": {
        "coordinates": [
          -52.521637,
          37.55957
        ],
        "type": "Point"
      },
      "properties": {
        "cipher": "Standard",
        "mode": "value_domain",
        "projection": "webmercator_hash_v1",
        "projection_method": "webmercator_hash_v1",
        "value": 1805
      },
      "type": "Feature"
    },
    {
      "geometry": {
        "coordinates": [
          -120.878742,
          -54.115538
        ],
        "type": "Point"
      },
      "properties": {
        "cipher": "Standard",
        "mode": "value_domain",
        "projection": "webmercator_hash_v1",
        "projection_method": "webmercator_hash_v1",
        "value": 1806
      },
      "type": "Feature"
    },
    {
      "geometry": {
        "coordinates": [
          167.055063,
          43.767711
        ],
        "type": "Point"
      },
      "properties": {
        "cipher": "Standard",
        "mode": "value_domain",
        "projection": "webmercator_hash_v1",
        "projection_method": "webmercator_hash_v1",
        "value": 1807
      },
      "type": "Feature"
    },
    {
      "geometry": {
        "coordinates": [
          82.351393,
          -72.271072
        ],
        "type": "Point"
      },
      "properties": {
        "cipher": "Standard",
        "mode": "value_domain",
        "projection": "webmercator_hash_v1",
        "projection_method": "webmercator_hash_v1",
        "value": 1808
      },
      "type": "Feature"
    },
    {
      "geometry": {
        "coordinates": [
          143.386257,
          33.457318
        ],
        "type": "Point"
      },
      "properties": {
        "cipher": "Standard",
        "mode": "value_domain",
        "projection": "webmercator_hash_v1",
        "projection_method": "webmercator_hash_v1",
        "value": 1809
      },
      "type": "Feature"
    },
    {
      "geometry": {
        "coordinates": [
          -114.177057,
          32.789
        ],
        "type": "Point"
      },
      "properties": {
        "cipher": "Standard",
        "mode": "value_domain",
        "projection": "webmercator_hash_v1",
        "projection_method": "webmercator_hash_v1",
        "value": 1810
      },
      "type": "Feature"
    },
    {
      "geometry": {
        "coordinates": [
          3.561704,
          4.151467
        ],
        "type": "Point"
      },
      "properties": {
        "cipher": "Standard",
        "mode": "value_domain",
        "projection": "webmercator_hash_v1",
        "projection_method": "webmercator_hash_v1",
        "value": 1811
      },
      "type": "Feature"
    },
    {
      "geometry": {
        "coordinates": [
          -126.1193,
          -65.571868
        ],
        "type": "Point"
      },
      "properties": {
        "cipher": "Standard",
        "mode": "value_domain",
        "projection": "webmercator_hash_v1",
        "projection_method": "webmercator_hash_v1",
        "value": 1812
      },
      "type": "Feature"
    },
    {
      "geometry": {
        "coordinates": [
          133.349962,
          34.150218
        ],
        "type": "Point"
      },
      "properties": {
        "cipher": "Standard",
        "mode": "value_domain",
        "projection": "webmercator_hash_v1",
        "projection_method": "webmercator_hash_v1",
        "value": 1813
      },
      "type": "Feature"
    },
    {
      "geometry": {
        "coordinates": [
          -143.498517,
          11.88597
        ],
        "type": "Point"
      },
      "properties": {
        "cipher": "Standard",
        "mode": "value_domain",
        "projection": "webmercator_hash_v1",
        "projection_method": "webmercator_hash_v1",
        "value": 1814
      },
      "type": "Feature"
    },
    {
      "geometry": {
        "coordinates": [
          113.701398,
          40.895755
        ],
        "type": "Point"
      },
      "properties": {
        "cipher": "Standard",
        "mode": "value_domain",
        "projection": "webmercator_hash_v1",
        "projection_method": "webmercator_hash_v1",
        "value": 1815
      },
      "type": "Feature"
    },
    {
      "geometry": {
        "coordinates": [
          -32.121912,
          53.209293
        ],
        "type": "Point"
      },
      "properties": {
        "cipher": "Standard",
        "mode": "value_domain",
        "projection": "webmercator_hash_v1",
        "projection_method": "webmercator_hash_v1",
        "value": 1816
      },
      "type": "Feature"
    },
    {
      "geometry": {
        "coordinates": [
          6.561881,
          -82.960419
        ],
        "type": "Point"
      },
      "properties": {
        "cipher": "Standard",
        "mode": "value_domain",
        "projection": "webmercator_hash_v1",
        "projection_method": "webmercator_hash_v1",
        "value": 1817
      },
      "type": "Feature"
    },
    {
      "geometry": {
        "coordinates": [
          32.013651,
          -67.713823
        ],
        "type": "Point"
      },
      "properties": {
        "cipher": "Standard",
        "mode": "value_domain",
        "projection": "webmercator_hash_v1",
        "projection_method": "webmercator_hash_v1",
        "value": 1818
      },
      "type": "Feature"
    },
    {
      "geometry": {
        "coordinates": [
          -30.467837,
          -49.18651
        ],
        "type": "Point"
      },
      "properties": {
        "cipher": "Standard",
        "mode": "value_domain",
        "projection": "webmercator_hash_v1",
        "projection_method": "webmercator_hash_v1",
        "value": 1819
      },
      "type": "Feature"
    },
    {
      "geometry": {
        "coordinates": [
          -56.319101,
          -81.802188
        ],
        "type": "Point"
      },
      "properties": {
        "cipher": "Standard",
        "mode": "value_domain",
        "projection": "webmercator_hash_v1",
        "projection_method": "webmercator_hash_v1",
        "value": 1820
      },
      "type": "Feature"
    },
    {
      "geometry": {
        "coordinates": [
          38.143195,
          29.714212
        ],
        "type": "Point"
      },
      "properties": {
        "cipher": "Standard",
        "mode": "value_domain",
        "projection": "webmercator_hash_v1",
        "projection_method": "webmercator_hash_v1",
        "value": 1821
      },
      "type": "Feature"
    },
    {
      "geometry": {
        "coordinates": [
          -57.234729,
          75.220758
        ],
        "type": "Point"
      },
      "properties": {
        "cipher": "Standard",
        "mode": "value_domain",
        "projection": "webmercator_hash_v1",
        "projection_method": "webmercator_hash_v1",
        "value": 1822
      },
      "type": "Feature"
    },
    {
      "geometry": {
        "coordinates": [
          -75.874932,
          -36.988248
        ],
        "type": "Point"
      },
      "properties": {
        "cipher": "Standard",
        "mode": "value_domain",
        "projection": "webmercator_hash_v1",
        "projection_method": "webmercator_hash_v1",
        "value": 1823
      },
      "type": "Feature"
    },
    {
      "geometry": {
        "coordinates": [
          85.023846,
          76.101321
        ],
        "type": "Point"
      },
      "properties": {
        "cipher": "Standard",
        "mode": "value_domain",
        "projection": "webmercator_hash_v1",
        "projection_method": "webmercator_hash_v1",
        "value": 1824
      },
      "type": "Feature"
    },
    {
      "geometry": {
        "coordinates": [
          -153.35063,
          -28.122278
        ],
        "type": "Point"
      },
      "properties": {
        "cipher": "Standard",
        "mode": "value_domain",
        "projection": "webmercator_hash_v1",
        "projection_method": "webmercator_hash_v1",
        "value": 1825
      },
      "type": "Feature"
    },
    {
      "geometry": {
        "coordinates": [
          57.771034,
          51.79756
        ],
        "type": "Point"
      },
      "properties": {
        "cipher": "Standard",
        "mode": "value_domain",
        "projection": "webmercator_hash_v1",
        "projection_method": "webmercator_hash_v1",
        "value": 1826
      },
      "type": "Feature"
    },
    {
      "geometry": {
        "coordinates": [
          85.251068,
          53.353545
        ],
        "type": "Point"
      },
      "properties": {
        "cipher": "Standard",
        "mode": "value_domain",
        "projection": "webmercator_hash_v1",
        "projection_method": "webmercator_hash_v1",
        "value": 1827
      },
      "type": "Feature"
    },
    {
      "geometry": {
        "coordinates": [
          -32.839077,
          10.970107
        ],
        "type": "Point"
      },
      "properties": {
        "cipher": "Standard",
        "mode": "value_domain",
        "projection": "webmercator_hash_v1",
        "projection_method": "webmercator_hash_v1",
        "value": 1828
      },
      "type": "Feature"
    },
    {
      "geometry": {
        "coordinates": [
          134.92398,
          11.432518
        ],
        "type": "Point"
      },
      "properties": {
        "cipher": "Standard",
        "mode": "value_domain",
        "projection": "webmercator_hash_v1",
        "projection_method": "webmercator_hash_v1",
        "value": 1829
      },
      "type": "Feature"
    },
    {
      "geometry": {
        "coordinates": [
          20.642013,
          -24.312556
        ],
        "type": "Point"
      },
      "properties": {
        "cipher": "Standard",
        "mode": "value_domain",
        "projection": "webmercator_hash_v1",
        "projection_method": "webmercator_hash_v1",
        "value": 1830
      },
      "type": "Feature"
    },
    {
      "geometry": {
        "coordinates": [
          -48.930129,
          56.623514
        ],
        "type": "Point"
      },
      "properties": {
        "cipher": "Standard",
        "mode": "value_domain",
        "projection": "webmercator_hash_v1",
        "projection_method": "webmercator_hash_v1",
        "value": 1831
      },
      "type": "Feature"
    },
    {
      "geometry": {
        "coordinates": [
          14.934218,
          83.066124
        ],
        "type": "Point"
      },
      "properties": {
        "cipher": "Standard",
        "mode": "value_domain",
        "projection": "webmercator_hash_v1",
        "projection_method": "webmercator_hash_v1",
        "value": 1832
      },
      "type": "Feature"
    },
    {
      "geometry": {
        "coordinates": [
          176.221466,
          -21.519324
        ],
        "type": "Point"
      },
      "properties": {
        "cipher": "Standard",
        "mode": "value_domain",
        "projection": "webmercator_hash_v1",
        "projection_method": "webmercator_hash_v1",
        "value": 1833
      },
      "type": "Feature"
    },
    {
      "geometry": {
        "coordinates": [
          -162.230067,
          4.063087
        ],
        "type": "Point"
      },
      "properties": {
        "cipher": "Standard",
        "mode": "value_domain",
        "projection": "webmercator_hash_v1",
        "projection_method": "webmercator_hash_v1",
        "value": 1834
      },
      "type": "Feature"
    },
    {
      "geometry": {
        "coordinates": [
          -111.456887,
          63.603073
        ],
        "type": "Point"
      },
      "properties": {
        "cipher": "Standard",
        "mode": "value_domain",
        "projection": "webmercator_hash_v1",
        "projection_method": "webmercator_hash_v1",
        "value": 1835
      },
      "type": "Feature"
    },
    {
      "geometry": {
        "coordinates": [
          -96.168787,
          -81.362848
        ],
        "type": "Point"
      },
      "properties": {
        "cipher": "Standard",
        "mode": "value_domain",
        "projection": "webmercator_hash_v1",
        "projection_method": "webmercator_hash_v1",
        "value": 1836
      },
      "type": "Feature"
    },
    {
      "geometry": {
        "coordinates": [
          -9.496882,
          -13.232802
        ],
        "type": "Point"
      },
      "properties": {
        "cipher": "Standard",
        "mode": "value_domain",
        "projection": "webmercator_hash_v1",
        "projection_method": "webmercator_hash_v1",
        "value": 1837
      },
      "type": "Feature"
    },
    {
      "geometry": {
        "coordinates": [
          27.426948,
          82.011184
        ],
        "type": "Point"
      },
      "properties": {
        "cipher": "Standard",
        "mode": "value_domain",
        "projection": "webmercator_hash_v1",
        "projection_method": "webmercator_hash_v1",
        "value": 1838
      },
      "type": "Feature"
    },
    {
      "geometry": {
        "coordinates": [
          -117.026608,
          -13.038475
        ],
        "type": "Point"
      },
      "properties": {
        "cipher": "Standard",
        "mode": "value_domain",
        "projection": "webmercator_hash_v1",
        "projection_method": "webmercator_hash_v1",
        "value": 1839
      },
      "type": "Feature"
    },
    {
      "geometry": {
        "coordinates": [
          39.619587,
          -10.445088
        ],
        "type": "Point"
      },
      "properties": {
        "cipher": "Standard",
        "mode": "value_domain",
        "projection": "webmercator_hash_v1",
        "projection_method": "webmercator_hash_v1",
        "value": 1840
      },
      "type": "Feature"
    },
    {
      "geometry": {
        "coordinates": [
          -20.974639,
          15.898176
        ],
        "type": "Point"
      },
      "properties": {
        "cipher": "Standard",
        "mode": "value_domain",
        "projection": "webmercator_hash_v1",
        "projection_method": "webmercator_hash_v1",
        "value": 1841
      },
      "type": "Feature"
    },
    {
      "geometry": {
        "coordinates": [
          -138.047809,
          62.423689
        ],
        "type": "Point"
      },
      "properties": {
        "cipher": "Standard",
        "mode": "value_domain",
        "projection": "webmercator_hash_v1",
        "projection_method": "webmercator_hash_v1",
        "value": 1842
      },
      "type": "Feature"
    },
    {
      "geometry": {
        "coordinates": [
          122.921939,
          30.423825
        ],
        "type": "Point"
      },
      "properties": {
        "cipher": "Standard",
        "mode": "value_domain",
        "projection": "webmercator_hash_v1",
        "projection_method": "webmercator_hash_v1",
        "value": 1843
      },
      "type": "Feature"
    },
    {
      "geometry": {
        "coordinates": [
          -128.045066,
          20.164742
        ],
        "type": "Point"
      },
      "properties": {
        "cipher": "Standard",
        "mode": "value_domain",
        "projection": "webmercator_hash_v1",
        "projection_method": "webmercator_hash_v1",
        "value": 1844
      },
      "type": "Feature"
    },
    {
      "geometry": {
        "coordinates": [
          -102.11353,
          35.929024
        ],
        "type": "Point"
      },
      "properties": {
        "cipher": "Standard",
        "mode": "value_domain",
        "projection": "webmercator_hash_v1",
        "projection_method": "webmercator_hash_v1",
        "value": 1845
      },
      "type": "Feature"
    },
    {
      "geometry": {
        "coordinates": [
          -145.415911,
          57.567162
        ],
        "type": "Point"
      },
      "properties": {
        "cipher": "Standard",
        "mode": "value_domain",
        "projection": "webmercator_hash_v1",
        "projection_method": "webmercator_hash_v1",
        "value": 1846
      },
      "type": "Feature"
    },
    {
      "geometry": {
        "coordinates": [
          43.461986,
          -42.935587
        ],
        "type": "Point"
      },
      "properties": {
        "cipher": "Standard",
        "mode": "value_domain",
        "projection": "webmercator_hash_v1",
        "projection_method": "webmercator_hash_v1",
        "value": 1847
      },
      "type": "Feature"
    },
    {
      "geometry": {
        "coordinates": [
          43.395366,
          -17.186916
        ],
        "type": "Point"
      },
      "properties": {
        "cipher": "Standard",
        "mode": "value_domain",
        "projection": "webmercator_hash_v1",
        "projection_method": "webmercator_hash_v1",
        "value": 1848
      },
      "type": "Feature"
    },
    {
      "geometry": {
        "coordinates": [
          64.14352,
          -22.057883
        ],
        "type": "Point"
      },
      "properties": {
        "cipher": "Standard",
        "mode": "value_domain",
        "projection": "webmercator_hash_v1",
        "projection_method": "webmercator_hash_v1",
        "value": 1849
      },
      "type": "Feature"
    },
    {
      "geometry": {
        "coordinates": [
          -63.894116,
          38.636698
        ],
        "type": "Point"
      },
      "properties": {
        "cipher": "Standard",
        "mode": "value_domain",
        "projection": "webmercator_hash_v1",
        "projection_method": "webmercator_hash_v1",
        "value": 1850
      },
      "type": "Feature"
    },
    {
      "geometry": {
        "coordinates": [
          117.903446,
          50.074222
        ],
        "type": "Point"
      },
      "properties": {
        "cipher": "Standard",
        "mode": "value_domain",
        "projection": "webmercator_hash_v1",
        "projection_method": "webmercator_hash_v1",
        "value": 1851
      },
      "type": "Feature"
    },
    {
      "geometry": {
        "coordinates": [
          67.796743,
          36.444238
        ],
        "type": "Point"
      },
      "properties": {
        "cipher": "Standard",
        "mode": "value_domain",
        "projection": "webmercator_hash_v1",
        "projection_method": "webmercator_hash_v1",
        "value": 1852
      },
      "type": "Feature"
    },
    {
      "geometry": {
        "coordinates": [
          -139.154185,
          1.66698
        ],
        "type": "Point"
      },
      "properties": {
        "cipher": "Standard",
        "mode": "value_domain",
        "projection": "webmercator_hash_v1",
        "projection_method": "webmercator_hash_v1",
        "value": 1853
      },
      "type": "Feature"
    },
    {
      "geometry": {
        "coordinates": [
          -20.016869,
          33.743394
        ],
        "type": "Point"
      },
      "properties": {
        "cipher": "Standard",
        "mode": "value_domain",
        "projection": "webmercator_hash_v1",
        "projection_method": "webmercator_hash_v1",
        "value": 1854
      },
      "type": "Feature"
    },
    {
      "geometry": {
        "coordinates": [
          83.5114,
          -0.710296
        ],
        "type": "Point"
      },
      "properties": {
        "cipher": "Standard",
        "mode": "value_domain",
        "projection": "webmercator_hash_v1",
        "projection_method": "webmercator_hash_v1",
        "value": 1855
      },
      "type": "Feature"
    },
    {
      "geometry": {
        "coordinates": [
          68.861598,
          -48.988961
        ],
        "type": "Point"
      },
      "properties": {
        "cipher": "Standard",
        "mode": "value_domain",
        "projection": "webmercator_hash_v1",
        "projection_method": "webmercator_hash_v1",
        "value": 1856
      },
      "type": "Feature"
    },
    {
      "geometry": {
        "coordinates": [
          -157.878026,
          -39.25541
        ],
        "type": "Point"
      },
      "properties": {
        "cipher": "Standard",
        "mode": "value_domain",
        "projection": "webmercator_hash_v1",
        "projection_method": "webmercator_hash_v1",
        "value": 1857
      },
      "type": "Feature"
    },
    {
      "geometry": {
        "coordinates": [
          -9.653979,
          69.963237
        ],
        "type": "Point"
      },
      "properties": {
        "cipher": "Standard",
        "mode": "value_domain",
        "projection": "webmercator_hash_v1",
        "projection_method": "webmercator_hash_v1",
        "value": 1858
      },
      "type": "Feature"
    },
    {
      "geometry": {
        "coordinates": [
          105.37162,
          61.099419
        ],
        "type": "Point"
      },
      "properties": {
        "cipher": "Standard",
        "mode": "value_domain",
        "projection": "webmercator_hash_v1",
        "projection_method": "webmercator_hash_v1",
        "value": 1859
      },
      "type": "Feature"
    },
    {
      "geometry": {
        "coordinates": [
          50.854657,
          1.127865
        ],
        "type": "Point"
      },
      "properties": {
        "cipher": "Standard",
        "mode": "value_domain",
        "projection": "webmercator_hash_v1",
        "projection_method": "webmercator_hash_v1",
        "value": 1860
      },
      "type": "Feature"
    },
    {
      "geometry": {
        "coordinates": [
          -143.882833,
          62.077605
        ],
        "type": "Point"
      },
      "properties": {
        "cipher": "Standard",
        "mode": "value_domain",
        "projection": "webmercator_hash_v1",
        "projection_method": "webmercator_hash_v1",
        "value": 1861
      },
      "type": "Feature"
    },
    {
      "geometry": {
        "coordinates": [
          -24.276036,
          39.13163
        ],
        "type": "Point"
      },
      "properties": {
        "cipher": "Standard",
        "mode": "value_domain",
        "projection": "webmercator_hash_v1",
        "projection_method": "webmercator_hash_v1",
        "value": 1862
      },
      "type": "Feature"
    },
    {
      "geometry": {
        "coordinates": [
          111.515998,
          -72.10564
        ],
        "type": "Point"
      },
      "properties": {
        "cipher": "Standard",
        "mode": "value_domain",
        "projection": "webmercator_hash_v1",
        "projection_method": "webmercator_hash_v1",
        "value": 1863
      },
      "type": "Feature"
    },
    {
      "geometry": {
        "coordinates": [
          -159.744464,
          73.509549
        ],
        "type": "Point"
      },
      "properties": {
        "cipher": "Standard",
        "mode": "value_domain",
        "projection": "webmercator_hash_v1",
        "projection_method": "webmercator_hash_v1",
        "value": 1864
      },
      "type": "Feature"
    },
    {
      "geometry": {
        "coordinates": [
          -27.263071,
          15.438979
        ],
        "type": "Point"
      },
      "properties": {
        "cipher": "Standard",
        "mode": "value_domain",
        "projection": "webmercator_hash_v1",
        "projection_method": "webmercator_hash_v1",
        "value": 1865
      },
      "type": "Feature"
    },
    {
      "geometry": {
        "coordinates": [
          109.474247,
          -16.851136
        ],
        "type": "Point"
      },
      "properties": {
        "cipher": "Standard",
        "mode": "value_domain",
        "projection": "webmercator_hash_v1",
        "projection_method": "webmercator_hash_v1",
        "value": 1866
      },
      "type": "Feature"
    },
    {
      "geometry": {
        "coordinates": [
          175.053182,
          -36.757621
        ],
        "type": "Point"
      },
      "properties": {
        "cipher": "Standard",
        "mode": "value_domain",
        "projection": "webmercator_hash_v1",
        "projection_method": "webmercator_hash_v1",
        "value": 1867
      },
      "type": "Feature"
    },
    {
      "geometry": {
        "coordinates": [
          147.498821,
          -47.932672
        ],
        "type": "Point"
      },
      "properties": {
        "cipher": "Standard",
        "mode": "value_domain",
        "projection": "webmercator_hash_v1",
        "projection_method": "webmercator_hash_v1",
        "value": 1868
      },
      "type": "Feature"
    },
    {
      "geometry": {
        "coordinates": [
          -163.215632,
          -21.368171
        ],
        "type": "Point"
      },
      "properties": {
        "cipher": "Standard",
        "mode": "value_domain",
        "projection": "webmercator_hash_v1",
        "projection_method": "webmercator_hash_v1",
        "value": 1869
      },
      "type": "Feature"
    },
    {
      "geometry": {
        "coordinates": [
          -172.998734,
          -8.521978
        ],
        "type": "Point"
      },
      "properties": {
        "cipher": "Standard",
        "mode": "value_domain",
        "projection": "webmercator_hash_v1",
        "projection_method": "webmercator_hash_v1",
        "value": 1870
      },
      "type": "Feature"
    },
    {
      "geometry": {
        "coordinates": [
          89.568084,
          -31.09195
        ],
        "type": "Point"
      },
      "properties": {
        "cipher": "Standard",
        "mode": "value_domain",
        "projection": "webmercator_hash_v1",
        "projection_method": "webmercator_hash_v1",
        "value": 1871
      },
      "type": "Feature"
    },
    {
      "geometry": {
        "coordinates": [
          105.525412,
          -44.313921
        ],
        "type": "Point"
      },
      "properties": {
        "cipher": "Standard",
        "mode": "value_domain",
        "projection": "webmercator_hash_v1",
        "projection_method": "webmercator_hash_v1",
        "value": 1872
      },
      "type": "Feature"
    },
    {
      "geometry": {
        "coordinates": [
          106.147842,
          -56.558338
        ],
        "type": "Point"
      },
      "properties": {
        "cipher": "Standard",
        "mode": "value_domain",
        "projection": "webmercator_hash_v1",
        "projection_method": "webmercator_hash_v1",
        "value": 1873
      },
      "type": "Feature"
    },
    {
      "geometry": {
        "coordinates": [
          -148.966587,
          -54.217179
        ],
        "type": "Point"
      },
      "properties": {
        "cipher": "Standard",
        "mode": "value_domain",
        "projection": "webmercator_hash_v1",
        "projection_method": "webmercator_hash_v1",
        "value": 1874
      },
      "type": "Feature"
    },
    {
      "geometry": {
        "coordinates": [
          61.747666,
          57.334902
        ],
        "type": "Point"
      },
      "properties": {
        "cipher": "Standard",
        "mode": "value_domain",
        "projection": "webmercator_hash_v1",
        "projection_method": "webmercator_hash_v1",
        "value": 1875
      },
      "type": "Feature"
    },
    {
      "geometry": {
        "coordinates": [
          51.468999,
          -5.048804
        ],
        "type": "Point"
      },
      "properties": {
        "cipher": "Standard",
        "mode": "value_domain",
        "projection": "webmercator_hash_v1",
        "projection_method": "webmercator_hash_v1",
        "value": 1876
      },
      "type": "Feature"
    },
    {
      "geometry": {
        "coordinates": [
          -37.048684,
          -19.717132
        ],
        "type": "Point"
      },
      "properties": {
        "cipher": "Standard",
        "mode": "value_domain",
        "projection": "webmercator_hash_v1",
        "projection_method": "webmercator_hash_v1",
        "value": 1877
      },
      "type": "Feature"
    },
    {
      "geometry": {
        "coordinates": [
          -19.207969,
          56.657426
        ],
        "type": "Point"
      },
      "properties": {
        "cipher": "Standard",
        "mode": "value_domain",
        "projection": "webmercator_hash_v1",
        "projection_method": "webmercator_hash_v1",
        "value": 1878
      },
      "type": "Feature"
    },
    {
      "geometry": {
        "coordinates": [
          -30.76994,
          -79.485545
        ],
        "type": "Point"
      },
      "properties": {
        "cipher": "Standard",
        "mode": "value_domain",
        "projection": "webmercator_hash_v1",
        "projection_method": "webmercator_hash_v1",
        "value": 1879
      },
      "type": "Feature"
    },
    {
      "geometry": {
        "coordinates": [
          -108.976187,
          4.059268
        ],
        "type": "Point"
      },
      "properties": {
        "cipher": "Standard",
        "mode": "value_domain",
        "projection": "webmercator_hash_v1",
        "projection_method": "webmercator_hash_v1",
        "value": 1880
      },
      "type": "Feature"
    },
    {
      "geometry": {
        "coordinates": [
          -100.231684,
          -48.181635
        ],
        "type": "Point"
      },
      "properties": {
        "cipher": "Standard",
        "mode": "value_domain",
        "projection": "webmercator_hash_v1",
        "projection_method": "webmercator_hash_v1",
        "value": 1881
      },
      "type": "Feature"
    },
    {
      "geometry": {
        "coordinates": [
          106.03326,
          -60.257088
        ],
        "type": "Point"
      },
      "properties": {
        "cipher": "Standard",
        "mode": "value_domain",
        "projection": "webmercator_hash_v1",
        "projection_method": "webmercator_hash_v1",
        "value": 1882
      },
      "type": "Feature"
    },
    {
      "geometry": {
        "coordinates": [
          39.805769,
          60.744258
        ],
        "type": "Point"
      },
      "properties": {
        "cipher": "Standard",
        "mode": "value_domain",
        "projection": "webmercator_hash_v1",
        "projection_method": "webmercator_hash_v1",
        "value": 1883
      },
      "type": "Feature"
    },
    {
      "geometry": {
        "coordinates": [
          -116.194384,
          -37.561179
        ],
        "type": "Point"
      },
      "properties": {
        "cipher": "Standard",
        "mode": "value_domain",
        "projection": "webmercator_hash_v1",
        "projection_method": "webmercator_hash_v1",
        "value": 1884
      },
      "type": "Feature"
    },
    {
      "geometry": {
        "coordinates": [
          -58.481742,
          63.437129
        ],
        "type": "Point"
      },
      "properties": {
        "cipher": "Standard",
        "mode": "value_domain",
        "projection": "webmercator_hash_v1",
        "projection_method": "webmercator_hash_v1",
        "value": 1885
      },
      "type": "Feature"
    },
    {
      "geometry": {
        "coordinates": [
          115.08372,
          21.096675
        ],
        "type": "Point"
      },
      "properties": {
        "cipher": "Standard",
        "mode": "value_domain",
        "projection": "webmercator_hash_v1",
        "projection_method": "webmercator_hash_v1",
        "value": 1886
      },
      "type": "Feature"
    },
    {
      "geometry": {
        "coordinates": [
          -164.217392,
          -17.249063
        ],
        "type": "Point"
      },
      "properties": {
        "cipher": "Standard",
        "mode": "value_domain",
        "projection": "webmercator_hash_v1",
        "projection_method": "webmercator_hash_v1",
        "value": 1887
      },
      "type": "Feature"
    },
    {
      "geometry": {
        "coordinates": [
          -89.612281,
          64.091131
        ],
        "type": "Point"
      },
      "properties": {
        "cipher": "Standard",
        "mode": "value_domain",
        "projection": "webmercator_hash_v1",
        "projection_method": "webmercator_hash_v1",
        "value": 1888
      },
      "type": "Feature"
    },
    {
      "geometry": {
        "coordinates": [
          -50.37821,
          27.385908
        ],
        "type": "Point"
      },
      "properties": {
        "cipher": "Standard",
        "mode": "value_domain",
        "projection": "webmercator_hash_v1",
        "projection_method": "webmercator_hash_v1",
        "value": 1889
      },
      "type": "Feature"
    },
    {
      "geometry": {
        "coordinates": [
          152.632936,
          -12.204221
        ],
        "type": "Point"
      },
      "properties": {
        "cipher": "Standard",
        "mode": "value_domain",
        "projection": "webmercator_hash_v1",
        "projection_method": "webmercator_hash_v1",
        "value": 1890
      },
      "type": "Feature"
    },
    {
      "geometry": {
        "coordinates": [
          -82.288163,
          -80.867618
        ],
        "type": "Point"
      },
      "properties": {
        "cipher": "Standard",
        "mode": "value_domain",
        "projection": "webmercator_hash_v1",
        "projection_method": "webmercator_hash_v1",
        "value": 1891
      },
      "type": "Feature"
    },
    {
      "geometry": {
        "coordinates": [
          -44.520559,
          75.216128
        ],
        "type": "Point"
      },
      "properties": {
        "cipher": "Standard",
        "mode": "value_domain",
        "projection": "webmercator_hash_v1",
        "projection_method": "webmercator_hash_v1",
        "value": 1892
      },
      "type": "Feature"
    },
    {
      "geometry": {
        "coordinates": [
          -82.984309,
          67.063315
        ],
        "type": "Point"
      },
      "properties": {
        "cipher": "Standard",
        "mode": "value_domain",
        "projection": "webmercator_hash_v1",
        "projection_method": "webmercator_hash_v1",
        "value": 1893
      },
      "type": "Feature"
    },
    {
      "geometry": {
        "coordinates": [
          -66.932446,
          63.037307
        ],
        "type": "Point"
      },
      "properties": {
        "cipher": "Standard",
        "mode": "value_domain",
        "projection": "webmercator_hash_v1",
        "projection_method": "webmercator_hash_v1",
        "value": 1894
      },
      "type": "Feature"
    },
    {
      "geometry": {
        "coordinates": [
          -79.478502,
          63.999116
        ],
        "type": "Point"
      },
      "properties": {
        "cipher": "Standard",
        "mode": "value_domain",
        "projection": "webmercator_hash_v1",
        "projection_method": "webmercator_hash_v1",
        "value": 1895
      },
      "type": "Feature"
    },
    {
      "geometry": {
        "coordinates": [
          1.535676,
          78.042743
        ],
        "type": "Point"
      },
      "properties": {
        "cipher": "Standard",
        "mode": "value_domain",
        "projection": "webmercator_hash_v1",
        "projection_method": "webmercator_hash_v1",
        "value": 1896
      },
      "type": "Feature"
    },
    {
      "geometry": {
        "coordinates": [
          63.074809,
          53.493963
        ],
        "type": "Point"
      },
      "properties": {
        "cipher": "Standard",
        "mode": "value_domain",
        "projection": "webmercator_hash_v1",
        "projection_method": "webmercator_hash_v1",
        "value": 1897
      },
      "type": "Feature"
    },
    {
      "geometry": {
        "coordinates": [
          -115.318221,
          -76.345471
        ],
        "type": "Point"
      },
      "properties": {
        "cipher": "Standard",
        "mode": "value_domain",
        "projection": "webmercator_hash_v1",
        "projection_method": "webmercator_hash_v1",
        "value": 1898
      },
      "type": "Feature"
    },
    {
      "geometry": {
        "coordinates": [
          12.424182,
          -20.811092
        ],
        "type": "Point"
      },
      "properties": {
        "cipher": "Standard",
        "mode": "value_domain",
        "projection": "webmercator_hash_v1",
        "projection_method": "webmercator_hash_v1",
        "value": 1899
      },
      "type": "Feature"
    },
    {
      "geometry": {
        "coordinates": [
          -113.408487,
          9.202483
        ],
        "type": "Point"
      },
      "properties": {
        "cipher": "Standard",
        "mode": "value_domain",
        "projection": "webmercator_hash_v1",
        "projection_method": "webmercator_hash_v1",
        "value": 1900
      },
      "type": "Feature"
    },
    {
      "geometry": {
        "coordinates": [
          82.943995,
          -52.142103
        ],
        "type": "Point"
      },
      "properties": {
        "cipher": "Standard",
        "mode": "value_domain",
        "projection": "webmercator_hash_v1",
        "projection_method": "webmercator_hash_v1",
        "value": 1901
      },
      "type": "Feature"
    },
    {
      "geometry": {
        "coordinates": [
          103.45131,
          67.345409
        ],
        "type": "Point"
      },
      "properties": {
        "cipher": "Standard",
        "mode": "value_domain",
        "projection": "webmercator_hash_v1",
        "projection_method": "webmercator_hash_v1",
        "value": 1902
      },
      "type": "Feature"
    },
    {
      "geometry": {
        "coordinates": [
          43.955423,
          37.913576
        ],
        "type": "Point"
      },
      "properties": {
        "cipher": "Standard",
        "mode": "value_domain",
        "projection": "webmercator_hash_v1",
        "projection_method": "webmercator_hash_v1",
        "value": 1903
      },
      "type": "Feature"
    },
    {
      "geometry": {
        "coordinates": [
          -21.745317,
          38.956196
        ],
        "type": "Point"
      },
      "properties": {
        "cipher": "Standard",
        "mode": "value_domain",
        "projection": "webmercator_hash_v1",
        "projection_method": "webmercator_hash_v1",
        "value": 1904
      },
      "type": "Feature"
    },
    {
      "geometry": {
        "coordinates": [
          -54.02777,
          -82.58732
        ],
        "type": "Point"
      },
      "properties": {
        "cipher": "Standard",
        "mode": "value_domain",
        "projection": "webmercator_hash_v1",
        "projection_method": "webmercator_hash_v1",
        "value": 1905
      },
      "type": "Feature"
    },
    {
      "geometry": {
        "coordinates": [
          -118.30473,
          -8.842398
        ],
        "type": "Point"
      },
      "properties": {
        "cipher": "Standard",
        "mode": "value_domain",
        "projection": "webmercator_hash_v1",
        "projection_method": "webmercator_hash_v1",
        "value": 1906
      },
      "type": "Feature"
    },
    {
      "geometry": {
        "coordinates": [
          -111.735297,
          83.285565
        ],
        "type": "Point"
      },
      "properties": {
        "cipher": "Standard",
        "mode": "value_domain",
        "projection": "webmercator_hash_v1",
        "projection_method": "webmercator_hash_v1",
        "value": 1907
      },
      "type": "Feature"
    },
    {
      "geometry": {
        "coordinates": [
          -63.623601,
          10.882063
        ],
        "type": "Point"
      },
      "properties": {
        "cipher": "Standard",
        "mode": "value_domain",
        "projection": "webmercator_hash_v1",
        "projection_method": "webmercator_hash_v1",
        "value": 1908
      },
      "type": "Feature"
    },
    {
      "geometry": {
        "coordinates": [
          116.921998,
          -22.507079
        ],
        "type": "Point"
      },
      "properties": {
        "cipher": "Standard",
        "mode": "value_domain",
        "projection": "webmercator_hash_v1",
        "projection_method": "webmercator_hash_v1",
        "value": 1909
      },
      "type": "Feature"
    },
    {
      "geometry": {
        "coordinates": [
          -66.137609,
          65.505818
        ],
        "type": "Point"
      },
      "properties": {
        "cipher": "Standard",
        "mode": "value_domain",
        "projection": "webmercator_hash_v1",
        "projection_method": "webmercator_hash_v1",
        "value": 1910
      },
      "type": "Feature"
    },
    {
      "geometry": {
        "coordinates": [
          -139.837869,
          -15.17193
        ],
        "type": "Point"
      },
      "properties": {
        "cipher": "Standard",
        "mode": "value_domain",
        "projection": "webmercator_hash_v1",
        "projection_method": "webmercator_hash_v1",
        "value": 1911
      },
      "type": "Feature"
    },
    {
      "geometry": {
        "coordinates": [
          -57.828155,
          -39.798684
        ],
        "type": "Point"
      },
      "properties": {
        "cipher": "Standard",
        "mode": "value_domain",
        "projection": "webmercator_hash_v1",
        "projection_method": "webmercator_hash_v1",
        "value": 1912
      },
      "type": "Feature"
    },
    {
      "geometry": {
        "coordinates": [
          -29.469689,
          20.963546
        ],
        "type": "Point"
      },
      "properties": {
        "cipher": "Standard",
        "mode": "value_domain",
        "projection": "webmercator_hash_v1",
        "projection_method": "webmercator_hash_v1",
        "value": 1913
      },
      "type": "Feature"
    },
    {
      "geometry": {
        "coordinates": [
          -24.896174,
          -82.882246
        ],
        "type": "Point"
      },
      "properties": {
        "cipher": "Standard",
        "mode": "value_domain",
        "projection": "webmercator_hash_v1",
        "projection_method": "webmercator_hash_v1",
        "value": 1914
      },
      "type": "Feature"
    },
    {
      "geometry": {
        "coordinates": [
          -77.553067,
          58.605948
        ],
        "type": "Point"
      },
      "properties": {
        "cipher": "Standard",
        "mode": "value_domain",
        "projection": "webmercator_hash_v1",
        "projection_method": "webmercator_hash_v1",
        "value": 1915
      },
      "type": "Feature"
    },
    {
      "geometry": {
        "coordinates": [
          110.792324,
          -39.985843
        ],
        "type": "Point"
      },
      "properties": {
        "cipher": "Standard",
        "mode": "value_domain",
        "projection": "webmercator_hash_v1",
        "projection_method": "webmercator_hash_v1",
        "value": 1916
      },
      "type": "Feature"
    },
    {
      "geometry": {
        "coordinates": [
          -175.278631,
          -24.929338
        ],
        "type": "Point"
      },
      "properties": {
        "cipher": "Standard",
        "mode": "value_domain",
        "projection": "webmercator_hash_v1",
        "projection_method": "webmercator_hash_v1",
        "value": 1917
      },
      "type": "Feature"
    },
    {
      "geometry": {
        "coordinates": [
          -112.919849,
          -65.015512
        ],
        "type": "Point"
      },
      "properties": {
        "cipher": "Standard",
        "mode": "value_domain",
        "projection": "webmercator_hash_v1",
        "projection_method": "webmercator_hash_v1",
        "value": 1918
      },
      "type": "Feature"
    },
    {
      "geometry": {
        "coordinates": [
          -79.636631,
          63.463328
        ],
        "type": "Point"
      },
      "properties": {
        "cipher": "Standard",
        "mode": "value_domain",
        "projection": "webmercator_hash_v1",
        "projection_method": "webmercator_hash_v1",
        "value": 1919
      },
      "type": "Feature"
    },
    {
      "geometry": {
        "coordinates": [
          116.463763,
          52.129122
        ],
        "type": "Point"
      },
      "properties": {
        "cipher": "Standard",
        "mode": "value_domain",
        "projection": "webmercator_hash_v1",
        "projection_method": "webmercator_hash_v1",
        "value": 1920
      },
      "type": "Feature"
    },
    {
      "geometry": {
        "coordinates": [
          19.468771,
          -50.983281
        ],
        "type": "Point"
      },
      "properties": {
        "cipher": "Standard",
        "mode": "value_domain",
        "projection": "webmercator_hash_v1",
        "projection_method": "webmercator_hash_v1",
        "value": 1921
      },
      "type": "Feature"
    },
    {
      "geometry": {
        "coordinates": [
          44.144231,
          -80.098616
        ],
        "type": "Point"
      },
      "properties": {
        "cipher": "Standard",
        "mode": "value_domain",
        "projection": "webmercator_hash_v1",
        "projection_method": "webmercator_hash_v1",
        "value": 1922
      },
      "type": "Feature"
    },
    {
      "geometry": {
        "coordinates": [
          -24.092945,
          -61.787383
        ],
        "type": "Point"
      },
      "properties": {
        "cipher": "Standard",
        "mode": "value_domain",
        "projection": "webmercator_hash_v1",
        "projection_method": "webmercator_hash_v1",
        "value": 1923
      },
      "type": "Feature"
    },
    {
      "geometry": {
        "coordinates": [
          87.669449,
          -77.809612
        ],
        "type": "Point"
      },
      "properties": {
        "cipher": "Standard",
        "mode": "value_domain",
        "projection": "webmercator_hash_v1",
        "projection_method": "webmercator_hash_v1",
        "value": 1924
      },
      "type": "Feature"
    },
    {
      "geometry": {
        "coordinates": [
          76.618401,
          -18.852503
        ],
        "type": "Point"
      },
      "properties": {
        "cipher": "Standard",
        "mode": "value_domain",
        "projection": "webmercator_hash_v1",
        "projection_method": "webmercator_hash_v1",
        "value": 1925
      },
      "type": "Feature"
    },
    {
      "geometry": {
        "coordinates": [
          69.838247,
          -12.351253
        ],
        "type": "Point"
      },
      "properties": {
        "cipher": "Standard",
        "mode": "value_domain",
        "projection": "webmercator_hash_v1",
        "projection_method": "webmercator_hash_v1",
        "value": 1926
      },
      "type": "Feature"
    },
    {
      "geometry": {
        "coordinates": [
          175.549812,
          -3.207494
        ],
        "type": "Point"
      },
      "properties": {
        "cipher": "Standard",
        "mode": "value_domain",
        "projection": "webmercator_hash_v1",
        "projection_method": "webmercator_hash_v1",
        "value": 1927
      },
      "type": "Feature"
    },
    {
      "geometry": {
        "coordinates": [
          -112.761747,
          -35.5728
        ],
        "type": "Point"
      },
      "properties": {
        "cipher": "Standard",
        "mode": "value_domain",
        "projection": "webmercator_hash_v1",
        "projection_method": "webmercator_hash_v1",
        "value": 1928
      },
      "type": "Feature"
    },
    {
      "geometry": {
        "coordinates": [
          -94.115826,
          18.453659
        ],
        "type": "Point"
      },
      "properties": {
        "cipher": "Standard",
        "mode": "value_domain",
        "projection": "webmercator_hash_v1",
        "projection_method": "webmercator_hash_v1",
        "value": 1929
      },
      "type": "Feature"
    },
    {
      "geometry": {
        "coordinates": [
          -54.692228,
          -31.325425
        ],
        "type": "Point"
      },
      "properties": {
        "cipher": "Standard",
        "mode": "value_domain",
        "projection": "webmercator_hash_v1",
        "projection_method": "webmercator_hash_v1",
        "value": 1930
      },
      "type": "Feature"
    },
    {
      "geometry": {
        "coordinates": [
          -11.417595,
          -43.212968
        ],
        "type": "Point"
      },
      "properties": {
        "cipher": "Standard",
        "mode": "value_domain",
        "projection": "webmercator_hash_v1",
        "projection_method": "webmercator_hash_v1",
        "value": 1931
      },
      "type": "Feature"
    },
    {
      "geometry": {
        "coordinates": [
          -176.80384,
          55.809337
        ],
        "type": "Point"
      },
      "properties": {
        "cipher": "Standard",
        "mode": "value_domain",
        "projection": "webmercator_hash_v1",
        "projection_method": "webmercator_hash_v1",
        "value": 1932
      },
      "type": "Feature"
    },
    {
      "geometry": {
        "coordinates": [
          -35.320645,
          49.539825
        ],
        "type": "Point"
      },
      "properties": {
        "cipher": "Standard",
        "mode": "value_domain",
        "projection": "webmercator_hash_v1",
        "projection_method": "webmercator_hash_v1",
        "value": 1933
      },
      "type": "Feature"
    },
    {
      "geometry": {
        "coordinates": [
          95.962775,
          67.503461
        ],
        "type": "Point"
      },
      "properties": {
        "cipher": "Standard",
        "mode": "value_domain",
        "projection": "webmercator_hash_v1",
        "projection_method": "webmercator_hash_v1",
        "value": 1934
      },
      "type": "Feature"
    },
    {
      "geometry": {
        "coordinates": [
          51.295714,
          -5.672166
        ],
        "type": "Point"
      },
      "properties": {
        "cipher": "Standard",
        "mode": "value_domain",
        "projection": "webmercator_hash_v1",
        "projection_method": "webmercator_hash_v1",
        "value": 1935
      },
      "type": "Feature"
    },
    {
      "geometry": {
        "coordinates": [
          103.423296,
          63.074837
        ],
        "type": "Point"
      },
      "properties": {
        "cipher": "Standard",
        "mode": "value_domain",
        "projection": "webmercator_hash_v1",
        "projection_method": "webmercator_hash_v1",
        "value": 1936
      },
      "type": "Feature"
    },
    {
      "geometry": {
        "coordinates": [
          2.18582,
          -72.335436
        ],
        "type": "Point"
      },
      "properties": {
        "cipher": "Standard",
        "mode": "value_domain",
        "projection": "webmercator_hash_v1",
        "projection_method": "webmercator_hash_v1",
        "value": 1937
      },
      "type": "Feature"
    },
    {
      "geometry": {
        "coordinates": [
          179.965541,
          33.156572
        ],
        "type": "Point"
      },
      "properties": {
        "cipher": "Standard",
        "mode": "value_domain",
        "projection": "webmercator_hash_v1",
        "projection_method": "webmercator_hash_v1",
        "value": 1938
      },
      "type": "Feature"
    },
    {
      "geometry": {
        "coordinates": [
          -100.137315,
          50.130859
        ],
        "type": "Point"
      },
      "properties": {
        "cipher": "Standard",
        "mode": "value_domain",
        "projection": "webmercator_hash_v1",
        "projection_method": "webmercator_hash_v1",
        "value": 1939
      },
      "type": "Feature"
    },
    {
      "geometry": {
        "coordinates": [
          -128.425037,
          -21.523232
        ],
        "type": "Point"
      },
      "properties": {
        "cipher": "Standard",
        "mode": "value_domain",
        "projection": "webmercator_hash_v1",
        "projection_method": "webmercator_hash_v1",
        "value": 1940
      },
      "type": "Feature"
    },
    {
      "geometry": {
        "coordinates": [
          -96.206812,
          -38.230028
        ],
        "type": "Point"
      },
      "properties": {
        "cipher": "Standard",
        "mode": "value_domain",
        "projection": "webmercator_hash_v1",
        "projection_method": "webmercator_hash_v1",
        "value": 1941
      },
      "type": "Feature"
    },
    {
      "geometry": {
        "coordinates": [
          36.35263,
          76.190403
        ],
        "type": "Point"
      },
      "properties": {
        "cipher": "Standard",
        "mode": "value_domain",
        "projection": "webmercator_hash_v1",
        "projection_method": "webmercator_hash_v1",
        "value": 1942
      },
      "type": "Feature"
    },
    {
      "geometry": {
        "coordinates": [
          58.594455,
          28.512856
        ],
        "type": "Point"
      },
      "properties": {
        "cipher": "Standard",
        "mode": "value_domain",
        "projection": "webmercator_hash_v1",
        "projection_method": "webmercator_hash_v1",
        "value": 1943
      },
      "type": "Feature"
    },
    {
      "geometry": {
        "coordinates": [
          148.346295,
          5.019383
        ],
        "type": "Point"
      },
      "properties": {
        "cipher": "Standard",
        "mode": "value_domain",
        "projection": "webmercator_hash_v1",
        "projection_method": "webmercator_hash_v1",
        "value": 1944
      },
      "type": "Feature"
    },
    {
      "geometry": {
        "coordinates": [
          -53.770122,
          18.731975
        ],
        "type": "Point"
      },
      "properties": {
        "cipher": "Standard",
        "mode": "value_domain",
        "projection": "webmercator_hash_v1",
        "projection_method": "webmercator_hash_v1",
        "value": 1945
      },
      "type": "Feature"
    },
    {
      "geometry": {
        "coordinates": [
          149.432028,
          -32.280514
        ],
        "type": "Point"
      },
      "properties": {
        "cipher": "Standard",
        "mode": "value_domain",
        "projection": "webmercator_hash_v1",
        "projection_method": "webmercator_hash_v1",
        "value": 1946
      },
      "type": "Feature"
    },
    {
      "geometry": {
        "coordinates": [
          -98.207474,
          29.420658
        ],
        "type": "Point"
      },
      "properties": {
        "cipher": "Standard",
        "mode": "value_domain",
        "projection": "webmercator_hash_v1",
        "projection_method": "webmercator_hash_v1",
        "value": 1947
      },
      "type": "Feature"
    },
    {
      "geometry": {
        "coordinates": [
          84.514379,
          -17.428298
        ],
        "type": "Point"
      },
      "properties": {
        "cipher": "Standard",
        "mode": "value_domain",
        "projection": "webmercator_hash_v1",
        "projection_method": "webmercator_hash_v1",
        "value": 1948
      },
      "type": "Feature"
    },
    {
      "geometry": {
        "coordinates": [
          -44.551694,
          -46.360418
        ],
        "type": "Point"
      },
      "properties": {
        "cipher": "Standard",
        "mode": "value_domain",
        "projection": "webmercator_hash_v1",
        "projection_method": "webmercator_hash_v1",
        "value": 1949
      },
      "type": "Feature"
    },
    {
      "geometry": {
        "coordinates": [
          53.891734,
          79.064927
        ],
        "type": "Point"
      },
      "properties": {
        "cipher": "Standard",
        "mode": "value_domain",
        "projection": "webmercator_hash_v1",
        "projection_method": "webmercator_hash_v1",
        "value": 1950
      },
      "type": "Feature"
    },
    {
      "geometry": {
        "coordinates": [
          117.996671,
          -36.387121
        ],
        "type": "Point"
      },
      "properties": {
        "cipher": "Standard",
        "mode": "value_domain",
        "projection": "webmercator_hash_v1",
        "projection_method": "webmercator_hash_v1",
        "value": 1951
      },
      "type": "Feature"
    },
    {
      "geometry": {
        "coordinates": [
          -44.637431,
          -9.132948
        ],
        "type": "Point"
      },
      "properties": {
        "cipher": "Standard",
        "mode": "value_domain",
        "projection": "webmercator_hash_v1",
        "projection_method": "webmercator_hash_v1",
        "value": 1952
      },
      "type": "Feature"
    },
    {
      "geometry": {
        "coordinates": [
          124.239134,
          39.698122
        ],
        "type": "Point"
      },
      "properties": {
        "cipher": "Standard",
        "mode": "value_domain",
        "projection": "webmercator_hash_v1",
        "projection_method": "webmercator_hash_v1",
        "value": 1953
      },
      "type": "Feature"
    },
    {
      "geometry": {
        "coordinates": [
          -93.374862,
          -60.140852
        ],
        "type": "Point"
      },
      "properties": {
        "cipher": "Standard",
        "mode": "value_domain",
        "projection": "webmercator_hash_v1",
        "projection_method": "webmercator_hash_v1",
        "value": 1954
      },
      "type": "Feature"
    },
    {
      "geometry": {
        "coordinates": [
          34.603972,
          65.77078
        ],
        "type": "Point"
      },
      "properties": {
        "cipher": "Standard",
        "mode": "value_domain",
        "projection": "webmercator_hash_v1",
        "projection_method": "webmercator_hash_v1",
        "value": 1955
      },
      "type": "Feature"
    },
    {
      "geometry": {
        "coordinates": [
          -135.254555,
          52.297579
        ],
        "type": "Point"
      },
      "properties": {
        "cipher": "Standard",
        "mode": "value_domain",
        "projection": "webmercator_hash_v1",
        "projection_method": "webmercator_hash_v1",
        "value": 1956
      },
      "type": "Feature"
    },
    {
      "geometry": {
        "coordinates": [
          -99.47881,
          -69.124874
        ],
        "type": "Point"
      },
      "properties": {
        "cipher": "Standard",
        "mode": "value_domain",
        "projection": "webmercator_hash_v1",
        "projection_method": "webmercator_hash_v1",
        "value": 1957
      },
      "type": "Feature"
    },
    {
      "geometry": {
        "coordinates": [
          -124.263998,
          32.914695
        ],
        "type": "Point"
      },
      "properties": {
        "cipher": "Standard",
        "mode": "value_domain",
        "projection": "webmercator_hash_v1",
        "projection_method": "webmercator_hash_v1",
        "value": 1958
      },
      "type": "Feature"
    },
    {
      "geometry": {
        "coordinates": [
          -41.134486,
          52.212889
        ],
        "type": "Point"
      },
      "properties": {
        "cipher": "Standard",
        "mode": "value_domain",
        "projection": "webmercator_hash_v1",
        "projection_method": "webmercator_hash_v1",
        "value": 1959
      },
      "type": "Feature"
    },
    {
      "geometry": {
        "coordinates": [
          57.090997,
          13.635358
        ],
        "type": "Point"
      },
      "properties": {
        "cipher": "Standard",
        "mode": "value_domain",
        "projection": "webmercator_hash_v1",
        "projection_method": "webmercator_hash_v1",
        "value": 1960
      },
      "type": "Feature"
    },
    {
      "geometry": {
        "coordinates": [
          -103.387319,
          83.200658
        ],
        "type": "Point"
      },
      "properties": {
        "cipher": "Standard",
        "mode": "value_domain",
        "projection": "webmercator_hash_v1",
        "projection_method": "webmercator_hash_v1",
        "value": 1961
      },
      "type": "Feature"
    },
    {
      "geometry": {
        "coordinates": [
          -51.487996,
          52.632179
        ],
        "type": "Point"
      },
      "properties": {
        "cipher": "Standard",
        "mode": "value_domain",
        "projection": "webmercator_hash_v1",
        "projection_method": "webmercator_hash_v1",
        "value": 1962
      },
      "type": "Feature"
    },
    {
      "geometry": {
        "coordinates": [
          -175.338816,
          29.354372
        ],
        "type": "Point"
      },
      "properties": {
        "cipher": "Standard",
        "mode": "value_domain",
        "projection": "webmercator_hash_v1",
        "projection_method": "webmercator_hash_v1",
        "value": 1963
      },
      "type": "Feature"
    },
    {
      "geometry": {
        "coordinates": [
          -60.979971,
          -23.678222
        ],
        "type": "Point"
      },
      "properties": {
        "cipher": "Standard",
        "mode": "value_domain",
        "projection": "webmercator_hash_v1",
        "projection_method": "webmercator_hash_v1",
        "value": 1964
      },
      "type": "Feature"
    },
    {
      "geometry": {
        "coordinates": [
          -87.521311,
          -81.227515
        ],
        "type": "Point"
      },
      "properties": {
        "cipher": "Standard",
        "mode": "value_domain",
        "projection": "webmercator_hash_v1",
        "projection_method": "webmercator_hash_v1",
        "value": 1965
      },
      "type": "Feature"
    },
    {
      "geometry": {
        "coordinates": [
          76.215826,
          72.809914
        ],
        "type": "Point"
      },
      "properties": {
        "cipher": "Standard",
        "mode": "value_domain",
        "projection": "webmercator_hash_v1",
        "projection_method": "webmercator_hash_v1",
        "value": 1966
      },
      "type": "Feature"
    },
    {
      "geometry": {
        "coordinates": [
          124.66051,
          -29.448673
        ],
        "type": "Point"
      },
      "properties": {
        "cipher": "Standard",
        "mode": "value_domain",
        "projection": "webmercator_hash_v1",
        "projection_method": "webmercator_hash_v1",
        "value": 1967
      },
      "type": "Feature"
    },
    {
      "geometry": {
        "coordinates": [
          -44.935618,
          5.577206
        ],
        "type": "Point"
      },
      "properties": {
        "cipher": "Standard",
        "mode": "value_domain",
        "projection": "webmercator_hash_v1",
        "projection_method": "webmercator_hash_v1",
        "value": 1968
      },
      "type": "Feature"
    },
    {
      "geometry": {
        "coordinates": [
          -72.271094,
          -58.891354
        ],
        "type": "Point"
      },
      "properties": {
        "cipher": "Standard",
        "mode": "value_domain",
        "projection": "webmercator_hash_v1",
        "projection_method": "webmercator_hash_v1",
        "value": 1969
      },
      "type": "Feature"
    },
    {
      "geometry": {
        "coordinates": [
          131.848525,
          30.496688
        ],
        "type": "Point"
      },
      "properties": {
        "cipher": "Standard",
        "mode": "value_domain",
        "projection": "webmercator_hash_v1",
        "projection_method": "webmercator_hash_v1",
        "value": 1970
      },
      "type": "Feature"
    },
    {
      "geometry": {
        "coordinates": [
          -55.294064,
          -51.560915
        ],
        "type": "Point"
      },
      "properties": {
        "cipher": "Standard",
        "mode": "value_domain",
        "projection": "webmercator_hash_v1",
        "projection_method": "webmercator_hash_v1",
        "value": 1971
      },
      "type": "Feature"
    },
    {
      "geometry": {
        "coordinates": [
          -67.090486,
          41.16012
        ],
        "type": "Point"
      },
      "properties": {
        "cipher": "Standard",
        "mode": "value_domain",
        "projection": "webmercator_hash_v1",
        "projection_method": "webmercator_hash_v1",
        "value": 1972
      },
      "type": "Feature"
    },
    {
      "geometry": {
        "coordinates": [
          -168.700121,
          63.990935
        ],
        "type": "Point"
      },
      "properties": {
        "cipher": "Standard",
        "mode": "value_domain",
        "projection": "webmercator_hash_v1",
        "projection_method": "webmercator_hash_v1",
        "value": 1973
      },
      "type": "Feature"
    },
    {
      "geometry": {
        "coordinates": [
          156.017564,
          75.911029
        ],
        "type": "Point"
      },
      "properties": {
        "cipher": "Standard",
        "mode": "value_domain",
        "projection": "webmercator_hash_v1",
        "projection_method": "webmercator_hash_v1",
        "value": 1974
      },
      "type": "Feature"
    },
    {
      "geometry": {
        "coordinates": [
          94.103349,
          -2.675371
        ],
        "type": "Point"
      },
      "properties": {
        "cipher": "Standard",
        "mode": "value_domain",
        "projection": "webmercator_hash_v1",
        "projection_method": "webmercator_hash_v1",
        "value": 1975
      },
      "type": "Feature"
    },
    {
      "geometry": {
        "coordinates": [
          24.048685,
          29.841065
        ],
        "type": "Point"
      },
      "properties": {
        "cipher": "Standard",
        "mode": "value_domain",
        "projection": "webmercator_hash_v1",
        "projection_method": "webmercator_hash_v1",
        "value": 1976
      },
      "type": "Feature"
    },
    {
      "geometry": {
        "coordinates": [
          154.885652,
          -65.052906
        ],
        "type": "Point"
      },
      "properties": {
        "cipher": "Standard",
        "mode": "value_domain",
        "projection": "webmercator_hash_v1",
        "projection_method": "webmercator_hash_v1",
        "value": 1977
      },
      "type": "Feature"
    },
    {
      "geometry": {
        "coordinates": [
          -52.165301,
          59.570693
        ],
        "type": "Point"
      },
      "properties": {
        "cipher": "Standard",
        "mode": "value_domain",
        "projection": "webmercator_hash_v1",
        "projection_method": "webmercator_hash_v1",
        "value": 1978
      },
      "type": "Feature"
    },
    {
      "geometry": {
        "coordinates": [
          14.889778,
          -15.203056
        ],
        "type": "Point"
      },
      "properties": {
        "cipher": "Standard",
        "mode": "value_domain",
        "projection": "webmercator_hash_v1",
        "projection_method": "webmercator_hash_v1",
        "value": 1979
      },
      "type": "Feature"
    },
    {
      "geometry": {
        "coordinates": [
          -171.982536,
          -68.109756
        ],
        "type": "Point"
      },
      "properties": {
        "cipher": "Standard",
        "mode": "value_domain",
        "projection": "webmercator_hash_v1",
        "projection_method": "webmercator_hash_v1",
        "value": 1980
      },
      "type": "Feature"
    },
    {
      "geometry": {
        "coordinates": [
          29.66102,
          73.681831
        ],
        "type": "Point"
      },
      "properties": {
        "cipher": "Standard",
        "mode": "value_domain",
        "projection": "webmercator_hash_v1",
        "projection_method": "webmercator_hash_v1",
        "value": 1981
      },
      "type": "Feature"
    },
    {
      "geometry": {
        "coordinates": [
          -174.60791,
          -30.157603
        ],
        "type": "Point"
      },
      "properties": {
        "cipher": "Standard",
        "mode": "value_domain",
        "projection": "webmercator_hash_v1",
        "projection_method": "webmercator_hash_v1",
        "value": 1982
      },
      "type": "Feature"
    },
    {
      "geometry": {
        "coordinates": [
          -46.909809,
          -18.621574
        ],
        "type": "Point"
      },
      "properties": {
        "cipher": "Standard",
        "mode": "value_domain",
        "projection": "webmercator_hash_v1",
        "projection_method": "webmercator_hash_v1",
        "value": 1983
      },
      "type": "Feature"
    },
    {
      "geometry": {
        "coordinates": [
          177.232721,
          68.29814
        ],
        "type": "Point"
      },
      "properties": {
        "cipher": "Standard",
        "mode": "value_domain",
        "projection": "webmercator_hash_v1",
        "projection_method": "webmercator_hash_v1",
        "value": 1984
      },
      "type": "Feature"
    },
    {
      "geometry": {
        "coordinates": [
          24.476751,
          65.489026
        ],
        "type": "Point"
      },
      "properties": {
        "cipher": "Standard",
        "mode": "value_domain",
        "projection": "webmercator_hash_v1",
        "projection_method": "webmercator_hash_v1",
        "value": 1985
      },
      "type": "Feature"
    },
    {
      "geometry": {
        "coordinates": [
          -159.622567,
          56.014123
        ],
        "type": "Point"
      },
      "properties": {
        "cipher": "Standard",
        "mode": "value_domain",
        "projection": "webmercator_hash_v1",
        "projection_method": "webmercator_hash_v1",
        "value": 1986
      },
      "type": "Feature"
    },
    {
      "geometry": {
        "coordinates": [
          -150.100917,
          69.114362
        ],
        "type": "Point"
      },
      "properties": {
        "cipher": "Standard",
        "mode": "value_domain",
        "projection": "webmercator_hash_v1",
        "projection_method": "webmercator_hash_v1",
        "value": 1987
      },
      "type": "Feature"
    },
    {
      "geometry": {
        "coordinates": [
          66.390268,
          -42.62092
        ],
        "type": "Point"
      },
      "properties": {
        "cipher": "Standard",
        "mode": "value_domain",
        "projection": "webmercator_hash_v1",
        "projection_method": "webmercator_hash_v1",
        "value": 1988
      },
      "type": "Feature"
    },
    {
      "geometry": {
        "coordinates": [
          8.918762,
          -78.996819
        ],
        "type": "Point"
      },
      "properties": {
        "cipher": "Standard",
        "mode": "value_domain",
        "projection": "webmercator_hash_v1",
        "projection_method": "webmercator_hash_v1",
        "value": 1989
      },
      "type": "Feature"
    },
    {
      "geometry": {
        "coordinates": [
          -64.352759,
          80.176979
        ],
        "type": "Point"
      },
      "properties": {
        "cipher": "Standard",
        "mode": "value_domain",
        "projection": "webmercator_hash_v1",
        "projection_method": "webmercator_hash_v1",
        "value": 1990
      },
      "type": "Feature"
    },
    {
      "geometry": {
        "coordinates": [
          -143.477651,
          -14.440206
        ],
        "type": "Point"
      },
      "properties": {
        "cipher": "Standard",
        "mode": "value_domain",
        "projection": "webmercator_hash_v1",
        "projection_method": "webmercator_hash_v1",
        "value": 1991
      },
      "type": "Feature"
    },
    {
      "geometry": {
        "coordinates": [
          -47.078206,
          -47.393232
        ],
        "type": "Point"
      },
      "properties": {
        "cipher": "Standard",
        "mode": "value_domain",
        "projection": "webmercator_hash_v1",
        "projection_method": "webmercator_hash_v1",
        "value": 1992
      },
      "type": "Feature"
    },
    {
      "geometry": {
        "coordinates": [
          56.159978,
          -70.833859
        ],
        "type": "Point"
      },
      "properties": {
        "cipher": "Standard",
        "mode": "value_domain",
        "projection": "webmercator_hash_v1",
        "projection_method": "webmercator_hash_v1",
        "value": 1993
      },
      "type": "Feature"
    },
    {
      "geometry": {
        "coordinates": [
          103.801343,
          31.164971
        ],
        "type": "Point"
      },
      "properties": {
        "cipher": "Standard",
        "mode": "value_domain",
        "projection": "webmercator_hash_v1",
        "projection_method": "webmercator_hash_v1",
        "value": 1994
      },
      "type": "Feature"
    },
    {
      "geometry": {
        "coordinates": [
          85.968191,
          -81.634828
        ],
        "type": "Point"
      },
      "properties": {
        "cipher": "Standard",
        "mode": "value_domain",
        "projection": "webmercator_hash_v1",
        "projection_method": "webmercator_hash_v1",
        "value": 1995
      },
      "type": "Feature"
    },
    {
      "geometry": {
        "coordinates": [
          -137.451432,
          -16.049089
        ],
        "type": "Point"
      },
      "properties": {
        "cipher": "Standard",
        "mode": "value_domain",
        "projection": "webmercator_hash_v1",
        "projection_method": "webmercator_hash_v1",
        "value": 1996
      },
      "type": "Feature"
    },
    {
      "geometry": {
        "coordinates": [
          -123.253708,
          65.928315
        ],
        "type": "Point"
      },
      "properties": {
        "cipher": "Standard",
        "mode": "value_domain",
        "projection": "webmercator_hash_v1",
        "projection_method": "webmercator_hash_v1",
        "value": 1997
      },
      "type": "Feature"
    },
    {
      "geometry": {
        "coordinates": [
          149.199087,
          45.04005
        ],
        "type": "Point"
      },
      "properties": {
        "cipher": "Standard",
        "mode": "value_domain",
        "projection": "webmercator_hash_v1",
        "projection_method": "webmercator_hash_v1",
        "value": 1998
      },
      "type": "Feature"
    },
    {
      "geometry": {
        "coordinates": [
          71.873367,
          -33.310786
        ],
        "type": "Point"
      },
      "properties": {
        "cipher": "Standard",
        "mode": "value_domain",
        "projection": "webmercator_hash_v1",
        "projection_method": "webmercator_hash_v1",
        "value": 1999
      },
      "type": "Feature"
    },
    {
      "geometry": {
        "coordinates": [
          169.657289,
          -83.072174
        ],
        "type": "Point"
      },
      "properties": {
        "cipher": "Standard",
        "mode": "value_domain",
        "projection": "webmercator_hash_v1",
        "projection_method": "webmercator_hash_v1",
        "value": 2000
      },
      "type": "Feature"
    }
  ],
  "metadata": {
    "cipher": "Standard",
    "max_value": 2000,
    "min_value": 1,
    "mode": "value_domain",
    "projection_method": "webmercator_hash_v1",
    "summary": {
      "domain_value_count": 2000,
      "projected_locus_count": 2000,
      "top_projected_loci_by_domain_values": [
        {
          "domain_value_count": 1,
          "latitude": -72.53562,
          "longitude": -179.863552,
          "projection_method": "webmercator_hash_v1",
          "values": [
            1073
          ]
        },
        {
          "domain_value_count": 1,
          "latitude": 22.840356,
          "longitude": -179.656462,
          "projection_method": "webmercator_hash_v1",
          "values": [
            801
          ]
        },
        {
          "domain_value_count": 1,
          "latitude": -15.042574,
          "longitude": -179.434628,
          "projection_method": "webmercator_hash_v1",
          "values": [
            549
          ]
        },
        {
          "domain_value_count": 1,
          "latitude": 9.862068,
          "longitude": -179.106428,
          "projection_method": "webmercator_hash_v1",
          "values": [
            718
          ]
        },
        {
          "domain_value_count": 1,
          "latitude": -77.258101,
          "longitude": -178.648105,
          "projection_method": "webmercator_hash_v1",
          "values": [
            364
          ]
        },
        {
          "domain_value_count": 1,
          "latitude": 4.820043,
          "longitude": -178.565867,
          "projection_method": "webmercator_hash_v1",
          "values": [
            941
          ]
        },
        {
          "domain_value_count": 1,
          "latitude": -45.014667,
          "longitude": -178.194841,
          "projection_method": "webmercator_hash_v1",
          "values": [
            569
          ]
        },
        {
          "domain_value_count": 1,
          "latitude": -56.636463,
          "longitude": -178.029293,
          "projection_method": "webmercator_hash_v1",
          "values": [
            863
          ]
        },
        {
          "domain_value_count": 1,
          "latitude": -48.657922,
          "longitude": -177.726904,
          "projection_method": "webmercator_hash_v1",
          "values": [
            76
          ]
        },
        {
          "domain_value_count": 1,
          "latitude": 44.106249,
          "longitude": -177.404775,
          "projection_method": "webmercator_hash_v1",
          "values": [
            176
          ]
        },
        {
          "domain_value_count": 1,
          "latitude": -65.470099,
          "longitude": -177.214761,
          "projection_method": "webmercator_hash_v1",
          "values": [
            580
          ]
        },
        {
          "domain_value_count": 1,
          "latitude": -70.224196,
          "longitude": -177.016237,
          "projection_method": "webmercator_hash_v1",
          "values": [
            1349
          ]
        },
        {
          "domain_value_count": 1,
          "latitude": 55.809337,
          "longitude": -176.80384,
          "projection_method": "webmercator_hash_v1",
          "values": [
            1932
          ]
        },
        {
          "domain_value_count": 1,
          "latitude": -3.862528,
          "longitude": -176.762415,
          "projection_method": "webmercator_hash_v1",
          "values": [
            1644
          ]
        },
        {
          "domain_value_count": 1,
          "latitude": -22.203972,
          "longitude": -176.760897,
          "projection_method": "webmercator_hash_v1",
          "values": [
            38
          ]
        },
        {
          "domain_value_count": 1,
          "latitude": 13.180725,
          "longitude": -176.206076,
          "projection_method": "webmercator_hash_v1",
          "values": [
            985
          ]
        },
        {
          "domain_value_count": 1,
          "latitude": -58.503288,
          "longitude": -176.154378,
          "projection_method": "webmercator_hash_v1",
          "values": [
            1055
          ]
        },
        {
          "domain_value_count": 1,
          "latitude": 6.907933,
          "longitude": -175.532622,
          "projection_method": "webmercator_hash_v1",
          "values": [
            1714
          ]
        },
        {
          "domain_value_count": 1,
          "latitude": -20.693872,
          "longitude": -175.498419,
          "projection_method": "webmercator_hash_v1",
          "values": [
            1266
          ]
        },
        {
          "domain_value_count": 1,
          "latitude": 62.519972,
          "longitude": -175.427429,
          "projection_method": "webmercator_hash_v1",
          "values": [
            623
          ]
        }
      ]
    },
    "public_dataset": true,
    "occupancy_public": false
  },
  "type": "FeatureCollection"
}
