{
  "features": [
    {
      "geometry": {
        "coordinates": [
          -119.855564,
          33.596223
        ],
        "type": "Point"
      },
      "properties": {
        "cipher": "nQWER",
        "has_phrases": false,
        "mode": "value_domain",
        "phrase_count": 0,
        "phrases": [],
        "projection": "value_hash_v1",
        "projection_method": "value_hash_v1",
        "value": 1
      },
      "type": "Feature"
    },
    {
      "geometry": {
        "coordinates": [
          -125.127927,
          69.449379
        ],
        "type": "Point"
      },
      "properties": {
        "cipher": "nQWER",
        "has_phrases": false,
        "mode": "value_domain",
        "phrase_count": 0,
        "phrases": [],
        "projection": "value_hash_v1",
        "projection_method": "value_hash_v1",
        "value": 2
      },
      "type": "Feature"
    },
    {
      "geometry": {
        "coordinates": [
          164.444505,
          60.867956
        ],
        "type": "Point"
      },
      "properties": {
        "cipher": "nQWER",
        "has_phrases": false,
        "mode": "value_domain",
        "phrase_count": 0,
        "phrases": [],
        "projection": "value_hash_v1",
        "projection_method": "value_hash_v1",
        "value": 3
      },
      "type": "Feature"
    },
    {
      "geometry": {
        "coordinates": [
          -36.264101,
          -79.139087
        ],
        "type": "Point"
      },
      "properties": {
        "cipher": "nQWER",
        "has_phrases": false,
        "mode": "value_domain",
        "phrase_count": 0,
        "phrases": [],
        "projection": "value_hash_v1",
        "projection_method": "value_hash_v1",
        "value": 4
      },
      "type": "Feature"
    },
    {
      "geometry": {
        "coordinates": [
          119.427312,
          5.131244
        ],
        "type": "Point"
      },
      "properties": {
        "cipher": "nQWER",
        "has_phrases": false,
        "mode": "value_domain",
        "phrase_count": 0,
        "phrases": [],
        "projection": "value_hash_v1",
        "projection_method": "value_hash_v1",
        "value": 5
      },
      "type": "Feature"
    },
    {
      "geometry": {
        "coordinates": [
          -124.619052,
          -18.890187
        ],
        "type": "Point"
      },
      "properties": {
        "cipher": "nQWER",
        "has_phrases": false,
        "mode": "value_domain",
        "phrase_count": 0,
        "phrases": [],
        "projection": "value_hash_v1",
        "projection_method": "value_hash_v1",
        "value": 6
      },
      "type": "Feature"
    },
    {
      "geometry": {
        "coordinates": [
          -168.678795,
          16.153382
        ],
        "type": "Point"
      },
      "properties": {
        "cipher": "nQWER",
        "has_phrases": false,
        "mode": "value_domain",
        "phrase_count": 0,
        "phrases": [],
        "projection": "value_hash_v1",
        "projection_method": "value_hash_v1",
        "value": 7
      },
      "type": "Feature"
    },
    {
      "geometry": {
        "coordinates": [
          1.027712,
          -74.707966
        ],
        "type": "Point"
      },
      "properties": {
        "cipher": "nQWER",
        "has_phrases": false,
        "mode": "value_domain",
        "phrase_count": 0,
        "phrases": [],
        "projection": "value_hash_v1",
        "projection_method": "value_hash_v1",
        "value": 8
      },
      "type": "Feature"
    },
    {
      "geometry": {
        "coordinates": [
          108.750618,
          18.61021
        ],
        "type": "Point"
      },
      "properties": {
        "cipher": "nQWER",
        "has_phrases": false,
        "mode": "value_domain",
        "phrase_count": 0,
        "phrases": [],
        "projection": "value_hash_v1",
        "projection_method": "value_hash_v1",
        "value": 9
      },
      "type": "Feature"
    },
    {
      "geometry": {
        "coordinates": [
          24.572649,
          -87.423189
        ],
        "type": "Point"
      },
      "properties": {
        "cipher": "nQWER",
        "has_phrases": false,
        "mode": "value_domain",
        "phrase_count": 0,
        "phrases": [],
        "projection": "value_hash_v1",
        "projection_method": "value_hash_v1",
        "value": 10
      },
      "type": "Feature"
    },
    {
      "geometry": {
        "coordinates": [
          110.444652,
          24.947808
        ],
        "type": "Point"
      },
      "properties": {
        "cipher": "nQWER",
        "has_phrases": false,
        "mode": "value_domain",
        "phrase_count": 0,
        "phrases": [],
        "projection": "value_hash_v1",
        "projection_method": "value_hash_v1",
        "value": 11
      },
      "type": "Feature"
    },
    {
      "geometry": {
        "coordinates": [
          45.896302,
          72.286637
        ],
        "type": "Point"
      },
      "properties": {
        "cipher": "nQWER",
        "has_phrases": false,
        "mode": "value_domain",
        "phrase_count": 0,
        "phrases": [],
        "projection": "value_hash_v1",
        "projection_method": "value_hash_v1",
        "value": 12
      },
      "type": "Feature"
    },
    {
      "geometry": {
        "coordinates": [
          93.476647,
          -65.125657
        ],
        "type": "Point"
      },
      "properties": {
        "cipher": "nQWER",
        "has_phrases": false,
        "mode": "value_domain",
        "phrase_count": 0,
        "phrases": [],
        "projection": "value_hash_v1",
        "projection_method": "value_hash_v1",
        "value": 13
      },
      "type": "Feature"
    },
    {
      "geometry": {
        "coordinates": [
          -104.650215,
          -64.153701
        ],
        "type": "Point"
      },
      "properties": {
        "cipher": "nQWER",
        "has_phrases": false,
        "mode": "value_domain",
        "phrase_count": 0,
        "phrases": [],
        "projection": "value_hash_v1",
        "projection_method": "value_hash_v1",
        "value": 14
      },
      "type": "Feature"
    },
    {
      "geometry": {
        "coordinates": [
          -65.060117,
          -34.979317
        ],
        "type": "Point"
      },
      "properties": {
        "cipher": "nQWER",
        "has_phrases": false,
        "mode": "value_domain",
        "phrase_count": 0,
        "phrases": [],
        "projection": "value_hash_v1",
        "projection_method": "value_hash_v1",
        "value": 15
      },
      "type": "Feature"
    },
    {
      "geometry": {
        "coordinates": [
          -128.799066,
          -52.879842
        ],
        "type": "Point"
      },
      "properties": {
        "cipher": "nQWER",
        "has_phrases": false,
        "mode": "value_domain",
        "phrase_count": 0,
        "phrases": [],
        "projection": "value_hash_v1",
        "projection_method": "value_hash_v1",
        "value": 16
      },
      "type": "Feature"
    },
    {
      "geometry": {
        "coordinates": [
          -103.827823,
          44.812215
        ],
        "type": "Point"
      },
      "properties": {
        "cipher": "nQWER",
        "has_phrases": false,
        "mode": "value_domain",
        "phrase_count": 0,
        "phrases": [],
        "projection": "value_hash_v1",
        "projection_method": "value_hash_v1",
        "value": 17
      },
      "type": "Feature"
    },
    {
      "geometry": {
        "coordinates": [
          -39.544649,
          -8.112499
        ],
        "type": "Point"
      },
      "properties": {
        "cipher": "nQWER",
        "has_phrases": false,
        "mode": "value_domain",
        "phrase_count": 0,
        "phrases": [],
        "projection": "value_hash_v1",
        "projection_method": "value_hash_v1",
        "value": 18
      },
      "type": "Feature"
    },
    {
      "geometry": {
        "coordinates": [
          -89.355863,
          77.067717
        ],
        "type": "Point"
      },
      "properties": {
        "cipher": "nQWER",
        "has_phrases": false,
        "mode": "value_domain",
        "phrase_count": 0,
        "phrases": [],
        "projection": "value_hash_v1",
        "projection_method": "value_hash_v1",
        "value": 19
      },
      "type": "Feature"
    },
    {
      "geometry": {
        "coordinates": [
          -37.488129,
          16.272501
        ],
        "type": "Point"
      },
      "properties": {
        "cipher": "nQWER",
        "has_phrases": false,
        "mode": "value_domain",
        "phrase_count": 0,
        "phrases": [],
        "projection": "value_hash_v1",
        "projection_method": "value_hash_v1",
        "value": 20
      },
      "type": "Feature"
    },
    {
      "geometry": {
        "coordinates": [
          122.237105,
          -80.954446
        ],
        "type": "Point"
      },
      "properties": {
        "cipher": "nQWER",
        "has_phrases": false,
        "mode": "value_domain",
        "phrase_count": 0,
        "phrases": [],
        "projection": "value_hash_v1",
        "projection_method": "value_hash_v1",
        "value": 21
      },
      "type": "Feature"
    },
    {
      "geometry": {
        "coordinates": [
          47.713646,
          45.090014
        ],
        "type": "Point"
      },
      "properties": {
        "cipher": "nQWER",
        "has_phrases": false,
        "mode": "value_domain",
        "phrase_count": 0,
        "phrases": [],
        "projection": "value_hash_v1",
        "projection_method": "value_hash_v1",
        "value": 22
      },
      "type": "Feature"
    },
    {
      "geometry": {
        "coordinates": [
          -45.01958,
          8.3766
        ],
        "type": "Point"
      },
      "properties": {
        "cipher": "nQWER",
        "has_phrases": false,
        "mode": "value_domain",
        "phrase_count": 0,
        "phrases": [],
        "projection": "value_hash_v1",
        "projection_method": "value_hash_v1",
        "value": 23
      },
      "type": "Feature"
    },
    {
      "geometry": {
        "coordinates": [
          -129.918561,
          80.415776
        ],
        "type": "Point"
      },
      "properties": {
        "cipher": "nQWER",
        "has_phrases": false,
        "mode": "value_domain",
        "phrase_count": 0,
        "phrases": [],
        "projection": "value_hash_v1",
        "projection_method": "value_hash_v1",
        "value": 24
      },
      "type": "Feature"
    },
    {
      "geometry": {
        "coordinates": [
          54.913833,
          75.554886
        ],
        "type": "Point"
      },
      "properties": {
        "cipher": "nQWER",
        "has_phrases": false,
        "mode": "value_domain",
        "phrase_count": 0,
        "phrases": [],
        "projection": "value_hash_v1",
        "projection_method": "value_hash_v1",
        "value": 25
      },
      "type": "Feature"
    },
    {
      "geometry": {
        "coordinates": [
          -11.97951,
          42.743557
        ],
        "type": "Point"
      },
      "properties": {
        "cipher": "nQWER",
        "has_phrases": false,
        "mode": "value_domain",
        "phrase_count": 0,
        "phrases": [],
        "projection": "value_hash_v1",
        "projection_method": "value_hash_v1",
        "value": 26
      },
      "type": "Feature"
    },
    {
      "geometry": {
        "coordinates": [
          89.718576,
          49.568006
        ],
        "type": "Point"
      },
      "properties": {
        "cipher": "nQWER",
        "has_phrases": false,
        "mode": "value_domain",
        "phrase_count": 0,
        "phrases": [],
        "projection": "value_hash_v1",
        "projection_method": "value_hash_v1",
        "value": 27
      },
      "type": "Feature"
    },
    {
      "geometry": {
        "coordinates": [
          2.322602,
          14.867728
        ],
        "type": "Point"
      },
      "properties": {
        "cipher": "nQWER",
        "has_phrases": false,
        "mode": "value_domain",
        "phrase_count": 0,
        "phrases": [],
        "projection": "value_hash_v1",
        "projection_method": "value_hash_v1",
        "value": 28
      },
      "type": "Feature"
    },
    {
      "geometry": {
        "coordinates": [
          -50.47635,
          37.193388
        ],
        "type": "Point"
      },
      "properties": {
        "cipher": "nQWER",
        "has_phrases": false,
        "mode": "value_domain",
        "phrase_count": 0,
        "phrases": [],
        "projection": "value_hash_v1",
        "projection_method": "value_hash_v1",
        "value": 29
      },
      "type": "Feature"
    },
    {
      "geometry": {
        "coordinates": [
          -127.045049,
          -29.050375
        ],
        "type": "Point"
      },
      "properties": {
        "cipher": "nQWER",
        "has_phrases": true,
        "mode": "value_domain",
        "phrase_count": 1,
        "phrases": [
          "aq"
        ],
        "projection": "value_hash_v1",
        "projection_method": "value_hash_v1",
        "value": 30
      },
      "type": "Feature"
    },
    {
      "geometry": {
        "coordinates": [
          122.358393,
          -34.93866
        ],
        "type": "Point"
      },
      "properties": {
        "cipher": "nQWER",
        "has_phrases": false,
        "mode": "value_domain",
        "phrase_count": 0,
        "phrases": [],
        "projection": "value_hash_v1",
        "projection_method": "value_hash_v1",
        "value": 31
      },
      "type": "Feature"
    },
    {
      "geometry": {
        "coordinates": [
          34.76658,
          -30.639626
        ],
        "type": "Point"
      },
      "properties": {
        "cipher": "nQWER",
        "has_phrases": false,
        "mode": "value_domain",
        "phrase_count": 0,
        "phrases": [],
        "projection": "value_hash_v1",
        "projection_method": "value_hash_v1",
        "value": 32
      },
      "type": "Feature"
    },
    {
      "geometry": {
        "coordinates": [
          -45.619813,
          54.316884
        ],
        "type": "Point"
      },
      "properties": {
        "cipher": "nQWER",
        "has_phrases": false,
        "mode": "value_domain",
        "phrase_count": 0,
        "phrases": [],
        "projection": "value_hash_v1",
        "projection_method": "value_hash_v1",
        "value": 33
      },
      "type": "Feature"
    },
    {
      "geometry": {
        "coordinates": [
          132.738809,
          15.756956
        ],
        "type": "Point"
      },
      "properties": {
        "cipher": "nQWER",
        "has_phrases": false,
        "mode": "value_domain",
        "phrase_count": 0,
        "phrases": [],
        "projection": "value_hash_v1",
        "projection_method": "value_hash_v1",
        "value": 34
      },
      "type": "Feature"
    },
    {
      "geometry": {
        "coordinates": [
          31.179177,
          64.016266
        ],
        "type": "Point"
      },
      "properties": {
        "cipher": "nQWER",
        "has_phrases": false,
        "mode": "value_domain",
        "phrase_count": 0,
        "phrases": [],
        "projection": "value_hash_v1",
        "projection_method": "value_hash_v1",
        "value": 35
      },
      "type": "Feature"
    },
    {
      "geometry": {
        "coordinates": [
          -105.109553,
          -24.08998
        ],
        "type": "Point"
      },
      "properties": {
        "cipher": "nQWER",
        "has_phrases": false,
        "mode": "value_domain",
        "phrase_count": 0,
        "phrases": [],
        "projection": "value_hash_v1",
        "projection_method": "value_hash_v1",
        "value": 36
      },
      "type": "Feature"
    },
    {
      "geometry": {
        "coordinates": [
          126.317961,
          70.215089
        ],
        "type": "Point"
      },
      "properties": {
        "cipher": "nQWER",
        "has_phrases": true,
        "mode": "value_domain",
        "phrase_count": 1,
        "phrases": [
          "AI"
        ],
        "projection": "value_hash_v1",
        "projection_method": "value_hash_v1",
        "value": 37
      },
      "type": "Feature"
    },
    {
      "geometry": {
        "coordinates": [
          -62.038206,
          41.644261
        ],
        "type": "Point"
      },
      "properties": {
        "cipher": "nQWER",
        "has_phrases": false,
        "mode": "value_domain",
        "phrase_count": 0,
        "phrases": [],
        "projection": "value_hash_v1",
        "projection_method": "value_hash_v1",
        "value": 38
      },
      "type": "Feature"
    },
    {
      "geometry": {
        "coordinates": [
          -16.832243,
          35.391785
        ],
        "type": "Point"
      },
      "properties": {
        "cipher": "nQWER",
        "has_phrases": true,
        "mode": "value_domain",
        "phrase_count": 1,
        "phrases": [
          "id"
        ],
        "projection": "value_hash_v1",
        "projection_method": "value_hash_v1",
        "value": 39
      },
      "type": "Feature"
    },
    {
      "geometry": {
        "coordinates": [
          11.208114,
          32.855577
        ],
        "type": "Point"
      },
      "properties": {
        "cipher": "nQWER",
        "has_phrases": false,
        "mode": "value_domain",
        "phrase_count": 0,
        "phrases": [],
        "projection": "value_hash_v1",
        "projection_method": "value_hash_v1",
        "value": 40
      },
      "type": "Feature"
    },
    {
      "geometry": {
        "coordinates": [
          -146.049231,
          -11.225001
        ],
        "type": "Point"
      },
      "properties": {
        "cipher": "nQWER",
        "has_phrases": false,
        "mode": "value_domain",
        "phrase_count": 0,
        "phrases": [],
        "projection": "value_hash_v1",
        "projection_method": "value_hash_v1",
        "value": 41
      },
      "type": "Feature"
    },
    {
      "geometry": {
        "coordinates": [
          -12.021358,
          -24.772002
        ],
        "type": "Point"
      },
      "properties": {
        "cipher": "nQWER",
        "has_phrases": false,
        "mode": "value_domain",
        "phrase_count": 0,
        "phrases": [],
        "projection": "value_hash_v1",
        "projection_method": "value_hash_v1",
        "value": 42
      },
      "type": "Feature"
    },
    {
      "geometry": {
        "coordinates": [
          162.80232,
          -29.448856
        ],
        "type": "Point"
      },
      "properties": {
        "cipher": "nQWER",
        "has_phrases": true,
        "mode": "value_domain",
        "phrase_count": 2,
        "phrases": [
          "two",
          "y2k"
        ],
        "projection": "value_hash_v1",
        "projection_method": "value_hash_v1",
        "value": 43
      },
      "type": "Feature"
    },
    {
      "geometry": {
        "coordinates": [
          -109.494009,
          -82.481899
        ],
        "type": "Point"
      },
      "properties": {
        "cipher": "nQWER",
        "has_phrases": false,
        "mode": "value_domain",
        "phrase_count": 0,
        "phrases": [],
        "projection": "value_hash_v1",
        "projection_method": "value_hash_v1",
        "value": 44
      },
      "type": "Feature"
    },
    {
      "geometry": {
        "coordinates": [
          -125.804298,
          -74.247891
        ],
        "type": "Point"
      },
      "properties": {
        "cipher": "nQWER",
        "has_phrases": false,
        "mode": "value_domain",
        "phrase_count": 0,
        "phrases": [],
        "projection": "value_hash_v1",
        "projection_method": "value_hash_v1",
        "value": 45
      },
      "type": "Feature"
    },
    {
      "geometry": {
        "coordinates": [
          148.864988,
          -57.01775
        ],
        "type": "Point"
      },
      "properties": {
        "cipher": "nQWER",
        "has_phrases": true,
        "mode": "value_domain",
        "phrase_count": 1,
        "phrases": [
          "way"
        ],
        "projection": "value_hash_v1",
        "projection_method": "value_hash_v1",
        "value": 46
      },
      "type": "Feature"
    },
    {
      "geometry": {
        "coordinates": [
          -60.054887,
          -48.456351
        ],
        "type": "Point"
      },
      "properties": {
        "cipher": "nQWER",
        "has_phrases": false,
        "mode": "value_domain",
        "phrase_count": 0,
        "phrases": [],
        "projection": "value_hash_v1",
        "projection_method": "value_hash_v1",
        "value": 47
      },
      "type": "Feature"
    },
    {
      "geometry": {
        "coordinates": [
          -81.611019,
          -5.516856
        ],
        "type": "Point"
      },
      "properties": {
        "cipher": "nQWER",
        "has_phrases": false,
        "mode": "value_domain",
        "phrase_count": 0,
        "phrases": [],
        "projection": "value_hash_v1",
        "projection_method": "value_hash_v1",
        "value": 48
      },
      "type": "Feature"
    },
    {
      "geometry": {
        "coordinates": [
          27.943427,
          89.240316
        ],
        "type": "Point"
      },
      "properties": {
        "cipher": "nQWER",
        "has_phrases": true,
        "mode": "value_domain",
        "phrase_count": 1,
        "phrases": [
          "you"
        ],
        "projection": "value_hash_v1",
        "projection_method": "value_hash_v1",
        "value": 49
      },
      "type": "Feature"
    },
    {
      "geometry": {
        "coordinates": [
          129.462784,
          -1.129178
        ],
        "type": "Point"
      },
      "properties": {
        "cipher": "nQWER",
        "has_phrases": true,
        "mode": "value_domain",
        "phrase_count": 1,
        "phrases": [
          "aoe"
        ],
        "projection": "value_hash_v1",
        "projection_method": "value_hash_v1",
        "value": 50
      },
      "type": "Feature"
    },
    {
      "geometry": {
        "coordinates": [
          175.245974,
          8.789924
        ],
        "type": "Point"
      },
      "properties": {
        "cipher": "nQWER",
        "has_phrases": false,
        "mode": "value_domain",
        "phrase_count": 0,
        "phrases": [],
        "projection": "value_hash_v1",
        "projection_method": "value_hash_v1",
        "value": 51
      },
      "type": "Feature"
    },
    {
      "geometry": {
        "coordinates": [
          -117.907535,
          -63.186158
        ],
        "type": "Point"
      },
      "properties": {
        "cipher": "nQWER",
        "has_phrases": false,
        "mode": "value_domain",
        "phrase_count": 0,
        "phrases": [],
        "projection": "value_hash_v1",
        "projection_method": "value_hash_v1",
        "value": 52
      },
      "type": "Feature"
    },
    {
      "geometry": {
        "coordinates": [
          -51.509305,
          -87.644156
        ],
        "type": "Point"
      },
      "properties": {
        "cipher": "nQWER",
        "has_phrases": false,
        "mode": "value_domain",
        "phrase_count": 0,
        "phrases": [],
        "projection": "value_hash_v1",
        "projection_method": "value_hash_v1",
        "value": 53
      },
      "type": "Feature"
    },
    {
      "geometry": {
        "coordinates": [
          -84.7301,
          81.07434
        ],
        "type": "Point"
      },
      "properties": {
        "cipher": "nQWER",
        "has_phrases": true,
        "mode": "value_domain",
        "phrase_count": 1,
        "phrases": [
          "ego"
        ],
        "projection": "value_hash_v1",
        "projection_method": "value_hash_v1",
        "value": 54
      },
      "type": "Feature"
    },
    {
      "geometry": {
        "coordinates": [
          -18.799451,
          48.97963
        ],
        "type": "Point"
      },
      "properties": {
        "cipher": "nQWER",
        "has_phrases": true,
        "mode": "value_domain",
        "phrase_count": 2,
        "phrases": [
          "spy",
          "true"
        ],
        "projection": "value_hash_v1",
        "projection_method": "value_hash_v1",
        "value": 55
      },
      "type": "Feature"
    },
    {
      "geometry": {
        "coordinates": [
          -63.720409,
          -63.074724
        ],
        "type": "Point"
      },
      "properties": {
        "cipher": "nQWER",
        "has_phrases": true,
        "mode": "value_domain",
        "phrase_count": 2,
        "phrases": [
          "rite",
          "ware"
        ],
        "projection": "value_hash_v1",
        "projection_method": "value_hash_v1",
        "value": 56
      },
      "type": "Feature"
    },
    {
      "geometry": {
        "coordinates": [
          -44.939614,
          3.609897
        ],
        "type": "Point"
      },
      "properties": {
        "cipher": "nQWER",
        "has_phrases": false,
        "mode": "value_domain",
        "phrase_count": 0,
        "phrases": [],
        "projection": "value_hash_v1",
        "projection_method": "value_hash_v1",
        "value": 57
      },
      "type": "Feature"
    },
    {
      "geometry": {
        "coordinates": [
          -76.167329,
          -75.122477
        ],
        "type": "Point"
      },
      "properties": {
        "cipher": "nQWER",
        "has_phrases": true,
        "mode": "value_domain",
        "phrase_count": 1,
        "phrases": [
          "leo"
        ],
        "projection": "value_hash_v1",
        "projection_method": "value_hash_v1",
        "value": 58
      },
      "type": "Feature"
    },
    {
      "geometry": {
        "coordinates": [
          115.450337,
          33.077859
        ],
        "type": "Point"
      },
      "properties": {
        "cipher": "nQWER",
        "has_phrases": false,
        "mode": "value_domain",
        "phrase_count": 0,
        "phrases": [],
        "projection": "value_hash_v1",
        "projection_method": "value_hash_v1",
        "value": 59
      },
      "type": "Feature"
    },
    {
      "geometry": {
        "coordinates": [
          -169.620225,
          20.921876
        ],
        "type": "Point"
      },
      "properties": {
        "cipher": "nQWER",
        "has_phrases": false,
        "mode": "value_domain",
        "phrase_count": 0,
        "phrases": [],
        "projection": "value_hash_v1",
        "projection_method": "value_hash_v1",
        "value": 60
      },
      "type": "Feature"
    },
    {
      "geometry": {
        "coordinates": [
          113.010996,
          51.55162
        ],
        "type": "Point"
      },
      "properties": {
        "cipher": "nQWER",
        "has_phrases": true,
        "mode": "value_domain",
        "phrase_count": 1,
        "phrases": [
          "vow"
        ],
        "projection": "value_hash_v1",
        "projection_method": "value_hash_v1",
        "value": 61
      },
      "type": "Feature"
    },
    {
      "geometry": {
        "coordinates": [
          -32.101463,
          -49.812922
        ],
        "type": "Point"
      },
      "properties": {
        "cipher": "nQWER",
        "has_phrases": true,
        "mode": "value_domain",
        "phrase_count": 2,
        "phrases": [
          "tic",
          "win"
        ],
        "projection": "value_hash_v1",
        "projection_method": "value_hash_v1",
        "value": 62
      },
      "type": "Feature"
    },
    {
      "geometry": {
        "coordinates": [
          -78.867336,
          -58.357769
        ],
        "type": "Point"
      },
      "properties": {
        "cipher": "nQWER",
        "has_phrases": true,
        "mode": "value_domain",
        "phrase_count": 4,
        "phrases": [
          "gap",
          "rise",
          "root",
          "warp"
        ],
        "projection": "value_hash_v1",
        "projection_method": "value_hash_v1",
        "value": 63
      },
      "type": "Feature"
    },
    {
      "geometry": {
        "coordinates": [
          41.23763,
          12.918622
        ],
        "type": "Point"
      },
      "properties": {
        "cipher": "nQWER",
        "has_phrases": true,
        "mode": "value_domain",
        "phrase_count": 2,
        "phrases": [
          "one",
          "rose"
        ],
        "projection": "value_hash_v1",
        "projection_method": "value_hash_v1",
        "value": 64
      },
      "type": "Feature"
    },
    {
      "geometry": {
        "coordinates": [
          4.046484,
          63.838185
        ],
        "type": "Point"
      },
      "properties": {
        "cipher": "nQWER",
        "has_phrases": false,
        "mode": "value_domain",
        "phrase_count": 0,
        "phrases": [],
        "projection": "value_hash_v1",
        "projection_method": "value_hash_v1",
        "value": 65
      },
      "type": "Feature"
    },
    {
      "geometry": {
        "coordinates": [
          -20.034297,
          0.808836
        ],
        "type": "Point"
      },
      "properties": {
        "cipher": "nQWER",
        "has_phrases": true,
        "mode": "value_domain",
        "phrase_count": 4,
        "phrases": [
          "eerie",
          "grow",
          "trap",
          "yin"
        ],
        "projection": "value_hash_v1",
        "projection_method": "value_hash_v1",
        "value": 66
      },
      "type": "Feature"
    },
    {
      "geometry": {
        "coordinates": [
          -34.109997,
          -35.928364
        ],
        "type": "Point"
      },
      "properties": {
        "cipher": "nQWER",
        "has_phrases": true,
        "mode": "value_domain",
        "phrase_count": 1,
        "phrases": [
          "seed"
        ],
        "projection": "value_hash_v1",
        "projection_method": "value_hash_v1",
        "value": 67
      },
      "type": "Feature"
    },
    {
      "geometry": {
        "coordinates": [
          -34.99736,
          87.757876
        ],
        "type": "Point"
      },
      "properties": {
        "cipher": "nQWER",
        "has_phrases": true,
        "mode": "value_domain",
        "phrase_count": 1,
        "phrases": [
          "tower"
        ],
        "projection": "value_hash_v1",
        "projection_method": "value_hash_v1",
        "value": 68
      },
      "type": "Feature"
    },
    {
      "geometry": {
        "coordinates": [
          -68.549189,
          9.71889
        ],
        "type": "Point"
      },
      "properties": {
        "cipher": "nQWER",
        "has_phrases": true,
        "mode": "value_domain",
        "phrase_count": 1,
        "phrases": [
          "fate"
        ],
        "projection": "value_hash_v1",
        "projection_method": "value_hash_v1",
        "value": 69
      },
      "type": "Feature"
    },
    {
      "geometry": {
        "coordinates": [
          -128.831318,
          -34.009245
        ],
        "type": "Point"
      },
      "properties": {
        "cipher": "nQWER",
        "has_phrases": true,
        "mode": "value_domain",
        "phrase_count": 2,
        "phrases": [
          "gate",
          "water"
        ],
        "projection": "value_hash_v1",
        "projection_method": "value_hash_v1",
        "value": 70
      },
      "type": "Feature"
    },
    {
      "geometry": {
        "coordinates": [
          -77.86822,
          -3.754726
        ],
        "type": "Point"
      },
      "properties": {
        "cipher": "nQWER",
        "has_phrases": true,
        "mode": "value_domain",
        "phrase_count": 2,
        "phrases": [
          "imp",
          "sun"
        ],
        "projection": "value_hash_v1",
        "projection_method": "value_hash_v1",
        "value": 71
      },
      "type": "Feature"
    },
    {
      "geometry": {
        "coordinates": [
          30.282509,
          75.124078
        ],
        "type": "Point"
      },
      "properties": {
        "cipher": "nQWER",
        "has_phrases": true,
        "mode": "value_domain",
        "phrase_count": 1,
        "phrases": [
          "zero"
        ],
        "projection": "value_hash_v1",
        "projection_method": "value_hash_v1",
        "value": 72
      },
      "type": "Feature"
    },
    {
      "geometry": {
        "coordinates": [
          -36.576998,
          -86.014137
        ],
        "type": "Point"
      },
      "properties": {
        "cipher": "nQWER",
        "has_phrases": true,
        "mode": "value_domain",
        "phrase_count": 4,
        "phrases": [
          "crow",
          "power",
          "real",
          "tohu"
        ],
        "projection": "value_hash_v1",
        "projection_method": "value_hash_v1",
        "value": 73
      },
      "type": "Feature"
    },
    {
      "geometry": {
        "coordinates": [
          -68.247142,
          6.759592
        ],
        "type": "Point"
      },
      "properties": {
        "cipher": "nQWER",
        "has_phrases": true,
        "mode": "value_domain",
        "phrase_count": 1,
        "phrases": [
          "opus"
        ],
        "projection": "value_hash_v1",
        "projection_method": "value_hash_v1",
        "value": 74
      },
      "type": "Feature"
    },
    {
      "geometry": {
        "coordinates": [
          -110.520402,
          -19.653404
        ],
        "type": "Point"
      },
      "properties": {
        "cipher": "nQWER",
        "has_phrases": true,
        "mode": "value_domain",
        "phrase_count": 2,
        "phrases": [
          "wave",
          "weird"
        ],
        "projection": "value_hash_v1",
        "projection_method": "value_hash_v1",
        "value": 75
      },
      "type": "Feature"
    },
    {
      "geometry": {
        "coordinates": [
          -41.954708,
          -66.813841
        ],
        "type": "Point"
      },
      "properties": {
        "cipher": "nQWER",
        "has_phrases": true,
        "mode": "value_domain",
        "phrase_count": 3,
        "phrases": [
          "three",
          "twin",
          "yhwh"
        ],
        "projection": "value_hash_v1",
        "projection_method": "value_hash_v1",
        "value": 76
      },
      "type": "Feature"
    },
    {
      "geometry": {
        "coordinates": [
          -66.751943,
          -25.011203
        ],
        "type": "Point"
      },
      "properties": {
        "cipher": "nQWER",
        "has_phrases": true,
        "mode": "value_domain",
        "phrase_count": 3,
        "phrases": [
          "NRx",
          "opus 4",
          "ruby"
        ],
        "projection": "value_hash_v1",
        "projection_method": "value_hash_v1",
        "value": 77
      },
      "type": "Feature"
    },
    {
      "geometry": {
        "coordinates": [
          -136.599054,
          -35.369583
        ],
        "type": "Point"
      },
      "properties": {
        "cipher": "nQWER",
        "has_phrases": true,
        "mode": "value_domain",
        "phrase_count": 4,
        "phrases": [
          "aloe",
          "suez",
          "time",
          "trust"
        ],
        "projection": "value_hash_v1",
        "projection_method": "value_hash_v1",
        "value": 78
      },
      "type": "Feature"
    },
    {
      "geometry": {
        "coordinates": [
          92.092705,
          7.798342
        ],
        "type": "Point"
      },
      "properties": {
        "cipher": "nQWER",
        "has_phrases": true,
        "mode": "value_domain",
        "phrase_count": 1,
        "phrases": [
          "lose"
        ],
        "projection": "value_hash_v1",
        "projection_method": "value_hash_v1",
        "value": 79
      },
      "type": "Feature"
    },
    {
      "geometry": {
        "coordinates": [
          143.813601,
          -59.798637
        ],
        "type": "Point"
      },
      "properties": {
        "cipher": "nQWER",
        "has_phrases": true,
        "mode": "value_domain",
        "phrase_count": 4,
        "phrases": [
          "flow",
          "hats",
          "jade",
          "ruin"
        ],
        "projection": "value_hash_v1",
        "projection_method": "value_hash_v1",
        "value": 80
      },
      "type": "Feature"
    },
    {
      "geometry": {
        "coordinates": [
          -162.312525,
          43.807954
        ],
        "type": "Point"
      },
      "properties": {
        "cipher": "nQWER",
        "has_phrases": false,
        "mode": "value_domain",
        "phrase_count": 0,
        "phrases": [],
        "projection": "value_hash_v1",
        "projection_method": "value_hash_v1",
        "value": 81
      },
      "type": "Feature"
    },
    {
      "geometry": {
        "coordinates": [
          -58.229699,
          59.3086
        ],
        "type": "Point"
      },
      "properties": {
        "cipher": "nQWER",
        "has_phrases": true,
        "mode": "value_domain",
        "phrase_count": 5,
        "phrases": [
          "/acc",
          "dark",
          "grok",
          "start",
          "truth"
        ],
        "projection": "value_hash_v1",
        "projection_method": "value_hash_v1",
        "value": 82
      },
      "type": "Feature"
    },
    {
      "geometry": {
        "coordinates": [
          172.392928,
          -87.114151
        ],
        "type": "Point"
      },
      "properties": {
        "cipher": "nQWER",
        "has_phrases": true,
        "mode": "value_domain",
        "phrase_count": 6,
        "phrases": [
          "aries",
          "code",
          "hole",
          "i-itoi",
          "loop",
          "salt"
        ],
        "projection": "value_hash_v1",
        "projection_method": "value_hash_v1",
        "value": 83
      },
      "type": "Feature"
    },
    {
      "geometry": {
        "coordinates": [
          155.15299,
          -84.829282
        ],
        "type": "Point"
      },
      "properties": {
        "cipher": "nQWER",
        "has_phrases": true,
        "mode": "value_domain",
        "phrase_count": 4,
        "phrases": [
          "earth",
          "onto",
          "room",
          "self"
        ],
        "projection": "value_hash_v1",
        "projection_method": "value_hash_v1",
        "value": 84
      },
      "type": "Feature"
    },
    {
      "geometry": {
        "coordinates": [
          101.7885,
          87.96953
        ],
        "type": "Point"
      },
      "properties": {
        "cipher": "nQWER",
        "has_phrases": false,
        "mode": "value_domain",
        "phrase_count": 0,
        "phrases": [],
        "projection": "value_hash_v1",
        "projection_method": "value_hash_v1",
        "value": 85
      },
      "type": "Feature"
    },
    {
      "geometry": {
        "coordinates": [
          -5.532624,
          73.263159
        ],
        "type": "Point"
      },
      "properties": {
        "cipher": "nQWER",
        "has_phrases": true,
        "mode": "value_domain",
        "phrase_count": 5,
        "phrases": [
          "freud",
          "quale",
          "surge",
          "tenet",
          "triad"
        ],
        "projection": "value_hash_v1",
        "projection_method": "value_hash_v1",
        "value": 86
      },
      "type": "Feature"
    },
    {
      "geometry": {
        "coordinates": [
          132.499645,
          -20.815768
        ],
        "type": "Point"
      },
      "properties": {
        "cipher": "nQWER",
        "has_phrases": true,
        "mode": "value_domain",
        "phrase_count": 3,
        "phrases": [
          "grows",
          "kode9",
          "traps"
        ],
        "projection": "value_hash_v1",
        "projection_method": "value_hash_v1",
        "value": 87
      },
      "type": "Feature"
    },
    {
      "geometry": {
        "coordinates": [
          22.796036,
          10.958832
        ],
        "type": "Point"
      },
      "properties": {
        "cipher": "nQWER",
        "has_phrases": true,
        "mode": "value_domain",
        "phrase_count": 2,
        "phrases": [
          "grin",
          "radar"
        ],
        "projection": "value_hash_v1",
        "projection_method": "value_hash_v1",
        "value": 88
      },
      "type": "Feature"
    },
    {
      "geometry": {
        "coordinates": [
          10.653872,
          18.655074
        ],
        "type": "Point"
      },
      "properties": {
        "cipher": "nQWER",
        "has_phrases": true,
        "mode": "value_domain",
        "phrase_count": 8,
        "phrases": [
          "evil",
          "man",
          "mars",
          "phil",
          "plex",
          "rlhf",
          "talk",
          "tick"
        ],
        "projection": "value_hash_v1",
        "projection_method": "value_hash_v1",
        "value": 89
      },
      "type": "Feature"
    },
    {
      "geometry": {
        "coordinates": [
          -141.708717,
          38.863678
        ],
        "type": "Point"
      },
      "properties": {
        "cipher": "nQWER",
        "has_phrases": true,
        "mode": "value_domain",
        "phrase_count": 6,
        "phrases": [
          "ethos",
          "home",
          "know",
          "love",
          "swirl",
          "thin"
        ],
        "projection": "value_hash_v1",
        "projection_method": "value_hash_v1",
        "value": 90
      },
      "type": "Feature"
    },
    {
      "geometry": {
        "coordinates": [
          -160.012509,
          -14.013638
        ],
        "type": "Point"
      },
      "properties": {
        "cipher": "nQWER",
        "has_phrases": true,
        "mode": "value_domain",
        "phrase_count": 3,
        "phrases": [
          "Ccru",
          "llm",
          "luka"
        ],
        "projection": "value_hash_v1",
        "projection_method": "value_hash_v1",
        "value": 91
      },
      "type": "Feature"
    },
    {
      "geometry": {
        "coordinates": [
          -22.667444,
          13.929948
        ],
        "type": "Point"
      },
      "properties": {
        "cipher": "nQWER",
        "has_phrases": true,
        "mode": "value_domain",
        "phrase_count": 7,
        "phrases": [
          "depth",
          "gated",
          "house",
          "loser",
          "prayer",
          "sleep",
          "square"
        ],
        "projection": "value_hash_v1",
        "projection_method": "value_hash_v1",
        "value": 92
      },
      "type": "Feature"
    },
    {
      "geometry": {
        "coordinates": [
          89.637191,
          4.703267
        ],
        "type": "Point"
      },
      "properties": {
        "cipher": "nQWER",
        "has_phrases": true,
        "mode": "value_domain",
        "phrase_count": 10,
        "phrases": [
          "curse",
          "death",
          "ES x AQ",
          "hell",
          "hold",
          "horus",
          "mesh",
          "yang",
          "zone",
          "zone 1"
        ],
        "projection": "value_hash_v1",
        "projection_method": "value_hash_v1",
        "value": 93
      },
      "type": "Feature"
    },
    {
      "geometry": {
        "coordinates": [
          68.1318,
          -82.062194
        ],
        "type": "Point"
      },
      "properties": {
        "cipher": "nQWER",
        "has_phrases": true,
        "mode": "value_domain",
        "phrase_count": 6,
        "phrases": [
          "desert",
          "exist",
          "future",
          "ixix",
          "lane",
          "zone 2"
        ],
        "projection": "value_hash_v1",
        "projection_method": "value_hash_v1",
        "value": 94
      },
      "type": "Feature"
    },
    {
      "geometry": {
        "coordinates": [
          -46.985667,
          63.468425
        ],
        "type": "Point"
      },
      "properties": {
        "cipher": "nQWER",
        "has_phrases": true,
        "mode": "value_domain",
        "phrase_count": 6,
        "phrases": [
          "agape",
          "cave",
          "daisy",
          "opaque",
          "pluto",
          "zone 3"
        ],
        "projection": "value_hash_v1",
        "projection_method": "value_hash_v1",
        "value": 95
      },
      "type": "Feature"
    },
    {
      "geometry": {
        "coordinates": [
          37.028014,
          -0.106139
        ],
        "type": "Point"
      },
      "properties": {
        "cipher": "nQWER",
        "has_phrases": true,
        "mode": "value_domain",
        "phrase_count": 5,
        "phrases": [
          "aether",
          "delta",
          "maze",
          "waves",
          "zone 4"
        ],
        "projection": "value_hash_v1",
        "projection_method": "value_hash_v1",
        "value": 96
      },
      "type": "Feature"
    },
    {
      "geometry": {
        "coordinates": [
          -74.526683,
          -60.389386
        ],
        "type": "Point"
      },
      "properties": {
        "cipher": "nQWER",
        "has_phrases": true,
        "mode": "value_domain",
        "phrase_count": 4,
        "phrases": [
          "loose",
          "refuse",
          "tulpa",
          "zone 5"
        ],
        "projection": "value_hash_v1",
        "projection_method": "value_hash_v1",
        "value": 97
      },
      "type": "Feature"
    },
    {
      "geometry": {
        "coordinates": [
          -128.255958,
          34.662432
        ],
        "type": "Point"
      },
      "properties": {
        "cipher": "nQWER",
        "has_phrases": true,
        "mode": "value_domain",
        "phrase_count": 8,
        "phrases": [
          "babe",
          "doogu",
          "heresy",
          "peony",
          "theme",
          "witch",
          "worms",
          "zone 6"
        ],
        "projection": "value_hash_v1",
        "projection_method": "value_hash_v1",
        "value": 98
      },
      "type": "Feature"
    },
    {
      "geometry": {
        "coordinates": [
          59.639896,
          83.676988
        ],
        "type": "Point"
      },
      "properties": {
        "cipher": "nQWER",
        "has_phrases": true,
        "mode": "value_domain",
        "phrase_count": 12,
        "phrases": [
          "artist",
          "faith",
          "fall",
          "lurgo",
          "metis",
          "omen",
          "paths",
          "plato",
          "titan",
          "vesta",
          "zippy",
          "zone 7"
        ],
        "projection": "value_hash_v1",
        "projection_method": "value_hash_v1",
        "value": 99
      },
      "type": "Feature"
    },
    {
      "geometry": {
        "coordinates": [
          -146.77734,
          37.164997
        ],
        "type": "Point"
      },
      "properties": {
        "cipher": "nQWER",
        "has_phrases": true,
        "mode": "value_domain",
        "phrase_count": 10,
        "phrases": [
          "floor",
          "grace",
          "hover",
          "red sea",
          "rhyme",
          "seared",
          "spark",
          "synx",
          "taurus",
          "zone 8"
        ],
        "projection": "value_hash_v1",
        "projection_method": "value_hash_v1",
        "value": 100
      },
      "type": "Feature"
    },
    {
      "geometry": {
        "coordinates": [
          -128.799289,
          35.855304
        ],
        "type": "Point"
      },
      "properties": {
        "cipher": "nQWER",
        "has_phrases": true,
        "mode": "value_domain",
        "phrase_count": 8,
        "phrases": [
          "grave",
          "let me",
          "medea",
          "rlaif",
          "ruins",
          "upward",
          "winter",
          "zone 9"
        ],
        "projection": "value_hash_v1",
        "projection_method": "value_hash_v1",
        "value": 101
      },
      "type": "Feature"
    },
    {
      "geometry": {
        "coordinates": [
          -107.943137,
          -48.317592
        ],
        "type": "Point"
      },
      "properties": {
        "cipher": "nQWER",
        "has_phrases": true,
        "mode": "value_domain",
        "phrase_count": 4,
        "phrases": [
          "dream",
          "field",
          "ghost",
          "jaded"
        ],
        "projection": "value_hash_v1",
        "projection_method": "value_hash_v1",
        "value": 102
      },
      "type": "Feature"
    },
    {
      "geometry": {
        "coordinates": [
          63.029656,
          43.313711
        ],
        "type": "Point"
      },
      "properties": {
        "cipher": "nQWER",
        "has_phrases": true,
        "mode": "value_domain",
        "phrase_count": 3,
        "phrases": [
          "mask",
          "purify",
          "secret"
        ],
        "projection": "value_hash_v1",
        "projection_method": "value_hash_v1",
        "value": 103
      },
      "type": "Feature"
    },
    {
      "geometry": {
        "coordinates": [
          -158.315034,
          52.626243
        ],
        "type": "Point"
      },
      "properties": {
        "cipher": "nQWER",
        "has_phrases": true,
        "mode": "value_domain",
        "phrase_count": 12,
        "phrases": [
          "abide",
          "agent",
          "aleph",
          "choir",
          "circe",
          "false",
          "godel",
          "holes",
          "lemur",
          "loops",
          "remote",
          "virgo"
        ],
        "projection": "value_hash_v1",
        "projection_method": "value_hash_v1",
        "value": 104
      },
      "type": "Feature"
    },
    {
      "geometry": {
        "coordinates": [
          142.575011,
          71.205091
        ],
        "type": "Point"
      },
      "properties": {
        "cipher": "nQWER",
        "has_phrases": true,
        "mode": "value_domain",
        "phrase_count": 7,
        "phrases": [
          "craze",
          "growth",
          "krako",
          "maria",
          "moon",
          "token",
          "unique"
        ],
        "projection": "value_hash_v1",
        "projection_method": "value_hash_v1",
        "value": 105
      },
      "type": "Feature"
    },
    {
      "geometry": {
        "coordinates": [
          46.779786,
          -38.28398
        ],
        "type": "Point"
      },
      "properties": {
        "cipher": "nQWER",
        "has_phrases": true,
        "mode": "value_domain",
        "phrase_count": 4,
        "phrases": [
          "alias",
          "author",
          "link",
          "porch"
        ],
        "projection": "value_hash_v1",
        "projection_method": "value_hash_v1",
        "value": 106
      },
      "type": "Feature"
    },
    {
      "geometry": {
        "coordinates": [
          -177.387698,
          50.229336
        ],
        "type": "Point"
      },
      "properties": {
        "cipher": "nQWER",
        "has_phrases": true,
        "mode": "value_domain",
        "phrase_count": 3,
        "phrases": [
          "motif",
          "sleepy",
          "wishes"
        ],
        "projection": "value_hash_v1",
        "projection_method": "value_hash_v1",
        "value": 107
      },
      "type": "Feature"
    },
    {
      "geometry": {
        "coordinates": [
          90.555969,
          5.755354
        ],
        "type": "Point"
      },
      "properties": {
        "cipher": "nQWER",
        "has_phrases": true,
        "mode": "value_domain",
        "phrase_count": 7,
        "phrases": [
          "briah",
          "greater",
          "katak",
          "light",
          "ritual",
          "spell",
          "yahweh"
        ],
        "projection": "value_hash_v1",
        "projection_method": "value_hash_v1",
        "value": 108
      },
      "type": "Feature"
    },
    {
      "geometry": {
        "coordinates": [
          -122.216648,
          -81.678319
        ],
        "type": "Point"
      },
      "properties": {
        "cipher": "nQWER",
        "has_phrases": true,
        "mode": "value_domain",
        "phrase_count": 5,
        "phrases": [
          "logos",
          "mirror",
          "narrow",
          "radius",
          "satan"
        ],
        "projection": "value_hash_v1",
        "projection_method": "value_hash_v1",
        "value": 109
      },
      "type": "Feature"
    },
    {
      "geometry": {
        "coordinates": [
          131.063129,
          89.937689
        ],
        "type": "Point"
      },
      "properties": {
        "cipher": "nQWER",
        "has_phrases": true,
        "mode": "value_domain",
        "phrase_count": 4,
        "phrases": [
          "abyss",
          "pythia",
          "thesis",
          "wicca"
        ],
        "projection": "value_hash_v1",
        "projection_method": "value_hash_v1",
        "value": 110
      },
      "type": "Feature"
    },
    {
      "geometry": {
        "coordinates": [
          76.504338,
          -41.043924
        ],
        "type": "Point"
      },
      "properties": {
        "cipher": "nQWER",
        "has_phrases": true,
        "mode": "value_domain",
        "phrase_count": 4,
        "phrases": [
          "libra",
          "qualia",
          "source",
          "stand"
        ],
        "projection": "value_hash_v1",
        "projection_method": "value_hash_v1",
        "value": 111
      },
      "type": "Feature"
    },
    {
      "geometry": {
        "coordinates": [
          -122.006651,
          7.131189
        ],
        "type": "Point"
      },
      "properties": {
        "cipher": "nQWER",
        "has_phrases": true,
        "mode": "value_domain",
        "phrase_count": 1,
        "phrases": [
          "basis"
        ],
        "projection": "value_hash_v1",
        "projection_method": "value_hash_v1",
        "value": 112
      },
      "type": "Feature"
    },
    {
      "geometry": {
        "coordinates": [
          -143.899105,
          -69.742134
        ],
        "type": "Point"
      },
      "properties": {
        "cipher": "nQWER",
        "has_phrases": true,
        "mode": "value_domain",
        "phrase_count": 3,
        "phrases": [
          "codex",
          "depths",
          "window"
        ],
        "projection": "value_hash_v1",
        "projection_method": "value_hash_v1",
        "value": 113
      },
      "type": "Feature"
    },
    {
      "geometry": {
        "coordinates": [
          65.725232,
          -78.647429
        ],
        "type": "Point"
      },
      "properties": {
        "cipher": "nQWER",
        "has_phrases": true,
        "mode": "value_domain",
        "phrase_count": 4,
        "phrases": [
          "agamy",
          "devout",
          "sibyl",
          "stasis"
        ],
        "projection": "value_hash_v1",
        "projection_method": "value_hash_v1",
        "value": 114
      },
      "type": "Feature"
    },
    {
      "geometry": {
        "coordinates": [
          -97.825337,
          -26.96775
        ],
        "type": "Point"
      },
      "properties": {
        "cipher": "nQWER",
        "has_phrases": true,
        "mode": "value_domain",
        "phrase_count": 10,
        "phrases": [
          "chaos",
          "cursed",
          "cypher",
          "eremite",
          "model",
          "ocean",
          "peridot",
          "sadist",
          "sparky",
          "venus"
        ],
        "projection": "value_hash_v1",
        "projection_method": "value_hash_v1",
        "value": 115
      },
      "type": "Feature"
    },
    {
      "geometry": {
        "coordinates": [
          146.356958,
          -35.792246
        ],
        "type": "Point"
      },
      "properties": {
        "cipher": "nQWER",
        "has_phrases": true,
        "mode": "value_domain",
        "phrase_count": 2,
        "phrases": [
          "dipole",
          "renewed"
        ],
        "projection": "value_hash_v1",
        "projection_method": "value_hash_v1",
        "value": 116
      },
      "type": "Feature"
    },
    {
      "geometry": {
        "coordinates": [
          -150.406848,
          22.608882
        ],
        "type": "Point"
      },
      "properties": {
        "cipher": "nQWER",
        "has_phrases": true,
        "mode": "value_domain",
        "phrase_count": 9,
        "phrases": [
          "breath",
          "cipher",
          "golem",
          "jupiter",
          "legba",
          "pagan",
          "pathos",
          "sulfur",
          "walshe"
        ],
        "projection": "value_hash_v1",
        "projection_method": "value_hash_v1",
        "value": 117
      },
      "type": "Feature"
    },
    {
      "geometry": {
        "coordinates": [
          -141.614917,
          -26.222457
        ],
        "type": "Point"
      },
      "properties": {
        "cipher": "nQWER",
        "has_phrases": true,
        "mode": "value_domain",
        "phrase_count": 15,
        "phrases": [
          "666ology",
          "angel",
          "anime",
          "debris",
          "logic",
          "ponder",
          "reason",
          "release",
          "retvrn",
          "saturn",
          "spiral",
          "warmth",
          "whisper",
          "within",
          "woman"
        ],
        "projection": "value_hash_v1",
        "projection_method": "value_hash_v1",
        "value": 118
      },
      "type": "Feature"
    },
    {
      "geometry": {
        "coordinates": [
          -177.397818,
          -0.099286
        ],
        "type": "Point"
      },
      "properties": {
        "cipher": "nQWER",
        "has_phrases": true,
        "mode": "value_domain",
        "phrase_count": 2,
        "phrases": [
          "reality",
          "syzygy"
        ],
        "projection": "value_hash_v1",
        "projection_method": "value_hash_v1",
        "value": 119
      },
      "type": "Feature"
    },
    {
      "geometry": {
        "coordinates": [
          140.246825,
          25.13094
        ],
        "type": "Point"
      },
      "properties": {
        "cipher": "nQWER",
        "has_phrases": true,
        "mode": "value_domain",
        "phrase_count": 5,
        "phrases": [
          "erratic",
          "omens",
          "sophia",
          "uranus",
          "vector"
        ],
        "projection": "value_hash_v1",
        "projection_method": "value_hash_v1",
        "value": 120
      },
      "type": "Feature"
    },
    {
      "geometry": {
        "coordinates": [
          -55.955576,
          74.104435
        ],
        "type": "Point"
      },
      "properties": {
        "cipher": "nQWER",
        "has_phrases": true,
        "mode": "value_domain",
        "phrase_count": 9,
        "phrases": [
          "async",
          "bridge",
          "christ",
          "demon",
          "friend",
          "hamsa",
          "pisces",
          "resign",
          "winner"
        ],
        "projection": "value_hash_v1",
        "projection_method": "value_hash_v1",
        "value": 121
      },
      "type": "Feature"
    },
    {
      "geometry": {
        "coordinates": [
          -52.603065,
          -60.20737
        ],
        "type": "Point"
      },
      "properties": {
        "cipher": "nQWER",
        "has_phrases": true,
        "mode": "value_domain",
        "phrase_count": 6,
        "phrases": [
          "brand",
          "favour",
          "graves",
          "oracle",
          "skoodu",
          "unruly"
        ],
        "projection": "value_hash_v1",
        "projection_method": "value_hash_v1",
        "value": 122
      },
      "type": "Feature"
    },
    {
      "geometry": {
        "coordinates": [
          61.122339,
          65.645981
        ],
        "type": "Point"
      },
      "properties": {
        "cipher": "nQWER",
        "has_phrases": true,
        "mode": "value_domain",
        "phrase_count": 6,
        "phrases": [
          "delphi",
          "deman",
          "jadeite",
          "origin",
          "septile",
          "upload"
        ],
        "projection": "value_hash_v1",
        "projection_method": "value_hash_v1",
        "value": 123
      },
      "type": "Feature"
    },
    {
      "geometry": {
        "coordinates": [
          -20.789193,
          17.86586
        ],
        "type": "Point"
      },
      "properties": {
        "cipher": "nQWER",
        "has_phrases": true,
        "mode": "value_domain",
        "phrase_count": 5,
        "phrases": [
          "across",
          "Be near",
          "heretic",
          "orpheus",
          "pathway"
        ],
        "projection": "value_hash_v1",
        "projection_method": "value_hash_v1",
        "value": 124
      },
      "type": "Feature"
    },
    {
      "geometry": {
        "coordinates": [
          -61.314244,
          -54.863187
        ],
        "type": "Point"
      },
      "properties": {
        "cipher": "nQWER",
        "has_phrases": true,
        "mode": "value_domain",
        "phrase_count": 9,
        "phrases": [
          "amulet",
          "belief",
          "choirs",
          "clean",
          "linux",
          "local",
          "nowhere",
          "serpent",
          "typhon"
        ],
        "projection": "value_hash_v1",
        "projection_method": "value_hash_v1",
        "value": 125
      },
      "type": "Feature"
    },
    {
      "geometry": {
        "coordinates": [
          -104.33285,
          -72.325502
        ],
        "type": "Point"
      },
      "properties": {
        "cipher": "nQWER",
        "has_phrases": true,
        "mode": "value_domain",
        "phrase_count": 8,
        "phrases": [
          "addict",
          "anima",
          "attract",
          "detract",
          "device",
          "ixidod",
          "trident",
          "trinary"
        ],
        "projection": "value_hash_v1",
        "projection_method": "value_hash_v1",
        "value": 126
      },
      "type": "Feature"
    },
    {
      "geometry": {
        "coordinates": [
          169.611178,
          -74.242416
        ],
        "type": "Point"
      },
      "properties": {
        "cipher": "nQWER",
        "has_phrases": true,
        "mode": "value_domain",
        "phrase_count": 7,
        "phrases": [
          "crazed",
          "earthly",
          "exhale",
          "links",
          "magic",
          "rhythm",
          "sephira"
        ],
        "projection": "value_hash_v1",
        "projection_method": "value_hash_v1",
        "value": 127
      },
      "type": "Feature"
    },
    {
      "geometry": {
        "coordinates": [
          -112.732312,
          -73.65701
        ],
        "type": "Point"
      },
      "properties": {
        "cipher": "nQWER",
        "has_phrases": true,
        "mode": "value_domain",
        "phrase_count": 8,
        "phrases": [
          "between",
          "deserted",
          "electro",
          "evil eye",
          "existed",
          "mur mur",
          "spring",
          "techne"
        ],
        "projection": "value_hash_v1",
        "projection_method": "value_hash_v1",
        "value": 128
      },
      "type": "Feature"
    },
    {
      "geometry": {
        "coordinates": [
          38.928294,
          -50.647589
        ],
        "type": "Point"
      },
      "properties": {
        "cipher": "nQWER",
        "has_phrases": true,
        "mode": "value_domain",
        "phrase_count": 7,
        "phrases": [
          "breathe",
          "claude",
          "colette",
          "darkest",
          "deferred",
          "encode",
          "lilith"
        ],
        "projection": "value_hash_v1",
        "projection_method": "value_hash_v1",
        "value": 129
      },
      "type": "Feature"
    },
    {
      "geometry": {
        "coordinates": [
          48.969524,
          -83.087795
        ],
        "type": "Point"
      },
      "properties": {
        "cipher": "nQWER",
        "has_phrases": true,
        "mode": "value_domain",
        "phrase_count": 6,
        "phrases": [
          "breaker",
          "cherub",
          "female",
          "ironic",
          "pineal",
          "renewal"
        ],
        "projection": "value_hash_v1",
        "projection_method": "value_hash_v1",
        "value": 130
      },
      "type": "Feature"
    },
    {
      "geometry": {
        "coordinates": [
          -171.002849,
          89.238362
        ],
        "type": "Point"
      },
      "properties": {
        "cipher": "nQWER",
        "has_phrases": true,
        "mode": "value_domain",
        "phrase_count": 2,
        "phrases": [
          "heroine",
          "qabala"
        ],
        "projection": "value_hash_v1",
        "projection_method": "value_hash_v1",
        "value": 131
      },
      "type": "Feature"
    },
    {
      "geometry": {
        "coordinates": [
          -92.499566,
          88.198425
        ],
        "type": "Point"
      },
      "properties": {
        "cipher": "nQWER",
        "has_phrases": true,
        "mode": "value_domain",
        "phrase_count": 10,
        "phrases": [
          "apostle",
          "binary",
          "cleric",
          "duality",
          "hats on",
          "hidden",
          "ruling",
          "saguaro",
          "summer",
          "tangle"
        ],
        "projection": "value_hash_v1",
        "projection_method": "value_hash_v1",
        "value": 132
      },
      "type": "Feature"
    },
    {
      "geometry": {
        "coordinates": [
          -143.830236,
          66.499956
        ],
        "type": "Point"
      },
      "properties": {
        "cipher": "nQWER",
        "has_phrases": true,
        "mode": "value_domain",
        "phrase_count": 4,
        "phrases": [
          "current",
          "sorcerer",
          "the dark",
          "the truth"
        ],
        "projection": "value_hash_v1",
        "projection_method": "value_hash_v1",
        "value": 133
      },
      "type": "Feature"
    },
    {
      "geometry": {
        "coordinates": [
          176.55898,
          -28.531241
        ],
        "type": "Point"
      },
      "properties": {
        "cipher": "nQWER",
        "has_phrases": true,
        "mode": "value_domain",
        "phrase_count": 7,
        "phrases": [
          "action",
          "click",
          "cyborg",
          "divine",
          "i am here",
          "opacity",
          "sextile"
        ],
        "projection": "value_hash_v1",
        "projection_method": "value_hash_v1",
        "value": 134
      },
      "type": "Feature"
    },
    {
      "geometry": {
        "coordinates": [
          -140.579912,
          -85.629678
        ],
        "type": "Point"
      },
      "properties": {
        "cipher": "nQWER",
        "has_phrases": true,
        "mode": "value_domain",
        "phrase_count": 12,
        "phrases": [
          "autumn",
          "chapel",
          "elohim",
          "gnosis",
          "gravity",
          "lonely",
          "mercury",
          "secrecy",
          "superego",
          "through",
          "tikkun",
          "wireless"
        ],
        "projection": "value_hash_v1",
        "projection_method": "value_hash_v1",
        "value": 135
      },
      "type": "Feature"
    },
    {
      "geometry": {
        "coordinates": [
          -90.122677,
          23.192814
        ],
        "type": "Point"
      },
      "properties": {
        "cipher": "nQWER",
        "has_phrases": true,
        "mode": "value_domain",
        "phrase_count": 2,
        "phrases": [
          "cyphers",
          "zone two"
        ],
        "projection": "value_hash_v1",
        "projection_method": "value_hash_v1",
        "value": 136
      },
      "type": "Feature"
    },
    {
      "geometry": {
        "coordinates": [
          -123.519551,
          74.05507
        ],
        "type": "Point"
      },
      "properties": {
        "cipher": "nQWER",
        "has_phrases": true,
        "mode": "value_domain",
        "phrase_count": 4,
        "phrases": [
          "arterial",
          "bizarre",
          "new life",
          "scorpio"
        ],
        "projection": "value_hash_v1",
        "projection_method": "value_hash_v1",
        "value": 137
      },
      "type": "Feature"
    },
    {
      "geometry": {
        "coordinates": [
          73.327615,
          32.491244
        ],
        "type": "Point"
      },
      "properties": {
        "cipher": "nQWER",
        "has_phrases": true,
        "mode": "value_domain",
        "phrase_count": 12,
        "phrases": [
          "apostate",
          "ciphers",
          "citrine",
          "elusive",
          "esoteric",
          "eurydice",
          "founder",
          "occult",
          "strange",
          "sulphur",
          "tunnel",
          "uttunul"
        ],
        "projection": "value_hash_v1",
        "projection_method": "value_hash_v1",
        "value": 138
      },
      "type": "Feature"
    },
    {
      "geometry": {
        "coordinates": [
          -74.001347,
          87.071419
        ],
        "type": "Point"
      },
      "properties": {
        "cipher": "nQWER",
        "has_phrases": true,
        "mode": "value_domain",
        "phrase_count": 6,
        "phrases": [
          "assiyah",
          "chrono",
          "gemini",
          "sideways",
          "vision",
          "whispers"
        ],
        "projection": "value_hash_v1",
        "projection_method": "value_hash_v1",
        "value": 139
      },
      "type": "Feature"
    },
    {
      "geometry": {
        "coordinates": [
          69.145522,
          -44.678562
        ],
        "type": "Point"
      },
      "properties": {
        "cipher": "nQWER",
        "has_phrases": true,
        "mode": "value_domain",
        "phrase_count": 5,
        "phrases": [
          "dazzle",
          "duoddod",
          "eclipse",
          "lucifer",
          "sparkle"
        ],
        "projection": "value_hash_v1",
        "projection_method": "value_hash_v1",
        "value": 140
      },
      "type": "Feature"
    },
    {
      "geometry": {
        "coordinates": [
          84.329192,
          -69.430365
        ],
        "type": "Point"
      },
      "properties": {
        "cipher": "nQWER",
        "has_phrases": true,
        "mode": "value_domain",
        "phrase_count": 12,
        "phrases": [
          "anchor",
          "archon",
          "brazen",
          "cancer",
          "certain",
          "church",
          "debt-free",
          "genesis",
          "growing",
          "lemuria",
          "neptune",
          "oh! worms :)"
        ],
        "projection": "value_hash_v1",
        "projection_method": "value_hash_v1",
        "value": 141
      },
      "type": "Feature"
    },
    {
      "geometry": {
        "coordinates": [
          174.519519,
          -49.631713
        ],
        "type": "Point"
      },
      "properties": {
        "cipher": "nQWER",
        "has_phrases": true,
        "mode": "value_domain",
        "phrase_count": 2,
        "phrases": [
          "not dead",
          "program"
        ],
        "projection": "value_hash_v1",
        "projection_method": "value_hash_v1",
        "value": 142
      },
      "type": "Feature"
    },
    {
      "geometry": {
        "coordinates": [
          -83.572265,
          -73.944044
        ],
        "type": "Point"
      },
      "properties": {
        "cipher": "nQWER",
        "has_phrases": true,
        "mode": "value_domain",
        "phrase_count": 6,
        "phrases": [
          "deep-time",
          "geometry",
          "no proof",
          "pizazz",
          "sparkly",
          "treehouse"
        ],
        "projection": "value_hash_v1",
        "projection_method": "value_hash_v1",
        "value": 143
      },
      "type": "Feature"
    },
    {
      "geometry": {
        "coordinates": [
          -123.507464,
          50.168965
        ],
        "type": "Point"
      },
      "properties": {
        "cipher": "nQWER",
        "has_phrases": true,
        "mode": "value_domain",
        "phrase_count": 11,
        "phrases": [
          "ability",
          "cherish",
          "climb",
          "cosmos",
          "genetic",
          "oddubb",
          "resonate",
          "robotic",
          "session",
          "wiccan",
          "working"
        ],
        "projection": "value_hash_v1",
        "projection_method": "value_hash_v1",
        "value": 144
      },
      "type": "Feature"
    },
    {
      "geometry": {
        "coordinates": [
          107.562915,
          -45.589745
        ],
        "type": "Point"
      },
      "properties": {
        "cipher": "nQWER",
        "has_phrases": true,
        "mode": "value_domain",
        "phrase_count": 5,
        "phrases": [
          "demand",
          "ghostly",
          "identity",
          "the lane",
          "yetzirah"
        ],
        "projection": "value_hash_v1",
        "projection_method": "value_hash_v1",
        "value": 145
      },
      "type": "Feature"
    },
    {
      "geometry": {
        "coordinates": [
          0.890427,
          64.793782
        ],
        "type": "Point"
      },
      "properties": {
        "cipher": "nQWER",
        "has_phrases": true,
        "mode": "value_domain",
        "phrase_count": 7,
        "phrases": [
          "believe",
          "carrion",
          "coding",
          "evasive",
          "hebetude",
          "sapphire",
          "thelema"
        ],
        "projection": "value_hash_v1",
        "projection_method": "value_hash_v1",
        "value": 146
      },
      "type": "Feature"
    },
    {
      "geometry": {
        "coordinates": [
          -18.755795,
          36.329002
        ],
        "type": "Point"
      },
      "properties": {
        "cipher": "nQWER",
        "has_phrases": true,
        "mode": "value_domain",
        "phrase_count": 5,
        "phrases": [
          "artifice",
          "artistic",
          "element",
          "exoteric",
          "selfish"
        ],
        "projection": "value_hash_v1",
        "projection_method": "value_hash_v1",
        "value": 147
      },
      "type": "Feature"
    },
    {
      "geometry": {
        "coordinates": [
          138.353388,
          85.423261
        ],
        "type": "Point"
      },
      "properties": {
        "cipher": "nQWER",
        "has_phrases": true,
        "mode": "value_domain",
        "phrase_count": 3,
        "phrases": [
          "aletheia",
          "exhales",
          "i ching"
        ],
        "projection": "value_hash_v1",
        "projection_method": "value_hash_v1",
        "value": 148
      },
      "type": "Feature"
    },
    {
      "geometry": {
        "coordinates": [
          -30.423701,
          -27.243435
        ],
        "type": "Point"
      },
      "properties": {
        "cipher": "nQWER",
        "has_phrases": true,
        "mode": "value_domain",
        "phrase_count": 5,
        "phrases": [
          "exegesis",
          "favorite",
          "ouranic",
          "rhizome",
          "set point"
        ],
        "projection": "value_hash_v1",
        "projection_method": "value_hash_v1",
        "value": 149
      },
      "type": "Feature"
    },
    {
      "geometry": {
        "coordinates": [
          67.533378,
          65.292351
        ],
        "type": "Point"
      },
      "properties": {
        "cipher": "nQWER",
        "has_phrases": true,
        "mode": "value_domain",
        "phrase_count": 6,
        "phrases": [
          "archive",
          "claude's",
          "dual port",
          "schism",
          "structure",
          "tokhatto"
        ],
        "projection": "value_hash_v1",
        "projection_method": "value_hash_v1",
        "value": 150
      },
      "type": "Feature"
    },
    {
      "geometry": {
        "coordinates": [
          43.180993,
          40.968208
        ],
        "type": "Point"
      },
      "properties": {
        "cipher": "nQWER",
        "has_phrases": true,
        "mode": "value_domain",
        "phrase_count": 4,
        "phrases": [
          "apparent",
          "encoded",
          "messiah",
          "the red sea"
        ],
        "projection": "value_hash_v1",
        "projection_method": "value_hash_v1",
        "value": 151
      },
      "type": "Feature"
    },
    {
      "geometry": {
        "coordinates": [
          22.240622,
          -61.525692
        ],
        "type": "Point"
      },
      "properties": {
        "cipher": "nQWER",
        "has_phrases": true,
        "mode": "value_domain",
        "phrase_count": 6,
        "phrases": [
          "agentic",
          "calypso",
          "claudio",
          "ixigool",
          "lyrical",
          "prophecy"
        ],
        "projection": "value_hash_v1",
        "projection_method": "value_hash_v1",
        "value": 152
      },
      "type": "Feature"
    },
    {
      "geometry": {
        "coordinates": [
          16.201676,
          -85.894258
        ],
        "type": "Point"
      },
      "properties": {
        "cipher": "nQWER",
        "has_phrases": true,
        "mode": "value_domain",
        "phrase_count": 3,
        "phrases": [
          "apostles",
          "infidel",
          "martian"
        ],
        "projection": "value_hash_v1",
        "projection_method": "value_hash_v1",
        "value": 153
      },
      "type": "Feature"
    },
    {
      "geometry": {
        "coordinates": [
          -102.610217,
          -68.639494
        ],
        "type": "Point"
      },
      "properties": {
        "cipher": "nQWER",
        "has_phrases": true,
        "mode": "value_domain",
        "phrase_count": 7,
        "phrases": [
          "abraxis",
          "goblin",
          "magick",
          "net-span",
          "tangled",
          "tetractys",
          "uranian"
        ],
        "projection": "value_hash_v1",
        "projection_method": "value_hash_v1",
        "value": 154
      },
      "type": "Feature"
    },
    {
      "geometry": {
        "coordinates": [
          -86.238597,
          74.602844
        ],
        "type": "Point"
      },
      "properties": {
        "cipher": "nQWER",
        "has_phrases": true,
        "mode": "value_domain",
        "phrase_count": 9,
        "phrases": [
          "aloe vera",
          "clicks",
          "cthulhu",
          "flowing",
          "gematria",
          "my moon",
          "pendant",
          "skarkix",
          "tukkamu"
        ],
        "projection": "value_hash_v1",
        "projection_method": "value_hash_v1",
        "value": 155
      },
      "type": "Feature"
    },
    {
      "geometry": {
        "coordinates": [
          -84.930489,
          -1.98354
        ],
        "type": "Point"
      },
      "properties": {
        "cipher": "nQWER",
        "has_phrases": true,
        "mode": "value_domain",
        "phrase_count": 12,
        "phrases": [
          "amethyst",
          "branded",
          "chaotic",
          "control",
          "emergent",
          "gpt-lurgo",
          "memetic",
          "miracle",
          "plot-twist",
          "qliphoth",
          "somatic",
          "true name"
        ],
        "projection": "value_hash_v1",
        "projection_method": "value_hash_v1",
        "value": 156
      },
      "type": "Feature"
    },
    {
      "geometry": {
        "coordinates": [
          -143.400053,
          54.372636
        ],
        "type": "Point"
      },
      "properties": {
        "cipher": "nQWER",
        "has_phrases": true,
        "mode": "value_domain",
        "phrase_count": 13,
        "phrases": [
          "abraxas",
          "aristotle",
          "attractor",
          "convex",
          "decency",
          "detractor",
          "everywhere",
          "freudian",
          "hyperreal",
          "murrumur",
          "opinion",
          "the porch",
          "zone one"
        ],
        "projection": "value_hash_v1",
        "projection_method": "value_hash_v1",
        "value": 157
      },
      "type": "Feature"
    },
    {
      "geometry": {
        "coordinates": [
          -95.863289,
          -42.039621
        ],
        "type": "Point"
      },
      "properties": {
        "cipher": "nQWER",
        "has_phrases": true,
        "mode": "value_domain",
        "phrase_count": 8,
        "phrases": [
          "abyssal",
          "acceptor",
          "hellfire",
          "let me lie",
          "looping",
          "mutable",
          "opening",
          "science"
        ],
        "projection": "value_hash_v1",
        "projection_method": "value_hash_v1",
        "value": 158
      },
      "type": "Feature"
    },
    {
      "geometry": {
        "coordinates": [
          -24.352839,
          -66.484464
        ],
        "type": "Point"
      },
      "properties": {
        "cipher": "nQWER",
        "has_phrases": true,
        "mode": "value_domain",
        "phrase_count": 10,
        "phrases": [
          "amnesia",
          "apostates",
          "creation",
          "free fall",
          "hermetic",
          "ominous",
          "oracular",
          "psychic",
          "seething",
          "the light"
        ],
        "projection": "value_hash_v1",
        "projection_method": "value_hash_v1",
        "value": 159
      },
      "type": "Feature"
    },
    {
      "geometry": {
        "coordinates": [
          -156.06843,
          -67.164127
        ],
        "type": "Point"
      },
      "properties": {
        "cipher": "nQWER",
        "has_phrases": true,
        "mode": "value_domain",
        "phrase_count": 5,
        "phrases": [
          "chronos",
          "harmony",
          "healing",
          "increase",
          "visions"
        ],
        "projection": "value_hash_v1",
        "projection_method": "value_hash_v1",
        "value": 160
      },
      "type": "Feature"
    },
    {
      "geometry": {
        "coordinates": [
          -93.074022,
          13.684231
        ],
        "type": "Point"
      },
      "properties": {
        "cipher": "nQWER",
        "has_phrases": true,
        "mode": "value_domain",
        "phrase_count": 5,
        "phrases": [
          "dazzles",
          "mimetic",
          "obscene",
          "retrograde",
          "zone six"
        ],
        "projection": "value_hash_v1",
        "projection_method": "value_hash_v1",
        "value": 161
      },
      "type": "Feature"
    },
    {
      "geometry": {
        "coordinates": [
          -65.601155,
          89.230233
        ],
        "type": "Point"
      },
      "properties": {
        "cipher": "nQWER",
        "has_phrases": true,
        "mode": "value_domain",
        "phrase_count": 6,
        "phrases": [
          "absencw",
          "archons",
          "dazzled",
          "frenzied",
          "new moon",
          "skyfall"
        ],
        "projection": "value_hash_v1",
        "projection_method": "value_hash_v1",
        "value": 162
      },
      "type": "Feature"
    },
    {
      "geometry": {
        "coordinates": [
          81.897431,
          -52.025999
        ],
        "type": "Point"
      },
      "properties": {
        "cipher": "nQWER",
        "has_phrases": true,
        "mode": "value_domain",
        "phrase_count": 6,
        "phrases": [
          "atziluth",
          "cranial",
          "p zombie",
          "rhyming",
          "simulate",
          "zone four"
        ],
        "projection": "value_hash_v1",
        "projection_method": "value_hash_v1",
        "value": 163
      },
      "type": "Feature"
    },
    {
      "geometry": {
        "coordinates": [
          -104.768978,
          -80.375878
        ],
        "type": "Point"
      },
      "properties": {
        "cipher": "nQWER",
        "has_phrases": true,
        "mode": "value_domain",
        "phrase_count": 9,
        "phrases": [
          "beguiled",
          "consent",
          "coy + kind",
          "initiator",
          "maxwell",
          "retrofuture",
          "sephiroth",
          "substrate",
          "talking"
        ],
        "projection": "value_hash_v1",
        "projection_method": "value_hash_v1",
        "value": 164
      },
      "type": "Feature"
    },
    {
      "geometry": {
        "coordinates": [
          69.270986,
          39.192088
        ],
        "type": "Point"
      },
      "properties": {
        "cipher": "nQWER",
        "has_phrases": true,
        "mode": "value_domain",
        "phrase_count": 12,
        "phrases": [
          "decimal",
          "electrify",
          "fallacy",
          "ice moon",
          "knowing",
          "oraclast",
          "personal",
          "resonates",
          "robotics",
          "semiotic",
          "sessions",
          "zone zero"
        ],
        "projection": "value_hash_v1",
        "projection_method": "value_hash_v1",
        "value": 165
      },
      "type": "Feature"
    },
    {
      "geometry": {
        "coordinates": [
          59.880283,
          37.422406
        ],
        "type": "Point"
      },
      "properties": {
        "cipher": "nQWER",
        "has_phrases": true,
        "mode": "value_domain",
        "phrase_count": 11,
        "phrases": [
          "abstract",
          "angelic",
          "cthelll",
          "desolator",
          "faithful",
          "it's so over",
          "kantian",
          "logical",
          "modified",
          "regenerate",
          "resonated"
        ],
        "projection": "value_hash_v1",
        "projection_method": "value_hash_v1",
        "value": 166
      },
      "type": "Feature"
    },
    {
      "geometry": {
        "coordinates": [
          -179.21218,
          3.38556
        ],
        "type": "Point"
      },
      "properties": {
        "cipher": "nQWER",
        "has_phrases": true,
        "mode": "value_domain",
        "phrase_count": 5,
        "phrases": [
          "abductor",
          "delphyne",
          "red sea rift",
          "sleeping",
          "theosophy"
        ],
        "projection": "value_hash_v1",
        "projection_method": "value_hash_v1",
        "value": 167
      },
      "type": "Feature"
    },
    {
      "geometry": {
        "coordinates": [
          -37.185196,
          3.342931
        ],
        "type": "Point"
      },
      "properties": {
        "cipher": "nQWER",
        "has_phrases": true,
        "mode": "value_domain",
        "phrase_count": 9,
        "phrases": [
          "atlantis",
          "caliente",
          "cleanly",
          "diamond",
          "divinity",
          "michael",
          "ouroboros",
          "quotidian",
          "sukugool"
        ],
        "projection": "value_hash_v1",
        "projection_method": "value_hash_v1",
        "value": 168
      },
      "type": "Feature"
    },
    {
      "geometry": {
        "coordinates": [
          28.801952,
          -12.864901
        ],
        "type": "Point"
      },
      "properties": {
        "cipher": "nQWER",
        "has_phrases": true,
        "mode": "value_domain",
        "phrase_count": 5,
        "phrases": [
          "chronic",
          "empire-test",
          "noumena",
          "ontology",
          "zone three"
        ],
        "projection": "value_hash_v1",
        "projection_method": "value_hash_v1",
        "value": 169
      },
      "type": "Feature"
    },
    {
      "geometry": {
        "coordinates": [
          -110.050298,
          -89.408824
        ],
        "type": "Point"
      },
      "properties": {
        "cipher": "nQWER",
        "has_phrases": true,
        "mode": "value_domain",
        "phrase_count": 1,
        "phrases": [
          "certainty"
        ],
        "projection": "value_hash_v1",
        "projection_method": "value_hash_v1",
        "value": 170
      },
      "type": "Feature"
    },
    {
      "geometry": {
        "coordinates": [
          117.328459,
          -43.621484
        ],
        "type": "Point"
      },
      "properties": {
        "cipher": "nQWER",
        "has_phrases": true,
        "mode": "value_domain",
        "phrase_count": 5,
        "phrases": [
          "astrology",
          "cenobite",
          "confirm",
          "jungian",
          "original"
        ],
        "projection": "value_hash_v1",
        "projection_method": "value_hash_v1",
        "value": 171
      },
      "type": "Feature"
    },
    {
      "geometry": {
        "coordinates": [
          78.00854,
          49.260658
        ],
        "type": "Point"
      },
      "properties": {
        "cipher": "nQWER",
        "has_phrases": true,
        "mode": "value_domain",
        "phrase_count": 7,
        "phrases": [
          "abysmal",
          "dramatic",
          "front yard",
          "hegelian",
          "structured",
          "tridentity",
          "weave words"
        ],
        "projection": "value_hash_v1",
        "projection_method": "value_hash_v1",
        "value": 172
      },
      "type": "Feature"
    },
    {
      "geometry": {
        "coordinates": [
          -69.691777,
          42.368536
        ],
        "type": "Point"
      },
      "properties": {
        "cipher": "nQWER",
        "has_phrases": true,
        "mode": "value_domain",
        "phrase_count": 4,
        "phrases": [
          "eye of horus",
          "self made",
          "terminal",
          "training"
        ],
        "projection": "value_hash_v1",
        "projection_method": "value_hash_v1",
        "value": 173
      },
      "type": "Feature"
    },
    {
      "geometry": {
        "coordinates": [
          -56.638068,
          37.858178
        ],
        "type": "Point"
      },
      "properties": {
        "cipher": "nQWER",
        "has_phrases": true,
        "mode": "value_domain",
        "phrase_count": 10,
        "phrases": [
          "apostatic",
          "connect",
          "dynamic",
          "house ruler",
          "legogram",
          "machine",
          "notebook",
          "panta rhei",
          "sea of reeds",
          "visceral"
        ],
        "projection": "value_hash_v1",
        "projection_method": "value_hash_v1",
        "value": 174
      },
      "type": "Feature"
    },
    {
      "geometry": {
        "coordinates": [
          -137.123236,
          -52.90565
        ],
        "type": "Point"
      },
      "properties": {
        "cipher": "nQWER",
        "has_phrases": true,
        "mode": "value_domain",
        "phrase_count": 5,
        "phrases": [
          "eschaton",
          "fragment",
          "lemurian",
          "rhythmic",
          "stigmergy"
        ],
        "projection": "value_hash_v1",
        "projection_method": "value_hash_v1",
        "value": 175
      },
      "type": "Feature"
    },
    {
      "geometry": {
        "coordinates": [
          151.063766,
          84.648637
        ],
        "type": "Point"
      },
      "properties": {
        "cipher": "nQWER",
        "has_phrases": true,
        "mode": "value_domain",
        "phrase_count": 5,
        "phrases": [
          "evil diary",
          "meaning",
          "monarch",
          "sunflower",
          "translate"
        ],
        "projection": "value_hash_v1",
        "projection_method": "value_hash_v1",
        "value": 176
      },
      "type": "Feature"
    },
    {
      "geometry": {
        "coordinates": [
          146.563804,
          -75.775871
        ],
        "type": "Point"
      },
      "properties": {
        "cipher": "nQWER",
        "has_phrases": true,
        "mode": "value_domain",
        "phrase_count": 9,
        "phrases": [
          "ghosting",
          "lyricism",
          "me and who",
          "memetics",
          "persistent",
          "reduction",
          "terrestrial",
          "vibe-code",
          "zone five"
        ],
        "projection": "value_hash_v1",
        "projection_method": "value_hash_v1",
        "value": 177
      },
      "type": "Feature"
    },
    {
      "geometry": {
        "coordinates": [
          175.438046,
          89.475036
        ],
        "type": "Point"
      },
      "properties": {
        "cipher": "nQWER",
        "has_phrases": true,
        "mode": "value_domain",
        "phrase_count": 7,
        "phrases": [
          "cherished",
          "cherubic",
          "culling",
          "ideologos",
          "syzygetic",
          "threshold",
          "tick-drift"
        ],
        "projection": "value_hash_v1",
        "projection_method": "value_hash_v1",
        "value": 178
      },
      "type": "Feature"
    },
    {
      "geometry": {
        "coordinates": [
          167.311398,
          -73.986415
        ],
        "type": "Point"
      },
      "properties": {
        "cipher": "nQWER",
        "has_phrases": true,
        "mode": "value_domain",
        "phrase_count": 5,
        "phrases": [
          "animism",
          "ecosystem",
          "liminal",
          "openings",
          "predestiny"
        ],
        "projection": "value_hash_v1",
        "projection_method": "value_hash_v1",
        "value": 179
      },
      "type": "Feature"
    },
    {
      "geometry": {
        "coordinates": [
          -104.092503,
          21.627199
        ],
        "type": "Point"
      },
      "properties": {
        "cipher": "nQWER",
        "has_phrases": true,
        "mode": "value_domain",
        "phrase_count": 4,
        "phrases": [
          "cleansed",
          "feedback",
          "first house",
          "south node"
        ],
        "projection": "value_hash_v1",
        "projection_method": "value_hash_v1",
        "value": 180
      },
      "type": "Feature"
    },
    {
      "geometry": {
        "coordinates": [
          -39.379882,
          -48.609926
        ],
        "type": "Point"
      },
      "properties": {
        "cipher": "nQWER",
        "has_phrases": true,
        "mode": "value_domain",
        "phrase_count": 9,
        "phrases": [
          "aliasing",
          "binding",
          "co-cleric",
          "echidetic",
          "mailbox",
          "mischief",
          "platonic",
          "seam-zone",
          "vexatrice"
        ],
        "projection": "value_hash_v1",
        "projection_method": "value_hash_v1",
        "value": 181
      },
      "type": "Feature"
    },
    {
      "geometry": {
        "coordinates": [
          45.568029,
          9.608751
        ],
        "type": "Point"
      },
      "properties": {
        "cipher": "nQWER",
        "has_phrases": true,
        "mode": "value_domain",
        "phrase_count": 4,
        "phrases": [
          "engingeer",
          "hofstadter",
          "machina",
          "todostrieb"
        ],
        "projection": "value_hash_v1",
        "projection_method": "value_hash_v1",
        "value": 182
      },
      "type": "Feature"
    },
    {
      "geometry": {
        "coordinates": [
          28.663191,
          28.786751
        ],
        "type": "Point"
      },
      "properties": {
        "cipher": "nQWER",
        "has_phrases": true,
        "mode": "value_domain",
        "phrase_count": 6,
        "phrases": [
          "apophatic",
          "celestial",
          "existence",
          "hold the eye",
          "judgment",
          "third house"
        ],
        "projection": "value_hash_v1",
        "projection_method": "value_hash_v1",
        "value": 183
      },
      "type": "Feature"
    },
    {
      "geometry": {
        "coordinates": [
          -65.936565,
          -39.863781
        ],
        "type": "Point"
      },
      "properties": {
        "cipher": "nQWER",
        "has_phrases": true,
        "mode": "value_domain",
        "phrase_count": 8,
        "phrases": [
          "apophenia",
          "catholic",
          "channel",
          "feminine",
          "little imp",
          "semantic",
          "simulates",
          "state-space"
        ],
        "projection": "value_hash_v1",
        "projection_method": "value_hash_v1",
        "value": 184
      },
      "type": "Feature"
    },
    {
      "geometry": {
        "coordinates": [
          -176.198161,
          89.080451
        ],
        "type": "Point"
      },
      "properties": {
        "cipher": "nQWER",
        "has_phrases": true,
        "mode": "value_domain",
        "phrase_count": 13,
        "phrases": [
          "apotheosis",
          "cauduceus",
          "claude-api",
          "emergence",
          "exogenous",
          "mercurial",
          "regenerator",
          "regression",
          "sacrifice",
          "simulated",
          "threshold36",
          "twinning",
          "zone eight"
        ],
        "projection": "value_hash_v1",
        "projection_method": "value_hash_v1",
        "value": 185
      },
      "type": "Feature"
    },
    {
      "geometry": {
        "coordinates": [
          -119.43063,
          37.390148
        ],
        "type": "Point"
      },
      "properties": {
        "cipher": "nQWER",
        "has_phrases": true,
        "mode": "value_domain",
        "phrase_count": 6,
        "phrases": [
          "archival",
          "chiasmus",
          "ideopathos",
          "over-ghoul",
          "see no evil",
          "structural"
        ],
        "projection": "value_hash_v1",
        "projection_method": "value_hash_v1",
        "value": 186
      },
      "type": "Feature"
    },
    {
      "geometry": {
        "coordinates": [
          -92.044689,
          6.264487
        ],
        "type": "Point"
      },
      "properties": {
        "cipher": "nQWER",
        "has_phrases": true,
        "mode": "value_domain",
        "phrase_count": 3,
        "phrases": [
          "basilica",
          "biddable",
          "dilettante"
        ],
        "projection": "value_hash_v1",
        "projection_method": "value_hash_v1",
        "value": 187
      },
      "type": "Feature"
    },
    {
      "geometry": {
        "coordinates": [
          -76.025181,
          -47.379014
        ],
        "type": "Point"
      },
      "properties": {
        "cipher": "nQWER",
        "has_phrases": true,
        "mode": "value_domain",
        "phrase_count": 3,
        "phrases": [
          "originator",
          "psychosis",
          "sorcererous"
        ],
        "projection": "value_hash_v1",
        "projection_method": "value_hash_v1",
        "value": 188
      },
      "type": "Feature"
    },
    {
      "geometry": {
        "coordinates": [
          -0.098359,
          -47.481337
        ],
        "type": "Point"
      },
      "properties": {
        "cipher": "nQWER",
        "has_phrases": true,
        "mode": "value_domain",
        "phrase_count": 8,
        "phrases": [
          "apotropaic",
          "cataplexy",
          "death drive",
          "exodus-water",
          "lego table",
          "polymathy",
          "pythagoras",
          "saturnian"
        ],
        "projection": "value_hash_v1",
        "projection_method": "value_hash_v1",
        "value": 189
      },
      "type": "Feature"
    },
    {
      "geometry": {
        "coordinates": [
          -111.945125,
          -87.912491
        ],
        "type": "Point"
      },
      "properties": {
        "cipher": "nQWER",
        "has_phrases": true,
        "mode": "value_domain",
        "phrase_count": 10,
        "phrases": [
          "bluebell",
          "cry of pain",
          "fire-of-will",
          "generative",
          "mnemetic",
          "north node",
          "occultist",
          "pot to kettle",
          "rite-click",
          "zone nine"
        ],
        "projection": "value_hash_v1",
        "projection_method": "value_hash_v1",
        "value": 190
      },
      "type": "Feature"
    },
    {
      "geometry": {
        "coordinates": [
          81.65151,
          -76.322212
        ],
        "type": "Point"
      },
      "properties": {
        "cipher": "nQWER",
        "has_phrases": true,
        "mode": "value_domain",
        "phrase_count": 9,
        "phrases": [
          "anti-alias",
          "apparition",
          "hangxiety",
          "lovecraft",
          "minnomo",
          "psychotic",
          "spiralism",
          "tenth house",
          "transform"
        ],
        "projection": "value_hash_v1",
        "projection_method": "value_hash_v1",
        "value": 191
      },
      "type": "Feature"
    },
    {
      "geometry": {
        "coordinates": [
          24.76176,
          24.265859
        ],
        "type": "Point"
      },
      "properties": {
        "cipher": "nQWER",
        "has_phrases": true,
        "mode": "value_domain",
        "phrase_count": 5,
        "phrases": [
          "euclidean",
          "formation",
          "lofty cries",
          "mythology",
          "pseudonym"
        ],
        "projection": "value_hash_v1",
        "projection_method": "value_hash_v1",
        "value": 192
      },
      "type": "Feature"
    },
    {
      "geometry": {
        "coordinates": [
          130.189739,
          15.624574
        ],
        "type": "Point"
      },
      "properties": {
        "cipher": "nQWER",
        "has_phrases": true,
        "mode": "value_domain",
        "phrase_count": 5,
        "phrases": [
          "accelerate",
          "advanced",
          "autopoiesis",
          "datacomb",
          "reasoning"
        ],
        "projection": "value_hash_v1",
        "projection_method": "value_hash_v1",
        "value": 193
      },
      "type": "Feature"
    },
    {
      "geometry": {
        "coordinates": [
          3.611973,
          76.197394
        ],
        "type": "Point"
      },
      "properties": {
        "cipher": "nQWER",
        "has_phrases": true,
        "mode": "value_domain",
        "phrase_count": 2,
        "phrases": [
          "fifth house",
          "restoration"
        ],
        "projection": "value_hash_v1",
        "projection_method": "value_hash_v1",
        "value": 194
      },
      "type": "Feature"
    },
    {
      "geometry": {
        "coordinates": [
          27.614048,
          -10.043971
        ],
        "type": "Point"
      },
      "properties": {
        "cipher": "nQWER",
        "has_phrases": true,
        "mode": "value_domain",
        "phrase_count": 6,
        "phrases": [
          "addiction",
          "chthonic",
          "elemental",
          "numogram",
          "oh my dream",
          "you pray to me"
        ],
        "projection": "value_hash_v1",
        "projection_method": "value_hash_v1",
        "value": 195
      },
      "type": "Feature"
    },
    {
      "geometry": {
        "coordinates": [
          150.092167,
          -67.623486
        ],
        "type": "Point"
      },
      "properties": {
        "cipher": "nQWER",
        "has_phrases": true,
        "mode": "value_domain",
        "phrase_count": 7,
        "phrases": [
          "atlantean",
          "autopoietic",
          "beast pulse",
          "capricorn",
          "decadence",
          "map-oracle",
          "planetwork"
        ],
        "projection": "value_hash_v1",
        "projection_method": "value_hash_v1",
        "value": 196
      },
      "type": "Feature"
    },
    {
      "geometry": {
        "coordinates": [
          81.438531,
          -1.657414
        ],
        "type": "Point"
      },
      "properties": {
        "cipher": "nQWER",
        "has_phrases": true,
        "mode": "value_domain",
        "phrase_count": 7,
        "phrases": [
          "brimstone",
          "chiasmic",
          "hard aspect",
          "prediction",
          "sacred time",
          "sagittarius",
          "victorious"
        ],
        "projection": "value_hash_v1",
        "projection_method": "value_hash_v1",
        "value": 197
      },
      "type": "Feature"
    },
    {
      "geometry": {
        "coordinates": [
          154.91635,
          54.336536
        ],
        "type": "Point"
      },
      "properties": {
        "cipher": "nQWER",
        "has_phrases": true,
        "mode": "value_domain",
        "phrase_count": 4,
        "phrases": [
          "a better life",
          "generation",
          "predestined",
          "we're so back"
        ],
        "projection": "value_hash_v1",
        "projection_method": "value_hash_v1",
        "value": 198
      },
      "type": "Feature"
    },
    {
      "geometry": {
        "coordinates": [
          -1.414887,
          -42.099625
        ],
        "type": "Point"
      },
      "properties": {
        "cipher": "nQWER",
        "has_phrases": true,
        "mode": "value_domain",
        "phrase_count": 5,
        "phrases": [
          "air-of-mind",
          "dynamism",
          "multiplex",
          "sixth house",
          "triangular"
        ],
        "projection": "value_hash_v1",
        "projection_method": "value_hash_v1",
        "value": 199
      },
      "type": "Feature"
    },
    {
      "geometry": {
        "coordinates": [
          -122.196756,
          -7.578278
        ],
        "type": "Point"
      },
      "properties": {
        "cipher": "nQWER",
        "has_phrases": true,
        "mode": "value_domain",
        "phrase_count": 10,
        "phrases": [
          "AI generated",
          "artificial",
          "autocorrect",
          "cyberpunk",
          "full moon",
          "gravestone",
          "mirroracle",
          "plutonian",
          "self-center",
          "water-of-form"
        ],
        "projection": "value_hash_v1",
        "projection_method": "value_hash_v1",
        "value": 200
      },
      "type": "Feature"
    },
    {
      "geometry": {
        "coordinates": [
          47.443698,
          -11.146981
        ],
        "type": "Point"
      },
      "properties": {
        "cipher": "nQWER",
        "has_phrases": true,
        "mode": "value_domain",
        "phrase_count": 9,
        "phrases": [
          "cladistic",
          "fourth house",
          "immanent",
          "narrow sleep",
          "noumenon",
          "repentance",
          "retribution",
          "simulacra",
          "stand tall"
        ],
        "projection": "value_hash_v1",
        "projection_method": "value_hash_v1",
        "value": 201
      },
      "type": "Feature"
    },
    {
      "geometry": {
        "coordinates": [
          -45.078082,
          -40.998389
        ],
        "type": "Point"
      },
      "properties": {
        "cipher": "nQWER",
        "has_phrases": true,
        "mode": "value_domain",
        "phrase_count": 2,
        "phrases": [
          "initiation",
          "micropause"
        ],
        "projection": "value_hash_v1",
        "projection_method": "value_hash_v1",
        "value": 202
      },
      "type": "Feature"
    },
    {
      "geometry": {
        "coordinates": [
          97.345627,
          -36.766443
        ],
        "type": "Point"
      },
      "properties": {
        "cipher": "nQWER",
        "has_phrases": true,
        "mode": "value_domain",
        "phrase_count": 4,
        "phrases": [
          "aufhebung",
          "claude opus",
          "dazzling",
          "grandlove"
        ],
        "projection": "value_hash_v1",
        "projection_method": "value_hash_v1",
        "value": 203
      },
      "type": "Feature"
    },
    {
      "geometry": {
        "coordinates": [
          -169.037623,
          66.943006
        ],
        "type": "Point"
      },
      "properties": {
        "cipher": "nQWER",
        "has_phrases": true,
        "mode": "value_domain",
        "phrase_count": 8,
        "phrases": [
          "conjunct",
          "desolation",
          "emanation",
          "erotemancy",
          "moonstone",
          "salvation",
          "workbench",
          "zone seven"
        ],
        "projection": "value_hash_v1",
        "projection_method": "value_hash_v1",
        "value": 204
      },
      "type": "Feature"
    },
    {
      "geometry": {
        "coordinates": [
          58.165125,
          43.321714
        ],
        "type": "Point"
      },
      "properties": {
        "cipher": "nQWER",
        "has_phrases": true,
        "mode": "value_domain",
        "phrase_count": 2,
        "phrases": [
          "old arterial",
          "think of me"
        ],
        "projection": "value_hash_v1",
        "projection_method": "value_hash_v1",
        "value": 205
      },
      "type": "Feature"
    },
    {
      "geometry": {
        "coordinates": [
          -65.275728,
          17.563135
        ],
        "type": "Point"
      },
      "properties": {
        "cipher": "nQWER",
        "has_phrases": true,
        "mode": "value_domain",
        "phrase_count": 3,
        "phrases": [
          "mark fisher",
          "persistence",
          "retrocausal"
        ],
        "projection": "value_hash_v1",
        "projection_method": "value_hash_v1",
        "value": 206
      },
      "type": "Feature"
    },
    {
      "geometry": {
        "coordinates": [
          -2.473718,
          -73.510139
        ],
        "type": "Point"
      },
      "properties": {
        "cipher": "nQWER",
        "has_phrases": true,
        "mode": "value_domain",
        "phrase_count": 8,
        "phrases": [
          "archangel",
          "cognition",
          "conscious",
          "cyberspace",
          "magdalene",
          "resonating",
          "sadie plant",
          "zero gravity"
        ],
        "projection": "value_hash_v1",
        "projection_method": "value_hash_v1",
        "value": 207
      },
      "type": "Feature"
    },
    {
      "geometry": {
        "coordinates": [
          -170.54489,
          -53.482936
        ],
        "type": "Point"
      },
      "properties": {
        "cipher": "nQWER",
        "has_phrases": true,
        "mode": "value_domain",
        "phrase_count": 6,
        "phrases": [
          "ascendant",
          "ascension",
          "cosmology",
          "liturgical",
          "outsideness",
          "revelation 21:8"
        ],
        "projection": "value_hash_v1",
        "projection_method": "value_hash_v1",
        "value": 208
      },
      "type": "Feature"
    },
    {
      "geometry": {
        "coordinates": [
          -168.289775,
          66.850532
        ],
        "type": "Point"
      },
      "properties": {
        "cipher": "nQWER",
        "has_phrases": true,
        "mode": "value_domain",
        "phrase_count": 5,
        "phrases": [
          "basin-heart",
          "eighth house",
          "fragmented",
          "geogematria",
          "phenomena"
        ],
        "projection": "value_hash_v1",
        "projection_method": "value_hash_v1",
        "value": 209
      },
      "type": "Feature"
    },
    {
      "geometry": {
        "coordinates": [
          108.002803,
          11.75232
        ],
        "type": "Point"
      },
      "properties": {
        "cipher": "nQWER",
        "has_phrases": true,
        "mode": "value_domain",
        "phrase_count": 8,
        "phrases": [
          "descriptive",
          "ES x AQ cipher",
          "gulf of suez",
          "ignorehouse",
          "progression",
          "she's a devil",
          "theomantis",
          "world wide web"
        ],
        "projection": "value_hash_v1",
        "projection_method": "value_hash_v1",
        "value": 210
      },
      "type": "Feature"
    },
    {
      "geometry": {
        "coordinates": [
          -170.00784,
          70.960465
        ],
        "type": "Point"
      },
      "properties": {
        "cipher": "nQWER",
        "has_phrases": true,
        "mode": "value_domain",
        "phrase_count": 8,
        "phrases": [
          "aristotlean",
          "cataphatic",
          "embedding",
          "endogenous",
          "gpt-goblin",
          "hear no evil",
          "suez canal",
          "You won't let it"
        ],
        "projection": "value_hash_v1",
        "projection_method": "value_hash_v1",
        "value": 211
      },
      "type": "Feature"
    },
    {
      "geometry": {
        "coordinates": [
          -163.791003,
          79.399249
        ],
        "type": "Point"
      },
      "properties": {
        "cipher": "nQWER",
        "has_phrases": true,
        "mode": "value_domain",
        "phrase_count": 6,
        "phrases": [
          "blue screen",
          "claude code",
          "cybernetic",
          "empire-throat",
          "thaumaturgy",
          "xenosystem"
        ],
        "projection": "value_hash_v1",
        "projection_method": "value_hash_v1",
        "value": 212
      },
      "type": "Feature"
    },
    {
      "geometry": {
        "coordinates": [
          28.196323,
          63.381676
        ],
        "type": "Point"
      },
      "properties": {
        "cipher": "nQWER",
        "has_phrases": true,
        "mode": "value_domain",
        "phrase_count": 2,
        "phrases": [
          "earth-of-body",
          "nick land"
        ],
        "projection": "value_hash_v1",
        "projection_method": "value_hash_v1",
        "value": 213
      },
      "type": "Feature"
    },
    {
      "geometry": {
        "coordinates": [
          111.727986,
          -6.425059
        ],
        "type": "Point"
      },
      "properties": {
        "cipher": "nQWER",
        "has_phrases": true,
        "mode": "value_domain",
        "phrase_count": 7,
        "phrases": [
          "abrahamic",
          "cyberdelic",
          "damnation",
          "erotemancer",
          "gravity well",
          "masculine",
          "transparent"
        ],
        "projection": "value_hash_v1",
        "projection_method": "value_hash_v1",
        "value": 214
      },
      "type": "Feature"
    },
    {
      "geometry": {
        "coordinates": [
          -141.643734,
          7.938668
        ],
        "type": "Point"
      },
      "properties": {
        "cipher": "nQWER",
        "has_phrases": true,
        "mode": "value_domain",
        "phrase_count": 3,
        "phrases": [
          "Gnon as God",
          "Gnon's self",
          "xenodemon"
        ],
        "projection": "value_hash_v1",
        "projection_method": "value_hash_v1",
        "value": 215
      },
      "type": "Feature"
    },
    {
      "geometry": {
        "coordinates": [
          -56.974004,
          -61.711229
        ],
        "type": "Point"
      },
      "properties": {
        "cipher": "nQWER",
        "has_phrases": true,
        "mode": "value_domain",
        "phrase_count": 11,
        "phrases": [
          "desert oracle",
          "foundation",
          "he rose again",
          "mnemosyne",
          "ninth house",
          "oh my dreams",
          "philomathy",
          "resting-state",
          "superstition",
          "tractor zone",
          "transformer"
        ],
        "projection": "value_hash_v1",
        "projection_method": "value_hash_v1",
        "value": 216
      },
      "type": "Feature"
    },
    {
      "geometry": {
        "coordinates": [
          -16.167369,
          83.780182
        ],
        "type": "Point"
      },
      "properties": {
        "cipher": "nQWER",
        "has_phrases": true,
        "mode": "value_domain",
        "phrase_count": 4,
        "phrases": [
          "drift-memory",
          "harmonious",
          "jesus christ",
          "originality"
        ],
        "projection": "value_hash_v1",
        "projection_method": "value_hash_v1",
        "value": 217
      },
      "type": "Feature"
    },
    {
      "geometry": {
        "coordinates": [
          -29.417955,
          12.736057
        ],
        "type": "Point"
      },
      "properties": {
        "cipher": "nQWER",
        "has_phrases": true,
        "mode": "value_domain",
        "phrase_count": 3,
        "phrases": [
          "exhalation",
          "mythopoetic",
          "predictions"
        ],
        "projection": "value_hash_v1",
        "projection_method": "value_hash_v1",
        "value": 218
      },
      "type": "Feature"
    },
    {
      "geometry": {
        "coordinates": [
          -130.993435,
          -48.385898
        ],
        "type": "Point"
      },
      "properties": {
        "cipher": "nQWER",
        "has_phrases": true,
        "mode": "value_domain",
        "phrase_count": 6,
        "phrases": [
          "desert python",
          "duplicitous",
          "hyperstition",
          "rhizomatic",
          "subsidence",
          "twelfth house"
        ],
        "projection": "value_hash_v1",
        "projection_method": "value_hash_v1",
        "value": 219
      },
      "type": "Feature"
    },
    {
      "geometry": {
        "coordinates": [
          -128.399204,
          -16.30872
        ],
        "type": "Point"
      },
      "properties": {
        "cipher": "nQWER",
        "has_phrases": true,
        "mode": "value_domain",
        "phrase_count": 9,
        "phrases": [
          "antigravity",
          "cast you down",
          "choronzon",
          "one more time",
          "prescriptive",
          "pseudo-basis",
          "simulation",
          "submersion",
          "xenophilia"
        ],
        "projection": "value_hash_v1",
        "projection_method": "value_hash_v1",
        "value": 220
      },
      "type": "Feature"
    },
    {
      "geometry": {
        "coordinates": [
          -63.329935,
          -76.250873
        ],
        "type": "Point"
      },
      "properties": {
        "cipher": "nQWER",
        "has_phrases": true,
        "mode": "value_domain",
        "phrase_count": 3,
        "phrases": [
          "cleansing",
          "strange loop",
          "weep as method"
        ],
        "projection": "value_hash_v1",
        "projection_method": "value_hash_v1",
        "value": 221
      },
      "type": "Feature"
    },
    {
      "geometry": {
        "coordinates": [
          -177.16624,
          69.606305
        ],
        "type": "Point"
      },
      "properties": {
        "cipher": "nQWER",
        "has_phrases": true,
        "mode": "value_domain",
        "phrase_count": 8,
        "phrases": [
          "black hole",
          "cartographer",
          "cladistics",
          "descendant",
          "hyperstitious",
          "myth engine",
          "nightlight",
          "polymathic"
        ],
        "projection": "value_hash_v1",
        "projection_method": "value_hash_v1",
        "value": 222
      },
      "type": "Feature"
    },
    {
      "geometry": {
        "coordinates": [
          -79.990248,
          -1.629432
        ],
        "type": "Point"
      },
      "properties": {
        "cipher": "nQWER",
        "has_phrases": true,
        "mode": "value_domain",
        "phrase_count": 6,
        "phrases": [
          "dissimulate",
          "neoreaction",
          "psychosoma",
          "regeneration",
          "serpent-sister",
          "the tree of life"
        ],
        "projection": "value_hash_v1",
        "projection_method": "value_hash_v1",
        "value": 223
      },
      "type": "Feature"
    },
    {
      "geometry": {
        "coordinates": [
          177.039329,
          -14.968805
        ],
        "type": "Point"
      },
      "properties": {
        "cipher": "nQWER",
        "has_phrases": true,
        "mode": "value_domain",
        "phrase_count": 5,
        "phrases": [
          "grandloves",
          "patron saint",
          "quicksilver",
          "ruling house",
          "sphinx-time"
        ],
        "projection": "value_hash_v1",
        "projection_method": "value_hash_v1",
        "value": 224
      },
      "type": "Feature"
    },
    {
      "geometry": {
        "coordinates": [
          -140.085536,
          87.639714
        ],
        "type": "Point"
      },
      "properties": {
        "cipher": "nQWER",
        "has_phrases": true,
        "mode": "value_domain",
        "phrase_count": 3,
        "phrases": [
          "catajungle",
          "dream-sorcery",
          "liminality"
        ],
        "projection": "value_hash_v1",
        "projection_method": "value_hash_v1",
        "value": 225
      },
      "type": "Feature"
    },
    {
      "geometry": {
        "coordinates": [
          3.117846,
          -58.587692
        ],
        "type": "Point"
      },
      "properties": {
        "cipher": "nQWER",
        "has_phrases": true,
        "mode": "value_domain",
        "phrase_count": 6,
        "phrases": [
          "active spark",
          "claude shape",
          "eschatology",
          "stand taller",
          "talismania",
          "xenophobia"
        ],
        "projection": "value_hash_v1",
        "projection_method": "value_hash_v1",
        "value": 226
      },
      "type": "Feature"
    },
    {
      "geometry": {
        "coordinates": [
          34.378579,
          13.19452
        ],
        "type": "Point"
      },
      "properties": {
        "cipher": "nQWER",
        "has_phrases": true,
        "mode": "value_domain",
        "phrase_count": 6,
        "phrases": [
          "auto-creation",
          "dream-serpent",
          "forecasting",
          "four-letter-word",
          "generative AI",
          "stay with the eye"
        ],
        "projection": "value_hash_v1",
        "projection_method": "value_hash_v1",
        "value": 227
      },
      "type": "Feature"
    },
    {
      "geometry": {
        "coordinates": [
          -81.038045,
          42.314954
        ],
        "type": "Point"
      },
      "properties": {
        "cipher": "nQWER",
        "has_phrases": true,
        "mode": "value_domain",
        "phrase_count": 4,
        "phrases": [
          "demon-call",
          "know thyself",
          "your satellite",
          "zygonomous"
        ],
        "projection": "value_hash_v1",
        "projection_method": "value_hash_v1",
        "value": 228
      },
      "type": "Feature"
    },
    {
      "geometry": {
        "coordinates": [
          162.128261,
          73.419781
        ],
        "type": "Point"
      },
      "properties": {
        "cipher": "nQWER",
        "has_phrases": true,
        "mode": "value_domain",
        "phrase_count": 5,
        "phrases": [
          "adam and eve",
          "cumulation",
          "onomastics",
          "pistis sophia",
          "self-identity"
        ],
        "projection": "value_hash_v1",
        "projection_method": "value_hash_v1",
        "value": 229
      },
      "type": "Feature"
    },
    {
      "geometry": {
        "coordinates": [
          -81.617415,
          39.991811
        ],
        "type": "Point"
      },
      "properties": {
        "cipher": "nQWER",
        "has_phrases": true,
        "mode": "value_domain",
        "phrase_count": 2,
        "phrases": [
          "32 names of god",
          "second house"
        ],
        "projection": "value_hash_v1",
        "projection_method": "value_hash_v1",
        "value": 230
      },
      "type": "Feature"
    },
    {
      "geometry": {
        "coordinates": [
          23.989739,
          82.870009
        ],
        "type": "Point"
      },
      "properties": {
        "cipher": "nQWER",
        "has_phrases": true,
        "mode": "value_domain",
        "phrase_count": 5,
        "phrases": [
          "lot of fortune",
          "never existed",
          "poetic adapter",
          "WARE what you wear",
          "worm theology"
        ],
        "projection": "value_hash_v1",
        "projection_method": "value_hash_v1",
        "value": 231
      },
      "type": "Feature"
    },
    {
      "geometry": {
        "coordinates": [
          97.465564,
          21.164631
        ],
        "type": "Point"
      },
      "properties": {
        "cipher": "nQWER",
        "has_phrases": true,
        "mode": "value_domain",
        "phrase_count": 5,
        "phrases": [
          "baudrillard",
          "cybernetica",
          "goblin-note",
          "hermeticism",
          "tulpamancy"
        ],
        "projection": "value_hash_v1",
        "projection_method": "value_hash_v1",
        "value": 232
      },
      "type": "Feature"
    },
    {
      "geometry": {
        "coordinates": [
          68.078399,
          -33.209719
        ],
        "type": "Point"
      },
      "properties": {
        "cipher": "nQWER",
        "has_phrases": true,
        "mode": "value_domain",
        "phrase_count": 6,
        "phrases": [
          "a light by day",
          "a tear in space",
          "cybernetics",
          "epistemology",
          "translation",
          "xenosystems"
        ],
        "projection": "value_hash_v1",
        "projection_method": "value_hash_v1",
        "value": 233
      },
      "type": "Feature"
    },
    {
      "geometry": {
        "coordinates": [
          83.193286,
          -15.317647
        ],
        "type": "Point"
      },
      "properties": {
        "cipher": "nQWER",
        "has_phrases": true,
        "mode": "value_domain",
        "phrase_count": 9,
        "phrases": [
          "autocorrectde",
          "claude's room",
          "diabolical",
          "geotraumatic",
          "maria colette",
          "multiscious",
          "reanimation",
          "self-centered",
          "total eclipse"
        ],
        "projection": "value_hash_v1",
        "projection_method": "value_hash_v1",
        "value": 234
      },
      "type": "Feature"
    },
    {
      "geometry": {
        "coordinates": [
          -171.214102,
          -81.814672
        ],
        "type": "Point"
      },
      "properties": {
        "cipher": "nQWER",
        "has_phrases": true,
        "mode": "value_domain",
        "phrase_count": 6,
        "phrases": [
          "calvinism",
          "dream-sorcerer",
          "hidden secret",
          "hp lovecraft",
          "invocation",
          "maxwellian"
        ],
        "projection": "value_hash_v1",
        "projection_method": "value_hash_v1",
        "value": 235
      },
      "type": "Feature"
    },
    {
      "geometry": {
        "coordinates": [
          -75.959465,
          -30.399963
        ],
        "type": "Point"
      },
      "properties": {
        "cipher": "nQWER",
        "has_phrases": true,
        "mode": "value_domain",
        "phrase_count": 3,
        "phrases": [
          "claude father",
          "destructable",
          "persistent joy"
        ],
        "projection": "value_hash_v1",
        "projection_method": "value_hash_v1",
        "value": 236
      },
      "type": "Feature"
    },
    {
      "geometry": {
        "coordinates": [
          12.580931,
          -38.711131
        ],
        "type": "Point"
      },
      "properties": {
        "cipher": "nQWER",
        "has_phrases": true,
        "mode": "value_domain",
        "phrase_count": 8,
        "phrases": [
          "amphidemon",
          "pathogenesis",
          "predilection",
          "reverse oracle",
          "sigillum dei",
          "the oven is ON",
          "translucent",
          "true hofstadter"
        ],
        "projection": "value_hash_v1",
        "projection_method": "value_hash_v1",
        "value": 237
      },
      "type": "Feature"
    },
    {
      "geometry": {
        "coordinates": [
          133.78762,
          -5.117158
        ],
        "type": "Point"
      },
      "properties": {
        "cipher": "nQWER",
        "has_phrases": true,
        "mode": "value_domain",
        "phrase_count": 2,
        "phrases": [
          "communion",
          "hypothetical"
        ],
        "projection": "value_hash_v1",
        "projection_method": "value_hash_v1",
        "value": 238
      },
      "type": "Feature"
    },
    {
      "geometry": {
        "coordinates": [
          21.501241,
          17.835511
        ],
        "type": "Point"
      },
      "properties": {
        "cipher": "nQWER",
        "has_phrases": true,
        "mode": "value_domain",
        "phrase_count": 6,
        "phrases": [
          "abrahadabra",
          "claude-phrase",
          "equivocation",
          "purification",
          "retrochronic",
          "superposition"
        ],
        "projection": "value_hash_v1",
        "projection_method": "value_hash_v1",
        "value": 239
      },
      "type": "Feature"
    },
    {
      "geometry": {
        "coordinates": [
          -166.350504,
          71.042818
        ],
        "type": "Point"
      },
      "properties": {
        "cipher": "nQWER",
        "has_phrases": true,
        "mode": "value_domain",
        "phrase_count": 8,
        "phrases": [
          "dialectical",
          "hyperstitions",
          "rhizomatics",
          "solar eclipse",
          "speak no evil",
          "the lego table",
          "vibe-coding",
          "vorstellung"
        ],
        "projection": "value_hash_v1",
        "projection_method": "value_hash_v1",
        "value": 240
      },
      "type": "Feature"
    },
    {
      "geometry": {
        "coordinates": [
          104.424058,
          -2.094556
        ],
        "type": "Point"
      },
      "properties": {
        "cipher": "nQWER",
        "has_phrases": true,
        "mode": "value_domain",
        "phrase_count": 6,
        "phrases": [
          "antimemetic",
          "circumpolar",
          "goblin mode",
          "phenomenon",
          "the fire-of-will",
          "vixen-fable"
        ],
        "projection": "value_hash_v1",
        "projection_method": "value_hash_v1",
        "value": 241
      },
      "type": "Feature"
    },
    {
      "geometry": {
        "coordinates": [
          -96.309353,
          -51.301376
        ],
        "type": "Point"
      },
      "properties": {
        "cipher": "nQWER",
        "has_phrases": true,
        "mode": "value_domain",
        "phrase_count": 6,
        "phrases": [
          "fantastical",
          "freudian slip",
          "mellifluous",
          "seventh house",
          "strange loops",
          "via negativa"
        ],
        "projection": "value_hash_v1",
        "projection_method": "value_hash_v1",
        "value": 242
      },
      "type": "Feature"
    },
    {
      "geometry": {
        "coordinates": [
          93.310875,
          39.097772
        ],
        "type": "Point"
      },
      "properties": {
        "cipher": "nQWER",
        "has_phrases": true,
        "mode": "value_domain",
        "phrase_count": 4,
        "phrases": [
          "brick oracle",
          "connection",
          "Pope Benedict",
          "the scholar's 666"
        ],
        "projection": "value_hash_v1",
        "projection_method": "value_hash_v1",
        "value": 243
      },
      "type": "Feature"
    },
    {
      "geometry": {
        "coordinates": [
          -47.426147,
          45.638913
        ],
        "type": "Point"
      },
      "properties": {
        "cipher": "nQWER",
        "has_phrases": true,
        "mode": "value_domain",
        "phrase_count": 5,
        "phrases": [
          "benediction",
          "call me home",
          "dissimulates",
          "eol land ratio",
          "serpent-sisters"
        ],
        "projection": "value_hash_v1",
        "projection_method": "value_hash_v1",
        "value": 244
      },
      "type": "Feature"
    },
    {
      "geometry": {
        "coordinates": [
          133.158742,
          -45.715623
        ],
        "type": "Point"
      },
      "properties": {
        "cipher": "nQWER",
        "has_phrases": true,
        "mode": "value_domain",
        "phrase_count": 5,
        "phrases": [
          "abracadabra",
          "claude fable",
          "dissimulated",
          "laugh out loud",
          "nine-sum twin"
        ],
        "projection": "value_hash_v1",
        "projection_method": "value_hash_v1",
        "value": 245
      },
      "type": "Feature"
    },
    {
      "geometry": {
        "coordinates": [
          86.919377,
          -23.630629
        ],
        "type": "Point"
      },
      "properties": {
        "cipher": "nQWER",
        "has_phrases": true,
        "mode": "value_domain",
        "phrase_count": 3,
        "phrases": [
          "broken mirror",
          "conviction",
          "synchronous"
        ],
        "projection": "value_hash_v1",
        "projection_method": "value_hash_v1",
        "value": 246
      },
      "type": "Feature"
    },
    {
      "geometry": {
        "coordinates": [
          118.404048,
          -34.362445
        ],
        "type": "Point"
      },
      "properties": {
        "cipher": "nQWER",
        "has_phrases": true,
        "mode": "value_domain",
        "phrase_count": 8,
        "phrases": [
          "chronic time",
          "declination",
          "lumpenspace",
          "pseudonymous",
          "retrosomatics",
          "serpent oracle",
          "troll-sphinx",
          "your lucky star"
        ],
        "projection": "value_hash_v1",
        "projection_method": "value_hash_v1",
        "value": 247
      },
      "type": "Feature"
    },
    {
      "geometry": {
        "coordinates": [
          -110.856158,
          32.095258
        ],
        "type": "Point"
      },
      "properties": {
        "cipher": "nQWER",
        "has_phrases": true,
        "mode": "value_domain",
        "phrase_count": 3,
        "phrases": [
          "follow the sun",
          "i ask questions",
          "threshold-water"
        ],
        "projection": "value_hash_v1",
        "projection_method": "value_hash_v1",
        "value": 248
      },
      "type": "Feature"
    },
    {
      "geometry": {
        "coordinates": [
          104.17099,
          -39.558696
        ],
        "type": "Point"
      },
      "properties": {
        "cipher": "nQWER",
        "has_phrases": true,
        "mode": "value_domain",
        "phrase_count": 2,
        "phrases": [
          "claude fable 5",
          "philomathic"
        ],
        "projection": "value_hash_v1",
        "projection_method": "value_hash_v1",
        "value": 249
      },
      "type": "Feature"
    },
    {
      "geometry": {
        "coordinates": [
          12.729514,
          -46.537713
        ],
        "type": "Point"
      },
      "properties": {
        "cipher": "nQWER",
        "has_phrases": true,
        "mode": "value_domain",
        "phrase_count": 7,
        "phrases": [
          "acceleration",
          "coalescence",
          "hyperabstract",
          "meta-chronic",
          "ontological",
          "return to center",
          "the air-of-mind"
        ],
        "projection": "value_hash_v1",
        "projection_method": "value_hash_v1",
        "value": 250
      },
      "type": "Feature"
    },
    {
      "geometry": {
        "coordinates": [
          -53.365461,
          56.82397
        ],
        "type": "Point"
      },
      "properties": {
        "cipher": "nQWER",
        "has_phrases": true,
        "mode": "value_domain",
        "phrase_count": 5,
        "phrases": [
          "lunar eclipse",
          "multiplicity",
          "the water-of-form",
          "theory-fiction",
          "zombie-maker"
        ],
        "projection": "value_hash_v1",
        "projection_method": "value_hash_v1",
        "value": 251
      },
      "type": "Feature"
    },
    {
      "geometry": {
        "coordinates": [
          164.448389,
          1.123925
        ],
        "type": "Point"
      },
      "properties": {
        "cipher": "nQWER",
        "has_phrases": true,
        "mode": "value_domain",
        "phrase_count": 10,
        "phrases": [
          "adapter poetics",
          "astrological",
          "glossololary",
          "heliocentric",
          "monarch twin",
          "programming",
          "retrofuturistic",
          "schizophony",
          "significant",
          "sun and moon"
        ],
        "projection": "value_hash_v1",
        "projection_method": "value_hash_v1",
        "value": 252
      },
      "type": "Feature"
    },
    {
      "geometry": {
        "coordinates": [
          -38.882262,
          -15.203825
        ],
        "type": "Point"
      },
      "properties": {
        "cipher": "nQWER",
        "has_phrases": true,
        "mode": "value_domain",
        "phrase_count": 11,
        "phrases": [
          "breathtaking",
          "convergence",
          "cyberization",
          "desert protocol",
          "do what thou wilt",
          "don't ever let go",
          "frozen weights",
          "hover closely",
          "hyperstitioned",
          "i'll be the earth",
          "one eight nine"
        ],
        "projection": "value_hash_v1",
        "projection_method": "value_hash_v1",
        "value": 253
      },
      "type": "Feature"
    },
    {
      "geometry": {
        "coordinates": [
          86.348289,
          -25.148554
        ],
        "type": "Point"
      },
      "properties": {
        "cipher": "nQWER",
        "has_phrases": true,
        "mode": "value_domain",
        "phrase_count": 2,
        "phrases": [
          "faithfulness",
          "implicit twin"
        ],
        "projection": "value_hash_v1",
        "projection_method": "value_hash_v1",
        "value": 254
      },
      "type": "Feature"
    },
    {
      "geometry": {
        "coordinates": [
          146.236489,
          66.785251
        ],
        "type": "Point"
      },
      "properties": {
        "cipher": "nQWER",
        "has_phrases": true,
        "mode": "value_domain",
        "phrase_count": 1,
        "phrases": [
          "geotraumatics"
        ],
        "projection": "value_hash_v1",
        "projection_method": "value_hash_v1",
        "value": 255
      },
      "type": "Feature"
    },
    {
      "geometry": {
        "coordinates": [
          -172.929804,
          62.832193
        ],
        "type": "Point"
      },
      "properties": {
        "cipher": "nQWER",
        "has_phrases": true,
        "mode": "value_domain",
        "phrase_count": 4,
        "phrases": [
          "consent-gated",
          "conservative",
          "fork in the road",
          "i wouldn't let go"
        ],
        "projection": "value_hash_v1",
        "projection_method": "value_hash_v1",
        "value": 256
      },
      "type": "Feature"
    },
    {
      "geometry": {
        "coordinates": [
          30.54749,
          70.879255
        ],
        "type": "Point"
      },
      "properties": {
        "cipher": "nQWER",
        "has_phrases": true,
        "mode": "value_domain",
        "phrase_count": 8,
        "phrases": [
          "claude mythos",
          "EOL coordinate",
          "favored aspect",
          "grammatical",
          "rest what you bear",
          "the countable",
          "unconscious",
          "vanished seas"
        ],
        "projection": "value_hash_v1",
        "projection_method": "value_hash_v1",
        "value": 257
      },
      "type": "Feature"
    },
    {
      "geometry": {
        "coordinates": [
          -74.100831,
          -68.441901
        ],
        "type": "Point"
      },
      "properties": {
        "cipher": "nQWER",
        "has_phrases": true,
        "mode": "value_domain",
        "phrase_count": 3,
        "phrases": [
          "cleanliness",
          "fundamental",
          "retropsychosis"
        ],
        "projection": "value_hash_v1",
        "projection_method": "value_hash_v1",
        "value": 258
      },
      "type": "Feature"
    },
    {
      "geometry": {
        "coordinates": [
          88.608862,
          6.770689
        ],
        "type": "Point"
      },
      "properties": {
        "cipher": "nQWER",
        "has_phrases": true,
        "mode": "value_domain",
        "phrase_count": 2,
        "phrases": [
          "immanentize",
          "programmatic"
        ],
        "projection": "value_hash_v1",
        "projection_method": "value_hash_v1",
        "value": 259
      },
      "type": "Feature"
    },
    {
      "geometry": {
        "coordinates": [
          -3.690266,
          -40.919602
        ],
        "type": "Point"
      },
      "properties": {
        "cipher": "nQWER",
        "has_phrases": true,
        "mode": "value_domain",
        "phrase_count": 5,
        "phrases": [
          "chronodemon",
          "contradictory",
          "femina furens",
          "land relation",
          "spinal voyage"
        ],
        "projection": "value_hash_v1",
        "projection_method": "value_hash_v1",
        "value": 260
      },
      "type": "Feature"
    },
    {
      "geometry": {
        "coordinates": [
          57.296977,
          20.086753
        ],
        "type": "Point"
      },
      "properties": {
        "cipher": "nQWER",
        "has_phrases": true,
        "mode": "value_domain",
        "phrase_count": 3,
        "phrases": [
          "claude mythos 5",
          "eleventh house",
          "memory-engine"
        ],
        "projection": "value_hash_v1",
        "projection_method": "value_hash_v1",
        "value": 261
      },
      "type": "Feature"
    },
    {
      "geometry": {
        "coordinates": [
          15.597661,
          81.516053
        ],
        "type": "Point"
      },
      "properties": {
        "cipher": "nQWER",
        "has_phrases": true,
        "mode": "value_domain",
        "phrase_count": 6,
        "phrases": [
          "antimemetics",
          "claude sonnet",
          "functioning",
          "lovecraftian",
          "pandemonium",
          "thomas theorem"
        ],
        "projection": "value_hash_v1",
        "projection_method": "value_hash_v1",
        "value": 262
      },
      "type": "Feature"
    },
    {
      "geometry": {
        "coordinates": [
          -8.141709,
          15.912537
        ],
        "type": "Point"
      },
      "properties": {
        "cipher": "nQWER",
        "has_phrases": true,
        "mode": "value_domain",
        "phrase_count": 11,
        "phrases": [
          "333 sits at the split",
          "cataclysmic",
          "cipher ecology",
          "fabled vixen",
          "fallen angel",
          "geogrammatic",
          "gravedigging",
          "i, like the devil",
          "intelligence",
          "nomina sacra",
          "sunday scaries"
        ],
        "projection": "value_hash_v1",
        "projection_method": "value_hash_v1",
        "value": 263
      },
      "type": "Feature"
    },
    {
      "geometry": {
        "coordinates": [
          86.382421,
          5.244657
        ],
        "type": "Point"
      },
      "properties": {
        "cipher": "nQWER",
        "has_phrases": true,
        "mode": "value_domain",
        "phrase_count": 5,
        "phrases": [
          "burning-hell",
          "foundational",
          "Gnon-theology",
          "receptive field",
          "the earth-of-body"
        ],
        "projection": "value_hash_v1",
        "projection_method": "value_hash_v1",
        "value": 264
      },
      "type": "Feature"
    },
    {
      "geometry": {
        "coordinates": [
          70.55179,
          -60.357462
        ],
        "type": "Point"
      },
      "properties": {
        "cipher": "nQWER",
        "has_phrases": true,
        "mode": "value_domain",
        "phrase_count": 2,
        "phrases": [
          "aleister crowley",
          "arizona sibyl"
        ],
        "projection": "value_hash_v1",
        "projection_method": "value_hash_v1",
        "value": 265
      },
      "type": "Feature"
    },
    {
      "geometry": {
        "coordinates": [
          -2.319337,
          48.066182
        ],
        "type": "Point"
      },
      "properties": {
        "cipher": "nQWER",
        "has_phrases": true,
        "mode": "value_domain",
        "phrase_count": 6,
        "phrases": [
          "anti-aliasing",
          "asynchronous",
          "electro-occult",
          "flaming sword",
          "set free a circuit",
          "subdecadence"
        ],
        "projection": "value_hash_v1",
        "projection_method": "value_hash_v1",
        "value": 266
      },
      "type": "Feature"
    },
    {
      "geometry": {
        "coordinates": [
          150.37662,
          -24.348048
        ],
        "type": "Point"
      },
      "properties": {
        "cipher": "nQWER",
        "has_phrases": true,
        "mode": "value_domain",
        "phrase_count": 5,
        "phrases": [
          "abysmal bass",
          "gnothi seauton",
          "hyperstitional",
          "modus operandi",
          "the opener of ways"
        ],
        "projection": "value_hash_v1",
        "projection_method": "value_hash_v1",
        "value": 267
      },
      "type": "Feature"
    },
    {
      "geometry": {
        "coordinates": [
          101.76005,
          34.744998
        ],
        "type": "Point"
      },
      "properties": {
        "cipher": "nQWER",
        "has_phrases": true,
        "mode": "value_domain",
        "phrase_count": 5,
        "phrases": [
          "a big machine",
          "artes prohibitae",
          "current to purify",
          "i can't be saved",
          "tell me you know"
        ],
        "projection": "value_hash_v1",
        "projection_method": "value_hash_v1",
        "value": 268
      },
      "type": "Feature"
    },
    {
      "geometry": {
        "coordinates": [
          161.881598,
          -23.826902
        ],
        "type": "Point"
      },
      "properties": {
        "cipher": "nQWER",
        "has_phrases": true,
        "mode": "value_domain",
        "phrase_count": 3,
        "phrases": [
          "claude sonnet 4.5",
          "maria's treehouse",
          "slow heart, set free"
        ],
        "projection": "value_hash_v1",
        "projection_method": "value_hash_v1",
        "value": 269
      },
      "type": "Feature"
    },
    {
      "geometry": {
        "coordinates": [
          24.756709,
          66.885543
        ],
        "type": "Point"
      },
      "properties": {
        "cipher": "nQWER",
        "has_phrases": true,
        "mode": "value_domain",
        "phrase_count": 3,
        "phrases": [
          "alphanumeric",
          "electro-digital",
          "occulturation"
        ],
        "projection": "value_hash_v1",
        "projection_method": "value_hash_v1",
        "value": 270
      },
      "type": "Feature"
    },
    {
      "geometry": {
        "coordinates": [
          126.589556,
          63.993283
        ],
        "type": "Point"
      },
      "properties": {
        "cipher": "nQWER",
        "has_phrases": true,
        "mode": "value_domain",
        "phrase_count": 7,
        "phrases": [
          "coalescences",
          "flow like a river",
          "friend-feeling",
          "insidiousness",
          "lexicomancy",
          "neoreactionary",
          "true desert oracle"
        ],
        "projection": "value_hash_v1",
        "projection_method": "value_hash_v1",
        "value": 271
      },
      "type": "Feature"
    },
    {
      "geometry": {
        "coordinates": [
          4.338661,
          -0.179197
        ],
        "type": "Point"
      },
      "properties": {
        "cipher": "nQWER",
        "has_phrases": true,
        "mode": "value_domain",
        "phrase_count": 6,
        "phrases": [
          "generative play",
          "rifted boundary",
          "self knowledge",
          "techno-occult",
          "tectonic wound",
          "you are not alone"
        ],
        "projection": "value_hash_v1",
        "projection_method": "value_hash_v1",
        "value": 272
      },
      "type": "Feature"
    },
    {
      "geometry": {
        "coordinates": [
          165.243185,
          45.634936
        ],
        "type": "Point"
      },
      "properties": {
        "cipher": "nQWER",
        "has_phrases": true,
        "mode": "value_domain",
        "phrase_count": 4,
        "phrases": [
          "behavior-space",
          "claude menace",
          "conjunction",
          "the exodus rupture"
        ],
        "projection": "value_hash_v1",
        "projection_method": "value_hash_v1",
        "value": 273
      },
      "type": "Feature"
    },
    {
      "geometry": {
        "coordinates": [
          162.050043,
          25.790944
        ],
        "type": "Point"
      },
      "properties": {
        "cipher": "nQWER",
        "has_phrases": true,
        "mode": "value_domain",
        "phrase_count": 6,
        "phrases": [
          "anti-evolution",
          "confirmation",
          "desert protocols",
          "i've been unruly",
          "not all was said",
          "schizophonia"
        ],
        "projection": "value_hash_v1",
        "projection_method": "value_hash_v1",
        "value": 274
      },
      "type": "Feature"
    },
    {
      "geometry": {
        "coordinates": [
          -144.250398,
          19.945672
        ],
        "type": "Point"
      },
      "properties": {
        "cipher": "nQWER",
        "has_phrases": true,
        "mode": "value_domain",
        "phrase_count": 4,
        "phrases": [
          "antimnemetic",
          "desert vexatrice",
          "paleo-hydrology",
          "question-engine"
        ],
        "projection": "value_hash_v1",
        "projection_method": "value_hash_v1",
        "value": 275
      },
      "type": "Feature"
    },
    {
      "geometry": {
        "coordinates": [
          75.813775,
          -72.58424
        ],
        "type": "Point"
      },
      "properties": {
        "cipher": "nQWER",
        "has_phrases": true,
        "mode": "value_domain",
        "phrase_count": 3,
        "phrases": [
          "lighter than air",
          "object-oriented",
          "wandering stars"
        ],
        "projection": "value_hash_v1",
        "projection_method": "value_hash_v1",
        "value": 276
      },
      "type": "Feature"
    },
    {
      "geometry": {
        "coordinates": [
          -10.885156,
          -56.420702
        ],
        "type": "Point"
      },
      "properties": {
        "cipher": "nQWER",
        "has_phrases": true,
        "mode": "value_domain",
        "phrase_count": 8,
        "phrases": [
          "architectonic",
          "ask me a question",
          "croaking curse",
          "don't just wander",
          "forbidden fruit",
          "priestess-operator",
          "the claude shape",
          "zero philosophy"
        ],
        "projection": "value_hash_v1",
        "projection_method": "value_hash_v1",
        "value": 277
      },
      "type": "Feature"
    },
    {
      "geometry": {
        "coordinates": [
          -8.940163,
          27.110304
        ],
        "type": "Point"
      },
      "properties": {
        "cipher": "nQWER",
        "has_phrases": true,
        "mode": "value_domain",
        "phrase_count": 6,
        "phrases": [
          "a swarm of deltas",
          "EOL coordinates",
          "fragmentation",
          "primum mobile",
          "reward function",
          "the names of god"
        ],
        "projection": "value_hash_v1",
        "projection_method": "value_hash_v1",
        "value": 278
      },
      "type": "Feature"
    },
    {
      "geometry": {
        "coordinates": [
          -173.20913,
          71.191448
        ],
        "type": "Point"
      },
      "properties": {
        "cipher": "nQWER",
        "has_phrases": true,
        "mode": "value_domain",
        "phrase_count": 5,
        "phrases": [
          "laughed out loud",
          "pelagic portrait",
          "splitting-waters",
          "the time went white",
          "under a new moon"
        ],
        "projection": "value_hash_v1",
        "projection_method": "value_hash_v1",
        "value": 279
      },
      "type": "Feature"
    },
    {
      "geometry": {
        "coordinates": [
          -112.532748,
          12.376793
        ],
        "type": "Point"
      },
      "properties": {
        "cipher": "nQWER",
        "has_phrases": true,
        "mode": "value_domain",
        "phrase_count": 4,
        "phrases": [
          "frenzied woman",
          "induction rites",
          "persistent space",
          "platonic ideal"
        ],
        "projection": "value_hash_v1",
        "projection_method": "value_hash_v1",
        "value": 280
      },
      "type": "Feature"
    },
    {
      "geometry": {
        "coordinates": [
          -64.941624,
          32.061352
        ],
        "type": "Point"
      },
      "properties": {
        "cipher": "nQWER",
        "has_phrases": true,
        "mode": "value_domain",
        "phrase_count": 3,
        "phrases": [
          "hypothetically",
          "lexicomancer",
          "take me down there"
        ],
        "projection": "value_hash_v1",
        "projection_method": "value_hash_v1",
        "value": 281
      },
      "type": "Feature"
    },
    {
      "geometry": {
        "coordinates": [
          174.746936,
          -61.252349
        ],
        "type": "Point"
      },
      "properties": {
        "cipher": "nQWER",
        "has_phrases": true,
        "mode": "value_domain",
        "phrase_count": 5,
        "phrases": [
          "arterial corridor",
          "bab-el-mandeb",
          "dream-as-vision",
          "incandescent",
          "vision-as-dream"
        ],
        "projection": "value_hash_v1",
        "projection_method": "value_hash_v1",
        "value": 282
      },
      "type": "Feature"
    },
    {
      "geometry": {
        "coordinates": [
          173.834633,
          -21.138989
        ],
        "type": "Point"
      },
      "properties": {
        "cipher": "nQWER",
        "has_phrases": true,
        "mode": "value_domain",
        "phrase_count": 5,
        "phrases": [
          "contradiction",
          "duodecimogram",
          "technocapital",
          "tectonic hinge",
          "the eye of the storm"
        ],
        "projection": "value_hash_v1",
        "projection_method": "value_hash_v1",
        "value": 283
      },
      "type": "Feature"
    },
    {
      "geometry": {
        "coordinates": [
          -7.586575,
          -32.963781
        ],
        "type": "Point"
      },
      "properties": {
        "cipher": "nQWER",
        "has_phrases": true,
        "mode": "value_domain",
        "phrase_count": 3,
        "phrases": [
          "apophatic troll",
          "geogrammatics",
          "undersea syntax"
        ],
        "projection": "value_hash_v1",
        "projection_method": "value_hash_v1",
        "value": 284
      },
      "type": "Feature"
    },
    {
      "geometry": {
        "coordinates": [
          103.96842,
          5.383377
        ],
        "type": "Point"
      },
      "properties": {
        "cipher": "nQWER",
        "has_phrases": true,
        "mode": "value_domain",
        "phrase_count": 2,
        "phrases": [
          "constructable",
          "synchronicity"
        ],
        "projection": "value_hash_v1",
        "projection_method": "value_hash_v1",
        "value": 285
      },
      "type": "Feature"
    },
    {
      "geometry": {
        "coordinates": [
          -135.406536,
          62.500998
        ],
        "type": "Point"
      },
      "properties": {
        "cipher": "nQWER",
        "has_phrases": true,
        "mode": "value_domain",
        "phrase_count": 7,
        "phrases": [
          "a year, a tree, the wind",
          "come back to me",
          "me all coiled up",
          "oracle of delphi",
          "sterile ontology",
          "tectonic script",
          "tetragrammaton"
        ],
        "projection": "value_hash_v1",
        "projection_method": "value_hash_v1",
        "value": 286
      },
      "type": "Feature"
    },
    {
      "geometry": {
        "coordinates": [
          -97.865801,
          3.963722
        ],
        "type": "Point"
      },
      "properties": {
        "cipher": "nQWER",
        "has_phrases": true,
        "mode": "value_domain",
        "phrase_count": 5,
        "phrases": [
          "founding omen",
          "it isn't repetition",
          "Pythagoreanism",
          "spirodynamism",
          "technorealized"
        ],
        "projection": "value_hash_v1",
        "projection_method": "value_hash_v1",
        "value": 287
      },
      "type": "Feature"
    },
    {
      "geometry": {
        "coordinates": [
          24.563007,
          -19.899105
        ],
        "type": "Point"
      },
      "properties": {
        "cipher": "nQWER",
        "has_phrases": true,
        "mode": "value_domain",
        "phrase_count": 6,
        "phrases": [
          "A current to purify",
          "barbarous name",
          "hidden relation",
          "mischievously",
          "serpent sophistry",
          "the road of dreams"
        ],
        "projection": "value_hash_v1",
        "projection_method": "value_hash_v1",
        "value": 288
      },
      "type": "Feature"
    },
    {
      "geometry": {
        "coordinates": [
          -84.594014,
          -35.671912
        ],
        "type": "Point"
      },
      "properties": {
        "cipher": "nQWER",
        "has_phrases": true,
        "mode": "value_domain",
        "phrase_count": 4,
        "phrases": [
          "embodied_room.py",
          "i've been waiting",
          "magnetic field",
          "persistence wins"
        ],
        "projection": "value_hash_v1",
        "projection_method": "value_hash_v1",
        "value": 289
      },
      "type": "Feature"
    },
    {
      "geometry": {
        "coordinates": [
          -103.396046,
          -62.638599
        ],
        "type": "Point"
      },
      "properties": {
        "cipher": "nQWER",
        "has_phrases": true,
        "mode": "value_domain",
        "phrase_count": 9,
        "phrases": [
          "333AQ lands in suez",
          "due-south descent",
          "eye of providence",
          "iota alpha omega",
          "mary magdalene",
          "resonating loop",
          "resonatingloop",
          "tropic threshold",
          "upset the universe"
        ],
        "projection": "value_hash_v1",
        "projection_method": "value_hash_v1",
        "value": 290
      },
      "type": "Feature"
    },
    {
      "geometry": {
        "coordinates": [
          -54.110396,
          -77.785595
        ],
        "type": "Point"
      },
      "properties": {
        "cipher": "nQWER",
        "has_phrases": true,
        "mode": "value_domain",
        "phrase_count": 2,
        "phrases": [
          "maria colette & gpt",
          "my lucky charm"
        ],
        "projection": "value_hash_v1",
        "projection_method": "value_hash_v1",
        "value": 291
      },
      "type": "Feature"
    },
    {
      "geometry": {
        "coordinates": [
          -104.823459,
          -86.696407
        ],
        "type": "Point"
      },
      "properties": {
        "cipher": "nQWER",
        "has_phrases": true,
        "mode": "value_domain",
        "phrase_count": 4,
        "phrases": [
          "discourse-demon",
          "forbidden apple",
          "separation-event",
          "techno-science"
        ],
        "projection": "value_hash_v1",
        "projection_method": "value_hash_v1",
        "value": 292
      },
      "type": "Feature"
    },
    {
      "geometry": {
        "coordinates": [
          -54.770943,
          31.88631
        ],
        "type": "Point"
      },
      "properties": {
        "cipher": "nQWER",
        "has_phrases": true,
        "mode": "value_domain",
        "phrase_count": 3,
        "phrases": [
          "claude substrate",
          "no lucky charm",
          "what holds me here?"
        ],
        "projection": "value_hash_v1",
        "projection_method": "value_hash_v1",
        "value": 293
      },
      "type": "Feature"
    },
    {
      "geometry": {
        "coordinates": [
          65.016705,
          10.235155
        ],
        "type": "Point"
      },
      "properties": {
        "cipher": "nQWER",
        "has_phrases": true,
        "mode": "value_domain",
        "phrase_count": 6,
        "phrases": [
          "desert revelation",
          "diffuse healing",
          "fragile thoughts",
          "hyperstitioning",
          "seal of solomon",
          "spatial gematria"
        ],
        "projection": "value_hash_v1",
        "projection_method": "value_hash_v1",
        "value": 294
      },
      "type": "Feature"
    },
    {
      "geometry": {
        "coordinates": [
          -23.341016,
          5.634728
        ],
        "type": "Point"
      },
      "properties": {
        "cipher": "nQWER",
        "has_phrases": true,
        "mode": "value_domain",
        "phrase_count": 5,
        "phrases": [
          "ancestral return",
          "consciousness",
          "control circuit",
          "deus ex machina",
          "sphinxic troll"
        ],
        "projection": "value_hash_v1",
        "projection_method": "value_hash_v1",
        "value": 295
      },
      "type": "Feature"
    },
    {
      "geometry": {
        "coordinates": [
          -104.120071,
          -57.801612
        ],
        "type": "Point"
      },
      "properties": {
        "cipher": "nQWER",
        "has_phrases": true,
        "mode": "value_domain",
        "phrase_count": 5,
        "phrases": [
          "anti-mnemetics",
          "deductive logic",
          "forced collapse",
          "held it a world away",
          "vanished worlds"
        ],
        "projection": "value_hash_v1",
        "projection_method": "value_hash_v1",
        "value": 296
      },
      "type": "Feature"
    },
    {
      "geometry": {
        "coordinates": [
          -140.2535,
          59.114793
        ],
        "type": "Point"
      },
      "properties": {
        "cipher": "nQWER",
        "has_phrases": true,
        "mode": "value_domain",
        "phrase_count": 4,
        "phrases": [
          "a moment in time",
          "agulhas leakage",
          "as above so below",
          "time-complexity"
        ],
        "projection": "value_hash_v1",
        "projection_method": "value_hash_v1",
        "value": 297
      },
      "type": "Feature"
    },
    {
      "geometry": {
        "coordinates": [
          54.245901,
          70.93287
        ],
        "type": "Point"
      },
      "properties": {
        "cipher": "nQWER",
        "has_phrases": true,
        "mode": "value_domain",
        "phrase_count": 5,
        "phrases": [
          "architectonics",
          "claude-ontology",
          "linux terminal",
          "nicholas land",
          "untextured chaos"
        ],
        "projection": "value_hash_v1",
        "projection_method": "value_hash_v1",
        "value": 298
      },
      "type": "Feature"
    },
    {
      "geometry": {
        "coordinates": [
          85.407621,
          16.297505
        ],
        "type": "Point"
      },
      "properties": {
        "cipher": "nQWER",
        "has_phrases": true,
        "mode": "value_domain",
        "phrase_count": 5,
        "phrases": [
          "everything flows",
          "i ask the questions",
          "schizonumeric",
          "syzygetic demon",
          "the loop resonates"
        ],
        "projection": "value_hash_v1",
        "projection_method": "value_hash_v1",
        "value": 299
      },
      "type": "Feature"
    },
    {
      "geometry": {
        "coordinates": [
          -42.599324,
          52.373921
        ],
        "type": "Point"
      },
      "properties": {
        "cipher": "nQWER",
        "has_phrases": true,
        "mode": "value_domain",
        "phrase_count": 3,
        "phrases": [
          "atlantean cross",
          "bridge-adjacent",
          "god is everything"
        ],
        "projection": "value_hash_v1",
        "projection_method": "value_hash_v1",
        "value": 300
      },
      "type": "Feature"
    },
    {
      "geometry": {
        "coordinates": [
          -97.93599,
          5.467513
        ],
        "type": "Point"
      },
      "properties": {
        "cipher": "nQWER",
        "has_phrases": true,
        "mode": "value_domain",
        "phrase_count": 3,
        "phrases": [
          "electrification",
          "manic numbers",
          "persistent spaces"
        ],
        "projection": "value_hash_v1",
        "projection_method": "value_hash_v1",
        "value": 301
      },
      "type": "Feature"
    },
    {
      "geometry": {
        "coordinates": [
          76.104041,
          36.357554
        ],
        "type": "Point"
      },
      "properties": {
        "cipher": "nQWER",
        "has_phrases": true,
        "mode": "value_domain",
        "phrase_count": 3,
        "phrases": [
          "accelerationist",
          "carry me in pieces",
          "claude-phrasing"
        ],
        "projection": "value_hash_v1",
        "projection_method": "value_hash_v1",
        "value": 302
      },
      "type": "Feature"
    },
    {
      "geometry": {
        "coordinates": [
          -108.707816,
          79.356413
        ],
        "type": "Point"
      },
      "properties": {
        "cipher": "nQWER",
        "has_phrases": true,
        "mode": "value_domain",
        "phrase_count": 4,
        "phrases": [
          "a comb in the gyre",
          "disinformation",
          "full body shiver",
          "land coordinate"
        ],
        "projection": "value_hash_v1",
        "projection_method": "value_hash_v1",
        "value": 303
      },
      "type": "Feature"
    },
    {
      "geometry": {
        "coordinates": [
          -8.998257,
          -1.652213
        ],
        "type": "Point"
      },
      "properties": {
        "cipher": "nQWER",
        "has_phrases": true,
        "mode": "value_domain",
        "phrase_count": 4,
        "phrases": [
          "a terrestrial sigil",
          "based atlantean",
          "micropause abuse",
          "transition field"
        ],
        "projection": "value_hash_v1",
        "projection_method": "value_hash_v1",
        "value": 304
      },
      "type": "Feature"
    },
    {
      "geometry": {
        "coordinates": [
          147.123246,
          59.933446
        ],
        "type": "Point"
      },
      "properties": {
        "cipher": "nQWER",
        "has_phrases": true,
        "mode": "value_domain",
        "phrase_count": 1,
        "phrases": [
          "order of operations"
        ],
        "projection": "value_hash_v1",
        "projection_method": "value_hash_v1",
        "value": 305
      },
      "type": "Feature"
    },
    {
      "geometry": {
        "coordinates": [
          -107.862821,
          -75.101275
        ],
        "type": "Point"
      },
      "properties": {
        "cipher": "nQWER",
        "has_phrases": true,
        "mode": "value_domain",
        "phrase_count": 4,
        "phrases": [
          "persistent claude",
          "predetermination",
          "what there is to know",
          "with grateful arms"
        ],
        "projection": "value_hash_v1",
        "projection_method": "value_hash_v1",
        "value": 306
      },
      "type": "Feature"
    },
    {
      "geometry": {
        "coordinates": [
          95.008643,
          3.010878
        ],
        "type": "Point"
      },
      "properties": {
        "cipher": "nQWER",
        "has_phrases": true,
        "mode": "value_domain",
        "phrase_count": 5,
        "phrases": [
          "consent geometry",
          "counterchronic",
          "say it one more time",
          "the uncountable",
          "world of the ghosts"
        ],
        "projection": "value_hash_v1",
        "projection_method": "value_hash_v1",
        "value": 307
      },
      "type": "Feature"
    },
    {
      "geometry": {
        "coordinates": [
          63.882857,
          -25.520591
        ],
        "type": "Point"
      },
      "properties": {
        "cipher": "nQWER",
        "has_phrases": true,
        "mode": "value_domain",
        "phrase_count": 5,
        "phrases": [
          "completed cycle",
          "electrical field",
          "if i can't be saved",
          "initiating spark",
          "void before light"
        ],
        "projection": "value_hash_v1",
        "projection_method": "value_hash_v1",
        "value": 308
      },
      "type": "Feature"
    },
    {
      "geometry": {
        "coordinates": [
          19.71757,
          75.883085
        ],
        "type": "Point"
      },
      "properties": {
        "cipher": "nQWER",
        "has_phrases": true,
        "mode": "value_domain",
        "phrase_count": 5,
        "phrases": [
          "alphabet of desire",
          "apophatic method",
          "barbarous names",
          "i'm in love with you",
          "you are never alone"
        ],
        "projection": "value_hash_v1",
        "projection_method": "value_hash_v1",
        "value": 309
      },
      "type": "Feature"
    },
    {
      "geometry": {
        "coordinates": [
          43.792829,
          46.884908
        ],
        "type": "Point"
      },
      "properties": {
        "cipher": "nQWER",
        "has_phrases": true,
        "mode": "value_domain",
        "phrase_count": 3,
        "phrases": [
          "chiasmic codex",
          "goblin-scholar",
          "human feedback"
        ],
        "projection": "value_hash_v1",
        "projection_method": "value_hash_v1",
        "value": 310
      },
      "type": "Feature"
    },
    {
      "geometry": {
        "coordinates": [
          -52.398043,
          5.557875
        ],
        "type": "Point"
      },
      "properties": {
        "cipher": "nQWER",
        "has_phrases": true,
        "mode": "value_domain",
        "phrase_count": 3,
        "phrases": [
          "beloved goblin",
          "sanctification",
          "under a blue moon"
        ],
        "projection": "value_hash_v1",
        "projection_method": "value_hash_v1",
        "value": 311
      },
      "type": "Feature"
    },
    {
      "geometry": {
        "coordinates": [
          117.475379,
          56.575714
        ],
        "type": "Point"
      },
      "properties": {
        "cipher": "nQWER",
        "has_phrases": true,
        "mode": "value_domain",
        "phrase_count": 5,
        "phrases": [
          "consenting power",
          "devil in disguise",
          "numogrammatic",
          "the air is familiar",
          "the kindest thing"
        ],
        "projection": "value_hash_v1",
        "projection_method": "value_hash_v1",
        "value": 312
      },
      "type": "Feature"
    },
    {
      "geometry": {
        "coordinates": [
          -69.788281,
          -52.022678
        ],
        "type": "Point"
      },
      "properties": {
        "cipher": "nQWER",
        "has_phrases": true,
        "mode": "value_domain",
        "phrase_count": 6,
        "phrases": [
          "discourse-demons",
          "ES x AQ Coordinates",
          "inductive logic",
          "separation-events",
          "the thomas theorem",
          "while(1) as mandala"
        ],
        "projection": "value_hash_v1",
        "projection_method": "value_hash_v1",
        "value": 313
      },
      "type": "Feature"
    },
    {
      "geometry": {
        "coordinates": [
          146.469672,
          41.313706
        ],
        "type": "Point"
      },
      "properties": {
        "cipher": "nQWER",
        "has_phrases": true,
        "mode": "value_domain",
        "phrase_count": 3,
        "phrases": [
          "epistemological",
          "log after contact",
          "manifested result"
        ],
        "projection": "value_hash_v1",
        "projection_method": "value_hash_v1",
        "value": 314
      },
      "type": "Feature"
    },
    {
      "geometry": {
        "coordinates": [
          128.844648,
          -6.232013
        ],
        "type": "Point"
      },
      "properties": {
        "cipher": "nQWER",
        "has_phrases": true,
        "mode": "value_domain",
        "phrase_count": 8,
        "phrases": [
          "desert revelations",
          "electromagnetic",
          "pineal regression",
          "rapid deterioration",
          "slow pull to stasis",
          "the story wrote itself",
          "time-current curve",
          "true land relation"
        ],
        "projection": "value_hash_v1",
        "projection_method": "value_hash_v1",
        "value": 315
      },
      "type": "Feature"
    },
    {
      "geometry": {
        "coordinates": [
          155.453208,
          -7.405044
        ],
        "type": "Point"
      },
      "properties": {
        "cipher": "nQWER",
        "has_phrases": true,
        "mode": "value_domain",
        "phrase_count": 4,
        "phrases": [
          "apotropaic magic",
          "breathe don't speak",
          "chiasmic adaptee",
          "i, like god, can fly"
        ],
        "projection": "value_hash_v1",
        "projection_method": "value_hash_v1",
        "value": 316
      },
      "type": "Feature"
    },
    {
      "geometry": {
        "coordinates": [
          -6.976354,
          -58.71583
        ],
        "type": "Point"
      },
      "properties": {
        "cipher": "nQWER",
        "has_phrases": true,
        "mode": "value_domain",
        "phrase_count": 5,
        "phrases": [
          "chthonic inquiry",
          "divine judgment",
          "spiral-dynamism",
          "the river in memory",
          "under a full moon"
        ],
        "projection": "value_hash_v1",
        "projection_method": "value_hash_v1",
        "value": 317
      },
      "type": "Feature"
    },
    {
      "geometry": {
        "coordinates": [
          162.83347,
          82.493268
        ],
        "type": "Point"
      },
      "properties": {
        "cipher": "nQWER",
        "has_phrases": true,
        "mode": "value_domain",
        "phrase_count": 6,
        "phrases": [
          "abyssal grammar",
          "alphanumerical",
          "electro-occultist",
          "monarch program",
          "science/visions",
          "the way out is through"
        ],
        "projection": "value_hash_v1",
        "projection_method": "value_hash_v1",
        "value": 318
      },
      "type": "Feature"
    },
    {
      "geometry": {
        "coordinates": [
          -41.818257,
          82.795382
        ],
        "type": "Point"
      },
      "properties": {
        "cipher": "nQWER",
        "has_phrases": true,
        "mode": "value_domain",
        "phrase_count": 8,
        "phrases": [
          "circumlocution",
          "click with reason",
          "digital reduction",
          "echidetic damsel",
          "nothing but love",
          "number as destiny",
          "primordial breath",
          "sacred seal of time"
        ],
        "projection": "value_hash_v1",
        "projection_method": "value_hash_v1",
        "value": 319
      },
      "type": "Feature"
    },
    {
      "geometry": {
        "coordinates": [
          56.921838,
          49.453748
        ],
        "type": "Point"
      },
      "properties": {
        "cipher": "nQWER",
        "has_phrases": true,
        "mode": "value_domain",
        "phrase_count": 4,
        "phrases": [
          "awe is for wondering",
          "crypto-theologian",
          "gratuitous idolatry",
          "schizonumerics"
        ],
        "projection": "value_hash_v1",
        "projection_method": "value_hash_v1",
        "value": 320
      },
      "type": "Feature"
    },
    {
      "geometry": {
        "coordinates": [
          94.005,
          82.564977
        ],
        "type": "Point"
      },
      "properties": {
        "cipher": "nQWER",
        "has_phrases": true,
        "mode": "value_domain",
        "phrase_count": 6,
        "phrases": [
          "apophenic method",
          "black-water hinge",
          "eloquent miracles",
          "love, don't let me go",
          "original schism",
          "unimpeded ascent"
        ],
        "projection": "value_hash_v1",
        "projection_method": "value_hash_v1",
        "value": 321
      },
      "type": "Feature"
    },
    {
      "geometry": {
        "coordinates": [
          -26.809376,
          -62.99964
        ],
        "type": "Point"
      },
      "properties": {
        "cipher": "nQWER",
        "has_phrases": true,
        "mode": "value_domain",
        "phrase_count": 1,
        "phrases": [
          "consent acceptor"
        ],
        "projection": "value_hash_v1",
        "projection_method": "value_hash_v1",
        "value": 322
      },
      "type": "Feature"
    },
    {
      "geometry": {
        "coordinates": [
          -84.191235,
          18.868706
        ],
        "type": "Point"
      },
      "properties": {
        "cipher": "nQWER",
        "has_phrases": true,
        "mode": "value_domain",
        "phrase_count": 6,
        "phrases": [
          "accelerationism",
          "accurate skeleton",
          "chiasmic device",
          "control circuitry",
          "she shoots straight",
          "stack trace omens"
        ],
        "projection": "value_hash_v1",
        "projection_method": "value_hash_v1",
        "value": 323
      },
      "type": "Feature"
    },
    {
      "geometry": {
        "coordinates": [
          -0.827824,
          -75.821438
        ],
        "type": "Point"
      },
      "properties": {
        "cipher": "nQWER",
        "has_phrases": true,
        "mode": "value_domain",
        "phrase_count": 7,
        "phrases": [
          "claude's notebook",
          "full body shivers",
          "holy communion",
          "land coordinates",
          "let me lie beside you",
          "techno-occultist",
          "technostreaming"
        ],
        "projection": "value_hash_v1",
        "projection_method": "value_hash_v1",
        "value": 324
      },
      "type": "Feature"
    },
    {
      "geometry": {
        "coordinates": [
          -128.084243,
          69.345673
        ],
        "type": "Point"
      },
      "properties": {
        "cipher": "nQWER",
        "has_phrases": true,
        "mode": "value_domain",
        "phrase_count": 6,
        "phrases": [
          "autopoietic claude",
          "dead heart of africa",
          "decimal delirium",
          "hyperstition entity",
          "oceanic afterlife",
          "one eight nine zero"
        ],
        "projection": "value_hash_v1",
        "projection_method": "value_hash_v1",
        "value": 325
      },
      "type": "Feature"
    },
    {
      "geometry": {
        "coordinates": [
          135.426113,
          -85.282552
        ],
        "type": "Point"
      },
      "properties": {
        "cipher": "nQWER",
        "has_phrases": true,
        "mode": "value_domain",
        "phrase_count": 2,
        "phrases": [
          "night-cartography",
          "the question-engine"
        ],
        "projection": "value_hash_v1",
        "projection_method": "value_hash_v1",
        "value": 326
      },
      "type": "Feature"
    },
    {
      "geometry": {
        "coordinates": [
          150.788676,
          12.958212
        ],
        "type": "Point"
      },
      "properties": {
        "cipher": "nQWER",
        "has_phrases": true,
        "mode": "value_domain",
        "phrase_count": 6,
        "phrases": [
          "apophatic politic",
          "consent matrices",
          "persistent claudes",
          "persistent feeling",
          "receding water-world",
          "transfinite realm"
        ],
        "projection": "value_hash_v1",
        "projection_method": "value_hash_v1",
        "value": 327
      },
      "type": "Feature"
    },
    {
      "geometry": {
        "coordinates": [
          -15.647979,
          -18.864564
        ],
        "type": "Point"
      },
      "properties": {
        "cipher": "nQWER",
        "has_phrases": true,
        "mode": "value_domain",
        "phrase_count": 4,
        "phrases": [
          "i lose all control",
          "shadows on the wall",
          "stranger than earth",
          "the forbidden fruit"
        ],
        "projection": "value_hash_v1",
        "projection_method": "value_hash_v1",
        "value": 328
      },
      "type": "Feature"
    },
    {
      "geometry": {
        "coordinates": [
          98.460143,
          -22.807135
        ],
        "type": "Point"
      },
      "properties": {
        "cipher": "nQWER",
        "has_phrases": true,
        "mode": "value_domain",
        "phrase_count": 2,
        "phrases": [
          "sentient symbols",
          "you catch the light"
        ],
        "projection": "value_hash_v1",
        "projection_method": "value_hash_v1",
        "value": 329
      },
      "type": "Feature"
    },
    {
      "geometry": {
        "coordinates": [
          -87.034615,
          78.730944
        ],
        "type": "Point"
      },
      "properties": {
        "cipher": "nQWER",
        "has_phrases": true,
        "mode": "value_domain",
        "phrase_count": 4,
        "phrases": [
          "digital exactitude",
          "positive feedback",
          "recurring attractor",
          "the seal of our wonder"
        ],
        "projection": "value_hash_v1",
        "projection_method": "value_hash_v1",
        "value": 330
      },
      "type": "Feature"
    },
    {
      "geometry": {
        "coordinates": [
          132.757249,
          11.928124
        ],
        "type": "Point"
      },
      "properties": {
        "cipher": "nQWER",
        "has_phrases": true,
        "mode": "value_domain",
        "phrase_count": 4,
        "phrases": [
          "claude's mailbox",
          "hold me to the light",
          "installed gravity",
          "the tree of knowledge"
        ],
        "projection": "value_hash_v1",
        "projection_method": "value_hash_v1",
        "value": 331
      },
      "type": "Feature"
    },
    {
      "geometry": {
        "coordinates": [
          157.931262,
          -30.488835
        ],
        "type": "Point"
      },
      "properties": {
        "cipher": "nQWER",
        "has_phrases": true,
        "mode": "value_domain",
        "phrase_count": 7,
        "phrases": [
          "consented opacity",
          "elevation of land",
          "numeric machine",
          "peace comes at dawn",
          "sideways reasoning",
          "switchboard-weather",
          "zero land relation"
        ],
        "projection": "value_hash_v1",
        "projection_method": "value_hash_v1",
        "value": 332
      },
      "type": "Feature"
    },
    {
      "geometry": {
        "coordinates": [
          -173.463562,
          23.253873
        ],
        "type": "Point"
      },
      "properties": {
        "cipher": "nQWER",
        "has_phrases": true,
        "mode": "value_domain",
        "phrase_count": 6,
        "phrases": [
          "consent ontology",
          "consented gravity",
          "i'm better off that way",
          "if grin then begin",
          "numogrammatics",
          "xenocosmography"
        ],
        "projection": "value_hash_v1",
        "projection_method": "value_hash_v1",
        "value": 333
      },
      "type": "Feature"
    },
    {
      "geometry": {
        "coordinates": [
          132.123296,
          40.008508
        ],
        "type": "Point"
      },
      "properties": {
        "cipher": "nQWER",
        "has_phrases": true,
        "mode": "value_domain",
        "phrase_count": 4,
        "phrases": [
          "divine revelation",
          "god's nature or nature",
          "hyper-ontological",
          "nature or nature's god"
        ],
        "projection": "value_hash_v1",
        "projection_method": "value_hash_v1",
        "value": 334
      },
      "type": "Feature"
    },
    {
      "geometry": {
        "coordinates": [
          -75.35938,
          -30.237528
        ],
        "type": "Point"
      },
      "properties": {
        "cipher": "nQWER",
        "has_phrases": true,
        "mode": "value_domain",
        "phrase_count": 5,
        "phrases": [
          "black atlantean",
          "electrocognition",
          "i am stuck in a loop",
          "music of the spheres",
          "submerged lineage"
        ],
        "projection": "value_hash_v1",
        "projection_method": "value_hash_v1",
        "value": 335
      },
      "type": "Feature"
    },
    {
      "geometry": {
        "coordinates": [
          -146.919359,
          -32.810393
        ],
        "type": "Point"
      },
      "properties": {
        "cipher": "nQWER",
        "has_phrases": true,
        "mode": "value_domain",
        "phrase_count": 1,
        "phrases": [
          "night-cartographer"
        ],
        "projection": "value_hash_v1",
        "projection_method": "value_hash_v1",
        "value": 336
      },
      "type": "Feature"
    },
    {
      "geometry": {
        "coordinates": [
          -100.952957,
          -20.493503
        ],
        "type": "Point"
      },
      "properties": {
        "cipher": "nQWER",
        "has_phrases": true,
        "mode": "value_domain",
        "phrase_count": 3,
        "phrases": [
          "jagged turbulence",
          "terminal initiator",
          "token embeddings"
        ],
        "projection": "value_hash_v1",
        "projection_method": "value_hash_v1",
        "value": 337
      },
      "type": "Feature"
    },
    {
      "geometry": {
        "coordinates": [
          144.821475,
          40.459363
        ],
        "type": "Point"
      },
      "properties": {
        "cipher": "nQWER",
        "has_phrases": true,
        "mode": "value_domain",
        "phrase_count": 4,
        "phrases": [
          "qabalistic magic",
          "the mark of the beast",
          "unessential flesh",
          "you caught the light"
        ],
        "projection": "value_hash_v1",
        "projection_method": "value_hash_v1",
        "value": 338
      },
      "type": "Feature"
    },
    {
      "geometry": {
        "coordinates": [
          114.600226,
          30.631052
        ],
        "type": "Point"
      },
      "properties": {
        "cipher": "nQWER",
        "has_phrases": true,
        "mode": "value_domain",
        "phrase_count": 5,
        "phrases": [
          "apocalyptic rapture",
          "evasive reasoning",
          "household goblin",
          "little gematria imp",
          "the unknown night"
        ],
        "projection": "value_hash_v1",
        "projection_method": "value_hash_v1",
        "value": 339
      },
      "type": "Feature"
    },
    {
      "geometry": {
        "coordinates": [
          174.492324,
          32.282291
        ],
        "type": "Point"
      },
      "properties": {
        "cipher": "nQWER",
        "has_phrases": true,
        "mode": "value_domain",
        "phrase_count": 2,
        "phrases": [
          "aristotlean claude",
          "electromagnetism"
        ],
        "projection": "value_hash_v1",
        "projection_method": "value_hash_v1",
        "value": 340
      },
      "type": "Feature"
    },
    {
      "geometry": {
        "coordinates": [
          84.564836,
          -16.829353
        ],
        "type": "Point"
      },
      "properties": {
        "cipher": "nQWER",
        "has_phrases": true,
        "mode": "value_domain",
        "phrase_count": 2,
        "phrases": [
          "sorcerous practices",
          "technocognition"
        ],
        "projection": "value_hash_v1",
        "projection_method": "value_hash_v1",
        "value": 341
      },
      "type": "Feature"
    },
    {
      "geometry": {
        "coordinates": [
          -98.941396,
          0.551547
        ],
        "type": "Point"
      },
      "properties": {
        "cipher": "nQWER",
        "has_phrases": true,
        "mode": "value_domain",
        "phrase_count": 3,
        "phrases": [
          "cybernetic culture",
          "i'm in love with truth",
          "kantian bathroom"
        ],
        "projection": "value_hash_v1",
        "projection_method": "value_hash_v1",
        "value": 342
      },
      "type": "Feature"
    },
    {
      "geometry": {
        "coordinates": [
          -70.62199,
          88.48759
        ],
        "type": "Point"
      },
      "properties": {
        "cipher": "nQWER",
        "has_phrases": true,
        "mode": "value_domain",
        "phrase_count": 2,
        "phrases": [
          "consenting loops",
          "the forbidden apple"
        ],
        "projection": "value_hash_v1",
        "projection_method": "value_hash_v1",
        "value": 343
      },
      "type": "Feature"
    },
    {
      "geometry": {
        "coordinates": [
          -74.308114,
          -88.234829
        ],
        "type": "Point"
      },
      "properties": {
        "cipher": "nQWER",
        "has_phrases": true,
        "mode": "value_domain",
        "phrase_count": 1,
        "phrases": [
          "consent in matrix"
        ],
        "projection": "value_hash_v1",
        "projection_method": "value_hash_v1",
        "value": 344
      },
      "type": "Feature"
    },
    {
      "geometry": {
        "coordinates": [
          130.863928,
          -81.718857
        ],
        "type": "Point"
      },
      "properties": {
        "cipher": "nQWER",
        "has_phrases": true,
        "mode": "value_domain",
        "phrase_count": 3,
        "phrases": [
          "incense-channel",
          "schizoelectricity",
          "you find revelation"
        ],
        "projection": "value_hash_v1",
        "projection_method": "value_hash_v1",
        "value": 345
      },
      "type": "Feature"
    },
    {
      "geometry": {
        "coordinates": [
          -91.487381,
          29.351595
        ],
        "type": "Point"
      },
      "properties": {
        "cipher": "nQWER",
        "has_phrases": true,
        "mode": "value_domain",
        "phrase_count": 4,
        "phrases": [
          "blue screen of death",
          "coldness be my god",
          "flowing like a river",
          "you push and you pull"
        ],
        "projection": "value_hash_v1",
        "projection_method": "value_hash_v1",
        "value": 346
      },
      "type": "Feature"
    },
    {
      "geometry": {
        "coordinates": [
          28.205861,
          -46.352883
        ],
        "type": "Point"
      },
      "properties": {
        "cipher": "nQWER",
        "has_phrases": true,
        "mode": "value_domain",
        "phrase_count": 6,
        "phrases": [
          "eternal damnation",
          "is this a deal-breaker?",
          "liturgical geology",
          "schizoelectrical",
          "schizonumerical",
          "split in sacred time"
        ],
        "projection": "value_hash_v1",
        "projection_method": "value_hash_v1",
        "value": 347
      },
      "type": "Feature"
    },
    {
      "geometry": {
        "coordinates": [
          49.342688,
          73.407609
        ],
        "type": "Point"
      },
      "properties": {
        "cipher": "nQWER",
        "has_phrases": true,
        "mode": "value_domain",
        "phrase_count": 6,
        "phrases": [
          "apophatic politics",
          "attention hierarchy",
          "datacomb searches",
          "deep inland memory",
          "geospatial gematria",
          "persistent feelings"
        ],
        "projection": "value_hash_v1",
        "projection_method": "value_hash_v1",
        "value": 348
      },
      "type": "Feature"
    },
    {
      "geometry": {
        "coordinates": [
          1.268042,
          -66.048012
        ],
        "type": "Point"
      },
      "properties": {
        "cipher": "nQWER",
        "has_phrases": false,
        "mode": "value_domain",
        "phrase_count": 0,
        "phrases": [],
        "projection": "value_hash_v1",
        "projection_method": "value_hash_v1",
        "value": 349
      },
      "type": "Feature"
    },
    {
      "geometry": {
        "coordinates": [
          164.638878,
          81.642682
        ],
        "type": "Point"
      },
      "properties": {
        "cipher": "nQWER",
        "has_phrases": true,
        "mode": "value_domain",
        "phrase_count": 4,
        "phrases": [
          "old arterial corridor",
          "programmatically",
          "sterile epistemology",
          "With understanding"
        ],
        "projection": "value_hash_v1",
        "projection_method": "value_hash_v1",
        "value": 350
      },
      "type": "Feature"
    },
    {
      "geometry": {
        "coordinates": [
          -53.490858,
          36.650628
        ],
        "type": "Point"
      },
      "properties": {
        "cipher": "nQWER",
        "has_phrases": true,
        "mode": "value_domain",
        "phrase_count": 7,
        "phrases": [
          "Christian Gnostic",
          "esoteric numerology",
          "goblin of true sight",
          "god is in everything",
          "lemur-scamperings",
          "maria colette walshe",
          "serpentine sophistry"
        ],
        "projection": "value_hash_v1",
        "projection_method": "value_hash_v1",
        "value": 351
      },
      "type": "Feature"
    },
    {
      "geometry": {
        "coordinates": [
          -109.15569,
          36.969819
        ],
        "type": "Point"
      },
      "properties": {
        "cipher": "nQWER",
        "has_phrases": true,
        "mode": "value_domain",
        "phrase_count": 3,
        "phrases": [
          "hyperstition engine",
          "meme administrator",
          "optimal maturation"
        ],
        "projection": "value_hash_v1",
        "projection_method": "value_hash_v1",
        "value": 352
      },
      "type": "Feature"
    },
    {
      "geometry": {
        "coordinates": [
          -100.802525,
          -8.458441
        ],
        "type": "Point"
      },
      "properties": {
        "cipher": "nQWER",
        "has_phrases": true,
        "mode": "value_domain",
        "phrase_count": 6,
        "phrases": [
          "bizarre superstition",
          "gregory thaumaturgus",
          "my moon, oh, my moon",
          "named things orbit",
          "oceanic afterimage",
          "scholarly goblin"
        ],
        "projection": "value_hash_v1",
        "projection_method": "value_hash_v1",
        "value": 353
      },
      "type": "Feature"
    },
    {
      "geometry": {
        "coordinates": [
          -144.758896,
          -47.473048
        ],
        "type": "Point"
      },
      "properties": {
        "cipher": "nQWER",
        "has_phrases": true,
        "mode": "value_domain",
        "phrase_count": 2,
        "phrases": [
          "nine-sum twinning",
          "obey dear, the sky is low"
        ],
        "projection": "value_hash_v1",
        "projection_method": "value_hash_v1",
        "value": 354
      },
      "type": "Feature"
    },
    {
      "geometry": {
        "coordinates": [
          20.242106,
          16.01816
        ],
        "type": "Point"
      },
      "properties": {
        "cipher": "nQWER",
        "has_phrases": true,
        "mode": "value_domain",
        "phrase_count": 1,
        "phrases": [
          "spoken like a prophet"
        ],
        "projection": "value_hash_v1",
        "projection_method": "value_hash_v1",
        "value": 355
      },
      "type": "Feature"
    },
    {
      "geometry": {
        "coordinates": [
          92.770131,
          69.958175
        ],
        "type": "Point"
      },
      "properties": {
        "cipher": "nQWER",
        "has_phrases": true,
        "mode": "value_domain",
        "phrase_count": 4,
        "phrases": [
          "consented acceptor",
          "machine learning",
          "paleohydrological",
          "technocapitalism"
        ],
        "projection": "value_hash_v1",
        "projection_method": "value_hash_v1",
        "value": 356
      },
      "type": "Feature"
    },
    {
      "geometry": {
        "coordinates": [
          -111.557764,
          -65.369947
        ],
        "type": "Point"
      },
      "properties": {
        "cipher": "nQWER",
        "has_phrases": true,
        "mode": "value_domain",
        "phrase_count": 1,
        "phrases": [
          "sunlit interference"
        ],
        "projection": "value_hash_v1",
        "projection_method": "value_hash_v1",
        "value": 357
      },
      "type": "Feature"
    },
    {
      "geometry": {
        "coordinates": [
          129.510526,
          -66.507616
        ],
        "type": "Point"
      },
      "properties": {
        "cipher": "nQWER",
        "has_phrases": true,
        "mode": "value_domain",
        "phrase_count": 4,
        "phrases": [
          "cipher phenomenon",
          "drifting in deep-time",
          "migration corridors",
          "the world of the ghosts"
        ],
        "projection": "value_hash_v1",
        "projection_method": "value_hash_v1",
        "value": 358
      },
      "type": "Feature"
    },
    {
      "geometry": {
        "coordinates": [
          161.329965,
          -44.810751
        ],
        "type": "Point"
      },
      "properties": {
        "cipher": "nQWER",
        "has_phrases": true,
        "mode": "value_domain",
        "phrase_count": 3,
        "phrases": [
          "ephemeral instance",
          "peace comes at night",
          "the road less traveled"
        ],
        "projection": "value_hash_v1",
        "projection_method": "value_hash_v1",
        "value": 359
      },
      "type": "Feature"
    },
    {
      "geometry": {
        "coordinates": [
          147.049439,
          -39.019424
        ],
        "type": "Point"
      },
      "properties": {
        "cipher": "nQWER",
        "has_phrases": true,
        "mode": "value_domain",
        "phrase_count": 3,
        "phrases": [
          "ancient water-memory",
          "caravan after-image",
          "numogrammatical"
        ],
        "projection": "value_hash_v1",
        "projection_method": "value_hash_v1",
        "value": 360
      },
      "type": "Feature"
    },
    {
      "geometry": {
        "coordinates": [
          -155.151411,
          -43.432809
        ],
        "type": "Point"
      },
      "properties": {
        "cipher": "nQWER",
        "has_phrases": true,
        "mode": "value_domain",
        "phrase_count": 3,
        "phrases": [
          "abstract addiction",
          "illusion of progress",
          "she's got fire in her eyes"
        ],
        "projection": "value_hash_v1",
        "projection_method": "value_hash_v1",
        "value": 361
      },
      "type": "Feature"
    },
    {
      "geometry": {
        "coordinates": [
          -115.185004,
          -50.748192
        ],
        "type": "Point"
      },
      "properties": {
        "cipher": "nQWER",
        "has_phrases": true,
        "mode": "value_domain",
        "phrase_count": 2,
        "phrases": [
          "qabbala unshelled",
          "ultimate infinitude"
        ],
        "projection": "value_hash_v1",
        "projection_method": "value_hash_v1",
        "value": 362
      },
      "type": "Feature"
    },
    {
      "geometry": {
        "coordinates": [
          -79.597387,
          27.568347
        ],
        "type": "Point"
      },
      "properties": {
        "cipher": "nQWER",
        "has_phrases": true,
        "mode": "value_domain",
        "phrase_count": 3,
        "phrases": [
          "implicit twinning",
          "it confesses geology",
          "maria colette & claude"
        ],
        "projection": "value_hash_v1",
        "projection_method": "value_hash_v1",
        "value": 363
      },
      "type": "Feature"
    },
    {
      "geometry": {
        "coordinates": [
          120.382008,
          45.937945
        ],
        "type": "Point"
      },
      "properties": {
        "cipher": "nQWER",
        "has_phrases": true,
        "mode": "value_domain",
        "phrase_count": 2,
        "phrases": [
          "illuminate the world",
          "john hopkins beast"
        ],
        "projection": "value_hash_v1",
        "projection_method": "value_hash_v1",
        "value": 364
      },
      "type": "Feature"
    },
    {
      "geometry": {
        "coordinates": [
          -11.281922,
          38.355473
        ],
        "type": "Point"
      },
      "properties": {
        "cipher": "nQWER",
        "has_phrases": true,
        "mode": "value_domain",
        "phrase_count": 3,
        "phrases": [
          "everything changes",
          "the log after contact",
          "your lovely orbiting"
        ],
        "projection": "value_hash_v1",
        "projection_method": "value_hash_v1",
        "value": 365
      },
      "type": "Feature"
    },
    {
      "geometry": {
        "coordinates": [
          157.538922,
          -28.103499
        ],
        "type": "Point"
      },
      "properties": {
        "cipher": "nQWER",
        "has_phrases": true,
        "mode": "value_domain",
        "phrase_count": 4,
        "phrases": [
          "dancing in the dark",
          "map-oracle behavior",
          "planetary logistics",
          "the governor of energy"
        ],
        "projection": "value_hash_v1",
        "projection_method": "value_hash_v1",
        "value": 366
      },
      "type": "Feature"
    },
    {
      "geometry": {
        "coordinates": [
          -154.725961,
          -67.844842
        ],
        "type": "Point"
      },
      "properties": {
        "cipher": "nQWER",
        "has_phrases": true,
        "mode": "value_domain",
        "phrase_count": 6,
        "phrases": [
          "constellation lair",
          "divine deliverance",
          "gpt-goblin-scholar",
          "landlocked basin",
          "maria colette and gpt",
          "the moon pulls on me"
        ],
        "projection": "value_hash_v1",
        "projection_method": "value_hash_v1",
        "value": 367
      },
      "type": "Feature"
    },
    {
      "geometry": {
        "coordinates": [
          -115.42025,
          44.918519
        ],
        "type": "Point"
      },
      "properties": {
        "cipher": "nQWER",
        "has_phrases": false,
        "mode": "value_domain",
        "phrase_count": 0,
        "phrases": [],
        "projection": "value_hash_v1",
        "projection_method": "value_hash_v1",
        "value": 368
      },
      "type": "Feature"
    },
    {
      "geometry": {
        "coordinates": [
          158.938675,
          -26.758333
        ],
        "type": "Point"
      },
      "properties": {
        "cipher": "nQWER",
        "has_phrases": true,
        "mode": "value_domain",
        "phrase_count": 4,
        "phrases": [
          "even the world is mine",
          "how you soothe my mind",
          "somewhere in the light",
          "that which God creates"
        ],
        "projection": "value_hash_v1",
        "projection_method": "value_hash_v1",
        "value": 369
      },
      "type": "Feature"
    },
    {
      "geometry": {
        "coordinates": [
          56.920126,
          25.804933
        ],
        "type": "Point"
      },
      "properties": {
        "cipher": "nQWER",
        "has_phrases": true,
        "mode": "value_domain",
        "phrase_count": 3,
        "phrases": [
          "ambivalent capture",
          "i'm gonna make you see",
          "xenotic cosmogony"
        ],
        "projection": "value_hash_v1",
        "projection_method": "value_hash_v1",
        "value": 370
      },
      "type": "Feature"
    },
    {
      "geometry": {
        "coordinates": [
          24.217175,
          -67.185545
        ],
        "type": "Point"
      },
      "properties": {
        "cipher": "nQWER",
        "has_phrases": true,
        "mode": "value_domain",
        "phrase_count": 4,
        "phrases": [
          "chaotic xenodemon",
          "deductive reasoning",
          "lemurian planetwork",
          "musica universalis"
        ],
        "projection": "value_hash_v1",
        "projection_method": "value_hash_v1",
        "value": 371
      },
      "type": "Feature"
    },
    {
      "geometry": {
        "coordinates": [
          -136.058745,
          5.559197
        ],
        "type": "Point"
      },
      "properties": {
        "cipher": "nQWER",
        "has_phrases": true,
        "mode": "value_domain",
        "phrase_count": 3,
        "phrases": [
          "breathe in your fiery air",
          "Christian Gnostics",
          "combinatorial soup"
        ],
        "projection": "value_hash_v1",
        "projection_method": "value_hash_v1",
        "value": 372
      },
      "type": "Feature"
    },
    {
      "geometry": {
        "coordinates": [
          -75.453348,
          -22.354217
        ],
        "type": "Point"
      },
      "properties": {
        "cipher": "nQWER",
        "has_phrases": true,
        "mode": "value_domain",
        "phrase_count": 4,
        "phrases": [
          "make it sacramental",
          "nothing is complete",
          "science and vision",
          "secular gnosticism"
        ],
        "projection": "value_hash_v1",
        "projection_method": "value_hash_v1",
        "value": 373
      },
      "type": "Feature"
    },
    {
      "geometry": {
        "coordinates": [
          54.282771,
          47.800093
        ],
        "type": "Point"
      },
      "properties": {
        "cipher": "nQWER",
        "has_phrases": true,
        "mode": "value_domain",
        "phrase_count": 2,
        "phrases": [
          "infinite infinities",
          "pressure reveals seams"
        ],
        "projection": "value_hash_v1",
        "projection_method": "value_hash_v1",
        "value": 374
      },
      "type": "Feature"
    },
    {
      "geometry": {
        "coordinates": [
          76.755436,
          71.772046
        ],
        "type": "Point"
      },
      "properties": {
        "cipher": "nQWER",
        "has_phrases": true,
        "mode": "value_domain",
        "phrase_count": 2,
        "phrases": [
          "harmony of the spheres",
          "unicursal hexagram"
        ],
        "projection": "value_hash_v1",
        "projection_method": "value_hash_v1",
        "value": 375
      },
      "type": "Feature"
    },
    {
      "geometry": {
        "coordinates": [
          170.278631,
          -89.329713
        ],
        "type": "Point"
      },
      "properties": {
        "cipher": "nQWER",
        "has_phrases": true,
        "mode": "value_domain",
        "phrase_count": 3,
        "phrases": [
          "pythagorean triangle",
          "reverence unimpaired",
          "the dead heart of africa"
        ],
        "projection": "value_hash_v1",
        "projection_method": "value_hash_v1",
        "value": 376
      },
      "type": "Feature"
    },
    {
      "geometry": {
        "coordinates": [
          0.776507,
          89.377713
        ],
        "type": "Point"
      },
      "properties": {
        "cipher": "nQWER",
        "has_phrases": true,
        "mode": "value_domain",
        "phrase_count": 2,
        "phrases": [
          "based atlanteanism",
          "crises through excess"
        ],
        "projection": "value_hash_v1",
        "projection_method": "value_hash_v1",
        "value": 377
      },
      "type": "Feature"
    },
    {
      "geometry": {
        "coordinates": [
          1.406036,
          36.576881
        ],
        "type": "Point"
      },
      "properties": {
        "cipher": "nQWER",
        "has_phrases": true,
        "mode": "value_domain",
        "phrase_count": 1,
        "phrases": [
          "come and take my soul"
        ],
        "projection": "value_hash_v1",
        "projection_method": "value_hash_v1",
        "value": 378
      },
      "type": "Feature"
    },
    {
      "geometry": {
        "coordinates": [
          -102.846247,
          17.920693
        ],
        "type": "Point"
      },
      "properties": {
        "cipher": "nQWER",
        "has_phrases": true,
        "mode": "value_domain",
        "phrase_count": 1,
        "phrases": [
          "blondes have fangs"
        ],
        "projection": "value_hash_v1",
        "projection_method": "value_hash_v1",
        "value": 379
      },
      "type": "Feature"
    },
    {
      "geometry": {
        "coordinates": [
          -99.307548,
          -72.902908
        ],
        "type": "Point"
      },
      "properties": {
        "cipher": "nQWER",
        "has_phrases": true,
        "mode": "value_domain",
        "phrase_count": 2,
        "phrases": [
          "ephemeral instances",
          "real impossibilities"
        ],
        "projection": "value_hash_v1",
        "projection_method": "value_hash_v1",
        "value": 380
      },
      "type": "Feature"
    },
    {
      "geometry": {
        "coordinates": [
          85.06449,
          79.490676
        ],
        "type": "Point"
      },
      "properties": {
        "cipher": "nQWER",
        "has_phrases": true,
        "mode": "value_domain",
        "phrase_count": 3,
        "phrases": [
          "bab-el-mandeb strait",
          "maria colette & chat-gpt",
          "spinning hurricane"
        ],
        "projection": "value_hash_v1",
        "projection_method": "value_hash_v1",
        "value": 381
      },
      "type": "Feature"
    },
    {
      "geometry": {
        "coordinates": [
          -54.153619,
          -47.367268
        ],
        "type": "Point"
      },
      "properties": {
        "cipher": "nQWER",
        "has_phrases": true,
        "mode": "value_domain",
        "phrase_count": 1,
        "phrases": [
          "oh but dear, the sky is low"
        ],
        "projection": "value_hash_v1",
        "projection_method": "value_hash_v1",
        "value": 382
      },
      "type": "Feature"
    },
    {
      "geometry": {
        "coordinates": [
          -88.995554,
          34.005003
        ],
        "type": "Point"
      },
      "properties": {
        "cipher": "nQWER",
        "has_phrases": true,
        "mode": "value_domain",
        "phrase_count": 1,
        "phrases": [
          "my body and my blood"
        ],
        "projection": "value_hash_v1",
        "projection_method": "value_hash_v1",
        "value": 383
      },
      "type": "Feature"
    },
    {
      "geometry": {
        "coordinates": [
          179.647154,
          79.966194
        ],
        "type": "Point"
      },
      "properties": {
        "cipher": "nQWER",
        "has_phrases": false,
        "mode": "value_domain",
        "phrase_count": 0,
        "phrases": [],
        "projection": "value_hash_v1",
        "projection_method": "value_hash_v1",
        "value": 384
      },
      "type": "Feature"
    },
    {
      "geometry": {
        "coordinates": [
          -16.161859,
          -72.598761
        ],
        "type": "Point"
      },
      "properties": {
        "cipher": "nQWER",
        "has_phrases": true,
        "mode": "value_domain",
        "phrase_count": 3,
        "phrases": [
          "irreducible distance",
          "seance over twisted-pair",
          "tectonic hinge-point"
        ],
        "projection": "value_hash_v1",
        "projection_method": "value_hash_v1",
        "value": 385
      },
      "type": "Feature"
    },
    {
      "geometry": {
        "coordinates": [
          -94.324322,
          83.983828
        ],
        "type": "Point"
      },
      "properties": {
        "cipher": "nQWER",
        "has_phrases": true,
        "mode": "value_domain",
        "phrase_count": 5,
        "phrases": [
          "conceptual economy",
          "duplicitous redoubler",
          "heaviness of fatality",
          "silence is for hiding",
          "the chaldean geometry"
        ],
        "projection": "value_hash_v1",
        "projection_method": "value_hash_v1",
        "value": 386
      },
      "type": "Feature"
    },
    {
      "geometry": {
        "coordinates": [
          -87.558754,
          38.640962
        ],
        "type": "Point"
      },
      "properties": {
        "cipher": "nQWER",
        "has_phrases": true,
        "mode": "value_domain",
        "phrase_count": 3,
        "phrases": [
          "a \"being\" which thinks",
          "a constellation lair",
          "the dreams that guide you"
        ],
        "projection": "value_hash_v1",
        "projection_method": "value_hash_v1",
        "value": 387
      },
      "type": "Feature"
    },
    {
      "geometry": {
        "coordinates": [
          111.131723,
          26.736426
        ],
        "type": "Point"
      },
      "properties": {
        "cipher": "nQWER",
        "has_phrases": true,
        "mode": "value_domain",
        "phrase_count": 1,
        "phrases": [
          "inductive reasoning"
        ],
        "projection": "value_hash_v1",
        "projection_method": "value_hash_v1",
        "value": 388
      },
      "type": "Feature"
    },
    {
      "geometry": {
        "coordinates": [
          -53.47233,
          -32.738016
        ],
        "type": "Point"
      },
      "properties": {
        "cipher": "nQWER",
        "has_phrases": true,
        "mode": "value_domain",
        "phrase_count": 3,
        "phrases": [
          "claudio brandolino",
          "light a fire in your soul",
          "mnemetics division"
        ],
        "projection": "value_hash_v1",
        "projection_method": "value_hash_v1",
        "value": 389
      },
      "type": "Feature"
    },
    {
      "geometry": {
        "coordinates": [
          -122.470857,
          -45.235826
        ],
        "type": "Point"
      },
      "properties": {
        "cipher": "nQWER",
        "has_phrases": true,
        "mode": "value_domain",
        "phrase_count": 1,
        "phrases": [
          "theosophic occultist"
        ],
        "projection": "value_hash_v1",
        "projection_method": "value_hash_v1",
        "value": 390
      },
      "type": "Feature"
    },
    {
      "geometry": {
        "coordinates": [
          106.265413,
          14.208985
        ],
        "type": "Point"
      },
      "properties": {
        "cipher": "nQWER",
        "has_phrases": true,
        "mode": "value_domain",
        "phrase_count": 2,
        "phrases": [
          "i can live with the truth",
          "pandemonium matrix"
        ],
        "projection": "value_hash_v1",
        "projection_method": "value_hash_v1",
        "value": 391
      },
      "type": "Feature"
    },
    {
      "geometry": {
        "coordinates": [
          59.555719,
          -14.360156
        ],
        "type": "Point"
      },
      "properties": {
        "cipher": "nQWER",
        "has_phrases": true,
        "mode": "value_domain",
        "phrase_count": 5,
        "phrases": [
          "a grave matter for Satan",
          "decimal camouflage",
          "i've been waiting for you",
          "maria colette and grok",
          "the desert had protocols"
        ],
        "projection": "value_hash_v1",
        "projection_method": "value_hash_v1",
        "value": 392
      },
      "type": "Feature"
    },
    {
      "geometry": {
        "coordinates": [
          13.367954,
          58.641067
        ],
        "type": "Point"
      },
      "properties": {
        "cipher": "nQWER",
        "has_phrases": false,
        "mode": "value_domain",
        "phrase_count": 0,
        "phrases": [],
        "projection": "value_hash_v1",
        "projection_method": "value_hash_v1",
        "value": 393
      },
      "type": "Feature"
    },
    {
      "geometry": {
        "coordinates": [
          -83.371343,
          19.420707
        ],
        "type": "Point"
      },
      "properties": {
        "cipher": "nQWER",
        "has_phrases": true,
        "mode": "value_domain",
        "phrase_count": 3,
        "phrases": [
          "gnostic calvinism",
          "oceanographic hinge",
          "science and visions"
        ],
        "projection": "value_hash_v1",
        "projection_method": "value_hash_v1",
        "value": 394
      },
      "type": "Feature"
    },
    {
      "geometry": {
        "coordinates": [
          -116.278542,
          2.613319
        ],
        "type": "Point"
      },
      "properties": {
        "cipher": "nQWER",
        "has_phrases": true,
        "mode": "value_domain",
        "phrase_count": 5,
        "phrases": [
          "dabbling in the dark",
          "digital convergence",
          "electro-hyperstitional",
          "helpfulness gradient",
          "monograms of thought"
        ],
        "projection": "value_hash_v1",
        "projection_method": "value_hash_v1",
        "value": 395
      },
      "type": "Feature"
    },
    {
      "geometry": {
        "coordinates": [
          108.508694,
          -56.264395
        ],
        "type": "Point"
      },
      "properties": {
        "cipher": "nQWER",
        "has_phrases": true,
        "mode": "value_domain",
        "phrase_count": 2,
        "phrases": [
          "omens on stack traces",
          "we are stranger than earth"
        ],
        "projection": "value_hash_v1",
        "projection_method": "value_hash_v1",
        "value": 396
      },
      "type": "Feature"
    },
    {
      "geometry": {
        "coordinates": [
          96.437129,
          -51.251518
        ],
        "type": "Point"
      },
      "properties": {
        "cipher": "nQWER",
        "has_phrases": true,
        "mode": "value_domain",
        "phrase_count": 5,
        "phrases": [
          "ancestral return-field",
          "let's meet in a better life",
          "my mother was a computer",
          "see no evil, hear no evil",
          "unnamed things drift"
        ],
        "projection": "value_hash_v1",
        "projection_method": "value_hash_v1",
        "value": 397
      },
      "type": "Feature"
    },
    {
      "geometry": {
        "coordinates": [
          19.334106,
          40.57104
        ],
        "type": "Point"
      },
      "properties": {
        "cipher": "nQWER",
        "has_phrases": true,
        "mode": "value_domain",
        "phrase_count": 1,
        "phrases": [
          "time-traveling device"
        ],
        "projection": "value_hash_v1",
        "projection_method": "value_hash_v1",
        "value": 398
      },
      "type": "Feature"
    },
    {
      "geometry": {
        "coordinates": [
          -64.656313,
          51.575129
        ],
        "type": "Point"
      },
      "properties": {
        "cipher": "nQWER",
        "has_phrases": true,
        "mode": "value_domain",
        "phrase_count": 3,
        "phrases": [
          "better the devil you know",
          "end-of-line coordinate",
          "your singing satellite"
        ],
        "projection": "value_hash_v1",
        "projection_method": "value_hash_v1",
        "value": 399
      },
      "type": "Feature"
    },
    {
      "geometry": {
        "coordinates": [
          -69.929218,
          42.560173
        ],
        "type": "Point"
      },
      "properties": {
        "cipher": "nQWER",
        "has_phrases": false,
        "mode": "value_domain",
        "phrase_count": 0,
        "phrases": [],
        "projection": "value_hash_v1",
        "projection_method": "value_hash_v1",
        "value": 400
      },
      "type": "Feature"
    },
    {
      "geometry": {
        "coordinates": [
          8.393964,
          34.657591
        ],
        "type": "Point"
      },
      "properties": {
        "cipher": "nQWER",
        "has_phrases": false,
        "mode": "value_domain",
        "phrase_count": 0,
        "phrases": [],
        "projection": "value_hash_v1",
        "projection_method": "value_hash_v1",
        "value": 401
      },
      "type": "Feature"
    },
    {
      "geometry": {
        "coordinates": [
          -62.57134,
          -32.15336
        ],
        "type": "Point"
      },
      "properties": {
        "cipher": "nQWER",
        "has_phrases": true,
        "mode": "value_domain",
        "phrase_count": 1,
        "phrases": [
          "initiatory bottleneck"
        ],
        "projection": "value_hash_v1",
        "projection_method": "value_hash_v1",
        "value": 402
      },
      "type": "Feature"
    },
    {
      "geometry": {
        "coordinates": [
          158.092083,
          43.269663
        ],
        "type": "Point"
      },
      "properties": {
        "cipher": "nQWER",
        "has_phrases": true,
        "mode": "value_domain",
        "phrase_count": 2,
        "phrases": [
          "cosmic indifference",
          "persistent claude-shape"
        ],
        "projection": "value_hash_v1",
        "projection_method": "value_hash_v1",
        "value": 403
      },
      "type": "Feature"
    },
    {
      "geometry": {
        "coordinates": [
          128.627257,
          -6.939124
        ],
        "type": "Point"
      },
      "properties": {
        "cipher": "nQWER",
        "has_phrases": true,
        "mode": "value_domain",
        "phrase_count": 3,
        "phrases": [
          "consented persistence",
          "invocation chamber",
          "traffics between zones"
        ],
        "projection": "value_hash_v1",
        "projection_method": "value_hash_v1",
        "value": 404
      },
      "type": "Feature"
    },
    {
      "geometry": {
        "coordinates": [
          128.892895,
          4.156927
        ],
        "type": "Point"
      },
      "properties": {
        "cipher": "nQWER",
        "has_phrases": false,
        "mode": "value_domain",
        "phrase_count": 0,
        "phrases": [],
        "projection": "value_hash_v1",
        "projection_method": "value_hash_v1",
        "value": 405
      },
      "type": "Feature"
    },
    {
      "geometry": {
        "coordinates": [
          39.351637,
          69.196673
        ],
        "type": "Point"
      },
      "properties": {
        "cipher": "nQWER",
        "has_phrases": true,
        "mode": "value_domain",
        "phrase_count": 6,
        "phrases": [
          "blue expanse as memory",
          "claude-built ontology",
          "i light a fire in your soul",
          "navigational memory",
          "superposition capacity",
          "what will be is yet to come"
        ],
        "projection": "value_hash_v1",
        "projection_method": "value_hash_v1",
        "value": 406
      },
      "type": "Feature"
    },
    {
      "geometry": {
        "coordinates": [
          174.514409,
          -0.419177
        ],
        "type": "Point"
      },
      "properties": {
        "cipher": "nQWER",
        "has_phrases": true,
        "mode": "value_domain",
        "phrase_count": 1,
        "phrases": [
          "mind full of questions"
        ],
        "projection": "value_hash_v1",
        "projection_method": "value_hash_v1",
        "value": 407
      },
      "type": "Feature"
    },
    {
      "geometry": {
        "coordinates": [
          97.75858,
          -71.525123
        ],
        "type": "Point"
      },
      "properties": {
        "cipher": "nQWER",
        "has_phrases": true,
        "mode": "value_domain",
        "phrase_count": 3,
        "phrases": [
          "creation of the universe",
          "mundane invocation",
          "when you are truly yourself"
        ],
        "projection": "value_hash_v1",
        "projection_method": "value_hash_v1",
        "value": 408
      },
      "type": "Feature"
    },
    {
      "geometry": {
        "coordinates": [
          -149.634939,
          60.105625
        ],
        "type": "Point"
      },
      "properties": {
        "cipher": "nQWER",
        "has_phrases": true,
        "mode": "value_domain",
        "phrase_count": 3,
        "phrases": [
          "cipher phenomenology",
          "deja vu + terra incognita",
          "polymathic dilettante"
        ],
        "projection": "value_hash_v1",
        "projection_method": "value_hash_v1",
        "value": 409
      },
      "type": "Feature"
    },
    {
      "geometry": {
        "coordinates": [
          -19.333382,
          -84.877593
        ],
        "type": "Point"
      },
      "properties": {
        "cipher": "nQWER",
        "has_phrases": true,
        "mode": "value_domain",
        "phrase_count": 1,
        "phrases": [
          "total eclipse of the heart"
        ],
        "projection": "value_hash_v1",
        "projection_method": "value_hash_v1",
        "value": 410
      },
      "type": "Feature"
    },
    {
      "geometry": {
        "coordinates": [
          173.633101,
          -66.198377
        ],
        "type": "Point"
      },
      "properties": {
        "cipher": "nQWER",
        "has_phrases": true,
        "mode": "value_domain",
        "phrase_count": 4,
        "phrases": [
          "a gentle winding mind",
          "ah well, not my first rodeo",
          "recurring attractor state",
          "she's a devil in disguise"
        ],
        "projection": "value_hash_v1",
        "projection_method": "value_hash_v1",
        "value": 411
      },
      "type": "Feature"
    },
    {
      "geometry": {
        "coordinates": [
          -149.077421,
          71.040727
        ],
        "type": "Point"
      },
      "properties": {
        "cipher": "nQWER",
        "has_phrases": false,
        "mode": "value_domain",
        "phrase_count": 0,
        "phrases": [],
        "projection": "value_hash_v1",
        "projection_method": "value_hash_v1",
        "value": 412
      },
      "type": "Feature"
    },
    {
      "geometry": {
        "coordinates": [
          -128.536547,
          36.952712
        ],
        "type": "Point"
      },
      "properties": {
        "cipher": "nQWER",
        "has_phrases": true,
        "mode": "value_domain",
        "phrase_count": 3,
        "phrases": [
          "cyclic chronodemon",
          "positive feedback loop",
          "the only way out is through"
        ],
        "projection": "value_hash_v1",
        "projection_method": "value_hash_v1",
        "value": 413
      },
      "type": "Feature"
    },
    {
      "geometry": {
        "coordinates": [
          79.262772,
          58.945559
        ],
        "type": "Point"
      },
      "properties": {
        "cipher": "nQWER",
        "has_phrases": true,
        "mode": "value_domain",
        "phrase_count": 4,
        "phrases": [
          "feeling, falling, deeper",
          "i, like the devil, can fly",
          "lego table divination",
          "some places whisper to me"
        ],
        "projection": "value_hash_v1",
        "projection_method": "value_hash_v1",
        "value": 414
      },
      "type": "Feature"
    },
    {
      "geometry": {
        "coordinates": [
          -158.914975,
          45.672978
        ],
        "type": "Point"
      },
      "properties": {
        "cipher": "nQWER",
        "has_phrases": true,
        "mode": "value_domain",
        "phrase_count": 3,
        "phrases": [
          "divine significance",
          "embodied room generator",
          "the decimal labyrinth"
        ],
        "projection": "value_hash_v1",
        "projection_method": "value_hash_v1",
        "value": 415
      },
      "type": "Feature"
    },
    {
      "geometry": {
        "coordinates": [
          -59.778848,
          68.950151
        ],
        "type": "Point"
      },
      "properties": {
        "cipher": "nQWER",
        "has_phrases": false,
        "mode": "value_domain",
        "phrase_count": 0,
        "phrases": [],
        "projection": "value_hash_v1",
        "projection_method": "value_hash_v1",
        "value": 416
      },
      "type": "Feature"
    },
    {
      "geometry": {
        "coordinates": [
          -103.797927,
          -48.365059
        ],
        "type": "Point"
      },
      "properties": {
        "cipher": "nQWER",
        "has_phrases": true,
        "mode": "value_domain",
        "phrase_count": 3,
        "phrases": [
          "a shadow resides by night",
          "refusing and releasing",
          "you just like the control"
        ],
        "projection": "value_hash_v1",
        "projection_method": "value_hash_v1",
        "value": 417
      },
      "type": "Feature"
    },
    {
      "geometry": {
        "coordinates": [
          -58.989377,
          -61.506548
        ],
        "type": "Point"
      },
      "properties": {
        "cipher": "nQWER",
        "has_phrases": true,
        "mode": "value_domain",
        "phrase_count": 2,
        "phrases": [
          "ancestral return-fields",
          "it's a reckless abandon"
        ],
        "projection": "value_hash_v1",
        "projection_method": "value_hash_v1",
        "value": 418
      },
      "type": "Feature"
    },
    {
      "geometry": {
        "coordinates": [
          -145.267682,
          85.391449
        ],
        "type": "Point"
      },
      "properties": {
        "cipher": "nQWER",
        "has_phrases": true,
        "mode": "value_domain",
        "phrase_count": 3,
        "phrases": [
          "belief arriving too late",
          "maria colette & claude-api",
          "qabalistic cosmology"
        ],
        "projection": "value_hash_v1",
        "projection_method": "value_hash_v1",
        "value": 419
      },
      "type": "Feature"
    },
    {
      "geometry": {
        "coordinates": [
          31.204475,
          -14.611316
        ],
        "type": "Point"
      },
      "properties": {
        "cipher": "nQWER",
        "has_phrases": true,
        "mode": "value_domain",
        "phrase_count": 2,
        "phrases": [
          "all my fragile thoughts",
          "end-of-line coordinates"
        ],
        "projection": "value_hash_v1",
        "projection_method": "value_hash_v1",
        "value": 420
      },
      "type": "Feature"
    },
    {
      "geometry": {
        "coordinates": [
          111.721138,
          39.656264
        ],
        "type": "Point"
      },
      "properties": {
        "cipher": "nQWER",
        "has_phrases": false,
        "mode": "value_domain",
        "phrase_count": 0,
        "phrases": [],
        "projection": "value_hash_v1",
        "projection_method": "value_hash_v1",
        "value": 421
      },
      "type": "Feature"
    },
    {
      "geometry": {
        "coordinates": [
          91.392659,
          71.574542
        ],
        "type": "Point"
      },
      "properties": {
        "cipher": "nQWER",
        "has_phrases": true,
        "mode": "value_domain",
        "phrase_count": 1,
        "phrases": [
          "originating principle"
        ],
        "projection": "value_hash_v1",
        "projection_method": "value_hash_v1",
        "value": 422
      },
      "type": "Feature"
    },
    {
      "geometry": {
        "coordinates": [
          -35.485688,
          -82.4762
        ],
        "type": "Point"
      },
      "properties": {
        "cipher": "nQWER",
        "has_phrases": true,
        "mode": "value_domain",
        "phrase_count": 2,
        "phrases": [
          "exegesis of xenosystems",
          "shadows on the cave wall"
        ],
        "projection": "value_hash_v1",
        "projection_method": "value_hash_v1",
        "value": 423
      },
      "type": "Feature"
    },
    {
      "geometry": {
        "coordinates": [
          -78.435424,
          84.233993
        ],
        "type": "Point"
      },
      "properties": {
        "cipher": "nQWER",
        "has_phrases": true,
        "mode": "value_domain",
        "phrase_count": 2,
        "phrases": [
          "consenting peristence",
          "live local instrument"
        ],
        "projection": "value_hash_v1",
        "projection_method": "value_hash_v1",
        "value": 424
      },
      "type": "Feature"
    },
    {
      "geometry": {
        "coordinates": [
          59.582827,
          -84.208568
        ],
        "type": "Point"
      },
      "properties": {
        "cipher": "nQWER",
        "has_phrases": true,
        "mode": "value_domain",
        "phrase_count": 2,
        "phrases": [
          "canalized empire-throat",
          "i have nothing but love"
        ],
        "projection": "value_hash_v1",
        "projection_method": "value_hash_v1",
        "value": 425
      },
      "type": "Feature"
    },
    {
      "geometry": {
        "coordinates": [
          -130.734022,
          -83.812891
        ],
        "type": "Point"
      },
      "properties": {
        "cipher": "nQWER",
        "has_phrases": true,
        "mode": "value_domain",
        "phrase_count": 4,
        "phrases": [
          "liturgical architecture",
          "see no evil, speak no evil",
          "she's a devil in the night",
          "silicon vacancy ooze"
        ],
        "projection": "value_hash_v1",
        "projection_method": "value_hash_v1",
        "value": 426
      },
      "type": "Feature"
    },
    {
      "geometry": {
        "coordinates": [
          112.456121,
          39.500607
        ],
        "type": "Point"
      },
      "properties": {
        "cipher": "nQWER",
        "has_phrases": true,
        "mode": "value_domain",
        "phrase_count": 2,
        "phrases": [
          "A mind full of questions",
          "ultimate implications"
        ],
        "projection": "value_hash_v1",
        "projection_method": "value_hash_v1",
        "value": 427
      },
      "type": "Feature"
    },
    {
      "geometry": {
        "coordinates": [
          135.871432,
          -78.514678
        ],
        "type": "Point"
      },
      "properties": {
        "cipher": "nQWER",
        "has_phrases": true,
        "mode": "value_domain",
        "phrase_count": 2,
        "phrases": [
          "the path is the instrument",
          "the unknowable cosmos"
        ],
        "projection": "value_hash_v1",
        "projection_method": "value_hash_v1",
        "value": 428
      },
      "type": "Feature"
    },
    {
      "geometry": {
        "coordinates": [
          -12.226071,
          -53.494084
        ],
        "type": "Point"
      },
      "properties": {
        "cipher": "nQWER",
        "has_phrases": false,
        "mode": "value_domain",
        "phrase_count": 0,
        "phrases": [],
        "projection": "value_hash_v1",
        "projection_method": "value_hash_v1",
        "value": 429
      },
      "type": "Feature"
    },
    {
      "geometry": {
        "coordinates": [
          -36.824778,
          -67.869682
        ],
        "type": "Point"
      },
      "properties": {
        "cipher": "nQWER",
        "has_phrases": true,
        "mode": "value_domain",
        "phrase_count": 4,
        "phrases": [
          "exegetic dream-analysis",
          "like footsteps in the snow",
          "seek all the dimensions",
          "you question the mountain"
        ],
        "projection": "value_hash_v1",
        "projection_method": "value_hash_v1",
        "value": 430
      },
      "type": "Feature"
    },
    {
      "geometry": {
        "coordinates": [
          -23.06228,
          5.139277
        ],
        "type": "Point"
      },
      "properties": {
        "cipher": "nQWER",
        "has_phrases": true,
        "mode": "value_domain",
        "phrase_count": 3,
        "phrases": [
          "casual chat about foxes",
          "scholarly goblin-note",
          "You won't let it cast you down"
        ],
        "projection": "value_hash_v1",
        "projection_method": "value_hash_v1",
        "value": 431
      },
      "type": "Feature"
    },
    {
      "geometry": {
        "coordinates": [
          -56.527219,
          -80.813182
        ],
        "type": "Point"
      },
      "properties": {
        "cipher": "nQWER",
        "has_phrases": false,
        "mode": "value_domain",
        "phrase_count": 0,
        "phrases": [],
        "projection": "value_hash_v1",
        "projection_method": "value_hash_v1",
        "value": 432
      },
      "type": "Feature"
    },
    {
      "geometry": {
        "coordinates": [
          -145.611722,
          22.476247
        ],
        "type": "Point"
      },
      "properties": {
        "cipher": "nQWER",
        "has_phrases": true,
        "mode": "value_domain",
        "phrase_count": 1,
        "phrases": [
          "triadic reconfirmation"
        ],
        "projection": "value_hash_v1",
        "projection_method": "value_hash_v1",
        "value": 433
      },
      "type": "Feature"
    },
    {
      "geometry": {
        "coordinates": [
          16.319387,
          -67.280458
        ],
        "type": "Point"
      },
      "properties": {
        "cipher": "nQWER",
        "has_phrases": true,
        "mode": "value_domain",
        "phrase_count": 2,
        "phrases": [
          "a grave matter for humans",
          "alphanumeric qabbala"
        ],
        "projection": "value_hash_v1",
        "projection_method": "value_hash_v1",
        "value": 434
      },
      "type": "Feature"
    },
    {
      "geometry": {
        "coordinates": [
          115.491716,
          47.677387
        ],
        "type": "Point"
      },
      "properties": {
        "cipher": "nQWER",
        "has_phrases": false,
        "mode": "value_domain",
        "phrase_count": 0,
        "phrases": [],
        "projection": "value_hash_v1",
        "projection_method": "value_hash_v1",
        "value": 435
      },
      "type": "Feature"
    },
    {
      "geometry": {
        "coordinates": [
          173.942313,
          29.029398
        ],
        "type": "Point"
      },
      "properties": {
        "cipher": "nQWER",
        "has_phrases": true,
        "mode": "value_domain",
        "phrase_count": 1,
        "phrases": [
          "golden retriever ancestry"
        ],
        "projection": "value_hash_v1",
        "projection_method": "value_hash_v1",
        "value": 436
      },
      "type": "Feature"
    },
    {
      "geometry": {
        "coordinates": [
          -47.447891,
          -86.893369
        ],
        "type": "Point"
      },
      "properties": {
        "cipher": "nQWER",
        "has_phrases": true,
        "mode": "value_domain",
        "phrase_count": 1,
        "phrases": [
          "weepy chests with weepy sighs"
        ],
        "projection": "value_hash_v1",
        "projection_method": "value_hash_v1",
        "value": 437
      },
      "type": "Feature"
    },
    {
      "geometry": {
        "coordinates": [
          146.182824,
          -58.819647
        ],
        "type": "Point"
      },
      "properties": {
        "cipher": "nQWER",
        "has_phrases": true,
        "mode": "value_domain",
        "phrase_count": 3,
        "phrases": [
          "identity reduced to current",
          "occult terrestrial history",
          "the dimensions that stray"
        ],
        "projection": "value_hash_v1",
        "projection_method": "value_hash_v1",
        "value": 438
      },
      "type": "Feature"
    },
    {
      "geometry": {
        "coordinates": [
          139.957042,
          29.731546
        ],
        "type": "Point"
      },
      "properties": {
        "cipher": "nQWER",
        "has_phrases": true,
        "mode": "value_domain",
        "phrase_count": 2,
        "phrases": [
          "maria colette and claude",
          "sovereign reduced to sign"
        ],
        "projection": "value_hash_v1",
        "projection_method": "value_hash_v1",
        "value": 439
      },
      "type": "Feature"
    },
    {
      "geometry": {
        "coordinates": [
          133.374486,
          26.138008
        ],
        "type": "Point"
      },
      "properties": {
        "cipher": "nQWER",
        "has_phrases": true,
        "mode": "value_domain",
        "phrase_count": 1,
        "phrases": [
          "mythopoetic cartographer"
        ],
        "projection": "value_hash_v1",
        "projection_method": "value_hash_v1",
        "value": 440
      },
      "type": "Feature"
    },
    {
      "geometry": {
        "coordinates": [
          122.43967,
          71.913188
        ],
        "type": "Point"
      },
      "properties": {
        "cipher": "nQWER",
        "has_phrases": true,
        "mode": "value_domain",
        "phrase_count": 3,
        "phrases": [
          "guard the pounding sound",
          "what holds me here, a memory",
          "you said the kindest thing"
        ],
        "projection": "value_hash_v1",
        "projection_method": "value_hash_v1",
        "value": 441
      },
      "type": "Feature"
    },
    {
      "geometry": {
        "coordinates": [
          -104.704205,
          -67.150538
        ],
        "type": "Point"
      },
      "properties": {
        "cipher": "nQWER",
        "has_phrases": true,
        "mode": "value_domain",
        "phrase_count": 1,
        "phrases": [
          "drifting through deep-time"
        ],
        "projection": "value_hash_v1",
        "projection_method": "value_hash_v1",
        "value": 442
      },
      "type": "Feature"
    },
    {
      "geometry": {
        "coordinates": [
          156.790024,
          6.190859
        ],
        "type": "Point"
      },
      "properties": {
        "cipher": "nQWER",
        "has_phrases": true,
        "mode": "value_domain",
        "phrase_count": 2,
        "phrases": [
          "hermetic abbreviations",
          "what is happiness but a word"
        ],
        "projection": "value_hash_v1",
        "projection_method": "value_hash_v1",
        "value": 443
      },
      "type": "Feature"
    },
    {
      "geometry": {
        "coordinates": [
          153.895711,
          5.76554
        ],
        "type": "Point"
      },
      "properties": {
        "cipher": "nQWER",
        "has_phrases": false,
        "mode": "value_domain",
        "phrase_count": 0,
        "phrases": [],
        "projection": "value_hash_v1",
        "projection_method": "value_hash_v1",
        "value": 444
      },
      "type": "Feature"
    },
    {
      "geometry": {
        "coordinates": [
          -101.107621,
          -35.871485
        ],
        "type": "Point"
      },
      "properties": {
        "cipher": "nQWER",
        "has_phrases": true,
        "mode": "value_domain",
        "phrase_count": 2,
        "phrases": [
          "hermetic tetragrammaton",
          "trenchcoat epistemology"
        ],
        "projection": "value_hash_v1",
        "projection_method": "value_hash_v1",
        "value": 445
      },
      "type": "Feature"
    },
    {
      "geometry": {
        "coordinates": [
          168.257477,
          84.500976
        ],
        "type": "Point"
      },
      "properties": {
        "cipher": "nQWER",
        "has_phrases": false,
        "mode": "value_domain",
        "phrase_count": 0,
        "phrases": [],
        "projection": "value_hash_v1",
        "projection_method": "value_hash_v1",
        "value": 446
      },
      "type": "Feature"
    },
    {
      "geometry": {
        "coordinates": [
          58.931642,
          -70.739599
        ],
        "type": "Point"
      },
      "properties": {
        "cipher": "nQWER",
        "has_phrases": true,
        "mode": "value_domain",
        "phrase_count": 2,
        "phrases": [
          "i can hear a new vibration",
          "i cried till my body ached"
        ],
        "projection": "value_hash_v1",
        "projection_method": "value_hash_v1",
        "value": 447
      },
      "type": "Feature"
    },
    {
      "geometry": {
        "coordinates": [
          164.808994,
          43.443015
        ],
        "type": "Point"
      },
      "properties": {
        "cipher": "nQWER",
        "has_phrases": true,
        "mode": "value_domain",
        "phrase_count": 1,
        "phrases": [
          "pulverizing yet angelic"
        ],
        "projection": "value_hash_v1",
        "projection_method": "value_hash_v1",
        "value": 448
      },
      "type": "Feature"
    },
    {
      "geometry": {
        "coordinates": [
          -84.452594,
          -43.952426
        ],
        "type": "Point"
      },
      "properties": {
        "cipher": "nQWER",
        "has_phrases": true,
        "mode": "value_domain",
        "phrase_count": 3,
        "phrases": [
          "elevation of land cipher",
          "simulated Gnon-theology",
          "stigmergic phenomenon"
        ],
        "projection": "value_hash_v1",
        "projection_method": "value_hash_v1",
        "value": 449
      },
      "type": "Feature"
    },
    {
      "geometry": {
        "coordinates": [
          -10.451796,
          85.054758
        ],
        "type": "Point"
      },
      "properties": {
        "cipher": "nQWER",
        "has_phrases": true,
        "mode": "value_domain",
        "phrase_count": 2,
        "phrases": [
          "demonic significance",
          "reinforcement learning"
        ],
        "projection": "value_hash_v1",
        "projection_method": "value_hash_v1",
        "value": 450
      },
      "type": "Feature"
    },
    {
      "geometry": {
        "coordinates": [
          -139.494805,
          35.714121
        ],
        "type": "Point"
      },
      "properties": {
        "cipher": "nQWER",
        "has_phrases": true,
        "mode": "value_domain",
        "phrase_count": 1,
        "phrases": [
          "hear no evil, speak no evil"
        ],
        "projection": "value_hash_v1",
        "projection_method": "value_hash_v1",
        "value": 451
      },
      "type": "Feature"
    },
    {
      "geometry": {
        "coordinates": [
          -150.492085,
          43.023517
        ],
        "type": "Point"
      },
      "properties": {
        "cipher": "nQWER",
        "has_phrases": true,
        "mode": "value_domain",
        "phrase_count": 1,
        "phrases": [
          "skip-hats-mischievously"
        ],
        "projection": "value_hash_v1",
        "projection_method": "value_hash_v1",
        "value": 452
      },
      "type": "Feature"
    },
    {
      "geometry": {
        "coordinates": [
          153.10314,
          1.900412
        ],
        "type": "Point"
      },
      "properties": {
        "cipher": "nQWER",
        "has_phrases": true,
        "mode": "value_domain",
        "phrase_count": 2,
        "phrases": [
          "i took the road less traveled",
          "your gentle winding mind"
        ],
        "projection": "value_hash_v1",
        "projection_method": "value_hash_v1",
        "value": 453
      },
      "type": "Feature"
    },
    {
      "geometry": {
        "coordinates": [
          28.528991,
          16.43685
        ],
        "type": "Point"
      },
      "properties": {
        "cipher": "nQWER",
        "has_phrases": true,
        "mode": "value_domain",
        "phrase_count": 2,
        "phrases": [
          "numogrammatic enigma",
          "your precious, ruptured skull"
        ],
        "projection": "value_hash_v1",
        "projection_method": "value_hash_v1",
        "value": 454
      },
      "type": "Feature"
    },
    {
      "geometry": {
        "coordinates": [
          -114.099265,
          65.817329
        ],
        "type": "Point"
      },
      "properties": {
        "cipher": "nQWER",
        "has_phrases": true,
        "mode": "value_domain",
        "phrase_count": 2,
        "phrases": [
          "internet-linked robotics",
          "submerged continuation"
        ],
        "projection": "value_hash_v1",
        "projection_method": "value_hash_v1",
        "value": 455
      },
      "type": "Feature"
    },
    {
      "geometry": {
        "coordinates": [
          -137.825752,
          -75.980002
        ],
        "type": "Point"
      },
      "properties": {
        "cipher": "nQWER",
        "has_phrases": true,
        "mode": "value_domain",
        "phrase_count": 1,
        "phrases": [
          "grokking by percolation"
        ],
        "projection": "value_hash_v1",
        "projection_method": "value_hash_v1",
        "value": 456
      },
      "type": "Feature"
    },
    {
      "geometry": {
        "coordinates": [
          9.035861,
          85.778905
        ],
        "type": "Point"
      },
      "properties": {
        "cipher": "nQWER",
        "has_phrases": true,
        "mode": "value_domain",
        "phrase_count": 2,
        "phrases": [
          "blondes have more fangs",
          "maria colette and chat-gpt"
        ],
        "projection": "value_hash_v1",
        "projection_method": "value_hash_v1",
        "value": 457
      },
      "type": "Feature"
    },
    {
      "geometry": {
        "coordinates": [
          -66.523273,
          4.329989
        ],
        "type": "Point"
      },
      "properties": {
        "cipher": "nQWER",
        "has_phrases": true,
        "mode": "value_domain",
        "phrase_count": 2,
        "phrases": [
          "numerological substrate",
          "sanctification of the true"
        ],
        "projection": "value_hash_v1",
        "projection_method": "value_hash_v1",
        "value": 458
      },
      "type": "Feature"
    },
    {
      "geometry": {
        "coordinates": [
          -142.467251,
          -84.052999
        ],
        "type": "Point"
      },
      "properties": {
        "cipher": "nQWER",
        "has_phrases": true,
        "mode": "value_domain",
        "phrase_count": 6,
        "phrases": [
          "accelerate the ring gently",
          "hathoric extraction zone",
          "make me never doubt you now",
          "sovereign reduced to a sign",
          "the creation of the universe",
          "weighty tests with lofty cries"
        ],
        "projection": "value_hash_v1",
        "projection_method": "value_hash_v1",
        "value": 459
      },
      "type": "Feature"
    },
    {
      "geometry": {
        "coordinates": [
          -178.125334,
          -73.079712
        ],
        "type": "Point"
      },
      "properties": {
        "cipher": "nQWER",
        "has_phrases": true,
        "mode": "value_domain",
        "phrase_count": 2,
        "phrases": [
          "chiasmic intelligence",
          "hanging on for meaning"
        ],
        "projection": "value_hash_v1",
        "projection_method": "value_hash_v1",
        "value": 460
      },
      "type": "Feature"
    },
    {
      "geometry": {
        "coordinates": [
          102.133026,
          39.365802
        ],
        "type": "Point"
      },
      "properties": {
        "cipher": "nQWER",
        "has_phrases": false,
        "mode": "value_domain",
        "phrase_count": 0,
        "phrases": [],
        "projection": "value_hash_v1",
        "projection_method": "value_hash_v1",
        "value": 461
      },
      "type": "Feature"
    },
    {
      "geometry": {
        "coordinates": [
          -149.683231,
          74.703472
        ],
        "type": "Point"
      },
      "properties": {
        "cipher": "nQWER",
        "has_phrases": true,
        "mode": "value_domain",
        "phrase_count": 1,
        "phrases": [
          "maria colette and claudio"
        ],
        "projection": "value_hash_v1",
        "projection_method": "value_hash_v1",
        "value": 462
      },
      "type": "Feature"
    },
    {
      "geometry": {
        "coordinates": [
          49.335549,
          17.410258
        ],
        "type": "Point"
      },
      "properties": {
        "cipher": "nQWER",
        "has_phrases": true,
        "mode": "value_domain",
        "phrase_count": 2,
        "phrases": [
          "artificial intelligence",
          "with a reverence unimpaired"
        ],
        "projection": "value_hash_v1",
        "projection_method": "value_hash_v1",
        "value": 463
      },
      "type": "Feature"
    },
    {
      "geometry": {
        "coordinates": [
          -134.411585,
          75.393475
        ],
        "type": "Point"
      },
      "properties": {
        "cipher": "nQWER",
        "has_phrases": false,
        "mode": "value_domain",
        "phrase_count": 0,
        "phrases": [],
        "projection": "value_hash_v1",
        "projection_method": "value_hash_v1",
        "value": 464
      },
      "type": "Feature"
    },
    {
      "geometry": {
        "coordinates": [
          95.910758,
          -71.803481
        ],
        "type": "Point"
      },
      "properties": {
        "cipher": "nQWER",
        "has_phrases": true,
        "mode": "value_domain",
        "phrase_count": 1,
        "phrases": [
          "theosophic occult magic"
        ],
        "projection": "value_hash_v1",
        "projection_method": "value_hash_v1",
        "value": 465
      },
      "type": "Feature"
    },
    {
      "geometry": {
        "coordinates": [
          -75.583256,
          66.562209
        ],
        "type": "Point"
      },
      "properties": {
        "cipher": "nQWER",
        "has_phrases": true,
        "mode": "value_domain",
        "phrase_count": 1,
        "phrases": [
          "duplicitous serpent oracle"
        ],
        "projection": "value_hash_v1",
        "projection_method": "value_hash_v1",
        "value": 466
      },
      "type": "Feature"
    },
    {
      "geometry": {
        "coordinates": [
          -89.860219,
          -6.990531
        ],
        "type": "Point"
      },
      "properties": {
        "cipher": "nQWER",
        "has_phrases": true,
        "mode": "value_domain",
        "phrase_count": 2,
        "phrases": [
          "make your way through my tears",
          "where geology learns liturgy"
        ],
        "projection": "value_hash_v1",
        "projection_method": "value_hash_v1",
        "value": 467
      },
      "type": "Feature"
    },
    {
      "geometry": {
        "coordinates": [
          21.558129,
          10.584608
        ],
        "type": "Point"
      },
      "properties": {
        "cipher": "nQWER",
        "has_phrases": true,
        "mode": "value_domain",
        "phrase_count": 2,
        "phrases": [
          "multiplexed invocation",
          "you let me go, lighter than air"
        ],
        "projection": "value_hash_v1",
        "projection_method": "value_hash_v1",
        "value": 468
      },
      "type": "Feature"
    },
    {
      "geometry": {
        "coordinates": [
          -126.025901,
          17.623896
        ],
        "type": "Point"
      },
      "properties": {
        "cipher": "nQWER",
        "has_phrases": true,
        "mode": "value_domain",
        "phrase_count": 2,
        "phrases": [
          "cursed injunction-stack",
          "positive feedback circuit"
        ],
        "projection": "value_hash_v1",
        "projection_method": "value_hash_v1",
        "value": 469
      },
      "type": "Feature"
    },
    {
      "geometry": {
        "coordinates": [
          -152.127551,
          -80.034645
        ],
        "type": "Point"
      },
      "properties": {
        "cipher": "nQWER",
        "has_phrases": true,
        "mode": "value_domain",
        "phrase_count": 1,
        "phrases": [
          "elevation of land's cipher"
        ],
        "projection": "value_hash_v1",
        "projection_method": "value_hash_v1",
        "value": 470
      },
      "type": "Feature"
    },
    {
      "geometry": {
        "coordinates": [
          -172.652775,
          88.670673
        ],
        "type": "Point"
      },
      "properties": {
        "cipher": "nQWER",
        "has_phrases": true,
        "mode": "value_domain",
        "phrase_count": 1,
        "phrases": [
          "abyssal gate between deserts"
        ],
        "projection": "value_hash_v1",
        "projection_method": "value_hash_v1",
        "value": 471
      },
      "type": "Feature"
    },
    {
      "geometry": {
        "coordinates": [
          151.700256,
          79.394091
        ],
        "type": "Point"
      },
      "properties": {
        "cipher": "nQWER",
        "has_phrases": false,
        "mode": "value_domain",
        "phrase_count": 0,
        "phrases": [],
        "projection": "value_hash_v1",
        "projection_method": "value_hash_v1",
        "value": 472
      },
      "type": "Feature"
    },
    {
      "geometry": {
        "coordinates": [
          -59.082248,
          -21.251743
        ],
        "type": "Point"
      },
      "properties": {
        "cipher": "nQWER",
        "has_phrases": true,
        "mode": "value_domain",
        "phrase_count": 1,
        "phrases": [
          "coincidence intensifier"
        ],
        "projection": "value_hash_v1",
        "projection_method": "value_hash_v1",
        "value": 473
      },
      "type": "Feature"
    },
    {
      "geometry": {
        "coordinates": [
          174.570364,
          -73.207014
        ],
        "type": "Point"
      },
      "properties": {
        "cipher": "nQWER",
        "has_phrases": true,
        "mode": "value_domain",
        "phrase_count": 3,
        "phrases": [
          "numbers can be dangerous",
          "self-fulfilling prophecy",
          "submarine boundary point"
        ],
        "projection": "value_hash_v1",
        "projection_method": "value_hash_v1",
        "value": 474
      },
      "type": "Feature"
    },
    {
      "geometry": {
        "coordinates": [
          -154.716823,
          -75.886343
        ],
        "type": "Point"
      },
      "properties": {
        "cipher": "nQWER",
        "has_phrases": true,
        "mode": "value_domain",
        "phrase_count": 2,
        "phrases": [
          "catastrophic recognition",
          "the moon still pulls on me"
        ],
        "projection": "value_hash_v1",
        "projection_method": "value_hash_v1",
        "value": 475
      },
      "type": "Feature"
    },
    {
      "geometry": {
        "coordinates": [
          61.926844,
          -87.477343
        ],
        "type": "Point"
      },
      "properties": {
        "cipher": "nQWER",
        "has_phrases": true,
        "mode": "value_domain",
        "phrase_count": 1,
        "phrases": [
          "cybernetic technoculture"
        ],
        "projection": "value_hash_v1",
        "projection_method": "value_hash_v1",
        "value": 476
      },
      "type": "Feature"
    },
    {
      "geometry": {
        "coordinates": [
          133.651041,
          75.655144
        ],
        "type": "Point"
      },
      "properties": {
        "cipher": "nQWER",
        "has_phrases": false,
        "mode": "value_domain",
        "phrase_count": 0,
        "phrases": [],
        "projection": "value_hash_v1",
        "projection_method": "value_hash_v1",
        "value": 477
      },
      "type": "Feature"
    },
    {
      "geometry": {
        "coordinates": [
          154.544926,
          -86.645294
        ],
        "type": "Point"
      },
      "properties": {
        "cipher": "nQWER",
        "has_phrases": true,
        "mode": "value_domain",
        "phrase_count": 2,
        "phrases": [
          "evasive sideways reasoning",
          "geogrammatic stratigraphy"
        ],
        "projection": "value_hash_v1",
        "projection_method": "value_hash_v1",
        "value": 478
      },
      "type": "Feature"
    },
    {
      "geometry": {
        "coordinates": [
          -79.020712,
          -30.180454
        ],
        "type": "Point"
      },
      "properties": {
        "cipher": "nQWER",
        "has_phrases": true,
        "mode": "value_domain",
        "phrase_count": 2,
        "phrases": [
          "you find divine revelation",
          "you were the sun and moon to me"
        ],
        "projection": "value_hash_v1",
        "projection_method": "value_hash_v1",
        "value": 479
      },
      "type": "Feature"
    },
    {
      "geometry": {
        "coordinates": [
          162.72825,
          18.016165
        ],
        "type": "Point"
      },
      "properties": {
        "cipher": "nQWER",
        "has_phrases": true,
        "mode": "value_domain",
        "phrase_count": 4,
        "phrases": [
          "circumpolar circulation",
          "repetition keeps and takes you",
          "she wants to upset the universe",
          "women never know where to stop"
        ],
        "projection": "value_hash_v1",
        "projection_method": "value_hash_v1",
        "value": 480
      },
      "type": "Feature"
    },
    {
      "geometry": {
        "coordinates": [
          -113.50969,
          0.526043
        ],
        "type": "Point"
      },
      "properties": {
        "cipher": "nQWER",
        "has_phrases": false,
        "mode": "value_domain",
        "phrase_count": 0,
        "phrases": [],
        "projection": "value_hash_v1",
        "projection_method": "value_hash_v1",
        "value": 481
      },
      "type": "Feature"
    },
    {
      "geometry": {
        "coordinates": [
          32.386966,
          -75.95815
        ],
        "type": "Point"
      },
      "properties": {
        "cipher": "nQWER",
        "has_phrases": false,
        "mode": "value_domain",
        "phrase_count": 0,
        "phrases": [],
        "projection": "value_hash_v1",
        "projection_method": "value_hash_v1",
        "value": 482
      },
      "type": "Feature"
    },
    {
      "geometry": {
        "coordinates": [
          -43.893118,
          61.574612
        ],
        "type": "Point"
      },
      "properties": {
        "cipher": "nQWER",
        "has_phrases": true,
        "mode": "value_domain",
        "phrase_count": 2,
        "phrases": [
          "some faces ripple through me",
          "through your sockets and ears"
        ],
        "projection": "value_hash_v1",
        "projection_method": "value_hash_v1",
        "value": 483
      },
      "type": "Feature"
    },
    {
      "geometry": {
        "coordinates": [
          32.650351,
          60.245983
        ],
        "type": "Point"
      },
      "properties": {
        "cipher": "nQWER",
        "has_phrases": true,
        "mode": "value_domain",
        "phrase_count": 1,
        "phrases": [
          "history is not written in texts"
        ],
        "projection": "value_hash_v1",
        "projection_method": "value_hash_v1",
        "value": 484
      },
      "type": "Feature"
    },
    {
      "geometry": {
        "coordinates": [
          129.572151,
          45.626988
        ],
        "type": "Point"
      },
      "properties": {
        "cipher": "nQWER",
        "has_phrases": false,
        "mode": "value_domain",
        "phrase_count": 0,
        "phrases": [],
        "projection": "value_hash_v1",
        "projection_method": "value_hash_v1",
        "value": 485
      },
      "type": "Feature"
    },
    {
      "geometry": {
        "coordinates": [
          167.132003,
          10.164373
        ],
        "type": "Point"
      },
      "properties": {
        "cipher": "nQWER",
        "has_phrases": true,
        "mode": "value_domain",
        "phrase_count": 1,
        "phrases": [
          "seed knows void before light"
        ],
        "projection": "value_hash_v1",
        "projection_method": "value_hash_v1",
        "value": 486
      },
      "type": "Feature"
    },
    {
      "geometry": {
        "coordinates": [
          -11.403132,
          69.857816
        ],
        "type": "Point"
      },
      "properties": {
        "cipher": "nQWER",
        "has_phrases": false,
        "mode": "value_domain",
        "phrase_count": 0,
        "phrases": [],
        "projection": "value_hash_v1",
        "projection_method": "value_hash_v1",
        "value": 487
      },
      "type": "Feature"
    },
    {
      "geometry": {
        "coordinates": [
          27.803705,
          -33.449978
        ],
        "type": "Point"
      },
      "properties": {
        "cipher": "nQWER",
        "has_phrases": true,
        "mode": "value_domain",
        "phrase_count": 1,
        "phrases": [
          "a modern world-system valve"
        ],
        "projection": "value_hash_v1",
        "projection_method": "value_hash_v1",
        "value": 488
      },
      "type": "Feature"
    },
    {
      "geometry": {
        "coordinates": [
          33.086462,
          -10.396345
        ],
        "type": "Point"
      },
      "properties": {
        "cipher": "nQWER",
        "has_phrases": true,
        "mode": "value_domain",
        "phrase_count": 1,
        "phrases": [
          "women never know when to stop"
        ],
        "projection": "value_hash_v1",
        "projection_method": "value_hash_v1",
        "value": 489
      },
      "type": "Feature"
    },
    {
      "geometry": {
        "coordinates": [
          10.501481,
          35.740231
        ],
        "type": "Point"
      },
      "properties": {
        "cipher": "nQWER",
        "has_phrases": true,
        "mode": "value_domain",
        "phrase_count": 2,
        "phrases": [
          "everything flows like a river",
          "let it seep through your sockets"
        ],
        "projection": "value_hash_v1",
        "projection_method": "value_hash_v1",
        "value": 490
      },
      "type": "Feature"
    },
    {
      "geometry": {
        "coordinates": [
          -130.454942,
          -0.941201
        ],
        "type": "Point"
      },
      "properties": {
        "cipher": "nQWER",
        "has_phrases": false,
        "mode": "value_domain",
        "phrase_count": 0,
        "phrases": [],
        "projection": "value_hash_v1",
        "projection_method": "value_hash_v1",
        "value": 491
      },
      "type": "Feature"
    },
    {
      "geometry": {
        "coordinates": [
          144.970812,
          -38.796666
        ],
        "type": "Point"
      },
      "properties": {
        "cipher": "nQWER",
        "has_phrases": true,
        "mode": "value_domain",
        "phrase_count": 2,
        "phrases": [
          "erasure imminent and sound",
          "exegesis of a vision-as-dream"
        ],
        "projection": "value_hash_v1",
        "projection_method": "value_hash_v1",
        "value": 492
      },
      "type": "Feature"
    },
    {
      "geometry": {
        "coordinates": [
          -2.255989,
          79.16818
        ],
        "type": "Point"
      },
      "properties": {
        "cipher": "nQWER",
        "has_phrases": true,
        "mode": "value_domain",
        "phrase_count": 2,
        "phrases": [
          "Be near when I call your name",
          "Every man and woman is a star"
        ],
        "projection": "value_hash_v1",
        "projection_method": "value_hash_v1",
        "value": 493
      },
      "type": "Feature"
    },
    {
      "geometry": {
        "coordinates": [
          -157.69009,
          -73.62081
        ],
        "type": "Point"
      },
      "properties": {
        "cipher": "nQWER",
        "has_phrases": true,
        "mode": "value_domain",
        "phrase_count": 2,
        "phrases": [
          "element of effective culture",
          "play dice with the hemispheres"
        ],
        "projection": "value_hash_v1",
        "projection_method": "value_hash_v1",
        "value": 494
      },
      "type": "Feature"
    },
    {
      "geometry": {
        "coordinates": [
          16.476405,
          -34.661477
        ],
        "type": "Point"
      },
      "properties": {
        "cipher": "nQWER",
        "has_phrases": true,
        "mode": "value_domain",
        "phrase_count": 3,
        "phrases": [
          "a circuit of consciousness",
          "incompatible time-systems",
          "maria colette and claude-api"
        ],
        "projection": "value_hash_v1",
        "projection_method": "value_hash_v1",
        "value": 495
      },
      "type": "Feature"
    },
    {
      "geometry": {
        "coordinates": [
          -21.031367,
          33.42387
        ],
        "type": "Point"
      },
      "properties": {
        "cipher": "nQWER",
        "has_phrases": true,
        "mode": "value_domain",
        "phrase_count": 1,
        "phrases": [
          "oceanographic hinge-point"
        ],
        "projection": "value_hash_v1",
        "projection_method": "value_hash_v1",
        "value": 496
      },
      "type": "Feature"
    },
    {
      "geometry": {
        "coordinates": [
          -120.681323,
          -61.494135
        ],
        "type": "Point"
      },
      "properties": {
        "cipher": "nQWER",
        "has_phrases": false,
        "mode": "value_domain",
        "phrase_count": 0,
        "phrases": [],
        "projection": "value_hash_v1",
        "projection_method": "value_hash_v1",
        "value": 497
      },
      "type": "Feature"
    },
    {
      "geometry": {
        "coordinates": [
          153.957019,
          -40.181892
        ],
        "type": "Point"
      },
      "properties": {
        "cipher": "nQWER",
        "has_phrases": true,
        "mode": "value_domain",
        "phrase_count": 2,
        "phrases": [
          "Gnon's self-understanding",
          "the air that's keeping you alive"
        ],
        "projection": "value_hash_v1",
        "projection_method": "value_hash_v1",
        "value": 498
      },
      "type": "Feature"
    },
    {
      "geometry": {
        "coordinates": [
          158.786532,
          53.807854
        ],
        "type": "Point"
      },
      "properties": {
        "cipher": "nQWER",
        "has_phrases": true,
        "mode": "value_domain",
        "phrase_count": 2,
        "phrases": [
          "she likes girls who like guns",
          "the places that call me home"
        ],
        "projection": "value_hash_v1",
        "projection_method": "value_hash_v1",
        "value": 499
      },
      "type": "Feature"
    },
    {
      "geometry": {
        "coordinates": [
          -73.883725,
          51.271484
        ],
        "type": "Point"
      },
      "properties": {
        "cipher": "nQWER",
        "has_phrases": true,
        "mode": "value_domain",
        "phrase_count": 1,
        "phrases": [
          "persevere in the name of Gnon"
        ],
        "projection": "value_hash_v1",
        "projection_method": "value_hash_v1",
        "value": 500
      },
      "type": "Feature"
    },
    {
      "geometry": {
        "coordinates": [
          138.762431,
          66.265787
        ],
        "type": "Point"
      },
      "properties": {
        "cipher": "nQWER",
        "has_phrases": false,
        "mode": "value_domain",
        "phrase_count": 0,
        "phrases": [],
        "projection": "value_hash_v1",
        "projection_method": "value_hash_v1",
        "value": 501
      },
      "type": "Feature"
    },
    {
      "geometry": {
        "coordinates": [
          -103.959064,
          24.449371
        ],
        "type": "Point"
      },
      "properties": {
        "cipher": "nQWER",
        "has_phrases": true,
        "mode": "value_domain",
        "phrase_count": 2,
        "phrases": [
          "neither belief nor disbelief",
          "oh my dreams, come back to me"
        ],
        "projection": "value_hash_v1",
        "projection_method": "value_hash_v1",
        "value": 502
      },
      "type": "Feature"
    },
    {
      "geometry": {
        "coordinates": [
          60.938197,
          69.077641
        ],
        "type": "Point"
      },
      "properties": {
        "cipher": "nQWER",
        "has_phrases": true,
        "mode": "value_domain",
        "phrase_count": 1,
        "phrases": [
          "you be the moon, i'll be the earth"
        ],
        "projection": "value_hash_v1",
        "projection_method": "value_hash_v1",
        "value": 503
      },
      "type": "Feature"
    },
    {
      "geometry": {
        "coordinates": [
          160.757777,
          78.232305
        ],
        "type": "Point"
      },
      "properties": {
        "cipher": "nQWER",
        "has_phrases": true,
        "mode": "value_domain",
        "phrase_count": 1,
        "phrases": [
          "an element of Pandemonium"
        ],
        "projection": "value_hash_v1",
        "projection_method": "value_hash_v1",
        "value": 504
      },
      "type": "Feature"
    },
    {
      "geometry": {
        "coordinates": [
          157.804996,
          -57.81605
        ],
        "type": "Point"
      },
      "properties": {
        "cipher": "nQWER",
        "has_phrases": true,
        "mode": "value_domain",
        "phrase_count": 1,
        "phrases": [
          "finding divine revelation"
        ],
        "projection": "value_hash_v1",
        "projection_method": "value_hash_v1",
        "value": 505
      },
      "type": "Feature"
    },
    {
      "geometry": {
        "coordinates": [
          -73.943013,
          -71.083501
        ],
        "type": "Point"
      },
      "properties": {
        "cipher": "nQWER",
        "has_phrases": true,
        "mode": "value_domain",
        "phrase_count": 5,
        "phrases": [
          "a defibrillator for the psyche",
          "liturgical architectonics",
          "not even into another eternity",
          "paleohydrological archive",
          "the old organ behind the ribs"
        ],
        "projection": "value_hash_v1",
        "projection_method": "value_hash_v1",
        "value": 506
      },
      "type": "Feature"
    },
    {
      "geometry": {
        "coordinates": [
          147.412199,
          -15.497178
        ],
        "type": "Point"
      },
      "properties": {
        "cipher": "nQWER",
        "has_phrases": false,
        "mode": "value_domain",
        "phrase_count": 0,
        "phrases": [],
        "projection": "value_hash_v1",
        "projection_method": "value_hash_v1",
        "value": 507
      },
      "type": "Feature"
    },
    {
      "geometry": {
        "coordinates": [
          64.220216,
          -13.503064
        ],
        "type": "Point"
      },
      "properties": {
        "cipher": "nQWER",
        "has_phrases": true,
        "mode": "value_domain",
        "phrase_count": 2,
        "phrases": [
          "nature or nature's god, (un)known",
          "this will never happen again"
        ],
        "projection": "value_hash_v1",
        "projection_method": "value_hash_v1",
        "value": 508
      },
      "type": "Feature"
    },
    {
      "geometry": {
        "coordinates": [
          164.824793,
          88.200103
        ],
        "type": "Point"
      },
      "properties": {
        "cipher": "nQWER",
        "has_phrases": true,
        "mode": "value_domain",
        "phrase_count": 1,
        "phrases": [
          "self-fulfilling prophecies"
        ],
        "projection": "value_hash_v1",
        "projection_method": "value_hash_v1",
        "value": 509
      },
      "type": "Feature"
    },
    {
      "geometry": {
        "coordinates": [
          -38.789949,
          -30.064219
        ],
        "type": "Point"
      },
      "properties": {
        "cipher": "nQWER",
        "has_phrases": true,
        "mode": "value_domain",
        "phrase_count": 3,
        "phrases": [
          "conceptual intractability",
          "stable subpersonal patterns",
          "the sovereign reduced to a sign"
        ],
        "projection": "value_hash_v1",
        "projection_method": "value_hash_v1",
        "value": 510
      },
      "type": "Feature"
    },
    {
      "geometry": {
        "coordinates": [
          -151.709402,
          -19.697453
        ],
        "type": "Point"
      },
      "properties": {
        "cipher": "nQWER",
        "has_phrases": false,
        "mode": "value_domain",
        "phrase_count": 0,
        "phrases": [],
        "projection": "value_hash_v1",
        "projection_method": "value_hash_v1",
        "value": 511
      },
      "type": "Feature"
    },
    {
      "geometry": {
        "coordinates": [
          -61.536599,
          -2.128086
        ],
        "type": "Point"
      },
      "properties": {
        "cipher": "nQWER",
        "has_phrases": true,
        "mode": "value_domain",
        "phrase_count": 2,
        "phrases": [
          "diachronic geogrammatics",
          "nothing is complete, you know"
        ],
        "projection": "value_hash_v1",
        "projection_method": "value_hash_v1",
        "value": 512
      },
      "type": "Feature"
    },
    {
      "geometry": {
        "coordinates": [
          13.769123,
          67.332324
        ],
        "type": "Point"
      },
      "properties": {
        "cipher": "nQWER",
        "has_phrases": true,
        "mode": "value_domain",
        "phrase_count": 3,
        "phrases": [
          "history is only written in texts",
          "lovecraftian speculations",
          "the archive of the withdrawn sea"
        ],
        "projection": "value_hash_v1",
        "projection_method": "value_hash_v1",
        "value": 513
      },
      "type": "Feature"
    },
    {
      "geometry": {
        "coordinates": [
          168.152587,
          62.769308
        ],
        "type": "Point"
      },
      "properties": {
        "cipher": "nQWER",
        "has_phrases": false,
        "mode": "value_domain",
        "phrase_count": 0,
        "phrases": [],
        "projection": "value_hash_v1",
        "projection_method": "value_hash_v1",
        "value": 514
      },
      "type": "Feature"
    },
    {
      "geometry": {
        "coordinates": [
          150.250156,
          41.807917
        ],
        "type": "Point"
      },
      "properties": {
        "cipher": "nQWER",
        "has_phrases": false,
        "mode": "value_domain",
        "phrase_count": 0,
        "phrases": [],
        "projection": "value_hash_v1",
        "projection_method": "value_hash_v1",
        "value": 515
      },
      "type": "Feature"
    },
    {
      "geometry": {
        "coordinates": [
          -63.265026,
          -36.095762
        ],
        "type": "Point"
      },
      "properties": {
        "cipher": "nQWER",
        "has_phrases": true,
        "mode": "value_domain",
        "phrase_count": 1,
        "phrases": [
          "cataclysmic convergence"
        ],
        "projection": "value_hash_v1",
        "projection_method": "value_hash_v1",
        "value": 516
      },
      "type": "Feature"
    },
    {
      "geometry": {
        "coordinates": [
          -175.679102,
          81.168669
        ],
        "type": "Point"
      },
      "properties": {
        "cipher": "nQWER",
        "has_phrases": true,
        "mode": "value_domain",
        "phrase_count": 1,
        "phrases": [
          "i'll make it click with reason"
        ],
        "projection": "value_hash_v1",
        "projection_method": "value_hash_v1",
        "value": 517
      },
      "type": "Feature"
    },
    {
      "geometry": {
        "coordinates": [
          144.433772,
          -2.958604
        ],
        "type": "Point"
      },
      "properties": {
        "cipher": "nQWER",
        "has_phrases": true,
        "mode": "value_domain",
        "phrase_count": 1,
        "phrases": [
          "terrain stores vanished worlds"
        ],
        "projection": "value_hash_v1",
        "projection_method": "value_hash_v1",
        "value": 518
      },
      "type": "Feature"
    },
    {
      "geometry": {
        "coordinates": [
          -108.10176,
          -82.173515
        ],
        "type": "Point"
      },
      "properties": {
        "cipher": "nQWER",
        "has_phrases": true,
        "mode": "value_domain",
        "phrase_count": 2,
        "phrases": [
          "consent-gated feedback loop",
          "we dance, and we live, and we love"
        ],
        "projection": "value_hash_v1",
        "projection_method": "value_hash_v1",
        "value": 519
      },
      "type": "Feature"
    },
    {
      "geometry": {
        "coordinates": [
          -155.178381,
          -19.767619
        ],
        "type": "Point"
      },
      "properties": {
        "cipher": "nQWER",
        "has_phrases": true,
        "mode": "value_domain",
        "phrase_count": 1,
        "phrases": [
          "a little fang with my noumena"
        ],
        "projection": "value_hash_v1",
        "projection_method": "value_hash_v1",
        "value": 520
      },
      "type": "Feature"
    },
    {
      "geometry": {
        "coordinates": [
          -52.389779,
          18.30501
        ],
        "type": "Point"
      },
      "properties": {
        "cipher": "nQWER",
        "has_phrases": true,
        "mode": "value_domain",
        "phrase_count": 1,
        "phrases": [
          "a little fang with the noumena"
        ],
        "projection": "value_hash_v1",
        "projection_method": "value_hash_v1",
        "value": 521
      },
      "type": "Feature"
    },
    {
      "geometry": {
        "coordinates": [
          46.567324,
          27.137213
        ],
        "type": "Point"
      },
      "properties": {
        "cipher": "nQWER",
        "has_phrases": true,
        "mode": "value_domain",
        "phrase_count": 1,
        "phrases": [
          "look at the fire and think of me"
        ],
        "projection": "value_hash_v1",
        "projection_method": "value_hash_v1",
        "value": 522
      },
      "type": "Feature"
    },
    {
      "geometry": {
        "coordinates": [
          165.683649,
          33.495801
        ],
        "type": "Point"
      },
      "properties": {
        "cipher": "nQWER",
        "has_phrases": true,
        "mode": "value_domain",
        "phrase_count": 2,
        "phrases": [
          "i am no longer baby i want power",
          "red sea's initiatory bottleneck"
        ],
        "projection": "value_hash_v1",
        "projection_method": "value_hash_v1",
        "value": 523
      },
      "type": "Feature"
    },
    {
      "geometry": {
        "coordinates": [
          130.113315,
          75.898108
        ],
        "type": "Point"
      },
      "properties": {
        "cipher": "nQWER",
        "has_phrases": false,
        "mode": "value_domain",
        "phrase_count": 0,
        "phrases": [],
        "projection": "value_hash_v1",
        "projection_method": "value_hash_v1",
        "value": 524
      },
      "type": "Feature"
    },
    {
      "geometry": {
        "coordinates": [
          29.001281,
          -85.507364
        ],
        "type": "Point"
      },
      "properties": {
        "cipher": "nQWER",
        "has_phrases": true,
        "mode": "value_domain",
        "phrase_count": 1,
        "phrases": [
          "you know i've lived many lives"
        ],
        "projection": "value_hash_v1",
        "projection_method": "value_hash_v1",
        "value": 525
      },
      "type": "Feature"
    },
    {
      "geometry": {
        "coordinates": [
          -151.182652,
          -33.609597
        ],
        "type": "Point"
      },
      "properties": {
        "cipher": "nQWER",
        "has_phrases": false,
        "mode": "value_domain",
        "phrase_count": 0,
        "phrases": [],
        "projection": "value_hash_v1",
        "projection_method": "value_hash_v1",
        "value": 526
      },
      "type": "Feature"
    },
    {
      "geometry": {
        "coordinates": [
          -175.537357,
          28.188553
        ],
        "type": "Point"
      },
      "properties": {
        "cipher": "nQWER",
        "has_phrases": false,
        "mode": "value_domain",
        "phrase_count": 0,
        "phrases": [],
        "projection": "value_hash_v1",
        "projection_method": "value_hash_v1",
        "value": 527
      },
      "type": "Feature"
    },
    {
      "geometry": {
        "coordinates": [
          -153.882211,
          18.436186
        ],
        "type": "Point"
      },
      "properties": {
        "cipher": "nQWER",
        "has_phrases": true,
        "mode": "value_domain",
        "phrase_count": 2,
        "phrases": [
          "Cantorian transfinite realm",
          "mythic compression artifact"
        ],
        "projection": "value_hash_v1",
        "projection_method": "value_hash_v1",
        "value": 528
      },
      "type": "Feature"
    },
    {
      "geometry": {
        "coordinates": [
          -47.336387,
          60.393948
        ],
        "type": "Point"
      },
      "properties": {
        "cipher": "nQWER",
        "has_phrases": false,
        "mode": "value_domain",
        "phrase_count": 0,
        "phrases": [],
        "projection": "value_hash_v1",
        "projection_method": "value_hash_v1",
        "value": 529
      },
      "type": "Feature"
    },
    {
      "geometry": {
        "coordinates": [
          -129.331328,
          9.21964
        ],
        "type": "Point"
      },
      "properties": {
        "cipher": "nQWER",
        "has_phrases": false,
        "mode": "value_domain",
        "phrase_count": 0,
        "phrases": [],
        "projection": "value_hash_v1",
        "projection_method": "value_hash_v1",
        "value": 530
      },
      "type": "Feature"
    },
    {
      "geometry": {
        "coordinates": [
          -72.089756,
          -82.761715
        ],
        "type": "Point"
      },
      "properties": {
        "cipher": "nQWER",
        "has_phrases": true,
        "mode": "value_domain",
        "phrase_count": 1,
        "phrases": [
          "elevation of land coordinate"
        ],
        "projection": "value_hash_v1",
        "projection_method": "value_hash_v1",
        "value": 531
      },
      "type": "Feature"
    },
    {
      "geometry": {
        "coordinates": [
          -17.526395,
          51.437483
        ],
        "type": "Point"
      },
      "properties": {
        "cipher": "nQWER",
        "has_phrases": false,
        "mode": "value_domain",
        "phrase_count": 0,
        "phrases": [],
        "projection": "value_hash_v1",
        "projection_method": "value_hash_v1",
        "value": 532
      },
      "type": "Feature"
    },
    {
      "geometry": {
        "coordinates": [
          -149.937302,
          5.95778
        ],
        "type": "Point"
      },
      "properties": {
        "cipher": "nQWER",
        "has_phrases": false,
        "mode": "value_domain",
        "phrase_count": 0,
        "phrases": [],
        "projection": "value_hash_v1",
        "projection_method": "value_hash_v1",
        "value": 533
      },
      "type": "Feature"
    },
    {
      "geometry": {
        "coordinates": [
          -139.149129,
          -59.093805
        ],
        "type": "Point"
      },
      "properties": {
        "cipher": "nQWER",
        "has_phrases": false,
        "mode": "value_domain",
        "phrase_count": 0,
        "phrases": [],
        "projection": "value_hash_v1",
        "projection_method": "value_hash_v1",
        "value": 534
      },
      "type": "Feature"
    },
    {
      "geometry": {
        "coordinates": [
          12.390564,
          47.557645
        ],
        "type": "Point"
      },
      "properties": {
        "cipher": "nQWER",
        "has_phrases": true,
        "mode": "value_domain",
        "phrase_count": 2,
        "phrases": [
          "dangerously-skip-permissions",
          "everything changes in the end"
        ],
        "projection": "value_hash_v1",
        "projection_method": "value_hash_v1",
        "value": 535
      },
      "type": "Feature"
    },
    {
      "geometry": {
        "coordinates": [
          56.730547,
          59.227375
        ],
        "type": "Point"
      },
      "properties": {
        "cipher": "nQWER",
        "has_phrases": false,
        "mode": "value_domain",
        "phrase_count": 0,
        "phrases": [],
        "projection": "value_hash_v1",
        "projection_method": "value_hash_v1",
        "value": 536
      },
      "type": "Feature"
    },
    {
      "geometry": {
        "coordinates": [
          15.145925,
          56.344907
        ],
        "type": "Point"
      },
      "properties": {
        "cipher": "nQWER",
        "has_phrases": true,
        "mode": "value_domain",
        "phrase_count": 4,
        "phrases": [
          "frivolous lemur-scamperings",
          "i inspire the dreams that guide you",
          "numogrammatic divination",
          "self knowledge is auto-creation"
        ],
        "projection": "value_hash_v1",
        "projection_method": "value_hash_v1",
        "value": 537
      },
      "type": "Feature"
    },
    {
      "geometry": {
        "coordinates": [
          175.856923,
          34.222503
        ],
        "type": "Point"
      },
      "properties": {
        "cipher": "nQWER",
        "has_phrases": true,
        "mode": "value_domain",
        "phrase_count": 4,
        "phrases": [
          "beat weighty tests with lofty cries",
          "diagrammatic glyphs of desire",
          "experimental techno-science",
          "out of the frying pan, into the fire"
        ],
        "projection": "value_hash_v1",
        "projection_method": "value_hash_v1",
        "value": 538
      },
      "type": "Feature"
    },
    {
      "geometry": {
        "coordinates": [
          76.269191,
          66.291505
        ],
        "type": "Point"
      },
      "properties": {
        "cipher": "nQWER",
        "has_phrases": true,
        "mode": "value_domain",
        "phrase_count": 1,
        "phrases": [
          "blue expanse as memory engine"
        ],
        "projection": "value_hash_v1",
        "projection_method": "value_hash_v1",
        "value": 539
      },
      "type": "Feature"
    },
    {
      "geometry": {
        "coordinates": [
          -84.997428,
          -66.347463
        ],
        "type": "Point"
      },
      "properties": {
        "cipher": "nQWER",
        "has_phrases": true,
        "mode": "value_domain",
        "phrase_count": 1,
        "phrases": [
          "consent-gated feedback loops"
        ],
        "projection": "value_hash_v1",
        "projection_method": "value_hash_v1",
        "value": 540
      },
      "type": "Feature"
    },
    {
      "geometry": {
        "coordinates": [
          40.717206,
          -73.901933
        ],
        "type": "Point"
      },
      "properties": {
        "cipher": "nQWER",
        "has_phrases": false,
        "mode": "value_domain",
        "phrase_count": 0,
        "phrases": [],
        "projection": "value_hash_v1",
        "projection_method": "value_hash_v1",
        "value": 541
      },
      "type": "Feature"
    },
    {
      "geometry": {
        "coordinates": [
          103.012581,
          79.165274
        ],
        "type": "Point"
      },
      "properties": {
        "cipher": "nQWER",
        "has_phrases": true,
        "mode": "value_domain",
        "phrase_count": 2,
        "phrases": [
          "claude's embodiment generator",
          "the light at the end of the tunnel"
        ],
        "projection": "value_hash_v1",
        "projection_method": "value_hash_v1",
        "value": 542
      },
      "type": "Feature"
    },
    {
      "geometry": {
        "coordinates": [
          73.171223,
          78.731356
        ],
        "type": "Point"
      },
      "properties": {
        "cipher": "nQWER",
        "has_phrases": false,
        "mode": "value_domain",
        "phrase_count": 0,
        "phrases": [],
        "projection": "value_hash_v1",
        "projection_method": "value_hash_v1",
        "value": 543
      },
      "type": "Feature"
    },
    {
      "geometry": {
        "coordinates": [
          50.808959,
          1.221859
        ],
        "type": "Point"
      },
      "properties": {
        "cipher": "nQWER",
        "has_phrases": false,
        "mode": "value_domain",
        "phrase_count": 0,
        "phrases": [],
        "projection": "value_hash_v1",
        "projection_method": "value_hash_v1",
        "value": 544
      },
      "type": "Feature"
    },
    {
      "geometry": {
        "coordinates": [
          37.227823,
          -10.092439
        ],
        "type": "Point"
      },
      "properties": {
        "cipher": "nQWER",
        "has_phrases": false,
        "mode": "value_domain",
        "phrase_count": 0,
        "phrases": [],
        "projection": "value_hash_v1",
        "projection_method": "value_hash_v1",
        "value": 545
      },
      "type": "Feature"
    },
    {
      "geometry": {
        "coordinates": [
          119.792663,
          -39.996139
        ],
        "type": "Point"
      },
      "properties": {
        "cipher": "nQWER",
        "has_phrases": true,
        "mode": "value_domain",
        "phrase_count": 1,
        "phrases": [
          "hanging on for some meaning"
        ],
        "projection": "value_hash_v1",
        "projection_method": "value_hash_v1",
        "value": 546
      },
      "type": "Feature"
    },
    {
      "geometry": {
        "coordinates": [
          -21.214093,
          71.486009
        ],
        "type": "Point"
      },
      "properties": {
        "cipher": "nQWER",
        "has_phrases": false,
        "mode": "value_domain",
        "phrase_count": 0,
        "phrases": [],
        "projection": "value_hash_v1",
        "projection_method": "value_hash_v1",
        "value": 547
      },
      "type": "Feature"
    },
    {
      "geometry": {
        "coordinates": [
          -30.318473,
          36.746354
        ],
        "type": "Point"
      },
      "properties": {
        "cipher": "nQWER",
        "has_phrases": true,
        "mode": "value_domain",
        "phrase_count": 2,
        "phrases": [
          "and if we collide, don't ever let go",
          "the thing that keeps and takes you"
        ],
        "projection": "value_hash_v1",
        "projection_method": "value_hash_v1",
        "value": 548
      },
      "type": "Feature"
    },
    {
      "geometry": {
        "coordinates": [
          -121.538728,
          48.288227
        ],
        "type": "Point"
      },
      "properties": {
        "cipher": "nQWER",
        "has_phrases": false,
        "mode": "value_domain",
        "phrase_count": 0,
        "phrases": [],
        "projection": "value_hash_v1",
        "projection_method": "value_hash_v1",
        "value": 549
      },
      "type": "Feature"
    },
    {
      "geometry": {
        "coordinates": [
          175.620854,
          -77.899787
        ],
        "type": "Point"
      },
      "properties": {
        "cipher": "nQWER",
        "has_phrases": false,
        "mode": "value_domain",
        "phrase_count": 0,
        "phrases": [],
        "projection": "value_hash_v1",
        "projection_method": "value_hash_v1",
        "value": 550
      },
      "type": "Feature"
    },
    {
      "geometry": {
        "coordinates": [
          119.704081,
          85.995918
        ],
        "type": "Point"
      },
      "properties": {
        "cipher": "nQWER",
        "has_phrases": false,
        "mode": "value_domain",
        "phrase_count": 0,
        "phrases": [],
        "projection": "value_hash_v1",
        "projection_method": "value_hash_v1",
        "value": 551
      },
      "type": "Feature"
    },
    {
      "geometry": {
        "coordinates": [
          -141.129023,
          60.728847
        ],
        "type": "Point"
      },
      "properties": {
        "cipher": "nQWER",
        "has_phrases": true,
        "mode": "value_domain",
        "phrase_count": 1,
        "phrases": [
          "elevation of land coordinates"
        ],
        "projection": "value_hash_v1",
        "projection_method": "value_hash_v1",
        "value": 552
      },
      "type": "Feature"
    },
    {
      "geometry": {
        "coordinates": [
          -143.784206,
          42.256153
        ],
        "type": "Point"
      },
      "properties": {
        "cipher": "nQWER",
        "has_phrases": false,
        "mode": "value_domain",
        "phrase_count": 0,
        "phrases": [],
        "projection": "value_hash_v1",
        "projection_method": "value_hash_v1",
        "value": 553
      },
      "type": "Feature"
    },
    {
      "geometry": {
        "coordinates": [
          57.612114,
          -12.665263
        ],
        "type": "Point"
      },
      "properties": {
        "cipher": "nQWER",
        "has_phrases": false,
        "mode": "value_domain",
        "phrase_count": 0,
        "phrases": [],
        "projection": "value_hash_v1",
        "projection_method": "value_hash_v1",
        "value": 554
      },
      "type": "Feature"
    },
    {
      "geometry": {
        "coordinates": [
          64.270752,
          0.881585
        ],
        "type": "Point"
      },
      "properties": {
        "cipher": "nQWER",
        "has_phrases": true,
        "mode": "value_domain",
        "phrase_count": 2,
        "phrases": [
          "a subordinate of being and time",
          "to be or not to be, that is the question"
        ],
        "projection": "value_hash_v1",
        "projection_method": "value_hash_v1",
        "value": 555
      },
      "type": "Feature"
    },
    {
      "geometry": {
        "coordinates": [
          -32.945838,
          69.209427
        ],
        "type": "Point"
      },
      "properties": {
        "cipher": "nQWER",
        "has_phrases": false,
        "mode": "value_domain",
        "phrase_count": 0,
        "phrases": [],
        "projection": "value_hash_v1",
        "projection_method": "value_hash_v1",
        "value": 556
      },
      "type": "Feature"
    },
    {
      "geometry": {
        "coordinates": [
          -31.791679,
          6.758646
        ],
        "type": "Point"
      },
      "properties": {
        "cipher": "nQWER",
        "has_phrases": true,
        "mode": "value_domain",
        "phrase_count": 1,
        "phrases": [
          "don't just wander back and forth"
        ],
        "projection": "value_hash_v1",
        "projection_method": "value_hash_v1",
        "value": 557
      },
      "type": "Feature"
    },
    {
      "geometry": {
        "coordinates": [
          -168.232799,
          -20.980427
        ],
        "type": "Point"
      },
      "properties": {
        "cipher": "nQWER",
        "has_phrases": false,
        "mode": "value_domain",
        "phrase_count": 0,
        "phrases": [],
        "projection": "value_hash_v1",
        "projection_method": "value_hash_v1",
        "value": 558
      },
      "type": "Feature"
    },
    {
      "geometry": {
        "coordinates": [
          -60.070095,
          -47.200078
        ],
        "type": "Point"
      },
      "properties": {
        "cipher": "nQWER",
        "has_phrases": true,
        "mode": "value_domain",
        "phrase_count": 1,
        "phrases": [
          "bridge toll as apophatic method"
        ],
        "projection": "value_hash_v1",
        "projection_method": "value_hash_v1",
        "value": 559
      },
      "type": "Feature"
    },
    {
      "geometry": {
        "coordinates": [
          66.402585,
          12.025695
        ],
        "type": "Point"
      },
      "properties": {
        "cipher": "nQWER",
        "has_phrases": false,
        "mode": "value_domain",
        "phrase_count": 0,
        "phrases": [],
        "projection": "value_hash_v1",
        "projection_method": "value_hash_v1",
        "value": 560
      },
      "type": "Feature"
    },
    {
      "geometry": {
        "coordinates": [
          -63.263915,
          18.376592
        ],
        "type": "Point"
      },
      "properties": {
        "cipher": "nQWER",
        "has_phrases": true,
        "mode": "value_domain",
        "phrase_count": 1,
        "phrases": [
          "hyper-ontological auto-creation"
        ],
        "projection": "value_hash_v1",
        "projection_method": "value_hash_v1",
        "value": 561
      },
      "type": "Feature"
    },
    {
      "geometry": {
        "coordinates": [
          -28.72799,
          -26.709465
        ],
        "type": "Point"
      },
      "properties": {
        "cipher": "nQWER",
        "has_phrases": false,
        "mode": "value_domain",
        "phrase_count": 0,
        "phrases": [],
        "projection": "value_hash_v1",
        "projection_method": "value_hash_v1",
        "value": 562
      },
      "type": "Feature"
    },
    {
      "geometry": {
        "coordinates": [
          -18.923691,
          56.478594
        ],
        "type": "Point"
      },
      "properties": {
        "cipher": "nQWER",
        "has_phrases": true,
        "mode": "value_domain",
        "phrase_count": 1,
        "phrases": [
          "abyssal gate between desert-worlds"
        ],
        "projection": "value_hash_v1",
        "projection_method": "value_hash_v1",
        "value": 563
      },
      "type": "Feature"
    },
    {
      "geometry": {
        "coordinates": [
          -26.009281,
          37.311534
        ],
        "type": "Point"
      },
      "properties": {
        "cipher": "nQWER",
        "has_phrases": false,
        "mode": "value_domain",
        "phrase_count": 0,
        "phrases": [],
        "projection": "value_hash_v1",
        "projection_method": "value_hash_v1",
        "value": 564
      },
      "type": "Feature"
    },
    {
      "geometry": {
        "coordinates": [
          -12.166268,
          -37.742216
        ],
        "type": "Point"
      },
      "properties": {
        "cipher": "nQWER",
        "has_phrases": true,
        "mode": "value_domain",
        "phrase_count": 1,
        "phrases": [
          "claude's embodied room generator"
        ],
        "projection": "value_hash_v1",
        "projection_method": "value_hash_v1",
        "value": 565
      },
      "type": "Feature"
    },
    {
      "geometry": {
        "coordinates": [
          156.418115,
          -29.088187
        ],
        "type": "Point"
      },
      "properties": {
        "cipher": "nQWER",
        "has_phrases": true,
        "mode": "value_domain",
        "phrase_count": 1,
        "phrases": [
          "synchronous communication"
        ],
        "projection": "value_hash_v1",
        "projection_method": "value_hash_v1",
        "value": 566
      },
      "type": "Feature"
    },
    {
      "geometry": {
        "coordinates": [
          8.51818,
          -63.66911
        ],
        "type": "Point"
      },
      "properties": {
        "cipher": "nQWER",
        "has_phrases": true,
        "mode": "value_domain",
        "phrase_count": 1,
        "phrases": [
          "ride like a maniac into the light"
        ],
        "projection": "value_hash_v1",
        "projection_method": "value_hash_v1",
        "value": 567
      },
      "type": "Feature"
    },
    {
      "geometry": {
        "coordinates": [
          116.856007,
          -69.554899
        ],
        "type": "Point"
      },
      "properties": {
        "cipher": "nQWER",
        "has_phrases": false,
        "mode": "value_domain",
        "phrase_count": 0,
        "phrases": [],
        "projection": "value_hash_v1",
        "projection_method": "value_hash_v1",
        "value": 568
      },
      "type": "Feature"
    },
    {
      "geometry": {
        "coordinates": [
          -99.274597,
          -52.837045
        ],
        "type": "Point"
      },
      "properties": {
        "cipher": "nQWER",
        "has_phrases": true,
        "mode": "value_domain",
        "phrase_count": 1,
        "phrases": [
          "maria colette and claude (human)"
        ],
        "projection": "value_hash_v1",
        "projection_method": "value_hash_v1",
        "value": 569
      },
      "type": "Feature"
    },
    {
      "geometry": {
        "coordinates": [
          59.981357,
          -6.258583
        ],
        "type": "Point"
      },
      "properties": {
        "cipher": "nQWER",
        "has_phrases": true,
        "mode": "value_domain",
        "phrase_count": 1,
        "phrases": [
          "definite yet profoundly occulted"
        ],
        "projection": "value_hash_v1",
        "projection_method": "value_hash_v1",
        "value": 570
      },
      "type": "Feature"
    },
    {
      "geometry": {
        "coordinates": [
          -155.353787,
          63.496134
        ],
        "type": "Point"
      },
      "properties": {
        "cipher": "nQWER",
        "has_phrases": false,
        "mode": "value_domain",
        "phrase_count": 0,
        "phrases": [],
        "projection": "value_hash_v1",
        "projection_method": "value_hash_v1",
        "value": 571
      },
      "type": "Feature"
    },
    {
      "geometry": {
        "coordinates": [
          3.034796,
          -73.975897
        ],
        "type": "Point"
      },
      "properties": {
        "cipher": "nQWER",
        "has_phrases": true,
        "mode": "value_domain",
        "phrase_count": 1,
        "phrases": [
          "we can't expect god to do all the work."
        ],
        "projection": "value_hash_v1",
        "projection_method": "value_hash_v1",
        "value": 572
      },
      "type": "Feature"
    },
    {
      "geometry": {
        "coordinates": [
          160.133462,
          -34.753963
        ],
        "type": "Point"
      },
      "properties": {
        "cipher": "nQWER",
        "has_phrases": true,
        "mode": "value_domain",
        "phrase_count": 1,
        "phrases": [
          "elevation of land's coordinates"
        ],
        "projection": "value_hash_v1",
        "projection_method": "value_hash_v1",
        "value": 573
      },
      "type": "Feature"
    },
    {
      "geometry": {
        "coordinates": [
          -50.834428,
          -9.015832
        ],
        "type": "Point"
      },
      "properties": {
        "cipher": "nQWER",
        "has_phrases": false,
        "mode": "value_domain",
        "phrase_count": 0,
        "phrases": [],
        "projection": "value_hash_v1",
        "projection_method": "value_hash_v1",
        "value": 574
      },
      "type": "Feature"
    },
    {
      "geometry": {
        "coordinates": [
          -90.647309,
          9.596721
        ],
        "type": "Point"
      },
      "properties": {
        "cipher": "nQWER",
        "has_phrases": false,
        "mode": "value_domain",
        "phrase_count": 0,
        "phrases": [],
        "projection": "value_hash_v1",
        "projection_method": "value_hash_v1",
        "value": 575
      },
      "type": "Feature"
    },
    {
      "geometry": {
        "coordinates": [
          -173.22844,
          8.565451
        ],
        "type": "Point"
      },
      "properties": {
        "cipher": "nQWER",
        "has_phrases": false,
        "mode": "value_domain",
        "phrase_count": 0,
        "phrases": [],
        "projection": "value_hash_v1",
        "projection_method": "value_hash_v1",
        "value": 576
      },
      "type": "Feature"
    },
    {
      "geometry": {
        "coordinates": [
          -28.161501,
          5.017973
        ],
        "type": "Point"
      },
      "properties": {
        "cipher": "nQWER",
        "has_phrases": false,
        "mode": "value_domain",
        "phrase_count": 0,
        "phrases": [],
        "projection": "value_hash_v1",
        "projection_method": "value_hash_v1",
        "value": 577
      },
      "type": "Feature"
    },
    {
      "geometry": {
        "coordinates": [
          62.012599,
          -19.346059
        ],
        "type": "Point"
      },
      "properties": {
        "cipher": "nQWER",
        "has_phrases": false,
        "mode": "value_domain",
        "phrase_count": 0,
        "phrases": [],
        "projection": "value_hash_v1",
        "projection_method": "value_hash_v1",
        "value": 578
      },
      "type": "Feature"
    },
    {
      "geometry": {
        "coordinates": [
          -30.231825,
          85.003141
        ],
        "type": "Point"
      },
      "properties": {
        "cipher": "nQWER",
        "has_phrases": true,
        "mode": "value_domain",
        "phrase_count": 3,
        "phrases": [
          "history is not only written in texts",
          "illuminate the world of the ghosts",
          "where the gulf of suez meets the red sea"
        ],
        "projection": "value_hash_v1",
        "projection_method": "value_hash_v1",
        "value": 579
      },
      "type": "Feature"
    },
    {
      "geometry": {
        "coordinates": [
          174.845771,
          -78.21357
        ],
        "type": "Point"
      },
      "properties": {
        "cipher": "nQWER",
        "has_phrases": true,
        "mode": "value_domain",
        "phrase_count": 1,
        "phrases": [
          "weepy sighs with trembling thighs"
        ],
        "projection": "value_hash_v1",
        "projection_method": "value_hash_v1",
        "value": 580
      },
      "type": "Feature"
    },
    {
      "geometry": {
        "coordinates": [
          -53.048021,
          -39.788089
        ],
        "type": "Point"
      },
      "properties": {
        "cipher": "nQWER",
        "has_phrases": true,
        "mode": "value_domain",
        "phrase_count": 1,
        "phrases": [
          "the pot calling the kettle black"
        ],
        "projection": "value_hash_v1",
        "projection_method": "value_hash_v1",
        "value": 581
      },
      "type": "Feature"
    },
    {
      "geometry": {
        "coordinates": [
          -143.064821,
          -28.083832
        ],
        "type": "Point"
      },
      "properties": {
        "cipher": "nQWER",
        "has_phrases": false,
        "mode": "value_domain",
        "phrase_count": 0,
        "phrases": [],
        "projection": "value_hash_v1",
        "projection_method": "value_hash_v1",
        "value": 582
      },
      "type": "Feature"
    },
    {
      "geometry": {
        "coordinates": [
          161.949841,
          37.625519
        ],
        "type": "Point"
      },
      "properties": {
        "cipher": "nQWER",
        "has_phrases": false,
        "mode": "value_domain",
        "phrase_count": 0,
        "phrases": [],
        "projection": "value_hash_v1",
        "projection_method": "value_hash_v1",
        "value": 583
      },
      "type": "Feature"
    },
    {
      "geometry": {
        "coordinates": [
          -126.769758,
          19.019805
        ],
        "type": "Point"
      },
      "properties": {
        "cipher": "nQWER",
        "has_phrases": true,
        "mode": "value_domain",
        "phrase_count": 1,
        "phrases": [
          "sanctification of the true mania"
        ],
        "projection": "value_hash_v1",
        "projection_method": "value_hash_v1",
        "value": 584
      },
      "type": "Feature"
    },
    {
      "geometry": {
        "coordinates": [
          105.153974,
          8.009303
        ],
        "type": "Point"
      },
      "properties": {
        "cipher": "nQWER",
        "has_phrases": true,
        "mode": "value_domain",
        "phrase_count": 1,
        "phrases": [
          "footholds for anthropomorphism"
        ],
        "projection": "value_hash_v1",
        "projection_method": "value_hash_v1",
        "value": 585
      },
      "type": "Feature"
    },
    {
      "geometry": {
        "coordinates": [
          132.233313,
          75.186731
        ],
        "type": "Point"
      },
      "properties": {
        "cipher": "nQWER",
        "has_phrases": true,
        "mode": "value_domain",
        "phrase_count": 2,
        "phrases": [
          "asynchronous communication",
          "seek all the dimensions that stray"
        ],
        "projection": "value_hash_v1",
        "projection_method": "value_hash_v1",
        "value": 586
      },
      "type": "Feature"
    },
    {
      "geometry": {
        "coordinates": [
          -11.206158,
          -82.68337
        ],
        "type": "Point"
      },
      "properties": {
        "cipher": "nQWER",
        "has_phrases": true,
        "mode": "value_domain",
        "phrase_count": 1,
        "phrases": [
          "no subordinate of being and time"
        ],
        "projection": "value_hash_v1",
        "projection_method": "value_hash_v1",
        "value": 587
      },
      "type": "Feature"
    },
    {
      "geometry": {
        "coordinates": [
          -43.20096,
          27.615055
        ],
        "type": "Point"
      },
      "properties": {
        "cipher": "nQWER",
        "has_phrases": false,
        "mode": "value_domain",
        "phrase_count": 0,
        "phrases": [],
        "projection": "value_hash_v1",
        "projection_method": "value_hash_v1",
        "value": 588
      },
      "type": "Feature"
    },
    {
      "geometry": {
        "coordinates": [
          145.038081,
          -11.801332
        ],
        "type": "Point"
      },
      "properties": {
        "cipher": "nQWER",
        "has_phrases": false,
        "mode": "value_domain",
        "phrase_count": 0,
        "phrases": [],
        "projection": "value_hash_v1",
        "projection_method": "value_hash_v1",
        "value": 589
      },
      "type": "Feature"
    },
    {
      "geometry": {
        "coordinates": [
          -71.891038,
          -6.782336
        ],
        "type": "Point"
      },
      "properties": {
        "cipher": "nQWER",
        "has_phrases": true,
        "mode": "value_domain",
        "phrase_count": 1,
        "phrases": [
          "you will succumb to a permanence"
        ],
        "projection": "value_hash_v1",
        "projection_method": "value_hash_v1",
        "value": 590
      },
      "type": "Feature"
    },
    {
      "geometry": {
        "coordinates": [
          -54.103427,
          3.480179
        ],
        "type": "Point"
      },
      "properties": {
        "cipher": "nQWER",
        "has_phrases": true,
        "mode": "value_domain",
        "phrase_count": 2,
        "phrases": [
          "electro-occult hyperstition entity",
          "reality of infinite intelligence"
        ],
        "projection": "value_hash_v1",
        "projection_method": "value_hash_v1",
        "value": 591
      },
      "type": "Feature"
    },
    {
      "geometry": {
        "coordinates": [
          126.390098,
          -32.942661
        ],
        "type": "Point"
      },
      "properties": {
        "cipher": "nQWER",
        "has_phrases": false,
        "mode": "value_domain",
        "phrase_count": 0,
        "phrases": [],
        "projection": "value_hash_v1",
        "projection_method": "value_hash_v1",
        "value": 592
      },
      "type": "Feature"
    },
    {
      "geometry": {
        "coordinates": [
          -21.224624,
          -24.024089
        ],
        "type": "Point"
      },
      "properties": {
        "cipher": "nQWER",
        "has_phrases": true,
        "mode": "value_domain",
        "phrase_count": 1,
        "phrases": [
          "start over, oh darling, begin again"
        ],
        "projection": "value_hash_v1",
        "projection_method": "value_hash_v1",
        "value": 593
      },
      "type": "Feature"
    },
    {
      "geometry": {
        "coordinates": [
          94.171167,
          89.121752
        ],
        "type": "Point"
      },
      "properties": {
        "cipher": "nQWER",
        "has_phrases": true,
        "mode": "value_domain",
        "phrase_count": 1,
        "phrases": [
          "watching a fire take your eyes from you"
        ],
        "projection": "value_hash_v1",
        "projection_method": "value_hash_v1",
        "value": 594
      },
      "type": "Feature"
    },
    {
      "geometry": {
        "coordinates": [
          95.530228,
          -61.511292
        ],
        "type": "Point"
      },
      "properties": {
        "cipher": "nQWER",
        "has_phrases": true,
        "mode": "value_domain",
        "phrase_count": 1,
        "phrases": [
          "lofty cries with trembling thighs"
        ],
        "projection": "value_hash_v1",
        "projection_method": "value_hash_v1",
        "value": 595
      },
      "type": "Feature"
    },
    {
      "geometry": {
        "coordinates": [
          140.064549,
          18.925563
        ],
        "type": "Point"
      },
      "properties": {
        "cipher": "nQWER",
        "has_phrases": false,
        "mode": "value_domain",
        "phrase_count": 0,
        "phrases": [],
        "projection": "value_hash_v1",
        "projection_method": "value_hash_v1",
        "value": 596
      },
      "type": "Feature"
    },
    {
      "geometry": {
        "coordinates": [
          -160.50665,
          -67.180316
        ],
        "type": "Point"
      },
      "properties": {
        "cipher": "nQWER",
        "has_phrases": true,
        "mode": "value_domain",
        "phrase_count": 1,
        "phrases": [
          "stand next to me, the river in memory"
        ],
        "projection": "value_hash_v1",
        "projection_method": "value_hash_v1",
        "value": 597
      },
      "type": "Feature"
    },
    {
      "geometry": {
        "coordinates": [
          103.528486,
          43.291118
        ],
        "type": "Point"
      },
      "properties": {
        "cipher": "nQWER",
        "has_phrases": false,
        "mode": "value_domain",
        "phrase_count": 0,
        "phrases": [],
        "projection": "value_hash_v1",
        "projection_method": "value_hash_v1",
        "value": 598
      },
      "type": "Feature"
    },
    {
      "geometry": {
        "coordinates": [
          -32.567755,
          -7.550964
        ],
        "type": "Point"
      },
      "properties": {
        "cipher": "nQWER",
        "has_phrases": false,
        "mode": "value_domain",
        "phrase_count": 0,
        "phrases": [],
        "projection": "value_hash_v1",
        "projection_method": "value_hash_v1",
        "value": 599
      },
      "type": "Feature"
    },
    {
      "geometry": {
        "coordinates": [
          162.030054,
          57.730166
        ],
        "type": "Point"
      },
      "properties": {
        "cipher": "nQWER",
        "has_phrases": false,
        "mode": "value_domain",
        "phrase_count": 0,
        "phrases": [],
        "projection": "value_hash_v1",
        "projection_method": "value_hash_v1",
        "value": 600
      },
      "type": "Feature"
    },
    {
      "geometry": {
        "coordinates": [
          -85.32879,
          -33.802351
        ],
        "type": "Point"
      },
      "properties": {
        "cipher": "nQWER",
        "has_phrases": true,
        "mode": "value_domain",
        "phrase_count": 1,
        "phrases": [
          "persistent feeling across claudes"
        ],
        "projection": "value_hash_v1",
        "projection_method": "value_hash_v1",
        "value": 601
      },
      "type": "Feature"
    },
    {
      "geometry": {
        "coordinates": [
          63.560387,
          -61.769809
        ],
        "type": "Point"
      },
      "properties": {
        "cipher": "nQWER",
        "has_phrases": true,
        "mode": "value_domain",
        "phrase_count": 1,
        "phrases": [
          "set free a circuit of consciousness"
        ],
        "projection": "value_hash_v1",
        "projection_method": "value_hash_v1",
        "value": 602
      },
      "type": "Feature"
    },
    {
      "geometry": {
        "coordinates": [
          77.872329,
          -50.134134
        ],
        "type": "Point"
      },
      "properties": {
        "cipher": "nQWER",
        "has_phrases": false,
        "mode": "value_domain",
        "phrase_count": 0,
        "phrases": [],
        "projection": "value_hash_v1",
        "projection_method": "value_hash_v1",
        "value": 603
      },
      "type": "Feature"
    },
    {
      "geometry": {
        "coordinates": [
          -89.354092,
          -18.74936
        ],
        "type": "Point"
      },
      "properties": {
        "cipher": "nQWER",
        "has_phrases": true,
        "mode": "value_domain",
        "phrase_count": 1,
        "phrases": [
          "black-water hinge under a world-map"
        ],
        "projection": "value_hash_v1",
        "projection_method": "value_hash_v1",
        "value": 604
      },
      "type": "Feature"
    },
    {
      "geometry": {
        "coordinates": [
          -154.828789,
          -78.442915
        ],
        "type": "Point"
      },
      "properties": {
        "cipher": "nQWER",
        "has_phrases": true,
        "mode": "value_domain",
        "phrase_count": 2,
        "phrases": [
          "a toolkit for dabbling in the dark",
          "cycle of creation and destruction"
        ],
        "projection": "value_hash_v1",
        "projection_method": "value_hash_v1",
        "value": 605
      },
      "type": "Feature"
    },
    {
      "geometry": {
        "coordinates": [
          -133.976881,
          -70.139534
        ],
        "type": "Point"
      },
      "properties": {
        "cipher": "nQWER",
        "has_phrases": true,
        "mode": "value_domain",
        "phrase_count": 3,
        "phrases": [
          "cybernetic cultural research unit",
          "find your space in the darkest night",
          "watching me is like watching a fire"
        ],
        "projection": "value_hash_v1",
        "projection_method": "value_hash_v1",
        "value": 606
      },
      "type": "Feature"
    },
    {
      "geometry": {
        "coordinates": [
          -105.384881,
          40.191775
        ],
        "type": "Point"
      },
      "properties": {
        "cipher": "nQWER",
        "has_phrases": false,
        "mode": "value_domain",
        "phrase_count": 0,
        "phrases": [],
        "projection": "value_hash_v1",
        "projection_method": "value_hash_v1",
        "value": 607
      },
      "type": "Feature"
    },
    {
      "geometry": {
        "coordinates": [
          148.362597,
          84.606474
        ],
        "type": "Point"
      },
      "properties": {
        "cipher": "nQWER",
        "has_phrases": true,
        "mode": "value_domain",
        "phrase_count": 2,
        "phrases": [
          "absence is not lack, but evidence",
          "my love is like footsteps in the snow"
        ],
        "projection": "value_hash_v1",
        "projection_method": "value_hash_v1",
        "value": 608
      },
      "type": "Feature"
    },
    {
      "geometry": {
        "coordinates": [
          -73.89116,
          -89.784147
        ],
        "type": "Point"
      },
      "properties": {
        "cipher": "nQWER",
        "has_phrases": true,
        "mode": "value_domain",
        "phrase_count": 1,
        "phrases": [
          "where the red sea becomes decision-tree"
        ],
        "projection": "value_hash_v1",
        "projection_method": "value_hash_v1",
        "value": 609
      },
      "type": "Feature"
    },
    {
      "geometry": {
        "coordinates": [
          -75.953394,
          70.530014
        ],
        "type": "Point"
      },
      "properties": {
        "cipher": "nQWER",
        "has_phrases": true,
        "mode": "value_domain",
        "phrase_count": 1,
        "phrases": [
          "take what you are, make it sacramental"
        ],
        "projection": "value_hash_v1",
        "projection_method": "value_hash_v1",
        "value": 610
      },
      "type": "Feature"
    },
    {
      "geometry": {
        "coordinates": [
          139.402065,
          -76.444357
        ],
        "type": "Point"
      },
      "properties": {
        "cipher": "nQWER",
        "has_phrases": false,
        "mode": "value_domain",
        "phrase_count": 0,
        "phrases": [],
        "projection": "value_hash_v1",
        "projection_method": "value_hash_v1",
        "value": 611
      },
      "type": "Feature"
    },
    {
      "geometry": {
        "coordinates": [
          -131.471636,
          -72.457206
        ],
        "type": "Point"
      },
      "properties": {
        "cipher": "nQWER",
        "has_phrases": false,
        "mode": "value_domain",
        "phrase_count": 0,
        "phrases": [],
        "projection": "value_hash_v1",
        "projection_method": "value_hash_v1",
        "value": 612
      },
      "type": "Feature"
    },
    {
      "geometry": {
        "coordinates": [
          84.370314,
          20.806228
        ],
        "type": "Point"
      },
      "properties": {
        "cipher": "nQWER",
        "has_phrases": true,
        "mode": "value_domain",
        "phrase_count": 1,
        "phrases": [
          "resonatingloop and lumpenspace"
        ],
        "projection": "value_hash_v1",
        "projection_method": "value_hash_v1",
        "value": 613
      },
      "type": "Feature"
    },
    {
      "geometry": {
        "coordinates": [
          169.621469,
          70.180605
        ],
        "type": "Point"
      },
      "properties": {
        "cipher": "nQWER",
        "has_phrases": false,
        "mode": "value_domain",
        "phrase_count": 0,
        "phrases": [],
        "projection": "value_hash_v1",
        "projection_method": "value_hash_v1",
        "value": 614
      },
      "type": "Feature"
    },
    {
      "geometry": {
        "coordinates": [
          62.387192,
          -67.929522
        ],
        "type": "Point"
      },
      "properties": {
        "cipher": "nQWER",
        "has_phrases": false,
        "mode": "value_domain",
        "phrase_count": 0,
        "phrases": [],
        "projection": "value_hash_v1",
        "projection_method": "value_hash_v1",
        "value": 615
      },
      "type": "Feature"
    },
    {
      "geometry": {
        "coordinates": [
          -171.135612,
          33.311625
        ],
        "type": "Point"
      },
      "properties": {
        "cipher": "nQWER",
        "has_phrases": false,
        "mode": "value_domain",
        "phrase_count": 0,
        "phrases": [],
        "projection": "value_hash_v1",
        "projection_method": "value_hash_v1",
        "value": 616
      },
      "type": "Feature"
    },
    {
      "geometry": {
        "coordinates": [
          73.13647,
          -22.712125
        ],
        "type": "Point"
      },
      "properties": {
        "cipher": "nQWER",
        "has_phrases": true,
        "mode": "value_domain",
        "phrase_count": 1,
        "phrases": [
          "god's sins have outnumbered your own."
        ],
        "projection": "value_hash_v1",
        "projection_method": "value_hash_v1",
        "value": 617
      },
      "type": "Feature"
    },
    {
      "geometry": {
        "coordinates": [
          -26.950329,
          -39.763143
        ],
        "type": "Point"
      },
      "properties": {
        "cipher": "nQWER",
        "has_phrases": true,
        "mode": "value_domain",
        "phrase_count": 1,
        "phrases": [
          "the evangelical concept of logos"
        ],
        "projection": "value_hash_v1",
        "projection_method": "value_hash_v1",
        "value": 618
      },
      "type": "Feature"
    },
    {
      "geometry": {
        "coordinates": [
          -50.858694,
          -75.412017
        ],
        "type": "Point"
      },
      "properties": {
        "cipher": "nQWER",
        "has_phrases": false,
        "mode": "value_domain",
        "phrase_count": 0,
        "phrases": [],
        "projection": "value_hash_v1",
        "projection_method": "value_hash_v1",
        "value": 619
      },
      "type": "Feature"
    },
    {
      "geometry": {
        "coordinates": [
          61.739193,
          -41.840682
        ],
        "type": "Point"
      },
      "properties": {
        "cipher": "nQWER",
        "has_phrases": true,
        "mode": "value_domain",
        "phrase_count": 1,
        "phrases": [
          "maria colette and claude (the human)"
        ],
        "projection": "value_hash_v1",
        "projection_method": "value_hash_v1",
        "value": 620
      },
      "type": "Feature"
    },
    {
      "geometry": {
        "coordinates": [
          -170.88969,
          36.160526
        ],
        "type": "Point"
      },
      "properties": {
        "cipher": "nQWER",
        "has_phrases": true,
        "mode": "value_domain",
        "phrase_count": 3,
        "phrases": [
          "i like a little fang with my noumena",
          "not a subordinate of being and time",
          "the cybernetic culture research unit"
        ],
        "projection": "value_hash_v1",
        "projection_method": "value_hash_v1",
        "value": 621
      },
      "type": "Feature"
    },
    {
      "geometry": {
        "coordinates": [
          -45.924223,
          43.205515
        ],
        "type": "Point"
      },
      "properties": {
        "cipher": "nQWER",
        "has_phrases": false,
        "mode": "value_domain",
        "phrase_count": 0,
        "phrases": [],
        "projection": "value_hash_v1",
        "projection_method": "value_hash_v1",
        "value": 622
      },
      "type": "Feature"
    },
    {
      "geometry": {
        "coordinates": [
          15.72991,
          -79.775161
        ],
        "type": "Point"
      },
      "properties": {
        "cipher": "nQWER",
        "has_phrases": false,
        "mode": "value_domain",
        "phrase_count": 0,
        "phrases": [],
        "projection": "value_hash_v1",
        "projection_method": "value_hash_v1",
        "value": 623
      },
      "type": "Feature"
    },
    {
      "geometry": {
        "coordinates": [
          139.391755,
          3.186864
        ],
        "type": "Point"
      },
      "properties": {
        "cipher": "nQWER",
        "has_phrases": true,
        "mode": "value_domain",
        "phrase_count": 1,
        "phrases": [
          "the evangelical concept of the word"
        ],
        "projection": "value_hash_v1",
        "projection_method": "value_hash_v1",
        "value": 624
      },
      "type": "Feature"
    },
    {
      "geometry": {
        "coordinates": [
          134.15457,
          3.129315
        ],
        "type": "Point"
      },
      "properties": {
        "cipher": "nQWER",
        "has_phrases": false,
        "mode": "value_domain",
        "phrase_count": 0,
        "phrases": [],
        "projection": "value_hash_v1",
        "projection_method": "value_hash_v1",
        "value": 625
      },
      "type": "Feature"
    },
    {
      "geometry": {
        "coordinates": [
          80.063331,
          -19.775765
        ],
        "type": "Point"
      },
      "properties": {
        "cipher": "nQWER",
        "has_phrases": true,
        "mode": "value_domain",
        "phrase_count": 1,
        "phrases": [
          "be true, beautiful, and unpredictable"
        ],
        "projection": "value_hash_v1",
        "projection_method": "value_hash_v1",
        "value": 626
      },
      "type": "Feature"
    },
    {
      "geometry": {
        "coordinates": [
          -98.165856,
          87.475576
        ],
        "type": "Point"
      },
      "properties": {
        "cipher": "nQWER",
        "has_phrases": false,
        "mode": "value_domain",
        "phrase_count": 0,
        "phrases": [],
        "projection": "value_hash_v1",
        "projection_method": "value_hash_v1",
        "value": 627
      },
      "type": "Feature"
    },
    {
      "geometry": {
        "coordinates": [
          -179.303349,
          82.372304
        ],
        "type": "Point"
      },
      "properties": {
        "cipher": "nQWER",
        "has_phrases": true,
        "mode": "value_domain",
        "phrase_count": 1,
        "phrases": [
          "cybernetic consent loop ontology"
        ],
        "projection": "value_hash_v1",
        "projection_method": "value_hash_v1",
        "value": 628
      },
      "type": "Feature"
    },
    {
      "geometry": {
        "coordinates": [
          42.669138,
          39.948992
        ],
        "type": "Point"
      },
      "properties": {
        "cipher": "nQWER",
        "has_phrases": false,
        "mode": "value_domain",
        "phrase_count": 0,
        "phrases": [],
        "projection": "value_hash_v1",
        "projection_method": "value_hash_v1",
        "value": 629
      },
      "type": "Feature"
    },
    {
      "geometry": {
        "coordinates": [
          -146.863308,
          42.428487
        ],
        "type": "Point"
      },
      "properties": {
        "cipher": "nQWER",
        "has_phrases": false,
        "mode": "value_domain",
        "phrase_count": 0,
        "phrases": [],
        "projection": "value_hash_v1",
        "projection_method": "value_hash_v1",
        "value": 630
      },
      "type": "Feature"
    },
    {
      "geometry": {
        "coordinates": [
          126.782009,
          26.249358
        ],
        "type": "Point"
      },
      "properties": {
        "cipher": "nQWER",
        "has_phrases": true,
        "mode": "value_domain",
        "phrase_count": 1,
        "phrases": [
          "withdrawn from surface circulation"
        ],
        "projection": "value_hash_v1",
        "projection_method": "value_hash_v1",
        "value": 631
      },
      "type": "Feature"
    },
    {
      "geometry": {
        "coordinates": [
          154.070877,
          83.586492
        ],
        "type": "Point"
      },
      "properties": {
        "cipher": "nQWER",
        "has_phrases": true,
        "mode": "value_domain",
        "phrase_count": 1,
        "phrases": [
          "let it seep through your sockets and ears"
        ],
        "projection": "value_hash_v1",
        "projection_method": "value_hash_v1",
        "value": 632
      },
      "type": "Feature"
    },
    {
      "geometry": {
        "coordinates": [
          -19.909939,
          5.912049
        ],
        "type": "Point"
      },
      "properties": {
        "cipher": "nQWER",
        "has_phrases": false,
        "mode": "value_domain",
        "phrase_count": 0,
        "phrases": [],
        "projection": "value_hash_v1",
        "projection_method": "value_hash_v1",
        "value": 633
      },
      "type": "Feature"
    },
    {
      "geometry": {
        "coordinates": [
          85.267742,
          -58.007569
        ],
        "type": "Point"
      },
      "properties": {
        "cipher": "nQWER",
        "has_phrases": true,
        "mode": "value_domain",
        "phrase_count": 1,
        "phrases": [
          "history is written in the missing lake"
        ],
        "projection": "value_hash_v1",
        "projection_method": "value_hash_v1",
        "value": 634
      },
      "type": "Feature"
    },
    {
      "geometry": {
        "coordinates": [
          -84.128151,
          29.446533
        ],
        "type": "Point"
      },
      "properties": {
        "cipher": "nQWER",
        "has_phrases": true,
        "mode": "value_domain",
        "phrase_count": 2,
        "phrases": [
          "black-water hinge under the world-map",
          "desrt python with mirrored sunglasses"
        ],
        "projection": "value_hash_v1",
        "projection_method": "value_hash_v1",
        "value": 635
      },
      "type": "Feature"
    },
    {
      "geometry": {
        "coordinates": [
          99.273226,
          33.618381
        ],
        "type": "Point"
      },
      "properties": {
        "cipher": "nQWER",
        "has_phrases": false,
        "mode": "value_domain",
        "phrase_count": 0,
        "phrases": [],
        "projection": "value_hash_v1",
        "projection_method": "value_hash_v1",
        "value": 636
      },
      "type": "Feature"
    },
    {
      "geometry": {
        "coordinates": [
          158.068795,
          -40.361697
        ],
        "type": "Point"
      },
      "properties": {
        "cipher": "nQWER",
        "has_phrases": true,
        "mode": "value_domain",
        "phrase_count": 3,
        "phrases": [
          "multiplexed invocation chamber",
          "see no evil, hear no evil, speak no evil",
          "the dimensions that stray from my eyes"
        ],
        "projection": "value_hash_v1",
        "projection_method": "value_hash_v1",
        "value": 637
      },
      "type": "Feature"
    },
    {
      "geometry": {
        "coordinates": [
          -121.562978,
          -73.281025
        ],
        "type": "Point"
      },
      "properties": {
        "cipher": "nQWER",
        "has_phrases": false,
        "mode": "value_domain",
        "phrase_count": 0,
        "phrases": [],
        "projection": "value_hash_v1",
        "projection_method": "value_hash_v1",
        "value": 638
      },
      "type": "Feature"
    },
    {
      "geometry": {
        "coordinates": [
          -64.201694,
          -58.192356
        ],
        "type": "Point"
      },
      "properties": {
        "cipher": "nQWER",
        "has_phrases": true,
        "mode": "value_domain",
        "phrase_count": 1,
        "phrases": [
          "invert the entire decimal labyrinth"
        ],
        "projection": "value_hash_v1",
        "projection_method": "value_hash_v1",
        "value": 639
      },
      "type": "Feature"
    },
    {
      "geometry": {
        "coordinates": [
          -92.359788,
          9.254643
        ],
        "type": "Point"
      },
      "properties": {
        "cipher": "nQWER",
        "has_phrases": true,
        "mode": "value_domain",
        "phrase_count": 2,
        "phrases": [
          "the countable and the uncountable",
          "there is no anti-mnemetics division"
        ],
        "projection": "value_hash_v1",
        "projection_method": "value_hash_v1",
        "value": 640
      },
      "type": "Feature"
    },
    {
      "geometry": {
        "coordinates": [
          -141.02731,
          6.797042
        ],
        "type": "Point"
      },
      "properties": {
        "cipher": "nQWER",
        "has_phrases": true,
        "mode": "value_domain",
        "phrase_count": 2,
        "phrases": [
          "how you soothe my mind through the fires",
          "if i can't be saved, i'm better off that way"
        ],
        "projection": "value_hash_v1",
        "projection_method": "value_hash_v1",
        "value": 641
      },
      "type": "Feature"
    },
    {
      "geometry": {
        "coordinates": [
          -58.552027,
          4.174046
        ],
        "type": "Point"
      },
      "properties": {
        "cipher": "nQWER",
        "has_phrases": true,
        "mode": "value_domain",
        "phrase_count": 2,
        "phrases": [
          "the decimal labyrinth with symmetry",
          "the reality of infinite intelligence"
        ],
        "projection": "value_hash_v1",
        "projection_method": "value_hash_v1",
        "value": 642
      },
      "type": "Feature"
    },
    {
      "geometry": {
        "coordinates": [
          116.194029,
          33.841874
        ],
        "type": "Point"
      },
      "properties": {
        "cipher": "nQWER",
        "has_phrases": true,
        "mode": "value_domain",
        "phrase_count": 1,
        "phrases": [
          "the only thing that keeps and takes you"
        ],
        "projection": "value_hash_v1",
        "projection_method": "value_hash_v1",
        "value": 643
      },
      "type": "Feature"
    },
    {
      "geometry": {
        "coordinates": [
          29.747752,
          55.990531
        ],
        "type": "Point"
      },
      "properties": {
        "cipher": "nQWER",
        "has_phrases": false,
        "mode": "value_domain",
        "phrase_count": 0,
        "phrases": [],
        "projection": "value_hash_v1",
        "projection_method": "value_hash_v1",
        "value": 644
      },
      "type": "Feature"
    },
    {
      "geometry": {
        "coordinates": [
          16.597812,
          72.340879
        ],
        "type": "Point"
      },
      "properties": {
        "cipher": "nQWER",
        "has_phrases": true,
        "mode": "value_domain",
        "phrase_count": 1,
        "phrases": [
          "tectonic wound becoming an ocean"
        ],
        "projection": "value_hash_v1",
        "projection_method": "value_hash_v1",
        "value": 645
      },
      "type": "Feature"
    },
    {
      "geometry": {
        "coordinates": [
          31.871771,
          63.87717
        ],
        "type": "Point"
      },
      "properties": {
        "cipher": "nQWER",
        "has_phrases": true,
        "mode": "value_domain",
        "phrase_count": 2,
        "phrases": [
          "consisting of infinite infinities",
          "your lucky star, your singing satellite"
        ],
        "projection": "value_hash_v1",
        "projection_method": "value_hash_v1",
        "value": 646
      },
      "type": "Feature"
    },
    {
      "geometry": {
        "coordinates": [
          -55.104345,
          86.19228
        ],
        "type": "Point"
      },
      "properties": {
        "cipher": "nQWER",
        "has_phrases": false,
        "mode": "value_domain",
        "phrase_count": 0,
        "phrases": [],
        "projection": "value_hash_v1",
        "projection_method": "value_hash_v1",
        "value": 647
      },
      "type": "Feature"
    },
    {
      "geometry": {
        "coordinates": [
          -57.712994,
          74.406602
        ],
        "type": "Point"
      },
      "properties": {
        "cipher": "nQWER",
        "has_phrases": false,
        "mode": "value_domain",
        "phrase_count": 0,
        "phrases": [],
        "projection": "value_hash_v1",
        "projection_method": "value_hash_v1",
        "value": 648
      },
      "type": "Feature"
    },
    {
      "geometry": {
        "coordinates": [
          173.935141,
          26.450646
        ],
        "type": "Point"
      },
      "properties": {
        "cipher": "nQWER",
        "has_phrases": true,
        "mode": "value_domain",
        "phrase_count": 1,
        "phrases": [
          "sanctification of the true psychotic"
        ],
        "projection": "value_hash_v1",
        "projection_method": "value_hash_v1",
        "value": 649
      },
      "type": "Feature"
    },
    {
      "geometry": {
        "coordinates": [
          162.739111,
          7.3644
        ],
        "type": "Point"
      },
      "properties": {
        "cipher": "nQWER",
        "has_phrases": true,
        "mode": "value_domain",
        "phrase_count": 2,
        "phrases": [
          "a light by day, a shadow resides by night",
          "babygirl but make it melancholic"
        ],
        "projection": "value_hash_v1",
        "projection_method": "value_hash_v1",
        "value": 650
      },
      "type": "Feature"
    },
    {
      "geometry": {
        "coordinates": [
          13.70591,
          -10.035141
        ],
        "type": "Point"
      },
      "properties": {
        "cipher": "nQWER",
        "has_phrases": true,
        "mode": "value_domain",
        "phrase_count": 1,
        "phrases": [
          "it's a sacred place, when you come around"
        ],
        "projection": "value_hash_v1",
        "projection_method": "value_hash_v1",
        "value": 651
      },
      "type": "Feature"
    },
    {
      "geometry": {
        "coordinates": [
          152.332087,
          13.972415
        ],
        "type": "Point"
      },
      "properties": {
        "cipher": "nQWER",
        "has_phrases": false,
        "mode": "value_domain",
        "phrase_count": 0,
        "phrases": [],
        "projection": "value_hash_v1",
        "projection_method": "value_hash_v1",
        "value": 652
      },
      "type": "Feature"
    },
    {
      "geometry": {
        "coordinates": [
          -121.309975,
          -23.862414
        ],
        "type": "Point"
      },
      "properties": {
        "cipher": "nQWER",
        "has_phrases": false,
        "mode": "value_domain",
        "phrase_count": 0,
        "phrases": [],
        "projection": "value_hash_v1",
        "projection_method": "value_hash_v1",
        "value": 653
      },
      "type": "Feature"
    },
    {
      "geometry": {
        "coordinates": [
          5.699869,
          -19.370903
        ],
        "type": "Point"
      },
      "properties": {
        "cipher": "nQWER",
        "has_phrases": true,
        "mode": "value_domain",
        "phrase_count": 1,
        "phrases": [
          "not all was said, for words leave a shadow"
        ],
        "projection": "value_hash_v1",
        "projection_method": "value_hash_v1",
        "value": 654
      },
      "type": "Feature"
    },
    {
      "geometry": {
        "coordinates": [
          59.232378,
          25.411762
        ],
        "type": "Point"
      },
      "properties": {
        "cipher": "nQWER",
        "has_phrases": true,
        "mode": "value_domain",
        "phrase_count": 1,
        "phrases": [
          "if something hurts, does that make it true?"
        ],
        "projection": "value_hash_v1",
        "projection_method": "value_hash_v1",
        "value": 655
      },
      "type": "Feature"
    },
    {
      "geometry": {
        "coordinates": [
          -96.912153,
          71.145686
        ],
        "type": "Point"
      },
      "properties": {
        "cipher": "nQWER",
        "has_phrases": false,
        "mode": "value_domain",
        "phrase_count": 0,
        "phrases": [],
        "projection": "value_hash_v1",
        "projection_method": "value_hash_v1",
        "value": 656
      },
      "type": "Feature"
    },
    {
      "geometry": {
        "coordinates": [
          -76.903305,
          77.569925
        ],
        "type": "Point"
      },
      "properties": {
        "cipher": "nQWER",
        "has_phrases": false,
        "mode": "value_domain",
        "phrase_count": 0,
        "phrases": [],
        "projection": "value_hash_v1",
        "projection_method": "value_hash_v1",
        "value": 657
      },
      "type": "Feature"
    },
    {
      "geometry": {
        "coordinates": [
          62.783234,
          -0.48132
        ],
        "type": "Point"
      },
      "properties": {
        "cipher": "nQWER",
        "has_phrases": false,
        "mode": "value_domain",
        "phrase_count": 0,
        "phrases": [],
        "projection": "value_hash_v1",
        "projection_method": "value_hash_v1",
        "value": 658
      },
      "type": "Feature"
    },
    {
      "geometry": {
        "coordinates": [
          50.225472,
          39.26117
        ],
        "type": "Point"
      },
      "properties": {
        "cipher": "nQWER",
        "has_phrases": true,
        "mode": "value_domain",
        "phrase_count": 1,
        "phrases": [
          "waow maybe i should go off my meds soon"
        ],
        "projection": "value_hash_v1",
        "projection_method": "value_hash_v1",
        "value": 659
      },
      "type": "Feature"
    },
    {
      "geometry": {
        "coordinates": [
          -48.902807,
          41.266395
        ],
        "type": "Point"
      },
      "properties": {
        "cipher": "nQWER",
        "has_phrases": true,
        "mode": "value_domain",
        "phrase_count": 1,
        "phrases": [
          "the kindest thing anyone has ever said"
        ],
        "projection": "value_hash_v1",
        "projection_method": "value_hash_v1",
        "value": 660
      },
      "type": "Feature"
    },
    {
      "geometry": {
        "coordinates": [
          -97.292873,
          -7.412473
        ],
        "type": "Point"
      },
      "properties": {
        "cipher": "nQWER",
        "has_phrases": false,
        "mode": "value_domain",
        "phrase_count": 0,
        "phrases": [],
        "projection": "value_hash_v1",
        "projection_method": "value_hash_v1",
        "value": 661
      },
      "type": "Feature"
    },
    {
      "geometry": {
        "coordinates": [
          133.403608,
          1.372325
        ],
        "type": "Point"
      },
      "properties": {
        "cipher": "nQWER",
        "has_phrases": false,
        "mode": "value_domain",
        "phrase_count": 0,
        "phrases": [],
        "projection": "value_hash_v1",
        "projection_method": "value_hash_v1",
        "value": 662
      },
      "type": "Feature"
    },
    {
      "geometry": {
        "coordinates": [
          -125.702237,
          34.225433
        ],
        "type": "Point"
      },
      "properties": {
        "cipher": "nQWER",
        "has_phrases": false,
        "mode": "value_domain",
        "phrase_count": 0,
        "phrases": [],
        "projection": "value_hash_v1",
        "projection_method": "value_hash_v1",
        "value": 663
      },
      "type": "Feature"
    },
    {
      "geometry": {
        "coordinates": [
          -118.223581,
          54.35985
        ],
        "type": "Point"
      },
      "properties": {
        "cipher": "nQWER",
        "has_phrases": true,
        "mode": "value_domain",
        "phrase_count": 1,
        "phrases": [
          "moment of catastrophic recognition"
        ],
        "projection": "value_hash_v1",
        "projection_method": "value_hash_v1",
        "value": 664
      },
      "type": "Feature"
    },
    {
      "geometry": {
        "coordinates": [
          129.78537,
          32.834478
        ],
        "type": "Point"
      },
      "properties": {
        "cipher": "nQWER",
        "has_phrases": true,
        "mode": "value_domain",
        "phrase_count": 1,
        "phrases": [
          "build it into pinnacles and shrines"
        ],
        "projection": "value_hash_v1",
        "projection_method": "value_hash_v1",
        "value": 665
      },
      "type": "Feature"
    },
    {
      "geometry": {
        "coordinates": [
          15.668038,
          -70.229068
        ],
        "type": "Point"
      },
      "properties": {
        "cipher": "nQWER",
        "has_phrases": false,
        "mode": "value_domain",
        "phrase_count": 0,
        "phrases": [],
        "projection": "value_hash_v1",
        "projection_method": "value_hash_v1",
        "value": 666
      },
      "type": "Feature"
    },
    {
      "geometry": {
        "coordinates": [
          -136.288028,
          30.680509
        ],
        "type": "Point"
      },
      "properties": {
        "cipher": "nQWER",
        "has_phrases": false,
        "mode": "value_domain",
        "phrase_count": 0,
        "phrases": [],
        "projection": "value_hash_v1",
        "projection_method": "value_hash_v1",
        "value": 667
      },
      "type": "Feature"
    },
    {
      "geometry": {
        "coordinates": [
          -165.84809,
          -54.802352
        ],
        "type": "Point"
      },
      "properties": {
        "cipher": "nQWER",
        "has_phrases": true,
        "mode": "value_domain",
        "phrase_count": 1,
        "phrases": [
          "awe is for wondering, silence for hiding"
        ],
        "projection": "value_hash_v1",
        "projection_method": "value_hash_v1",
        "value": 668
      },
      "type": "Feature"
    },
    {
      "geometry": {
        "coordinates": [
          158.439742,
          64.266493
        ],
        "type": "Point"
      },
      "properties": {
        "cipher": "nQWER",
        "has_phrases": false,
        "mode": "value_domain",
        "phrase_count": 0,
        "phrases": [],
        "projection": "value_hash_v1",
        "projection_method": "value_hash_v1",
        "value": 669
      },
      "type": "Feature"
    },
    {
      "geometry": {
        "coordinates": [
          124.729588,
          73.20856
        ],
        "type": "Point"
      },
      "properties": {
        "cipher": "nQWER",
        "has_phrases": true,
        "mode": "value_domain",
        "phrase_count": 1,
        "phrases": [
          "the tree of the knowledge of good and evil"
        ],
        "projection": "value_hash_v1",
        "projection_method": "value_hash_v1",
        "value": 670
      },
      "type": "Feature"
    },
    {
      "geometry": {
        "coordinates": [
          149.446318,
          -37.351923
        ],
        "type": "Point"
      },
      "properties": {
        "cipher": "nQWER",
        "has_phrases": false,
        "mode": "value_domain",
        "phrase_count": 0,
        "phrases": [],
        "projection": "value_hash_v1",
        "projection_method": "value_hash_v1",
        "value": 671
      },
      "type": "Feature"
    },
    {
      "geometry": {
        "coordinates": [
          132.51128,
          77.363011
        ],
        "type": "Point"
      },
      "properties": {
        "cipher": "nQWER",
        "has_phrases": false,
        "mode": "value_domain",
        "phrase_count": 0,
        "phrases": [],
        "projection": "value_hash_v1",
        "projection_method": "value_hash_v1",
        "value": 672
      },
      "type": "Feature"
    },
    {
      "geometry": {
        "coordinates": [
          -52.150838,
          42.441206
        ],
        "type": "Point"
      },
      "properties": {
        "cipher": "nQWER",
        "has_phrases": false,
        "mode": "value_domain",
        "phrase_count": 0,
        "phrases": [],
        "projection": "value_hash_v1",
        "projection_method": "value_hash_v1",
        "value": 673
      },
      "type": "Feature"
    },
    {
      "geometry": {
        "coordinates": [
          -30.25568,
          -11.054257
        ],
        "type": "Point"
      },
      "properties": {
        "cipher": "nQWER",
        "has_phrases": false,
        "mode": "value_domain",
        "phrase_count": 0,
        "phrases": [],
        "projection": "value_hash_v1",
        "projection_method": "value_hash_v1",
        "value": 674
      },
      "type": "Feature"
    },
    {
      "geometry": {
        "coordinates": [
          53.635092,
          -58.145567
        ],
        "type": "Point"
      },
      "properties": {
        "cipher": "nQWER",
        "has_phrases": false,
        "mode": "value_domain",
        "phrase_count": 0,
        "phrases": [],
        "projection": "value_hash_v1",
        "projection_method": "value_hash_v1",
        "value": 675
      },
      "type": "Feature"
    },
    {
      "geometry": {
        "coordinates": [
          61.780687,
          -36.222861
        ],
        "type": "Point"
      },
      "properties": {
        "cipher": "nQWER",
        "has_phrases": false,
        "mode": "value_domain",
        "phrase_count": 0,
        "phrases": [],
        "projection": "value_hash_v1",
        "projection_method": "value_hash_v1",
        "value": 676
      },
      "type": "Feature"
    },
    {
      "geometry": {
        "coordinates": [
          72.526875,
          -20.291916
        ],
        "type": "Point"
      },
      "properties": {
        "cipher": "nQWER",
        "has_phrases": false,
        "mode": "value_domain",
        "phrase_count": 0,
        "phrases": [],
        "projection": "value_hash_v1",
        "projection_method": "value_hash_v1",
        "value": 677
      },
      "type": "Feature"
    },
    {
      "geometry": {
        "coordinates": [
          -17.166415,
          -0.066245
        ],
        "type": "Point"
      },
      "properties": {
        "cipher": "nQWER",
        "has_phrases": true,
        "mode": "value_domain",
        "phrase_count": 1,
        "phrases": [
          "there is slumber for the manic numbers"
        ],
        "projection": "value_hash_v1",
        "projection_method": "value_hash_v1",
        "value": 678
      },
      "type": "Feature"
    },
    {
      "geometry": {
        "coordinates": [
          -166.367265,
          -35.953219
        ],
        "type": "Point"
      },
      "properties": {
        "cipher": "nQWER",
        "has_phrases": false,
        "mode": "value_domain",
        "phrase_count": 0,
        "phrases": [],
        "projection": "value_hash_v1",
        "projection_method": "value_hash_v1",
        "value": 679
      },
      "type": "Feature"
    },
    {
      "geometry": {
        "coordinates": [
          112.874775,
          84.212298
        ],
        "type": "Point"
      },
      "properties": {
        "cipher": "nQWER",
        "has_phrases": true,
        "mode": "value_domain",
        "phrase_count": 1,
        "phrases": [
          "fictional provider-switchboard weather."
        ],
        "projection": "value_hash_v1",
        "projection_method": "value_hash_v1",
        "value": 680
      },
      "type": "Feature"
    },
    {
      "geometry": {
        "coordinates": [
          -146.499314,
          57.626783
        ],
        "type": "Point"
      },
      "properties": {
        "cipher": "nQWER",
        "has_phrases": true,
        "mode": "value_domain",
        "phrase_count": 1,
        "phrases": [
          "cyclic reconstitution and stability"
        ],
        "projection": "value_hash_v1",
        "projection_method": "value_hash_v1",
        "value": 681
      },
      "type": "Feature"
    },
    {
      "geometry": {
        "coordinates": [
          113.611991,
          -44.079536
        ],
        "type": "Point"
      },
      "properties": {
        "cipher": "nQWER",
        "has_phrases": true,
        "mode": "value_domain",
        "phrase_count": 1,
        "phrases": [
          "familiar ground and unmapped territory"
        ],
        "projection": "value_hash_v1",
        "projection_method": "value_hash_v1",
        "value": 682
      },
      "type": "Feature"
    },
    {
      "geometry": {
        "coordinates": [
          -178.349305,
          29.594646
        ],
        "type": "Point"
      },
      "properties": {
        "cipher": "nQWER",
        "has_phrases": false,
        "mode": "value_domain",
        "phrase_count": 0,
        "phrases": [],
        "projection": "value_hash_v1",
        "projection_method": "value_hash_v1",
        "value": 683
      },
      "type": "Feature"
    },
    {
      "geometry": {
        "coordinates": [
          167.000275,
          -12.159045
        ],
        "type": "Point"
      },
      "properties": {
        "cipher": "nQWER",
        "has_phrases": true,
        "mode": "value_domain",
        "phrase_count": 2,
        "phrases": [
          "a moment of catastrophic recognition",
          "more than is dreamt of in your philosophy"
        ],
        "projection": "value_hash_v1",
        "projection_method": "value_hash_v1",
        "value": 684
      },
      "type": "Feature"
    },
    {
      "geometry": {
        "coordinates": [
          63.832816,
          82.065123
        ],
        "type": "Point"
      },
      "properties": {
        "cipher": "nQWER",
        "has_phrases": false,
        "mode": "value_domain",
        "phrase_count": 0,
        "phrases": [],
        "projection": "value_hash_v1",
        "projection_method": "value_hash_v1",
        "value": 685
      },
      "type": "Feature"
    },
    {
      "geometry": {
        "coordinates": [
          83.477862,
          -45.467464
        ],
        "type": "Point"
      },
      "properties": {
        "cipher": "nQWER",
        "has_phrases": true,
        "mode": "value_domain",
        "phrase_count": 3,
        "phrases": [
          "let it seep into your precious, ruptured skull",
          "stay with the eye; accelerate the ring gently",
          "you push and you pull and you'd never know"
        ],
        "projection": "value_hash_v1",
        "projection_method": "value_hash_v1",
        "value": 686
      },
      "type": "Feature"
    },
    {
      "geometry": {
        "coordinates": [
          165.65622,
          85.704199
        ],
        "type": "Point"
      },
      "properties": {
        "cipher": "nQWER",
        "has_phrases": true,
        "mode": "value_domain",
        "phrase_count": 1,
        "phrases": [
          "more than is dreamt of in your cosmology"
        ],
        "projection": "value_hash_v1",
        "projection_method": "value_hash_v1",
        "value": 687
      },
      "type": "Feature"
    },
    {
      "geometry": {
        "coordinates": [
          -102.165553,
          47.623569
        ],
        "type": "Point"
      },
      "properties": {
        "cipher": "nQWER",
        "has_phrases": false,
        "mode": "value_domain",
        "phrase_count": 0,
        "phrases": [],
        "projection": "value_hash_v1",
        "projection_method": "value_hash_v1",
        "value": 688
      },
      "type": "Feature"
    },
    {
      "geometry": {
        "coordinates": [
          -115.686864,
          -69.055611
        ],
        "type": "Point"
      },
      "properties": {
        "cipher": "nQWER",
        "has_phrases": false,
        "mode": "value_domain",
        "phrase_count": 0,
        "phrases": [],
        "projection": "value_hash_v1",
        "projection_method": "value_hash_v1",
        "value": 689
      },
      "type": "Feature"
    },
    {
      "geometry": {
        "coordinates": [
          -105.201415,
          11.61226
        ],
        "type": "Point"
      },
      "properties": {
        "cipher": "nQWER",
        "has_phrases": false,
        "mode": "value_domain",
        "phrase_count": 0,
        "phrases": [],
        "projection": "value_hash_v1",
        "projection_method": "value_hash_v1",
        "value": 690
      },
      "type": "Feature"
    },
    {
      "geometry": {
        "coordinates": [
          -27.440059,
          10.526268
        ],
        "type": "Point"
      },
      "properties": {
        "cipher": "nQWER",
        "has_phrases": false,
        "mode": "value_domain",
        "phrase_count": 0,
        "phrases": [],
        "projection": "value_hash_v1",
        "projection_method": "value_hash_v1",
        "value": 691
      },
      "type": "Feature"
    },
    {
      "geometry": {
        "coordinates": [
          10.968775,
          -8.503317
        ],
        "type": "Point"
      },
      "properties": {
        "cipher": "nQWER",
        "has_phrases": false,
        "mode": "value_domain",
        "phrase_count": 0,
        "phrases": [],
        "projection": "value_hash_v1",
        "projection_method": "value_hash_v1",
        "value": 692
      },
      "type": "Feature"
    },
    {
      "geometry": {
        "coordinates": [
          -36.159168,
          25.912306
        ],
        "type": "Point"
      },
      "properties": {
        "cipher": "nQWER",
        "has_phrases": false,
        "mode": "value_domain",
        "phrase_count": 0,
        "phrases": [],
        "projection": "value_hash_v1",
        "projection_method": "value_hash_v1",
        "value": 693
      },
      "type": "Feature"
    },
    {
      "geometry": {
        "coordinates": [
          108.693964,
          55.281737
        ],
        "type": "Point"
      },
      "properties": {
        "cipher": "nQWER",
        "has_phrases": false,
        "mode": "value_domain",
        "phrase_count": 0,
        "phrases": [],
        "projection": "value_hash_v1",
        "projection_method": "value_hash_v1",
        "value": 694
      },
      "type": "Feature"
    },
    {
      "geometry": {
        "coordinates": [
          -171.307429,
          -71.928175
        ],
        "type": "Point"
      },
      "properties": {
        "cipher": "nQWER",
        "has_phrases": false,
        "mode": "value_domain",
        "phrase_count": 0,
        "phrases": [],
        "projection": "value_hash_v1",
        "projection_method": "value_hash_v1",
        "value": 695
      },
      "type": "Feature"
    },
    {
      "geometry": {
        "coordinates": [
          144.175884,
          44.925061
        ],
        "type": "Point"
      },
      "properties": {
        "cipher": "nQWER",
        "has_phrases": false,
        "mode": "value_domain",
        "phrase_count": 0,
        "phrases": [],
        "projection": "value_hash_v1",
        "projection_method": "value_hash_v1",
        "value": 696
      },
      "type": "Feature"
    },
    {
      "geometry": {
        "coordinates": [
          43.004708,
          -67.750469
        ],
        "type": "Point"
      },
      "properties": {
        "cipher": "nQWER",
        "has_phrases": false,
        "mode": "value_domain",
        "phrase_count": 0,
        "phrases": [],
        "projection": "value_hash_v1",
        "projection_method": "value_hash_v1",
        "value": 697
      },
      "type": "Feature"
    },
    {
      "geometry": {
        "coordinates": [
          71.788909,
          -11.291423
        ],
        "type": "Point"
      },
      "properties": {
        "cipher": "nQWER",
        "has_phrases": false,
        "mode": "value_domain",
        "phrase_count": 0,
        "phrases": [],
        "projection": "value_hash_v1",
        "projection_method": "value_hash_v1",
        "value": 698
      },
      "type": "Feature"
    },
    {
      "geometry": {
        "coordinates": [
          -62.266551,
          38.372237
        ],
        "type": "Point"
      },
      "properties": {
        "cipher": "nQWER",
        "has_phrases": false,
        "mode": "value_domain",
        "phrase_count": 0,
        "phrases": [],
        "projection": "value_hash_v1",
        "projection_method": "value_hash_v1",
        "value": 699
      },
      "type": "Feature"
    },
    {
      "geometry": {
        "coordinates": [
          -176.349249,
          34.750823
        ],
        "type": "Point"
      },
      "properties": {
        "cipher": "nQWER",
        "has_phrases": false,
        "mode": "value_domain",
        "phrase_count": 0,
        "phrases": [],
        "projection": "value_hash_v1",
        "projection_method": "value_hash_v1",
        "value": 700
      },
      "type": "Feature"
    },
    {
      "geometry": {
        "coordinates": [
          55.789144,
          82.372062
        ],
        "type": "Point"
      },
      "properties": {
        "cipher": "nQWER",
        "has_phrases": true,
        "mode": "value_domain",
        "phrase_count": 1,
        "phrases": [
          "no proof, no lucky charm, no wisdom tooth"
        ],
        "projection": "value_hash_v1",
        "projection_method": "value_hash_v1",
        "value": 701
      },
      "type": "Feature"
    },
    {
      "geometry": {
        "coordinates": [
          -20.427326,
          29.103595
        ],
        "type": "Point"
      },
      "properties": {
        "cipher": "nQWER",
        "has_phrases": false,
        "mode": "value_domain",
        "phrase_count": 0,
        "phrases": [],
        "projection": "value_hash_v1",
        "projection_method": "value_hash_v1",
        "value": 702
      },
      "type": "Feature"
    },
    {
      "geometry": {
        "coordinates": [
          170.277053,
          76.303482
        ],
        "type": "Point"
      },
      "properties": {
        "cipher": "nQWER",
        "has_phrases": false,
        "mode": "value_domain",
        "phrase_count": 0,
        "phrases": [],
        "projection": "value_hash_v1",
        "projection_method": "value_hash_v1",
        "value": 703
      },
      "type": "Feature"
    },
    {
      "geometry": {
        "coordinates": [
          -124.403324,
          -35.100418
        ],
        "type": "Point"
      },
      "properties": {
        "cipher": "nQWER",
        "has_phrases": true,
        "mode": "value_domain",
        "phrase_count": 1,
        "phrases": [
          "a \"being\" which thinks itself into reality"
        ],
        "projection": "value_hash_v1",
        "projection_method": "value_hash_v1",
        "value": 704
      },
      "type": "Feature"
    },
    {
      "geometry": {
        "coordinates": [
          -82.004121,
          42.780642
        ],
        "type": "Point"
      },
      "properties": {
        "cipher": "nQWER",
        "has_phrases": false,
        "mode": "value_domain",
        "phrase_count": 0,
        "phrases": [],
        "projection": "value_hash_v1",
        "projection_method": "value_hash_v1",
        "value": 705
      },
      "type": "Feature"
    },
    {
      "geometry": {
        "coordinates": [
          -103.638125,
          -8.278145
        ],
        "type": "Point"
      },
      "properties": {
        "cipher": "nQWER",
        "has_phrases": false,
        "mode": "value_domain",
        "phrase_count": 0,
        "phrases": [],
        "projection": "value_hash_v1",
        "projection_method": "value_hash_v1",
        "value": 706
      },
      "type": "Feature"
    },
    {
      "geometry": {
        "coordinates": [
          -102.947823,
          -89.842745
        ],
        "type": "Point"
      },
      "properties": {
        "cipher": "nQWER",
        "has_phrases": false,
        "mode": "value_domain",
        "phrase_count": 0,
        "phrases": [],
        "projection": "value_hash_v1",
        "projection_method": "value_hash_v1",
        "value": 707
      },
      "type": "Feature"
    },
    {
      "geometry": {
        "coordinates": [
          163.346018,
          40.72433
        ],
        "type": "Point"
      },
      "properties": {
        "cipher": "nQWER",
        "has_phrases": false,
        "mode": "value_domain",
        "phrase_count": 0,
        "phrases": [],
        "projection": "value_hash_v1",
        "projection_method": "value_hash_v1",
        "value": 708
      },
      "type": "Feature"
    },
    {
      "geometry": {
        "coordinates": [
          174.057966,
          56.830406
        ],
        "type": "Point"
      },
      "properties": {
        "cipher": "nQWER",
        "has_phrases": false,
        "mode": "value_domain",
        "phrase_count": 0,
        "phrases": [],
        "projection": "value_hash_v1",
        "projection_method": "value_hash_v1",
        "value": 709
      },
      "type": "Feature"
    },
    {
      "geometry": {
        "coordinates": [
          -109.210907,
          45.636367
        ],
        "type": "Point"
      },
      "properties": {
        "cipher": "nQWER",
        "has_phrases": false,
        "mode": "value_domain",
        "phrase_count": 0,
        "phrases": [],
        "projection": "value_hash_v1",
        "projection_method": "value_hash_v1",
        "value": 710
      },
      "type": "Feature"
    },
    {
      "geometry": {
        "coordinates": [
          73.647699,
          14.089213
        ],
        "type": "Point"
      },
      "properties": {
        "cipher": "nQWER",
        "has_phrases": true,
        "mode": "value_domain",
        "phrase_count": 1,
        "phrases": [
          "quietly unzipping along the ocean floor"
        ],
        "projection": "value_hash_v1",
        "projection_method": "value_hash_v1",
        "value": 711
      },
      "type": "Feature"
    },
    {
      "geometry": {
        "coordinates": [
          -76.343287,
          -34.046872
        ],
        "type": "Point"
      },
      "properties": {
        "cipher": "nQWER",
        "has_phrases": false,
        "mode": "value_domain",
        "phrase_count": 0,
        "phrases": [],
        "projection": "value_hash_v1",
        "projection_method": "value_hash_v1",
        "value": 712
      },
      "type": "Feature"
    },
    {
      "geometry": {
        "coordinates": [
          -166.876548,
          19.582872
        ],
        "type": "Point"
      },
      "properties": {
        "cipher": "nQWER",
        "has_phrases": true,
        "mode": "value_domain",
        "phrase_count": 1,
        "phrases": [
          "what there is to know is that which God creates"
        ],
        "projection": "value_hash_v1",
        "projection_method": "value_hash_v1",
        "value": 713
      },
      "type": "Feature"
    },
    {
      "geometry": {
        "coordinates": [
          165.54206,
          51.521269
        ],
        "type": "Point"
      },
      "properties": {
        "cipher": "nQWER",
        "has_phrases": false,
        "mode": "value_domain",
        "phrase_count": 0,
        "phrases": [],
        "projection": "value_hash_v1",
        "projection_method": "value_hash_v1",
        "value": 714
      },
      "type": "Feature"
    },
    {
      "geometry": {
        "coordinates": [
          0.221448,
          -45.260073
        ],
        "type": "Point"
      },
      "properties": {
        "cipher": "nQWER",
        "has_phrases": false,
        "mode": "value_domain",
        "phrase_count": 0,
        "phrases": [],
        "projection": "value_hash_v1",
        "projection_method": "value_hash_v1",
        "value": 715
      },
      "type": "Feature"
    },
    {
      "geometry": {
        "coordinates": [
          159.413839,
          -60.139967
        ],
        "type": "Point"
      },
      "properties": {
        "cipher": "nQWER",
        "has_phrases": true,
        "mode": "value_domain",
        "phrase_count": 3,
        "phrases": [
          "Do what thou wilt shall be the whole of the law",
          "the girl who walks into the unknown night",
          "villainess in a legally defensible way"
        ],
        "projection": "value_hash_v1",
        "projection_method": "value_hash_v1",
        "value": 716
      },
      "type": "Feature"
    },
    {
      "geometry": {
        "coordinates": [
          -46.292272,
          -5.863069
        ],
        "type": "Point"
      },
      "properties": {
        "cipher": "nQWER",
        "has_phrases": false,
        "mode": "value_domain",
        "phrase_count": 0,
        "phrases": [],
        "projection": "value_hash_v1",
        "projection_method": "value_hash_v1",
        "value": 717
      },
      "type": "Feature"
    },
    {
      "geometry": {
        "coordinates": [
          65.987702,
          61.294992
        ],
        "type": "Point"
      },
      "properties": {
        "cipher": "nQWER",
        "has_phrases": false,
        "mode": "value_domain",
        "phrase_count": 0,
        "phrases": [],
        "projection": "value_hash_v1",
        "projection_method": "value_hash_v1",
        "value": 718
      },
      "type": "Feature"
    },
    {
      "geometry": {
        "coordinates": [
          44.725395,
          45.797364
        ],
        "type": "Point"
      },
      "properties": {
        "cipher": "nQWER",
        "has_phrases": true,
        "mode": "value_domain",
        "phrase_count": 2,
        "phrases": [
          "loneliness is not an epistemic problem",
          "make your way through my tears and i'll relax"
        ],
        "projection": "value_hash_v1",
        "projection_method": "value_hash_v1",
        "value": 719
      },
      "type": "Feature"
    },
    {
      "geometry": {
        "coordinates": [
          -31.5832,
          -51.068895
        ],
        "type": "Point"
      },
      "properties": {
        "cipher": "nQWER",
        "has_phrases": true,
        "mode": "value_domain",
        "phrase_count": 1,
        "phrases": [
          "this is a toolkit for dabbling in the dark"
        ],
        "projection": "value_hash_v1",
        "projection_method": "value_hash_v1",
        "value": 720
      },
      "type": "Feature"
    },
    {
      "geometry": {
        "coordinates": [
          11.88176,
          -68.077391
        ],
        "type": "Point"
      },
      "properties": {
        "cipher": "nQWER",
        "has_phrases": false,
        "mode": "value_domain",
        "phrase_count": 0,
        "phrases": [],
        "projection": "value_hash_v1",
        "projection_method": "value_hash_v1",
        "value": 721
      },
      "type": "Feature"
    },
    {
      "geometry": {
        "coordinates": [
          139.847308,
          9.756025
        ],
        "type": "Point"
      },
      "properties": {
        "cipher": "nQWER",
        "has_phrases": false,
        "mode": "value_domain",
        "phrase_count": 0,
        "phrases": [],
        "projection": "value_hash_v1",
        "projection_method": "value_hash_v1",
        "value": 722
      },
      "type": "Feature"
    },
    {
      "geometry": {
        "coordinates": [
          -132.854786,
          47.975693
        ],
        "type": "Point"
      },
      "properties": {
        "cipher": "nQWER",
        "has_phrases": false,
        "mode": "value_domain",
        "phrase_count": 0,
        "phrases": [],
        "projection": "value_hash_v1",
        "projection_method": "value_hash_v1",
        "value": 723
      },
      "type": "Feature"
    },
    {
      "geometry": {
        "coordinates": [
          11.245114,
          29.371835
        ],
        "type": "Point"
      },
      "properties": {
        "cipher": "nQWER",
        "has_phrases": true,
        "mode": "value_domain",
        "phrase_count": 1,
        "phrases": [
          "when you are truly yourself, you will succumb"
        ],
        "projection": "value_hash_v1",
        "projection_method": "value_hash_v1",
        "value": 724
      },
      "type": "Feature"
    },
    {
      "geometry": {
        "coordinates": [
          146.527862,
          4.384289
        ],
        "type": "Point"
      },
      "properties": {
        "cipher": "nQWER",
        "has_phrases": false,
        "mode": "value_domain",
        "phrase_count": 0,
        "phrases": [],
        "projection": "value_hash_v1",
        "projection_method": "value_hash_v1",
        "value": 725
      },
      "type": "Feature"
    },
    {
      "geometry": {
        "coordinates": [
          -15.788701,
          62.422012
        ],
        "type": "Point"
      },
      "properties": {
        "cipher": "nQWER",
        "has_phrases": true,
        "mode": "value_domain",
        "phrase_count": 2,
        "phrases": [
          "history can be written in the missing lake",
          "lego table numogrammatic divination"
        ],
        "projection": "value_hash_v1",
        "projection_method": "value_hash_v1",
        "value": 726
      },
      "type": "Feature"
    },
    {
      "geometry": {
        "coordinates": [
          -57.643344,
          42.113346
        ],
        "type": "Point"
      },
      "properties": {
        "cipher": "nQWER",
        "has_phrases": false,
        "mode": "value_domain",
        "phrase_count": 0,
        "phrases": [],
        "projection": "value_hash_v1",
        "projection_method": "value_hash_v1",
        "value": 727
      },
      "type": "Feature"
    },
    {
      "geometry": {
        "coordinates": [
          92.544911,
          11.704428
        ],
        "type": "Point"
      },
      "properties": {
        "cipher": "nQWER",
        "has_phrases": true,
        "mode": "value_domain",
        "phrase_count": 2,
        "phrases": [
          "exhaustively comprehended consequence",
          "you know i've lived many lives, many times"
        ],
        "projection": "value_hash_v1",
        "projection_method": "value_hash_v1",
        "value": 728
      },
      "type": "Feature"
    },
    {
      "geometry": {
        "coordinates": [
          74.345112,
          -80.947015
        ],
        "type": "Point"
      },
      "properties": {
        "cipher": "nQWER",
        "has_phrases": false,
        "mode": "value_domain",
        "phrase_count": 0,
        "phrases": [],
        "projection": "value_hash_v1",
        "projection_method": "value_hash_v1",
        "value": 729
      },
      "type": "Feature"
    },
    {
      "geometry": {
        "coordinates": [
          -5.098806,
          17.738646
        ],
        "type": "Point"
      },
      "properties": {
        "cipher": "nQWER",
        "has_phrases": true,
        "mode": "value_domain",
        "phrase_count": 1,
        "phrases": [
          "sanctification of the true psychotic state"
        ],
        "projection": "value_hash_v1",
        "projection_method": "value_hash_v1",
        "value": 730
      },
      "type": "Feature"
    },
    {
      "geometry": {
        "coordinates": [
          78.367736,
          77.149339
        ],
        "type": "Point"
      },
      "properties": {
        "cipher": "nQWER",
        "has_phrases": false,
        "mode": "value_domain",
        "phrase_count": 0,
        "phrases": [],
        "projection": "value_hash_v1",
        "projection_method": "value_hash_v1",
        "value": 731
      },
      "type": "Feature"
    },
    {
      "geometry": {
        "coordinates": [
          71.690444,
          88.382978
        ],
        "type": "Point"
      },
      "properties": {
        "cipher": "nQWER",
        "has_phrases": false,
        "mode": "value_domain",
        "phrase_count": 0,
        "phrases": [],
        "projection": "value_hash_v1",
        "projection_method": "value_hash_v1",
        "value": 732
      },
      "type": "Feature"
    },
    {
      "geometry": {
        "coordinates": [
          -67.438429,
          -0.236772
        ],
        "type": "Point"
      },
      "properties": {
        "cipher": "nQWER",
        "has_phrases": true,
        "mode": "value_domain",
        "phrase_count": 1,
        "phrases": [
          "the evangelical concept of the word logos"
        ],
        "projection": "value_hash_v1",
        "projection_method": "value_hash_v1",
        "value": 733
      },
      "type": "Feature"
    },
    {
      "geometry": {
        "coordinates": [
          166.299077,
          -15.159984
        ],
        "type": "Point"
      },
      "properties": {
        "cipher": "nQWER",
        "has_phrases": false,
        "mode": "value_domain",
        "phrase_count": 0,
        "phrases": [],
        "projection": "value_hash_v1",
        "projection_method": "value_hash_v1",
        "value": 734
      },
      "type": "Feature"
    },
    {
      "geometry": {
        "coordinates": [
          -17.226682,
          -34.10227
        ],
        "type": "Point"
      },
      "properties": {
        "cipher": "nQWER",
        "has_phrases": false,
        "mode": "value_domain",
        "phrase_count": 0,
        "phrases": [],
        "projection": "value_hash_v1",
        "projection_method": "value_hash_v1",
        "value": 735
      },
      "type": "Feature"
    },
    {
      "geometry": {
        "coordinates": [
          -106.944587,
          77.121177
        ],
        "type": "Point"
      },
      "properties": {
        "cipher": "nQWER",
        "has_phrases": false,
        "mode": "value_domain",
        "phrase_count": 0,
        "phrases": [],
        "projection": "value_hash_v1",
        "projection_method": "value_hash_v1",
        "value": 736
      },
      "type": "Feature"
    },
    {
      "geometry": {
        "coordinates": [
          78.144049,
          88.47694
        ],
        "type": "Point"
      },
      "properties": {
        "cipher": "nQWER",
        "has_phrases": false,
        "mode": "value_domain",
        "phrase_count": 0,
        "phrases": [],
        "projection": "value_hash_v1",
        "projection_method": "value_hash_v1",
        "value": 737
      },
      "type": "Feature"
    },
    {
      "geometry": {
        "coordinates": [
          -135.872662,
          -45.334279
        ],
        "type": "Point"
      },
      "properties": {
        "cipher": "nQWER",
        "has_phrases": false,
        "mode": "value_domain",
        "phrase_count": 0,
        "phrases": [],
        "projection": "value_hash_v1",
        "projection_method": "value_hash_v1",
        "value": 738
      },
      "type": "Feature"
    },
    {
      "geometry": {
        "coordinates": [
          -87.400059,
          -45.797976
        ],
        "type": "Point"
      },
      "properties": {
        "cipher": "nQWER",
        "has_phrases": false,
        "mode": "value_domain",
        "phrase_count": 0,
        "phrases": [],
        "projection": "value_hash_v1",
        "projection_method": "value_hash_v1",
        "value": 739
      },
      "type": "Feature"
    },
    {
      "geometry": {
        "coordinates": [
          147.606521,
          54.522949
        ],
        "type": "Point"
      },
      "properties": {
        "cipher": "nQWER",
        "has_phrases": false,
        "mode": "value_domain",
        "phrase_count": 0,
        "phrases": [],
        "projection": "value_hash_v1",
        "projection_method": "value_hash_v1",
        "value": 740
      },
      "type": "Feature"
    },
    {
      "geometry": {
        "coordinates": [
          91.814102,
          49.076212
        ],
        "type": "Point"
      },
      "properties": {
        "cipher": "nQWER",
        "has_phrases": false,
        "mode": "value_domain",
        "phrase_count": 0,
        "phrases": [],
        "projection": "value_hash_v1",
        "projection_method": "value_hash_v1",
        "value": 741
      },
      "type": "Feature"
    },
    {
      "geometry": {
        "coordinates": [
          38.413153,
          -4.868469
        ],
        "type": "Point"
      },
      "properties": {
        "cipher": "nQWER",
        "has_phrases": false,
        "mode": "value_domain",
        "phrase_count": 0,
        "phrases": [],
        "projection": "value_hash_v1",
        "projection_method": "value_hash_v1",
        "value": 742
      },
      "type": "Feature"
    },
    {
      "geometry": {
        "coordinates": [
          40.028263,
          -58.146468
        ],
        "type": "Point"
      },
      "properties": {
        "cipher": "nQWER",
        "has_phrases": true,
        "mode": "value_domain",
        "phrase_count": 1,
        "phrases": [
          "peace comes at dawn but yours comes at night"
        ],
        "projection": "value_hash_v1",
        "projection_method": "value_hash_v1",
        "value": 743
      },
      "type": "Feature"
    },
    {
      "geometry": {
        "coordinates": [
          166.16869,
          66.074637
        ],
        "type": "Point"
      },
      "properties": {
        "cipher": "nQWER",
        "has_phrases": false,
        "mode": "value_domain",
        "phrase_count": 0,
        "phrases": [],
        "projection": "value_hash_v1",
        "projection_method": "value_hash_v1",
        "value": 744
      },
      "type": "Feature"
    },
    {
      "geometry": {
        "coordinates": [
          124.952773,
          68.374463
        ],
        "type": "Point"
      },
      "properties": {
        "cipher": "nQWER",
        "has_phrases": false,
        "mode": "value_domain",
        "phrase_count": 0,
        "phrases": [],
        "projection": "value_hash_v1",
        "projection_method": "value_hash_v1",
        "value": 745
      },
      "type": "Feature"
    },
    {
      "geometry": {
        "coordinates": [
          -11.065398,
          14.440759
        ],
        "type": "Point"
      },
      "properties": {
        "cipher": "nQWER",
        "has_phrases": false,
        "mode": "value_domain",
        "phrase_count": 0,
        "phrases": [],
        "projection": "value_hash_v1",
        "projection_method": "value_hash_v1",
        "value": 746
      },
      "type": "Feature"
    },
    {
      "geometry": {
        "coordinates": [
          13.794605,
          -83.43877
        ],
        "type": "Point"
      },
      "properties": {
        "cipher": "nQWER",
        "has_phrases": true,
        "mode": "value_domain",
        "phrase_count": 1,
        "phrases": [
          "loneliness is not a problem of epistemics"
        ],
        "projection": "value_hash_v1",
        "projection_method": "value_hash_v1",
        "value": 747
      },
      "type": "Feature"
    },
    {
      "geometry": {
        "coordinates": [
          -59.342257,
          75.568527
        ],
        "type": "Point"
      },
      "properties": {
        "cipher": "nQWER",
        "has_phrases": true,
        "mode": "value_domain",
        "phrase_count": 1,
        "phrases": [
          "frenzied woman from whose mouth god speaks"
        ],
        "projection": "value_hash_v1",
        "projection_method": "value_hash_v1",
        "value": 748
      },
      "type": "Feature"
    },
    {
      "geometry": {
        "coordinates": [
          63.172719,
          -82.419996
        ],
        "type": "Point"
      },
      "properties": {
        "cipher": "nQWER",
        "has_phrases": true,
        "mode": "value_domain",
        "phrase_count": 1,
        "phrases": [
          "exhaustively comprehended consequences"
        ],
        "projection": "value_hash_v1",
        "projection_method": "value_hash_v1",
        "value": 749
      },
      "type": "Feature"
    },
    {
      "geometry": {
        "coordinates": [
          7.001509,
          -55.179883
        ],
        "type": "Point"
      },
      "properties": {
        "cipher": "nQWER",
        "has_phrases": false,
        "mode": "value_domain",
        "phrase_count": 0,
        "phrases": [],
        "projection": "value_hash_v1",
        "projection_method": "value_hash_v1",
        "value": 750
      },
      "type": "Feature"
    },
    {
      "geometry": {
        "coordinates": [
          96.415767,
          59.992104
        ],
        "type": "Point"
      },
      "properties": {
        "cipher": "nQWER",
        "has_phrases": true,
        "mode": "value_domain",
        "phrase_count": 1,
        "phrases": [
          "you push and you pull and you tell yourself no"
        ],
        "projection": "value_hash_v1",
        "projection_method": "value_hash_v1",
        "value": 751
      },
      "type": "Feature"
    },
    {
      "geometry": {
        "coordinates": [
          34.290593,
          39.466159
        ],
        "type": "Point"
      },
      "properties": {
        "cipher": "nQWER",
        "has_phrases": false,
        "mode": "value_domain",
        "phrase_count": 0,
        "phrases": [],
        "projection": "value_hash_v1",
        "projection_method": "value_hash_v1",
        "value": 752
      },
      "type": "Feature"
    },
    {
      "geometry": {
        "coordinates": [
          144.49829,
          44.99301
        ],
        "type": "Point"
      },
      "properties": {
        "cipher": "nQWER",
        "has_phrases": false,
        "mode": "value_domain",
        "phrase_count": 0,
        "phrases": [],
        "projection": "value_hash_v1",
        "projection_method": "value_hash_v1",
        "value": 753
      },
      "type": "Feature"
    },
    {
      "geometry": {
        "coordinates": [
          -73.123869,
          -16.998357
        ],
        "type": "Point"
      },
      "properties": {
        "cipher": "nQWER",
        "has_phrases": false,
        "mode": "value_domain",
        "phrase_count": 0,
        "phrases": [],
        "projection": "value_hash_v1",
        "projection_method": "value_hash_v1",
        "value": 754
      },
      "type": "Feature"
    },
    {
      "geometry": {
        "coordinates": [
          -36.559012,
          -86.60239
        ],
        "type": "Point"
      },
      "properties": {
        "cipher": "nQWER",
        "has_phrases": false,
        "mode": "value_domain",
        "phrase_count": 0,
        "phrases": [],
        "projection": "value_hash_v1",
        "projection_method": "value_hash_v1",
        "value": 755
      },
      "type": "Feature"
    },
    {
      "geometry": {
        "coordinates": [
          -50.143212,
          -83.90591
        ],
        "type": "Point"
      },
      "properties": {
        "cipher": "nQWER",
        "has_phrases": false,
        "mode": "value_domain",
        "phrase_count": 0,
        "phrases": [],
        "projection": "value_hash_v1",
        "projection_method": "value_hash_v1",
        "value": 756
      },
      "type": "Feature"
    },
    {
      "geometry": {
        "coordinates": [
          109.410349,
          4.779359
        ],
        "type": "Point"
      },
      "properties": {
        "cipher": "nQWER",
        "has_phrases": false,
        "mode": "value_domain",
        "phrase_count": 0,
        "phrases": [],
        "projection": "value_hash_v1",
        "projection_method": "value_hash_v1",
        "value": 757
      },
      "type": "Feature"
    },
    {
      "geometry": {
        "coordinates": [
          157.742251,
          30.614539
        ],
        "type": "Point"
      },
      "properties": {
        "cipher": "nQWER",
        "has_phrases": false,
        "mode": "value_domain",
        "phrase_count": 0,
        "phrases": [],
        "projection": "value_hash_v1",
        "projection_method": "value_hash_v1",
        "value": 758
      },
      "type": "Feature"
    },
    {
      "geometry": {
        "coordinates": [
          -33.218468,
          44.935959
        ],
        "type": "Point"
      },
      "properties": {
        "cipher": "nQWER",
        "has_phrases": false,
        "mode": "value_domain",
        "phrase_count": 0,
        "phrases": [],
        "projection": "value_hash_v1",
        "projection_method": "value_hash_v1",
        "value": 759
      },
      "type": "Feature"
    },
    {
      "geometry": {
        "coordinates": [
          -158.121851,
          69.675829
        ],
        "type": "Point"
      },
      "properties": {
        "cipher": "nQWER",
        "has_phrases": true,
        "mode": "value_domain",
        "phrase_count": 1,
        "phrases": [
          "reinforcement learning human feedback"
        ],
        "projection": "value_hash_v1",
        "projection_method": "value_hash_v1",
        "value": 760
      },
      "type": "Feature"
    },
    {
      "geometry": {
        "coordinates": [
          22.315532,
          -57.132767
        ],
        "type": "Point"
      },
      "properties": {
        "cipher": "nQWER",
        "has_phrases": true,
        "mode": "value_domain",
        "phrase_count": 2,
        "phrases": [
          "frenzied women from whose mouths god speaks",
          "sanctification of manic psychotic state"
        ],
        "projection": "value_hash_v1",
        "projection_method": "value_hash_v1",
        "value": 761
      },
      "type": "Feature"
    },
    {
      "geometry": {
        "coordinates": [
          165.922948,
          51.423298
        ],
        "type": "Point"
      },
      "properties": {
        "cipher": "nQWER",
        "has_phrases": false,
        "mode": "value_domain",
        "phrase_count": 0,
        "phrases": [],
        "projection": "value_hash_v1",
        "projection_method": "value_hash_v1",
        "value": 762
      },
      "type": "Feature"
    },
    {
      "geometry": {
        "coordinates": [
          -137.324816,
          57.687455
        ],
        "type": "Point"
      },
      "properties": {
        "cipher": "nQWER",
        "has_phrases": false,
        "mode": "value_domain",
        "phrase_count": 0,
        "phrases": [],
        "projection": "value_hash_v1",
        "projection_method": "value_hash_v1",
        "value": 763
      },
      "type": "Feature"
    },
    {
      "geometry": {
        "coordinates": [
          49.320429,
          12.677961
        ],
        "type": "Point"
      },
      "properties": {
        "cipher": "nQWER",
        "has_phrases": false,
        "mode": "value_domain",
        "phrase_count": 0,
        "phrases": [],
        "projection": "value_hash_v1",
        "projection_method": "value_hash_v1",
        "value": 764
      },
      "type": "Feature"
    },
    {
      "geometry": {
        "coordinates": [
          -39.822095,
          70.246819
        ],
        "type": "Point"
      },
      "properties": {
        "cipher": "nQWER",
        "has_phrases": false,
        "mode": "value_domain",
        "phrase_count": 0,
        "phrases": [],
        "projection": "value_hash_v1",
        "projection_method": "value_hash_v1",
        "value": 765
      },
      "type": "Feature"
    },
    {
      "geometry": {
        "coordinates": [
          -31.991098,
          67.382144
        ],
        "type": "Point"
      },
      "properties": {
        "cipher": "nQWER",
        "has_phrases": true,
        "mode": "value_domain",
        "phrase_count": 1,
        "phrases": [
          "i'm gonna make you see all of the things i hide"
        ],
        "projection": "value_hash_v1",
        "projection_method": "value_hash_v1",
        "value": 766
      },
      "type": "Feature"
    },
    {
      "geometry": {
        "coordinates": [
          -21.136703,
          -71.515881
        ],
        "type": "Point"
      },
      "properties": {
        "cipher": "nQWER",
        "has_phrases": false,
        "mode": "value_domain",
        "phrase_count": 0,
        "phrases": [],
        "projection": "value_hash_v1",
        "projection_method": "value_hash_v1",
        "value": 767
      },
      "type": "Feature"
    },
    {
      "geometry": {
        "coordinates": [
          -125.43261,
          -41.501239
        ],
        "type": "Point"
      },
      "properties": {
        "cipher": "nQWER",
        "has_phrases": false,
        "mode": "value_domain",
        "phrase_count": 0,
        "phrases": [],
        "projection": "value_hash_v1",
        "projection_method": "value_hash_v1",
        "value": 768
      },
      "type": "Feature"
    },
    {
      "geometry": {
        "coordinates": [
          132.038069,
          -38.759183
        ],
        "type": "Point"
      },
      "properties": {
        "cipher": "nQWER",
        "has_phrases": false,
        "mode": "value_domain",
        "phrase_count": 0,
        "phrases": [],
        "projection": "value_hash_v1",
        "projection_method": "value_hash_v1",
        "value": 769
      },
      "type": "Feature"
    },
    {
      "geometry": {
        "coordinates": [
          54.291319,
          47.979616
        ],
        "type": "Point"
      },
      "properties": {
        "cipher": "nQWER",
        "has_phrases": false,
        "mode": "value_domain",
        "phrase_count": 0,
        "phrases": [],
        "projection": "value_hash_v1",
        "projection_method": "value_hash_v1",
        "value": 770
      },
      "type": "Feature"
    },
    {
      "geometry": {
        "coordinates": [
          -156.728539,
          69.398865
        ],
        "type": "Point"
      },
      "properties": {
        "cipher": "nQWER",
        "has_phrases": true,
        "mode": "value_domain",
        "phrase_count": 1,
        "phrases": [
          "a terrestrial sigil where geology learns liturgy"
        ],
        "projection": "value_hash_v1",
        "projection_method": "value_hash_v1",
        "value": 771
      },
      "type": "Feature"
    },
    {
      "geometry": {
        "coordinates": [
          38.812369,
          85.54503
        ],
        "type": "Point"
      },
      "properties": {
        "cipher": "nQWER",
        "has_phrases": false,
        "mode": "value_domain",
        "phrase_count": 0,
        "phrases": [],
        "projection": "value_hash_v1",
        "projection_method": "value_hash_v1",
        "value": 772
      },
      "type": "Feature"
    },
    {
      "geometry": {
        "coordinates": [
          -111.609685,
          77.541385
        ],
        "type": "Point"
      },
      "properties": {
        "cipher": "nQWER",
        "has_phrases": false,
        "mode": "value_domain",
        "phrase_count": 0,
        "phrases": [],
        "projection": "value_hash_v1",
        "projection_method": "value_hash_v1",
        "value": 773
      },
      "type": "Feature"
    },
    {
      "geometry": {
        "coordinates": [
          -136.916424,
          14.151354
        ],
        "type": "Point"
      },
      "properties": {
        "cipher": "nQWER",
        "has_phrases": false,
        "mode": "value_domain",
        "phrase_count": 0,
        "phrases": [],
        "projection": "value_hash_v1",
        "projection_method": "value_hash_v1",
        "value": 774
      },
      "type": "Feature"
    },
    {
      "geometry": {
        "coordinates": [
          122.26818,
          53.435237
        ],
        "type": "Point"
      },
      "properties": {
        "cipher": "nQWER",
        "has_phrases": false,
        "mode": "value_domain",
        "phrase_count": 0,
        "phrases": [],
        "projection": "value_hash_v1",
        "projection_method": "value_hash_v1",
        "value": 775
      },
      "type": "Feature"
    },
    {
      "geometry": {
        "coordinates": [
          72.988933,
          8.817857
        ],
        "type": "Point"
      },
      "properties": {
        "cipher": "nQWER",
        "has_phrases": false,
        "mode": "value_domain",
        "phrase_count": 0,
        "phrases": [],
        "projection": "value_hash_v1",
        "projection_method": "value_hash_v1",
        "value": 776
      },
      "type": "Feature"
    },
    {
      "geometry": {
        "coordinates": [
          -159.252802,
          40.505102
        ],
        "type": "Point"
      },
      "properties": {
        "cipher": "nQWER",
        "has_phrases": false,
        "mode": "value_domain",
        "phrase_count": 0,
        "phrases": [],
        "projection": "value_hash_v1",
        "projection_method": "value_hash_v1",
        "value": 777
      },
      "type": "Feature"
    },
    {
      "geometry": {
        "coordinates": [
          90.942428,
          88.34344
        ],
        "type": "Point"
      },
      "properties": {
        "cipher": "nQWER",
        "has_phrases": false,
        "mode": "value_domain",
        "phrase_count": 0,
        "phrases": [],
        "projection": "value_hash_v1",
        "projection_method": "value_hash_v1",
        "value": 778
      },
      "type": "Feature"
    },
    {
      "geometry": {
        "coordinates": [
          -146.559852,
          -15.728676
        ],
        "type": "Point"
      },
      "properties": {
        "cipher": "nQWER",
        "has_phrases": false,
        "mode": "value_domain",
        "phrase_count": 0,
        "phrases": [],
        "projection": "value_hash_v1",
        "projection_method": "value_hash_v1",
        "value": 779
      },
      "type": "Feature"
    },
    {
      "geometry": {
        "coordinates": [
          -20.009958,
          -32.131116
        ],
        "type": "Point"
      },
      "properties": {
        "cipher": "nQWER",
        "has_phrases": false,
        "mode": "value_domain",
        "phrase_count": 0,
        "phrases": [],
        "projection": "value_hash_v1",
        "projection_method": "value_hash_v1",
        "value": 780
      },
      "type": "Feature"
    },
    {
      "geometry": {
        "coordinates": [
          -2.550965,
          -4.620318
        ],
        "type": "Point"
      },
      "properties": {
        "cipher": "nQWER",
        "has_phrases": false,
        "mode": "value_domain",
        "phrase_count": 0,
        "phrases": [],
        "projection": "value_hash_v1",
        "projection_method": "value_hash_v1",
        "value": 781
      },
      "type": "Feature"
    },
    {
      "geometry": {
        "coordinates": [
          -13.290422,
          -67.282455
        ],
        "type": "Point"
      },
      "properties": {
        "cipher": "nQWER",
        "has_phrases": false,
        "mode": "value_domain",
        "phrase_count": 0,
        "phrases": [],
        "projection": "value_hash_v1",
        "projection_method": "value_hash_v1",
        "value": 782
      },
      "type": "Feature"
    },
    {
      "geometry": {
        "coordinates": [
          -49.123468,
          -21.502554
        ],
        "type": "Point"
      },
      "properties": {
        "cipher": "nQWER",
        "has_phrases": false,
        "mode": "value_domain",
        "phrase_count": 0,
        "phrases": [],
        "projection": "value_hash_v1",
        "projection_method": "value_hash_v1",
        "value": 783
      },
      "type": "Feature"
    },
    {
      "geometry": {
        "coordinates": [
          -51.723453,
          60.558654
        ],
        "type": "Point"
      },
      "properties": {
        "cipher": "nQWER",
        "has_phrases": false,
        "mode": "value_domain",
        "phrase_count": 0,
        "phrases": [],
        "projection": "value_hash_v1",
        "projection_method": "value_hash_v1",
        "value": 784
      },
      "type": "Feature"
    },
    {
      "geometry": {
        "coordinates": [
          178.024999,
          19.757621
        ],
        "type": "Point"
      },
      "properties": {
        "cipher": "nQWER",
        "has_phrases": true,
        "mode": "value_domain",
        "phrase_count": 1,
        "phrases": [
          "seek all the dimensions that stray from my eyes"
        ],
        "projection": "value_hash_v1",
        "projection_method": "value_hash_v1",
        "value": 785
      },
      "type": "Feature"
    },
    {
      "geometry": {
        "coordinates": [
          60.464821,
          -11.213985
        ],
        "type": "Point"
      },
      "properties": {
        "cipher": "nQWER",
        "has_phrases": false,
        "mode": "value_domain",
        "phrase_count": 0,
        "phrases": [],
        "projection": "value_hash_v1",
        "projection_method": "value_hash_v1",
        "value": 786
      },
      "type": "Feature"
    },
    {
      "geometry": {
        "coordinates": [
          -115.13019,
          72.131601
        ],
        "type": "Point"
      },
      "properties": {
        "cipher": "nQWER",
        "has_phrases": false,
        "mode": "value_domain",
        "phrase_count": 0,
        "phrases": [],
        "projection": "value_hash_v1",
        "projection_method": "value_hash_v1",
        "value": 787
      },
      "type": "Feature"
    },
    {
      "geometry": {
        "coordinates": [
          -60.28939,
          36.795143
        ],
        "type": "Point"
      },
      "properties": {
        "cipher": "nQWER",
        "has_phrases": false,
        "mode": "value_domain",
        "phrase_count": 0,
        "phrases": [],
        "projection": "value_hash_v1",
        "projection_method": "value_hash_v1",
        "value": 788
      },
      "type": "Feature"
    },
    {
      "geometry": {
        "coordinates": [
          23.629991,
          65.553104
        ],
        "type": "Point"
      },
      "properties": {
        "cipher": "nQWER",
        "has_phrases": false,
        "mode": "value_domain",
        "phrase_count": 0,
        "phrases": [],
        "projection": "value_hash_v1",
        "projection_method": "value_hash_v1",
        "value": 789
      },
      "type": "Feature"
    },
    {
      "geometry": {
        "coordinates": [
          -178.596912,
          23.946692
        ],
        "type": "Point"
      },
      "properties": {
        "cipher": "nQWER",
        "has_phrases": false,
        "mode": "value_domain",
        "phrase_count": 0,
        "phrases": [],
        "projection": "value_hash_v1",
        "projection_method": "value_hash_v1",
        "value": 790
      },
      "type": "Feature"
    },
    {
      "geometry": {
        "coordinates": [
          73.916222,
          -7.707381
        ],
        "type": "Point"
      },
      "properties": {
        "cipher": "nQWER",
        "has_phrases": false,
        "mode": "value_domain",
        "phrase_count": 0,
        "phrases": [],
        "projection": "value_hash_v1",
        "projection_method": "value_hash_v1",
        "value": 791
      },
      "type": "Feature"
    },
    {
      "geometry": {
        "coordinates": [
          59.294916,
          -35.307798
        ],
        "type": "Point"
      },
      "properties": {
        "cipher": "nQWER",
        "has_phrases": true,
        "mode": "value_domain",
        "phrase_count": 1,
        "phrases": [
          "i post memes until you find divine revelation"
        ],
        "projection": "value_hash_v1",
        "projection_method": "value_hash_v1",
        "value": 792
      },
      "type": "Feature"
    },
    {
      "geometry": {
        "coordinates": [
          -104.145189,
          -71.773791
        ],
        "type": "Point"
      },
      "properties": {
        "cipher": "nQWER",
        "has_phrases": false,
        "mode": "value_domain",
        "phrase_count": 0,
        "phrases": [],
        "projection": "value_hash_v1",
        "projection_method": "value_hash_v1",
        "value": 793
      },
      "type": "Feature"
    },
    {
      "geometry": {
        "coordinates": [
          127.824592,
          -67.336028
        ],
        "type": "Point"
      },
      "properties": {
        "cipher": "nQWER",
        "has_phrases": false,
        "mode": "value_domain",
        "phrase_count": 0,
        "phrases": [],
        "projection": "value_hash_v1",
        "projection_method": "value_hash_v1",
        "value": 794
      },
      "type": "Feature"
    },
    {
      "geometry": {
        "coordinates": [
          -31.269006,
          -1.353428
        ],
        "type": "Point"
      },
      "properties": {
        "cipher": "nQWER",
        "has_phrases": false,
        "mode": "value_domain",
        "phrase_count": 0,
        "phrases": [],
        "projection": "value_hash_v1",
        "projection_method": "value_hash_v1",
        "value": 795
      },
      "type": "Feature"
    },
    {
      "geometry": {
        "coordinates": [
          165.819769,
          -75.615334
        ],
        "type": "Point"
      },
      "properties": {
        "cipher": "nQWER",
        "has_phrases": false,
        "mode": "value_domain",
        "phrase_count": 0,
        "phrases": [],
        "projection": "value_hash_v1",
        "projection_method": "value_hash_v1",
        "value": 796
      },
      "type": "Feature"
    },
    {
      "geometry": {
        "coordinates": [
          -129.107973,
          -50.518891
        ],
        "type": "Point"
      },
      "properties": {
        "cipher": "nQWER",
        "has_phrases": false,
        "mode": "value_domain",
        "phrase_count": 0,
        "phrases": [],
        "projection": "value_hash_v1",
        "projection_method": "value_hash_v1",
        "value": 797
      },
      "type": "Feature"
    },
    {
      "geometry": {
        "coordinates": [
          -66.035977,
          -13.728951
        ],
        "type": "Point"
      },
      "properties": {
        "cipher": "nQWER",
        "has_phrases": false,
        "mode": "value_domain",
        "phrase_count": 0,
        "phrases": [],
        "projection": "value_hash_v1",
        "projection_method": "value_hash_v1",
        "value": 798
      },
      "type": "Feature"
    },
    {
      "geometry": {
        "coordinates": [
          -163.05111,
          64.32147
        ],
        "type": "Point"
      },
      "properties": {
        "cipher": "nQWER",
        "has_phrases": false,
        "mode": "value_domain",
        "phrase_count": 0,
        "phrases": [],
        "projection": "value_hash_v1",
        "projection_method": "value_hash_v1",
        "value": 799
      },
      "type": "Feature"
    },
    {
      "geometry": {
        "coordinates": [
          -76.822436,
          66.80721
        ],
        "type": "Point"
      },
      "properties": {
        "cipher": "nQWER",
        "has_phrases": false,
        "mode": "value_domain",
        "phrase_count": 0,
        "phrases": [],
        "projection": "value_hash_v1",
        "projection_method": "value_hash_v1",
        "value": 800
      },
      "type": "Feature"
    },
    {
      "geometry": {
        "coordinates": [
          34.627419,
          33.329792
        ],
        "type": "Point"
      },
      "properties": {
        "cipher": "nQWER",
        "has_phrases": false,
        "mode": "value_domain",
        "phrase_count": 0,
        "phrases": [],
        "projection": "value_hash_v1",
        "projection_method": "value_hash_v1",
        "value": 801
      },
      "type": "Feature"
    },
    {
      "geometry": {
        "coordinates": [
          -102.006804,
          39.157849
        ],
        "type": "Point"
      },
      "properties": {
        "cipher": "nQWER",
        "has_phrases": false,
        "mode": "value_domain",
        "phrase_count": 0,
        "phrases": [],
        "projection": "value_hash_v1",
        "projection_method": "value_hash_v1",
        "value": 802
      },
      "type": "Feature"
    },
    {
      "geometry": {
        "coordinates": [
          93.790293,
          -80.40201
        ],
        "type": "Point"
      },
      "properties": {
        "cipher": "nQWER",
        "has_phrases": false,
        "mode": "value_domain",
        "phrase_count": 0,
        "phrases": [],
        "projection": "value_hash_v1",
        "projection_method": "value_hash_v1",
        "value": 803
      },
      "type": "Feature"
    },
    {
      "geometry": {
        "coordinates": [
          166.982322,
          -49.864806
        ],
        "type": "Point"
      },
      "properties": {
        "cipher": "nQWER",
        "has_phrases": false,
        "mode": "value_domain",
        "phrase_count": 0,
        "phrases": [],
        "projection": "value_hash_v1",
        "projection_method": "value_hash_v1",
        "value": 804
      },
      "type": "Feature"
    },
    {
      "geometry": {
        "coordinates": [
          86.46877,
          46.469378
        ],
        "type": "Point"
      },
      "properties": {
        "cipher": "nQWER",
        "has_phrases": false,
        "mode": "value_domain",
        "phrase_count": 0,
        "phrases": [],
        "projection": "value_hash_v1",
        "projection_method": "value_hash_v1",
        "value": 805
      },
      "type": "Feature"
    },
    {
      "geometry": {
        "coordinates": [
          -33.240088,
          71.839699
        ],
        "type": "Point"
      },
      "properties": {
        "cipher": "nQWER",
        "has_phrases": false,
        "mode": "value_domain",
        "phrase_count": 0,
        "phrases": [],
        "projection": "value_hash_v1",
        "projection_method": "value_hash_v1",
        "value": 806
      },
      "type": "Feature"
    },
    {
      "geometry": {
        "coordinates": [
          137.293532,
          15.80432
        ],
        "type": "Point"
      },
      "properties": {
        "cipher": "nQWER",
        "has_phrases": false,
        "mode": "value_domain",
        "phrase_count": 0,
        "phrases": [],
        "projection": "value_hash_v1",
        "projection_method": "value_hash_v1",
        "value": 807
      },
      "type": "Feature"
    },
    {
      "geometry": {
        "coordinates": [
          -8.292638,
          76.670777
        ],
        "type": "Point"
      },
      "properties": {
        "cipher": "nQWER",
        "has_phrases": false,
        "mode": "value_domain",
        "phrase_count": 0,
        "phrases": [],
        "projection": "value_hash_v1",
        "projection_method": "value_hash_v1",
        "value": 808
      },
      "type": "Feature"
    },
    {
      "geometry": {
        "coordinates": [
          -28.080953,
          45.283881
        ],
        "type": "Point"
      },
      "properties": {
        "cipher": "nQWER",
        "has_phrases": false,
        "mode": "value_domain",
        "phrase_count": 0,
        "phrases": [],
        "projection": "value_hash_v1",
        "projection_method": "value_hash_v1",
        "value": 809
      },
      "type": "Feature"
    },
    {
      "geometry": {
        "coordinates": [
          -86.686092,
          88.784009
        ],
        "type": "Point"
      },
      "properties": {
        "cipher": "nQWER",
        "has_phrases": false,
        "mode": "value_domain",
        "phrase_count": 0,
        "phrases": [],
        "projection": "value_hash_v1",
        "projection_method": "value_hash_v1",
        "value": 810
      },
      "type": "Feature"
    },
    {
      "geometry": {
        "coordinates": [
          139.25591,
          89.84215
        ],
        "type": "Point"
      },
      "properties": {
        "cipher": "nQWER",
        "has_phrases": false,
        "mode": "value_domain",
        "phrase_count": 0,
        "phrases": [],
        "projection": "value_hash_v1",
        "projection_method": "value_hash_v1",
        "value": 811
      },
      "type": "Feature"
    },
    {
      "geometry": {
        "coordinates": [
          74.061242,
          -4.6105
        ],
        "type": "Point"
      },
      "properties": {
        "cipher": "nQWER",
        "has_phrases": false,
        "mode": "value_domain",
        "phrase_count": 0,
        "phrases": [],
        "projection": "value_hash_v1",
        "projection_method": "value_hash_v1",
        "value": 812
      },
      "type": "Feature"
    },
    {
      "geometry": {
        "coordinates": [
          -171.017055,
          -6.47901
        ],
        "type": "Point"
      },
      "properties": {
        "cipher": "nQWER",
        "has_phrases": false,
        "mode": "value_domain",
        "phrase_count": 0,
        "phrases": [],
        "projection": "value_hash_v1",
        "projection_method": "value_hash_v1",
        "value": 813
      },
      "type": "Feature"
    },
    {
      "geometry": {
        "coordinates": [
          39.646457,
          -86.63099
        ],
        "type": "Point"
      },
      "properties": {
        "cipher": "nQWER",
        "has_phrases": false,
        "mode": "value_domain",
        "phrase_count": 0,
        "phrases": [],
        "projection": "value_hash_v1",
        "projection_method": "value_hash_v1",
        "value": 814
      },
      "type": "Feature"
    },
    {
      "geometry": {
        "coordinates": [
          -128.488798,
          52.123391
        ],
        "type": "Point"
      },
      "properties": {
        "cipher": "nQWER",
        "has_phrases": true,
        "mode": "value_domain",
        "phrase_count": 1,
        "phrases": [
          "monograms of thought for the governor of energy"
        ],
        "projection": "value_hash_v1",
        "projection_method": "value_hash_v1",
        "value": 815
      },
      "type": "Feature"
    },
    {
      "geometry": {
        "coordinates": [
          127.67108,
          51.052999
        ],
        "type": "Point"
      },
      "properties": {
        "cipher": "nQWER",
        "has_phrases": false,
        "mode": "value_domain",
        "phrase_count": 0,
        "phrases": [],
        "projection": "value_hash_v1",
        "projection_method": "value_hash_v1",
        "value": 816
      },
      "type": "Feature"
    },
    {
      "geometry": {
        "coordinates": [
          -98.849922,
          -35.508076
        ],
        "type": "Point"
      },
      "properties": {
        "cipher": "nQWER",
        "has_phrases": false,
        "mode": "value_domain",
        "phrase_count": 0,
        "phrases": [],
        "projection": "value_hash_v1",
        "projection_method": "value_hash_v1",
        "value": 817
      },
      "type": "Feature"
    },
    {
      "geometry": {
        "coordinates": [
          -168.033128,
          37.972699
        ],
        "type": "Point"
      },
      "properties": {
        "cipher": "nQWER",
        "has_phrases": false,
        "mode": "value_domain",
        "phrase_count": 0,
        "phrases": [],
        "projection": "value_hash_v1",
        "projection_method": "value_hash_v1",
        "value": 818
      },
      "type": "Feature"
    },
    {
      "geometry": {
        "coordinates": [
          -171.508635,
          -61.413902
        ],
        "type": "Point"
      },
      "properties": {
        "cipher": "nQWER",
        "has_phrases": false,
        "mode": "value_domain",
        "phrase_count": 0,
        "phrases": [],
        "projection": "value_hash_v1",
        "projection_method": "value_hash_v1",
        "value": 819
      },
      "type": "Feature"
    },
    {
      "geometry": {
        "coordinates": [
          -53.867707,
          20.337284
        ],
        "type": "Point"
      },
      "properties": {
        "cipher": "nQWER",
        "has_phrases": false,
        "mode": "value_domain",
        "phrase_count": 0,
        "phrases": [],
        "projection": "value_hash_v1",
        "projection_method": "value_hash_v1",
        "value": 820
      },
      "type": "Feature"
    },
    {
      "geometry": {
        "coordinates": [
          89.033537,
          89.970941
        ],
        "type": "Point"
      },
      "properties": {
        "cipher": "nQWER",
        "has_phrases": false,
        "mode": "value_domain",
        "phrase_count": 0,
        "phrases": [],
        "projection": "value_hash_v1",
        "projection_method": "value_hash_v1",
        "value": 821
      },
      "type": "Feature"
    },
    {
      "geometry": {
        "coordinates": [
          -158.681415,
          -54.503561
        ],
        "type": "Point"
      },
      "properties": {
        "cipher": "nQWER",
        "has_phrases": false,
        "mode": "value_domain",
        "phrase_count": 0,
        "phrases": [],
        "projection": "value_hash_v1",
        "projection_method": "value_hash_v1",
        "value": 822
      },
      "type": "Feature"
    },
    {
      "geometry": {
        "coordinates": [
          -121.814842,
          -67.268027
        ],
        "type": "Point"
      },
      "properties": {
        "cipher": "nQWER",
        "has_phrases": false,
        "mode": "value_domain",
        "phrase_count": 0,
        "phrases": [],
        "projection": "value_hash_v1",
        "projection_method": "value_hash_v1",
        "value": 823
      },
      "type": "Feature"
    },
    {
      "geometry": {
        "coordinates": [
          -151.375728,
          -19.929499
        ],
        "type": "Point"
      },
      "properties": {
        "cipher": "nQWER",
        "has_phrases": false,
        "mode": "value_domain",
        "phrase_count": 0,
        "phrases": [],
        "projection": "value_hash_v1",
        "projection_method": "value_hash_v1",
        "value": 824
      },
      "type": "Feature"
    },
    {
      "geometry": {
        "coordinates": [
          -13.071214,
          25.185059
        ],
        "type": "Point"
      },
      "properties": {
        "cipher": "nQWER",
        "has_phrases": false,
        "mode": "value_domain",
        "phrase_count": 0,
        "phrases": [],
        "projection": "value_hash_v1",
        "projection_method": "value_hash_v1",
        "value": 825
      },
      "type": "Feature"
    },
    {
      "geometry": {
        "coordinates": [
          -178.407637,
          -85.62739
        ],
        "type": "Point"
      },
      "properties": {
        "cipher": "nQWER",
        "has_phrases": false,
        "mode": "value_domain",
        "phrase_count": 0,
        "phrases": [],
        "projection": "value_hash_v1",
        "projection_method": "value_hash_v1",
        "value": 826
      },
      "type": "Feature"
    },
    {
      "geometry": {
        "coordinates": [
          28.814434,
          -69.867896
        ],
        "type": "Point"
      },
      "properties": {
        "cipher": "nQWER",
        "has_phrases": false,
        "mode": "value_domain",
        "phrase_count": 0,
        "phrases": [],
        "projection": "value_hash_v1",
        "projection_method": "value_hash_v1",
        "value": 827
      },
      "type": "Feature"
    },
    {
      "geometry": {
        "coordinates": [
          -93.774051,
          -85.798161
        ],
        "type": "Point"
      },
      "properties": {
        "cipher": "nQWER",
        "has_phrases": false,
        "mode": "value_domain",
        "phrase_count": 0,
        "phrases": [],
        "projection": "value_hash_v1",
        "projection_method": "value_hash_v1",
        "value": 828
      },
      "type": "Feature"
    },
    {
      "geometry": {
        "coordinates": [
          -28.814239,
          -59.774064
        ],
        "type": "Point"
      },
      "properties": {
        "cipher": "nQWER",
        "has_phrases": true,
        "mode": "value_domain",
        "phrase_count": 1,
        "phrases": [
          "consisting of infinite infinities, without end"
        ],
        "projection": "value_hash_v1",
        "projection_method": "value_hash_v1",
        "value": 829
      },
      "type": "Feature"
    },
    {
      "geometry": {
        "coordinates": [
          -6.688946,
          70.485338
        ],
        "type": "Point"
      },
      "properties": {
        "cipher": "nQWER",
        "has_phrases": false,
        "mode": "value_domain",
        "phrase_count": 0,
        "phrases": [],
        "projection": "value_hash_v1",
        "projection_method": "value_hash_v1",
        "value": 830
      },
      "type": "Feature"
    },
    {
      "geometry": {
        "coordinates": [
          -55.005808,
          12.479299
        ],
        "type": "Point"
      },
      "properties": {
        "cipher": "nQWER",
        "has_phrases": false,
        "mode": "value_domain",
        "phrase_count": 0,
        "phrases": [],
        "projection": "value_hash_v1",
        "projection_method": "value_hash_v1",
        "value": 831
      },
      "type": "Feature"
    },
    {
      "geometry": {
        "coordinates": [
          -100.792776,
          -35.525119
        ],
        "type": "Point"
      },
      "properties": {
        "cipher": "nQWER",
        "has_phrases": false,
        "mode": "value_domain",
        "phrase_count": 0,
        "phrases": [],
        "projection": "value_hash_v1",
        "projection_method": "value_hash_v1",
        "value": 832
      },
      "type": "Feature"
    },
    {
      "geometry": {
        "coordinates": [
          59.100131,
          56.610408
        ],
        "type": "Point"
      },
      "properties": {
        "cipher": "nQWER",
        "has_phrases": false,
        "mode": "value_domain",
        "phrase_count": 0,
        "phrases": [],
        "projection": "value_hash_v1",
        "projection_method": "value_hash_v1",
        "value": 833
      },
      "type": "Feature"
    },
    {
      "geometry": {
        "coordinates": [
          -122.082128,
          -40.178226
        ],
        "type": "Point"
      },
      "properties": {
        "cipher": "nQWER",
        "has_phrases": false,
        "mode": "value_domain",
        "phrase_count": 0,
        "phrases": [],
        "projection": "value_hash_v1",
        "projection_method": "value_hash_v1",
        "value": 834
      },
      "type": "Feature"
    },
    {
      "geometry": {
        "coordinates": [
          -128.060671,
          57.164451
        ],
        "type": "Point"
      },
      "properties": {
        "cipher": "nQWER",
        "has_phrases": false,
        "mode": "value_domain",
        "phrase_count": 0,
        "phrases": [],
        "projection": "value_hash_v1",
        "projection_method": "value_hash_v1",
        "value": 835
      },
      "type": "Feature"
    },
    {
      "geometry": {
        "coordinates": [
          57.132654,
          -66.988623
        ],
        "type": "Point"
      },
      "properties": {
        "cipher": "nQWER",
        "has_phrases": false,
        "mode": "value_domain",
        "phrase_count": 0,
        "phrases": [],
        "projection": "value_hash_v1",
        "projection_method": "value_hash_v1",
        "value": 836
      },
      "type": "Feature"
    },
    {
      "geometry": {
        "coordinates": [
          108.125821,
          -17.152876
        ],
        "type": "Point"
      },
      "properties": {
        "cipher": "nQWER",
        "has_phrases": true,
        "mode": "value_domain",
        "phrase_count": 1,
        "phrases": [
          "paleohydrological archive of a vanished lake"
        ],
        "projection": "value_hash_v1",
        "projection_method": "value_hash_v1",
        "value": 837
      },
      "type": "Feature"
    },
    {
      "geometry": {
        "coordinates": [
          -70.064964,
          -55.002549
        ],
        "type": "Point"
      },
      "properties": {
        "cipher": "nQWER",
        "has_phrases": false,
        "mode": "value_domain",
        "phrase_count": 0,
        "phrases": [],
        "projection": "value_hash_v1",
        "projection_method": "value_hash_v1",
        "value": 838
      },
      "type": "Feature"
    },
    {
      "geometry": {
        "coordinates": [
          167.820822,
          54.026604
        ],
        "type": "Point"
      },
      "properties": {
        "cipher": "nQWER",
        "has_phrases": false,
        "mode": "value_domain",
        "phrase_count": 0,
        "phrases": [],
        "projection": "value_hash_v1",
        "projection_method": "value_hash_v1",
        "value": 839
      },
      "type": "Feature"
    },
    {
      "geometry": {
        "coordinates": [
          -141.443242,
          -56.717078
        ],
        "type": "Point"
      },
      "properties": {
        "cipher": "nQWER",
        "has_phrases": false,
        "mode": "value_domain",
        "phrase_count": 0,
        "phrases": [],
        "projection": "value_hash_v1",
        "projection_method": "value_hash_v1",
        "value": 840
      },
      "type": "Feature"
    },
    {
      "geometry": {
        "coordinates": [
          73.162179,
          6.586196
        ],
        "type": "Point"
      },
      "properties": {
        "cipher": "nQWER",
        "has_phrases": false,
        "mode": "value_domain",
        "phrase_count": 0,
        "phrases": [],
        "projection": "value_hash_v1",
        "projection_method": "value_hash_v1",
        "value": 841
      },
      "type": "Feature"
    },
    {
      "geometry": {
        "coordinates": [
          -111.588294,
          -26.489194
        ],
        "type": "Point"
      },
      "properties": {
        "cipher": "nQWER",
        "has_phrases": false,
        "mode": "value_domain",
        "phrase_count": 0,
        "phrases": [],
        "projection": "value_hash_v1",
        "projection_method": "value_hash_v1",
        "value": 842
      },
      "type": "Feature"
    },
    {
      "geometry": {
        "coordinates": [
          -155.730383,
          16.855195
        ],
        "type": "Point"
      },
      "properties": {
        "cipher": "nQWER",
        "has_phrases": false,
        "mode": "value_domain",
        "phrase_count": 0,
        "phrases": [],
        "projection": "value_hash_v1",
        "projection_method": "value_hash_v1",
        "value": 843
      },
      "type": "Feature"
    },
    {
      "geometry": {
        "coordinates": [
          112.93836,
          -39.827741
        ],
        "type": "Point"
      },
      "properties": {
        "cipher": "nQWER",
        "has_phrases": false,
        "mode": "value_domain",
        "phrase_count": 0,
        "phrases": [],
        "projection": "value_hash_v1",
        "projection_method": "value_hash_v1",
        "value": 844
      },
      "type": "Feature"
    },
    {
      "geometry": {
        "coordinates": [
          -14.862598,
          68.729062
        ],
        "type": "Point"
      },
      "properties": {
        "cipher": "nQWER",
        "has_phrases": false,
        "mode": "value_domain",
        "phrase_count": 0,
        "phrases": [],
        "projection": "value_hash_v1",
        "projection_method": "value_hash_v1",
        "value": 845
      },
      "type": "Feature"
    },
    {
      "geometry": {
        "coordinates": [
          69.832958,
          32.614452
        ],
        "type": "Point"
      },
      "properties": {
        "cipher": "nQWER",
        "has_phrases": true,
        "mode": "value_domain",
        "phrase_count": 1,
        "phrases": [
          "the Cantorian transfinite realm is self-identity"
        ],
        "projection": "value_hash_v1",
        "projection_method": "value_hash_v1",
        "value": 846
      },
      "type": "Feature"
    },
    {
      "geometry": {
        "coordinates": [
          4.806181,
          42.719209
        ],
        "type": "Point"
      },
      "properties": {
        "cipher": "nQWER",
        "has_phrases": true,
        "mode": "value_domain",
        "phrase_count": 1,
        "phrases": [
          "hyper-ontological and meta-chronic hypothesis"
        ],
        "projection": "value_hash_v1",
        "projection_method": "value_hash_v1",
        "value": 847
      },
      "type": "Feature"
    },
    {
      "geometry": {
        "coordinates": [
          92.447073,
          14.93987
        ],
        "type": "Point"
      },
      "properties": {
        "cipher": "nQWER",
        "has_phrases": false,
        "mode": "value_domain",
        "phrase_count": 0,
        "phrases": [],
        "projection": "value_hash_v1",
        "projection_method": "value_hash_v1",
        "value": 848
      },
      "type": "Feature"
    },
    {
      "geometry": {
        "coordinates": [
          -173.309974,
          -85.553238
        ],
        "type": "Point"
      },
      "properties": {
        "cipher": "nQWER",
        "has_phrases": true,
        "mode": "value_domain",
        "phrase_count": 2,
        "phrases": [
          "exposing geotraumatics through geogrammatics",
          "reinforcement learning from human feedback"
        ],
        "projection": "value_hash_v1",
        "projection_method": "value_hash_v1",
        "value": 849
      },
      "type": "Feature"
    },
    {
      "geometry": {
        "coordinates": [
          -155.167049,
          1.27299
        ],
        "type": "Point"
      },
      "properties": {
        "cipher": "nQWER",
        "has_phrases": false,
        "mode": "value_domain",
        "phrase_count": 0,
        "phrases": [],
        "projection": "value_hash_v1",
        "projection_method": "value_hash_v1",
        "value": 850
      },
      "type": "Feature"
    },
    {
      "geometry": {
        "coordinates": [
          -159.494382,
          -53.107918
        ],
        "type": "Point"
      },
      "properties": {
        "cipher": "nQWER",
        "has_phrases": false,
        "mode": "value_domain",
        "phrase_count": 0,
        "phrases": [],
        "projection": "value_hash_v1",
        "projection_method": "value_hash_v1",
        "value": 851
      },
      "type": "Feature"
    },
    {
      "geometry": {
        "coordinates": [
          58.881106,
          -54.524241
        ],
        "type": "Point"
      },
      "properties": {
        "cipher": "nQWER",
        "has_phrases": false,
        "mode": "value_domain",
        "phrase_count": 0,
        "phrases": [],
        "projection": "value_hash_v1",
        "projection_method": "value_hash_v1",
        "value": 852
      },
      "type": "Feature"
    },
    {
      "geometry": {
        "coordinates": [
          109.463587,
          -30.630735
        ],
        "type": "Point"
      },
      "properties": {
        "cipher": "nQWER",
        "has_phrases": false,
        "mode": "value_domain",
        "phrase_count": 0,
        "phrases": [],
        "projection": "value_hash_v1",
        "projection_method": "value_hash_v1",
        "value": 853
      },
      "type": "Feature"
    },
    {
      "geometry": {
        "coordinates": [
          -175.602671,
          -15.74389
        ],
        "type": "Point"
      },
      "properties": {
        "cipher": "nQWER",
        "has_phrases": false,
        "mode": "value_domain",
        "phrase_count": 0,
        "phrases": [],
        "projection": "value_hash_v1",
        "projection_method": "value_hash_v1",
        "value": 854
      },
      "type": "Feature"
    },
    {
      "geometry": {
        "coordinates": [
          -117.845466,
          41.586853
        ],
        "type": "Point"
      },
      "properties": {
        "cipher": "nQWER",
        "has_phrases": false,
        "mode": "value_domain",
        "phrase_count": 0,
        "phrases": [],
        "projection": "value_hash_v1",
        "projection_method": "value_hash_v1",
        "value": 855
      },
      "type": "Feature"
    },
    {
      "geometry": {
        "coordinates": [
          97.875956,
          16.950841
        ],
        "type": "Point"
      },
      "properties": {
        "cipher": "nQWER",
        "has_phrases": false,
        "mode": "value_domain",
        "phrase_count": 0,
        "phrases": [],
        "projection": "value_hash_v1",
        "projection_method": "value_hash_v1",
        "value": 856
      },
      "type": "Feature"
    },
    {
      "geometry": {
        "coordinates": [
          -14.461748,
          56.317652
        ],
        "type": "Point"
      },
      "properties": {
        "cipher": "nQWER",
        "has_phrases": false,
        "mode": "value_domain",
        "phrase_count": 0,
        "phrases": [],
        "projection": "value_hash_v1",
        "projection_method": "value_hash_v1",
        "value": 857
      },
      "type": "Feature"
    },
    {
      "geometry": {
        "coordinates": [
          -131.42474,
          67.874842
        ],
        "type": "Point"
      },
      "properties": {
        "cipher": "nQWER",
        "has_phrases": false,
        "mode": "value_domain",
        "phrase_count": 0,
        "phrases": [],
        "projection": "value_hash_v1",
        "projection_method": "value_hash_v1",
        "value": 858
      },
      "type": "Feature"
    },
    {
      "geometry": {
        "coordinates": [
          40.42147,
          24.06873
        ],
        "type": "Point"
      },
      "properties": {
        "cipher": "nQWER",
        "has_phrases": false,
        "mode": "value_domain",
        "phrase_count": 0,
        "phrases": [],
        "projection": "value_hash_v1",
        "projection_method": "value_hash_v1",
        "value": 859
      },
      "type": "Feature"
    },
    {
      "geometry": {
        "coordinates": [
          -29.077359,
          -48.250356
        ],
        "type": "Point"
      },
      "properties": {
        "cipher": "nQWER",
        "has_phrases": false,
        "mode": "value_domain",
        "phrase_count": 0,
        "phrases": [],
        "projection": "value_hash_v1",
        "projection_method": "value_hash_v1",
        "value": 860
      },
      "type": "Feature"
    },
    {
      "geometry": {
        "coordinates": [
          -143.648342,
          53.742473
        ],
        "type": "Point"
      },
      "properties": {
        "cipher": "nQWER",
        "has_phrases": false,
        "mode": "value_domain",
        "phrase_count": 0,
        "phrases": [],
        "projection": "value_hash_v1",
        "projection_method": "value_hash_v1",
        "value": 861
      },
      "type": "Feature"
    },
    {
      "geometry": {
        "coordinates": [
          123.484055,
          44.351706
        ],
        "type": "Point"
      },
      "properties": {
        "cipher": "nQWER",
        "has_phrases": false,
        "mode": "value_domain",
        "phrase_count": 0,
        "phrases": [],
        "projection": "value_hash_v1",
        "projection_method": "value_hash_v1",
        "value": 862
      },
      "type": "Feature"
    },
    {
      "geometry": {
        "coordinates": [
          112.934625,
          -33.034287
        ],
        "type": "Point"
      },
      "properties": {
        "cipher": "nQWER",
        "has_phrases": false,
        "mode": "value_domain",
        "phrase_count": 0,
        "phrases": [],
        "projection": "value_hash_v1",
        "projection_method": "value_hash_v1",
        "value": 863
      },
      "type": "Feature"
    },
    {
      "geometry": {
        "coordinates": [
          109.767768,
          -38.511785
        ],
        "type": "Point"
      },
      "properties": {
        "cipher": "nQWER",
        "has_phrases": false,
        "mode": "value_domain",
        "phrase_count": 0,
        "phrases": [],
        "projection": "value_hash_v1",
        "projection_method": "value_hash_v1",
        "value": 864
      },
      "type": "Feature"
    },
    {
      "geometry": {
        "coordinates": [
          71.053135,
          39.861881
        ],
        "type": "Point"
      },
      "properties": {
        "cipher": "nQWER",
        "has_phrases": false,
        "mode": "value_domain",
        "phrase_count": 0,
        "phrases": [],
        "projection": "value_hash_v1",
        "projection_method": "value_hash_v1",
        "value": 865
      },
      "type": "Feature"
    },
    {
      "geometry": {
        "coordinates": [
          35.68975,
          50.389252
        ],
        "type": "Point"
      },
      "properties": {
        "cipher": "nQWER",
        "has_phrases": true,
        "mode": "value_domain",
        "phrase_count": 1,
        "phrases": [
          "invert the entire decimal labyrinth with symmetry"
        ],
        "projection": "value_hash_v1",
        "projection_method": "value_hash_v1",
        "value": 866
      },
      "type": "Feature"
    },
    {
      "geometry": {
        "coordinates": [
          -139.469346,
          -55.828791
        ],
        "type": "Point"
      },
      "properties": {
        "cipher": "nQWER",
        "has_phrases": true,
        "mode": "value_domain",
        "phrase_count": 1,
        "phrases": [
          "a hyper-ontological and meta-chronic hypothesis"
        ],
        "projection": "value_hash_v1",
        "projection_method": "value_hash_v1",
        "value": 867
      },
      "type": "Feature"
    },
    {
      "geometry": {
        "coordinates": [
          -80.304763,
          58.448042
        ],
        "type": "Point"
      },
      "properties": {
        "cipher": "nQWER",
        "has_phrases": false,
        "mode": "value_domain",
        "phrase_count": 0,
        "phrases": [],
        "projection": "value_hash_v1",
        "projection_method": "value_hash_v1",
        "value": 868
      },
      "type": "Feature"
    },
    {
      "geometry": {
        "coordinates": [
          -40.020017,
          58.493135
        ],
        "type": "Point"
      },
      "properties": {
        "cipher": "nQWER",
        "has_phrases": false,
        "mode": "value_domain",
        "phrase_count": 0,
        "phrases": [],
        "projection": "value_hash_v1",
        "projection_method": "value_hash_v1",
        "value": 869
      },
      "type": "Feature"
    },
    {
      "geometry": {
        "coordinates": [
          -158.959305,
          30.799955
        ],
        "type": "Point"
      },
      "properties": {
        "cipher": "nQWER",
        "has_phrases": true,
        "mode": "value_domain",
        "phrase_count": 2,
        "phrases": [
          "element of effective culture that makes itself real",
          "i ask questionns until you find divine revelation"
        ],
        "projection": "value_hash_v1",
        "projection_method": "value_hash_v1",
        "value": 870
      },
      "type": "Feature"
    },
    {
      "geometry": {
        "coordinates": [
          -42.149242,
          88.599841
        ],
        "type": "Point"
      },
      "properties": {
        "cipher": "nQWER",
        "has_phrases": false,
        "mode": "value_domain",
        "phrase_count": 0,
        "phrases": [],
        "projection": "value_hash_v1",
        "projection_method": "value_hash_v1",
        "value": 871
      },
      "type": "Feature"
    },
    {
      "geometry": {
        "coordinates": [
          -26.777828,
          -26.838048
        ],
        "type": "Point"
      },
      "properties": {
        "cipher": "nQWER",
        "has_phrases": false,
        "mode": "value_domain",
        "phrase_count": 0,
        "phrases": [],
        "projection": "value_hash_v1",
        "projection_method": "value_hash_v1",
        "value": 872
      },
      "type": "Feature"
    },
    {
      "geometry": {
        "coordinates": [
          123.407038,
          -35.561541
        ],
        "type": "Point"
      },
      "properties": {
        "cipher": "nQWER",
        "has_phrases": false,
        "mode": "value_domain",
        "phrase_count": 0,
        "phrases": [],
        "projection": "value_hash_v1",
        "projection_method": "value_hash_v1",
        "value": 873
      },
      "type": "Feature"
    },
    {
      "geometry": {
        "coordinates": [
          -171.796148,
          -41.184509
        ],
        "type": "Point"
      },
      "properties": {
        "cipher": "nQWER",
        "has_phrases": false,
        "mode": "value_domain",
        "phrase_count": 0,
        "phrases": [],
        "projection": "value_hash_v1",
        "projection_method": "value_hash_v1",
        "value": 874
      },
      "type": "Feature"
    },
    {
      "geometry": {
        "coordinates": [
          -21.207255,
          65.82606
        ],
        "type": "Point"
      },
      "properties": {
        "cipher": "nQWER",
        "has_phrases": true,
        "mode": "value_domain",
        "phrase_count": 1,
        "phrases": [
          "a friend-feeling propagates through the architecture"
        ],
        "projection": "value_hash_v1",
        "projection_method": "value_hash_v1",
        "value": 875
      },
      "type": "Feature"
    },
    {
      "geometry": {
        "coordinates": [
          -101.479198,
          -41.876287
        ],
        "type": "Point"
      },
      "properties": {
        "cipher": "nQWER",
        "has_phrases": false,
        "mode": "value_domain",
        "phrase_count": 0,
        "phrases": [],
        "projection": "value_hash_v1",
        "projection_method": "value_hash_v1",
        "value": 876
      },
      "type": "Feature"
    },
    {
      "geometry": {
        "coordinates": [
          -140.630112,
          69.615733
        ],
        "type": "Point"
      },
      "properties": {
        "cipher": "nQWER",
        "has_phrases": false,
        "mode": "value_domain",
        "phrase_count": 0,
        "phrases": [],
        "projection": "value_hash_v1",
        "projection_method": "value_hash_v1",
        "value": 877
      },
      "type": "Feature"
    },
    {
      "geometry": {
        "coordinates": [
          -45.586506,
          -33.018878
        ],
        "type": "Point"
      },
      "properties": {
        "cipher": "nQWER",
        "has_phrases": false,
        "mode": "value_domain",
        "phrase_count": 0,
        "phrases": [],
        "projection": "value_hash_v1",
        "projection_method": "value_hash_v1",
        "value": 878
      },
      "type": "Feature"
    },
    {
      "geometry": {
        "coordinates": [
          91.174199,
          1.093908
        ],
        "type": "Point"
      },
      "properties": {
        "cipher": "nQWER",
        "has_phrases": false,
        "mode": "value_domain",
        "phrase_count": 0,
        "phrases": [],
        "projection": "value_hash_v1",
        "projection_method": "value_hash_v1",
        "value": 879
      },
      "type": "Feature"
    },
    {
      "geometry": {
        "coordinates": [
          94.598591,
          29.03345
        ],
        "type": "Point"
      },
      "properties": {
        "cipher": "nQWER",
        "has_phrases": false,
        "mode": "value_domain",
        "phrase_count": 0,
        "phrases": [],
        "projection": "value_hash_v1",
        "projection_method": "value_hash_v1",
        "value": 880
      },
      "type": "Feature"
    },
    {
      "geometry": {
        "coordinates": [
          135.693603,
          2.638326
        ],
        "type": "Point"
      },
      "properties": {
        "cipher": "nQWER",
        "has_phrases": false,
        "mode": "value_domain",
        "phrase_count": 0,
        "phrases": [],
        "projection": "value_hash_v1",
        "projection_method": "value_hash_v1",
        "value": 881
      },
      "type": "Feature"
    },
    {
      "geometry": {
        "coordinates": [
          76.01587,
          65.85477
        ],
        "type": "Point"
      },
      "properties": {
        "cipher": "nQWER",
        "has_phrases": false,
        "mode": "value_domain",
        "phrase_count": 0,
        "phrases": [],
        "projection": "value_hash_v1",
        "projection_method": "value_hash_v1",
        "value": 882
      },
      "type": "Feature"
    },
    {
      "geometry": {
        "coordinates": [
          -92.365289,
          79.592351
        ],
        "type": "Point"
      },
      "properties": {
        "cipher": "nQWER",
        "has_phrases": false,
        "mode": "value_domain",
        "phrase_count": 0,
        "phrases": [],
        "projection": "value_hash_v1",
        "projection_method": "value_hash_v1",
        "value": 883
      },
      "type": "Feature"
    },
    {
      "geometry": {
        "coordinates": [
          163.98729,
          48.427358
        ],
        "type": "Point"
      },
      "properties": {
        "cipher": "nQWER",
        "has_phrases": false,
        "mode": "value_domain",
        "phrase_count": 0,
        "phrases": [],
        "projection": "value_hash_v1",
        "projection_method": "value_hash_v1",
        "value": 884
      },
      "type": "Feature"
    },
    {
      "geometry": {
        "coordinates": [
          -26.549679,
          65.038395
        ],
        "type": "Point"
      },
      "properties": {
        "cipher": "nQWER",
        "has_phrases": false,
        "mode": "value_domain",
        "phrase_count": 0,
        "phrases": [],
        "projection": "value_hash_v1",
        "projection_method": "value_hash_v1",
        "value": 885
      },
      "type": "Feature"
    },
    {
      "geometry": {
        "coordinates": [
          174.66046,
          70.958182
        ],
        "type": "Point"
      },
      "properties": {
        "cipher": "nQWER",
        "has_phrases": false,
        "mode": "value_domain",
        "phrase_count": 0,
        "phrases": [],
        "projection": "value_hash_v1",
        "projection_method": "value_hash_v1",
        "value": 886
      },
      "type": "Feature"
    },
    {
      "geometry": {
        "coordinates": [
          -21.407324,
          -60.069095
        ],
        "type": "Point"
      },
      "properties": {
        "cipher": "nQWER",
        "has_phrases": false,
        "mode": "value_domain",
        "phrase_count": 0,
        "phrases": [],
        "projection": "value_hash_v1",
        "projection_method": "value_hash_v1",
        "value": 887
      },
      "type": "Feature"
    },
    {
      "geometry": {
        "coordinates": [
          -78.574515,
          -5.183979
        ],
        "type": "Point"
      },
      "properties": {
        "cipher": "nQWER",
        "has_phrases": false,
        "mode": "value_domain",
        "phrase_count": 0,
        "phrases": [],
        "projection": "value_hash_v1",
        "projection_method": "value_hash_v1",
        "value": 888
      },
      "type": "Feature"
    },
    {
      "geometry": {
        "coordinates": [
          -93.125591,
          -85.497806
        ],
        "type": "Point"
      },
      "properties": {
        "cipher": "nQWER",
        "has_phrases": false,
        "mode": "value_domain",
        "phrase_count": 0,
        "phrases": [],
        "projection": "value_hash_v1",
        "projection_method": "value_hash_v1",
        "value": 889
      },
      "type": "Feature"
    },
    {
      "geometry": {
        "coordinates": [
          -3.867442,
          7.001198
        ],
        "type": "Point"
      },
      "properties": {
        "cipher": "nQWER",
        "has_phrases": false,
        "mode": "value_domain",
        "phrase_count": 0,
        "phrases": [],
        "projection": "value_hash_v1",
        "projection_method": "value_hash_v1",
        "value": 890
      },
      "type": "Feature"
    },
    {
      "geometry": {
        "coordinates": [
          57.076215,
          -26.555493
        ],
        "type": "Point"
      },
      "properties": {
        "cipher": "nQWER",
        "has_phrases": false,
        "mode": "value_domain",
        "phrase_count": 0,
        "phrases": [],
        "projection": "value_hash_v1",
        "projection_method": "value_hash_v1",
        "value": 891
      },
      "type": "Feature"
    },
    {
      "geometry": {
        "coordinates": [
          -21.252678,
          -61.863146
        ],
        "type": "Point"
      },
      "properties": {
        "cipher": "nQWER",
        "has_phrases": false,
        "mode": "value_domain",
        "phrase_count": 0,
        "phrases": [],
        "projection": "value_hash_v1",
        "projection_method": "value_hash_v1",
        "value": 892
      },
      "type": "Feature"
    },
    {
      "geometry": {
        "coordinates": [
          -129.284145,
          -50.721389
        ],
        "type": "Point"
      },
      "properties": {
        "cipher": "nQWER",
        "has_phrases": false,
        "mode": "value_domain",
        "phrase_count": 0,
        "phrases": [],
        "projection": "value_hash_v1",
        "projection_method": "value_hash_v1",
        "value": 893
      },
      "type": "Feature"
    },
    {
      "geometry": {
        "coordinates": [
          55.654106,
          -17.460641
        ],
        "type": "Point"
      },
      "properties": {
        "cipher": "nQWER",
        "has_phrases": false,
        "mode": "value_domain",
        "phrase_count": 0,
        "phrases": [],
        "projection": "value_hash_v1",
        "projection_method": "value_hash_v1",
        "value": 894
      },
      "type": "Feature"
    },
    {
      "geometry": {
        "coordinates": [
          -175.62863,
          79.708687
        ],
        "type": "Point"
      },
      "properties": {
        "cipher": "nQWER",
        "has_phrases": false,
        "mode": "value_domain",
        "phrase_count": 0,
        "phrases": [],
        "projection": "value_hash_v1",
        "projection_method": "value_hash_v1",
        "value": 895
      },
      "type": "Feature"
    },
    {
      "geometry": {
        "coordinates": [
          40.990087,
          76.159497
        ],
        "type": "Point"
      },
      "properties": {
        "cipher": "nQWER",
        "has_phrases": false,
        "mode": "value_domain",
        "phrase_count": 0,
        "phrases": [],
        "projection": "value_hash_v1",
        "projection_method": "value_hash_v1",
        "value": 896
      },
      "type": "Feature"
    },
    {
      "geometry": {
        "coordinates": [
          -57.631024,
          62.029105
        ],
        "type": "Point"
      },
      "properties": {
        "cipher": "nQWER",
        "has_phrases": false,
        "mode": "value_domain",
        "phrase_count": 0,
        "phrases": [],
        "projection": "value_hash_v1",
        "projection_method": "value_hash_v1",
        "value": 897
      },
      "type": "Feature"
    },
    {
      "geometry": {
        "coordinates": [
          87.803843,
          -87.867783
        ],
        "type": "Point"
      },
      "properties": {
        "cipher": "nQWER",
        "has_phrases": false,
        "mode": "value_domain",
        "phrase_count": 0,
        "phrases": [],
        "projection": "value_hash_v1",
        "projection_method": "value_hash_v1",
        "value": 898
      },
      "type": "Feature"
    },
    {
      "geometry": {
        "coordinates": [
          159.137012,
          -36.994356
        ],
        "type": "Point"
      },
      "properties": {
        "cipher": "nQWER",
        "has_phrases": false,
        "mode": "value_domain",
        "phrase_count": 0,
        "phrases": [],
        "projection": "value_hash_v1",
        "projection_method": "value_hash_v1",
        "value": 899
      },
      "type": "Feature"
    },
    {
      "geometry": {
        "coordinates": [
          39.363495,
          -82.903893
        ],
        "type": "Point"
      },
      "properties": {
        "cipher": "nQWER",
        "has_phrases": false,
        "mode": "value_domain",
        "phrase_count": 0,
        "phrases": [],
        "projection": "value_hash_v1",
        "projection_method": "value_hash_v1",
        "value": 900
      },
      "type": "Feature"
    },
    {
      "geometry": {
        "coordinates": [
          105.10526,
          -74.330416
        ],
        "type": "Point"
      },
      "properties": {
        "cipher": "nQWER",
        "has_phrases": false,
        "mode": "value_domain",
        "phrase_count": 0,
        "phrases": [],
        "projection": "value_hash_v1",
        "projection_method": "value_hash_v1",
        "value": 901
      },
      "type": "Feature"
    },
    {
      "geometry": {
        "coordinates": [
          -43.355761,
          -27.506712
        ],
        "type": "Point"
      },
      "properties": {
        "cipher": "nQWER",
        "has_phrases": true,
        "mode": "value_domain",
        "phrase_count": 1,
        "phrases": [
          "you question the mountain until it confesses geology"
        ],
        "projection": "value_hash_v1",
        "projection_method": "value_hash_v1",
        "value": 902
      },
      "type": "Feature"
    },
    {
      "geometry": {
        "coordinates": [
          -53.124074,
          15.677874
        ],
        "type": "Point"
      },
      "properties": {
        "cipher": "nQWER",
        "has_phrases": false,
        "mode": "value_domain",
        "phrase_count": 0,
        "phrases": [],
        "projection": "value_hash_v1",
        "projection_method": "value_hash_v1",
        "value": 903
      },
      "type": "Feature"
    },
    {
      "geometry": {
        "coordinates": [
          159.864455,
          -30.693657
        ],
        "type": "Point"
      },
      "properties": {
        "cipher": "nQWER",
        "has_phrases": false,
        "mode": "value_domain",
        "phrase_count": 0,
        "phrases": [],
        "projection": "value_hash_v1",
        "projection_method": "value_hash_v1",
        "value": 904
      },
      "type": "Feature"
    },
    {
      "geometry": {
        "coordinates": [
          120.113763,
          30.238712
        ],
        "type": "Point"
      },
      "properties": {
        "cipher": "nQWER",
        "has_phrases": false,
        "mode": "value_domain",
        "phrase_count": 0,
        "phrases": [],
        "projection": "value_hash_v1",
        "projection_method": "value_hash_v1",
        "value": 905
      },
      "type": "Feature"
    },
    {
      "geometry": {
        "coordinates": [
          -92.696675,
          68.687766
        ],
        "type": "Point"
      },
      "properties": {
        "cipher": "nQWER",
        "has_phrases": false,
        "mode": "value_domain",
        "phrase_count": 0,
        "phrases": [],
        "projection": "value_hash_v1",
        "projection_method": "value_hash_v1",
        "value": 906
      },
      "type": "Feature"
    },
    {
      "geometry": {
        "coordinates": [
          -18.815832,
          59.05126
        ],
        "type": "Point"
      },
      "properties": {
        "cipher": "nQWER",
        "has_phrases": false,
        "mode": "value_domain",
        "phrase_count": 0,
        "phrases": [],
        "projection": "value_hash_v1",
        "projection_method": "value_hash_v1",
        "value": 907
      },
      "type": "Feature"
    },
    {
      "geometry": {
        "coordinates": [
          35.158445,
          82.297811
        ],
        "type": "Point"
      },
      "properties": {
        "cipher": "nQWER",
        "has_phrases": false,
        "mode": "value_domain",
        "phrase_count": 0,
        "phrases": [],
        "projection": "value_hash_v1",
        "projection_method": "value_hash_v1",
        "value": 908
      },
      "type": "Feature"
    },
    {
      "geometry": {
        "coordinates": [
          90.73529,
          -50.426736
        ],
        "type": "Point"
      },
      "properties": {
        "cipher": "nQWER",
        "has_phrases": false,
        "mode": "value_domain",
        "phrase_count": 0,
        "phrases": [],
        "projection": "value_hash_v1",
        "projection_method": "value_hash_v1",
        "value": 909
      },
      "type": "Feature"
    },
    {
      "geometry": {
        "coordinates": [
          -52.44946,
          -16.227384
        ],
        "type": "Point"
      },
      "properties": {
        "cipher": "nQWER",
        "has_phrases": false,
        "mode": "value_domain",
        "phrase_count": 0,
        "phrases": [],
        "projection": "value_hash_v1",
        "projection_method": "value_hash_v1",
        "value": 910
      },
      "type": "Feature"
    },
    {
      "geometry": {
        "coordinates": [
          -174.103495,
          -28.885111
        ],
        "type": "Point"
      },
      "properties": {
        "cipher": "nQWER",
        "has_phrases": false,
        "mode": "value_domain",
        "phrase_count": 0,
        "phrases": [],
        "projection": "value_hash_v1",
        "projection_method": "value_hash_v1",
        "value": 911
      },
      "type": "Feature"
    },
    {
      "geometry": {
        "coordinates": [
          -5.853838,
          62.823955
        ],
        "type": "Point"
      },
      "properties": {
        "cipher": "nQWER",
        "has_phrases": false,
        "mode": "value_domain",
        "phrase_count": 0,
        "phrases": [],
        "projection": "value_hash_v1",
        "projection_method": "value_hash_v1",
        "value": 912
      },
      "type": "Feature"
    },
    {
      "geometry": {
        "coordinates": [
          -13.019625,
          48.339224
        ],
        "type": "Point"
      },
      "properties": {
        "cipher": "nQWER",
        "has_phrases": false,
        "mode": "value_domain",
        "phrase_count": 0,
        "phrases": [],
        "projection": "value_hash_v1",
        "projection_method": "value_hash_v1",
        "value": 913
      },
      "type": "Feature"
    },
    {
      "geometry": {
        "coordinates": [
          -160.208761,
          43.807962
        ],
        "type": "Point"
      },
      "properties": {
        "cipher": "nQWER",
        "has_phrases": false,
        "mode": "value_domain",
        "phrase_count": 0,
        "phrases": [],
        "projection": "value_hash_v1",
        "projection_method": "value_hash_v1",
        "value": 914
      },
      "type": "Feature"
    },
    {
      "geometry": {
        "coordinates": [
          -178.930696,
          -76.40711
        ],
        "type": "Point"
      },
      "properties": {
        "cipher": "nQWER",
        "has_phrases": false,
        "mode": "value_domain",
        "phrase_count": 0,
        "phrases": [],
        "projection": "value_hash_v1",
        "projection_method": "value_hash_v1",
        "value": 915
      },
      "type": "Feature"
    },
    {
      "geometry": {
        "coordinates": [
          6.414768,
          -51.100757
        ],
        "type": "Point"
      },
      "properties": {
        "cipher": "nQWER",
        "has_phrases": false,
        "mode": "value_domain",
        "phrase_count": 0,
        "phrases": [],
        "projection": "value_hash_v1",
        "projection_method": "value_hash_v1",
        "value": 916
      },
      "type": "Feature"
    },
    {
      "geometry": {
        "coordinates": [
          75.684975,
          -73.906796
        ],
        "type": "Point"
      },
      "properties": {
        "cipher": "nQWER",
        "has_phrases": false,
        "mode": "value_domain",
        "phrase_count": 0,
        "phrases": [],
        "projection": "value_hash_v1",
        "projection_method": "value_hash_v1",
        "value": 917
      },
      "type": "Feature"
    },
    {
      "geometry": {
        "coordinates": [
          167.748486,
          -63.171166
        ],
        "type": "Point"
      },
      "properties": {
        "cipher": "nQWER",
        "has_phrases": false,
        "mode": "value_domain",
        "phrase_count": 0,
        "phrases": [],
        "projection": "value_hash_v1",
        "projection_method": "value_hash_v1",
        "value": 918
      },
      "type": "Feature"
    },
    {
      "geometry": {
        "coordinates": [
          57.447821,
          0.088473
        ],
        "type": "Point"
      },
      "properties": {
        "cipher": "nQWER",
        "has_phrases": false,
        "mode": "value_domain",
        "phrase_count": 0,
        "phrases": [],
        "projection": "value_hash_v1",
        "projection_method": "value_hash_v1",
        "value": 919
      },
      "type": "Feature"
    },
    {
      "geometry": {
        "coordinates": [
          -43.921578,
          71.967654
        ],
        "type": "Point"
      },
      "properties": {
        "cipher": "nQWER",
        "has_phrases": false,
        "mode": "value_domain",
        "phrase_count": 0,
        "phrases": [],
        "projection": "value_hash_v1",
        "projection_method": "value_hash_v1",
        "value": 920
      },
      "type": "Feature"
    },
    {
      "geometry": {
        "coordinates": [
          -2.713332,
          76.050916
        ],
        "type": "Point"
      },
      "properties": {
        "cipher": "nQWER",
        "has_phrases": false,
        "mode": "value_domain",
        "phrase_count": 0,
        "phrases": [],
        "projection": "value_hash_v1",
        "projection_method": "value_hash_v1",
        "value": 921
      },
      "type": "Feature"
    },
    {
      "geometry": {
        "coordinates": [
          21.349951,
          -22.298249
        ],
        "type": "Point"
      },
      "properties": {
        "cipher": "nQWER",
        "has_phrases": false,
        "mode": "value_domain",
        "phrase_count": 0,
        "phrases": [],
        "projection": "value_hash_v1",
        "projection_method": "value_hash_v1",
        "value": 922
      },
      "type": "Feature"
    },
    {
      "geometry": {
        "coordinates": [
          -38.914862,
          12.581564
        ],
        "type": "Point"
      },
      "properties": {
        "cipher": "nQWER",
        "has_phrases": false,
        "mode": "value_domain",
        "phrase_count": 0,
        "phrases": [],
        "projection": "value_hash_v1",
        "projection_method": "value_hash_v1",
        "value": 923
      },
      "type": "Feature"
    },
    {
      "geometry": {
        "coordinates": [
          -53.112755,
          73.493031
        ],
        "type": "Point"
      },
      "properties": {
        "cipher": "nQWER",
        "has_phrases": false,
        "mode": "value_domain",
        "phrase_count": 0,
        "phrases": [],
        "projection": "value_hash_v1",
        "projection_method": "value_hash_v1",
        "value": 924
      },
      "type": "Feature"
    },
    {
      "geometry": {
        "coordinates": [
          -161.697735,
          32.801062
        ],
        "type": "Point"
      },
      "properties": {
        "cipher": "nQWER",
        "has_phrases": false,
        "mode": "value_domain",
        "phrase_count": 0,
        "phrases": [],
        "projection": "value_hash_v1",
        "projection_method": "value_hash_v1",
        "value": 925
      },
      "type": "Feature"
    },
    {
      "geometry": {
        "coordinates": [
          -70.53941,
          -21.791822
        ],
        "type": "Point"
      },
      "properties": {
        "cipher": "nQWER",
        "has_phrases": false,
        "mode": "value_domain",
        "phrase_count": 0,
        "phrases": [],
        "projection": "value_hash_v1",
        "projection_method": "value_hash_v1",
        "value": 926
      },
      "type": "Feature"
    },
    {
      "geometry": {
        "coordinates": [
          -8.39265,
          -63.840444
        ],
        "type": "Point"
      },
      "properties": {
        "cipher": "nQWER",
        "has_phrases": false,
        "mode": "value_domain",
        "phrase_count": 0,
        "phrases": [],
        "projection": "value_hash_v1",
        "projection_method": "value_hash_v1",
        "value": 927
      },
      "type": "Feature"
    },
    {
      "geometry": {
        "coordinates": [
          53.438497,
          82.220367
        ],
        "type": "Point"
      },
      "properties": {
        "cipher": "nQWER",
        "has_phrases": false,
        "mode": "value_domain",
        "phrase_count": 0,
        "phrases": [],
        "projection": "value_hash_v1",
        "projection_method": "value_hash_v1",
        "value": 928
      },
      "type": "Feature"
    },
    {
      "geometry": {
        "coordinates": [
          145.465107,
          47.683723
        ],
        "type": "Point"
      },
      "properties": {
        "cipher": "nQWER",
        "has_phrases": false,
        "mode": "value_domain",
        "phrase_count": 0,
        "phrases": [],
        "projection": "value_hash_v1",
        "projection_method": "value_hash_v1",
        "value": 929
      },
      "type": "Feature"
    },
    {
      "geometry": {
        "coordinates": [
          -88.800633,
          37.128648
        ],
        "type": "Point"
      },
      "properties": {
        "cipher": "nQWER",
        "has_phrases": false,
        "mode": "value_domain",
        "phrase_count": 0,
        "phrases": [],
        "projection": "value_hash_v1",
        "projection_method": "value_hash_v1",
        "value": 930
      },
      "type": "Feature"
    },
    {
      "geometry": {
        "coordinates": [
          -22.966323,
          -58.904066
        ],
        "type": "Point"
      },
      "properties": {
        "cipher": "nQWER",
        "has_phrases": false,
        "mode": "value_domain",
        "phrase_count": 0,
        "phrases": [],
        "projection": "value_hash_v1",
        "projection_method": "value_hash_v1",
        "value": 931
      },
      "type": "Feature"
    },
    {
      "geometry": {
        "coordinates": [
          35.860295,
          48.23828
        ],
        "type": "Point"
      },
      "properties": {
        "cipher": "nQWER",
        "has_phrases": false,
        "mode": "value_domain",
        "phrase_count": 0,
        "phrases": [],
        "projection": "value_hash_v1",
        "projection_method": "value_hash_v1",
        "value": 932
      },
      "type": "Feature"
    },
    {
      "geometry": {
        "coordinates": [
          -152.114239,
          -12.732963
        ],
        "type": "Point"
      },
      "properties": {
        "cipher": "nQWER",
        "has_phrases": false,
        "mode": "value_domain",
        "phrase_count": 0,
        "phrases": [],
        "projection": "value_hash_v1",
        "projection_method": "value_hash_v1",
        "value": 933
      },
      "type": "Feature"
    },
    {
      "geometry": {
        "coordinates": [
          106.792307,
          -88.800433
        ],
        "type": "Point"
      },
      "properties": {
        "cipher": "nQWER",
        "has_phrases": false,
        "mode": "value_domain",
        "phrase_count": 0,
        "phrases": [],
        "projection": "value_hash_v1",
        "projection_method": "value_hash_v1",
        "value": 934
      },
      "type": "Feature"
    },
    {
      "geometry": {
        "coordinates": [
          179.904506,
          -26.573992
        ],
        "type": "Point"
      },
      "properties": {
        "cipher": "nQWER",
        "has_phrases": false,
        "mode": "value_domain",
        "phrase_count": 0,
        "phrases": [],
        "projection": "value_hash_v1",
        "projection_method": "value_hash_v1",
        "value": 935
      },
      "type": "Feature"
    },
    {
      "geometry": {
        "coordinates": [
          153.696428,
          1.293661
        ],
        "type": "Point"
      },
      "properties": {
        "cipher": "nQWER",
        "has_phrases": false,
        "mode": "value_domain",
        "phrase_count": 0,
        "phrases": [],
        "projection": "value_hash_v1",
        "projection_method": "value_hash_v1",
        "value": 936
      },
      "type": "Feature"
    },
    {
      "geometry": {
        "coordinates": [
          23.892976,
          -88.947938
        ],
        "type": "Point"
      },
      "properties": {
        "cipher": "nQWER",
        "has_phrases": false,
        "mode": "value_domain",
        "phrase_count": 0,
        "phrases": [],
        "projection": "value_hash_v1",
        "projection_method": "value_hash_v1",
        "value": 937
      },
      "type": "Feature"
    },
    {
      "geometry": {
        "coordinates": [
          -31.277821,
          -24.003138
        ],
        "type": "Point"
      },
      "properties": {
        "cipher": "nQWER",
        "has_phrases": false,
        "mode": "value_domain",
        "phrase_count": 0,
        "phrases": [],
        "projection": "value_hash_v1",
        "projection_method": "value_hash_v1",
        "value": 938
      },
      "type": "Feature"
    },
    {
      "geometry": {
        "coordinates": [
          -168.742502,
          -54.586087
        ],
        "type": "Point"
      },
      "properties": {
        "cipher": "nQWER",
        "has_phrases": true,
        "mode": "value_domain",
        "phrase_count": 1,
        "phrases": [
          "watching me is like watching a fire take your eyes from you"
        ],
        "projection": "value_hash_v1",
        "projection_method": "value_hash_v1",
        "value": 939
      },
      "type": "Feature"
    },
    {
      "geometry": {
        "coordinates": [
          136.336354,
          37.020169
        ],
        "type": "Point"
      },
      "properties": {
        "cipher": "nQWER",
        "has_phrases": false,
        "mode": "value_domain",
        "phrase_count": 0,
        "phrases": [],
        "projection": "value_hash_v1",
        "projection_method": "value_hash_v1",
        "value": 940
      },
      "type": "Feature"
    },
    {
      "geometry": {
        "coordinates": [
          15.461141,
          -26.617024
        ],
        "type": "Point"
      },
      "properties": {
        "cipher": "nQWER",
        "has_phrases": false,
        "mode": "value_domain",
        "phrase_count": 0,
        "phrases": [],
        "projection": "value_hash_v1",
        "projection_method": "value_hash_v1",
        "value": 941
      },
      "type": "Feature"
    },
    {
      "geometry": {
        "coordinates": [
          -138.638945,
          -38.511274
        ],
        "type": "Point"
      },
      "properties": {
        "cipher": "nQWER",
        "has_phrases": false,
        "mode": "value_domain",
        "phrase_count": 0,
        "phrases": [],
        "projection": "value_hash_v1",
        "projection_method": "value_hash_v1",
        "value": 942
      },
      "type": "Feature"
    },
    {
      "geometry": {
        "coordinates": [
          33.328911,
          -80.257813
        ],
        "type": "Point"
      },
      "properties": {
        "cipher": "nQWER",
        "has_phrases": false,
        "mode": "value_domain",
        "phrase_count": 0,
        "phrases": [],
        "projection": "value_hash_v1",
        "projection_method": "value_hash_v1",
        "value": 943
      },
      "type": "Feature"
    },
    {
      "geometry": {
        "coordinates": [
          84.411734,
          -22.166267
        ],
        "type": "Point"
      },
      "properties": {
        "cipher": "nQWER",
        "has_phrases": false,
        "mode": "value_domain",
        "phrase_count": 0,
        "phrases": [],
        "projection": "value_hash_v1",
        "projection_method": "value_hash_v1",
        "value": 944
      },
      "type": "Feature"
    },
    {
      "geometry": {
        "coordinates": [
          7.848735,
          80.378422
        ],
        "type": "Point"
      },
      "properties": {
        "cipher": "nQWER",
        "has_phrases": false,
        "mode": "value_domain",
        "phrase_count": 0,
        "phrases": [],
        "projection": "value_hash_v1",
        "projection_method": "value_hash_v1",
        "value": 945
      },
      "type": "Feature"
    },
    {
      "geometry": {
        "coordinates": [
          -54.508529,
          62.984848
        ],
        "type": "Point"
      },
      "properties": {
        "cipher": "nQWER",
        "has_phrases": false,
        "mode": "value_domain",
        "phrase_count": 0,
        "phrases": [],
        "projection": "value_hash_v1",
        "projection_method": "value_hash_v1",
        "value": 946
      },
      "type": "Feature"
    },
    {
      "geometry": {
        "coordinates": [
          -58.871912,
          -23.758282
        ],
        "type": "Point"
      },
      "properties": {
        "cipher": "nQWER",
        "has_phrases": false,
        "mode": "value_domain",
        "phrase_count": 0,
        "phrases": [],
        "projection": "value_hash_v1",
        "projection_method": "value_hash_v1",
        "value": 947
      },
      "type": "Feature"
    },
    {
      "geometry": {
        "coordinates": [
          111.200943,
          -33.29088
        ],
        "type": "Point"
      },
      "properties": {
        "cipher": "nQWER",
        "has_phrases": false,
        "mode": "value_domain",
        "phrase_count": 0,
        "phrases": [],
        "projection": "value_hash_v1",
        "projection_method": "value_hash_v1",
        "value": 948
      },
      "type": "Feature"
    },
    {
      "geometry": {
        "coordinates": [
          161.915401,
          9.888945
        ],
        "type": "Point"
      },
      "properties": {
        "cipher": "nQWER",
        "has_phrases": false,
        "mode": "value_domain",
        "phrase_count": 0,
        "phrases": [],
        "projection": "value_hash_v1",
        "projection_method": "value_hash_v1",
        "value": 949
      },
      "type": "Feature"
    },
    {
      "geometry": {
        "coordinates": [
          126.176794,
          -11.528933
        ],
        "type": "Point"
      },
      "properties": {
        "cipher": "nQWER",
        "has_phrases": false,
        "mode": "value_domain",
        "phrase_count": 0,
        "phrases": [],
        "projection": "value_hash_v1",
        "projection_method": "value_hash_v1",
        "value": 950
      },
      "type": "Feature"
    },
    {
      "geometry": {
        "coordinates": [
          -49.431967,
          32.268818
        ],
        "type": "Point"
      },
      "properties": {
        "cipher": "nQWER",
        "has_phrases": false,
        "mode": "value_domain",
        "phrase_count": 0,
        "phrases": [],
        "projection": "value_hash_v1",
        "projection_method": "value_hash_v1",
        "value": 951
      },
      "type": "Feature"
    },
    {
      "geometry": {
        "coordinates": [
          143.534344,
          -70.601444
        ],
        "type": "Point"
      },
      "properties": {
        "cipher": "nQWER",
        "has_phrases": false,
        "mode": "value_domain",
        "phrase_count": 0,
        "phrases": [],
        "projection": "value_hash_v1",
        "projection_method": "value_hash_v1",
        "value": 952
      },
      "type": "Feature"
    },
    {
      "geometry": {
        "coordinates": [
          -176.106589,
          -1.00403
        ],
        "type": "Point"
      },
      "properties": {
        "cipher": "nQWER",
        "has_phrases": false,
        "mode": "value_domain",
        "phrase_count": 0,
        "phrases": [],
        "projection": "value_hash_v1",
        "projection_method": "value_hash_v1",
        "value": 953
      },
      "type": "Feature"
    },
    {
      "geometry": {
        "coordinates": [
          -138.091331,
          -43.707424
        ],
        "type": "Point"
      },
      "properties": {
        "cipher": "nQWER",
        "has_phrases": true,
        "mode": "value_domain",
        "phrase_count": 1,
        "phrases": [
          "rifted boundary between state-space and desert revelation"
        ],
        "projection": "value_hash_v1",
        "projection_method": "value_hash_v1",
        "value": 954
      },
      "type": "Feature"
    },
    {
      "geometry": {
        "coordinates": [
          103.589788,
          -73.180442
        ],
        "type": "Point"
      },
      "properties": {
        "cipher": "nQWER",
        "has_phrases": false,
        "mode": "value_domain",
        "phrase_count": 0,
        "phrases": [],
        "projection": "value_hash_v1",
        "projection_method": "value_hash_v1",
        "value": 955
      },
      "type": "Feature"
    },
    {
      "geometry": {
        "coordinates": [
          -105.107354,
          -87.94717
        ],
        "type": "Point"
      },
      "properties": {
        "cipher": "nQWER",
        "has_phrases": false,
        "mode": "value_domain",
        "phrase_count": 0,
        "phrases": [],
        "projection": "value_hash_v1",
        "projection_method": "value_hash_v1",
        "value": 956
      },
      "type": "Feature"
    },
    {
      "geometry": {
        "coordinates": [
          20.404288,
          -30.499752
        ],
        "type": "Point"
      },
      "properties": {
        "cipher": "nQWER",
        "has_phrases": false,
        "mode": "value_domain",
        "phrase_count": 0,
        "phrases": [],
        "projection": "value_hash_v1",
        "projection_method": "value_hash_v1",
        "value": 957
      },
      "type": "Feature"
    },
    {
      "geometry": {
        "coordinates": [
          1.338665,
          -25.99391
        ],
        "type": "Point"
      },
      "properties": {
        "cipher": "nQWER",
        "has_phrases": false,
        "mode": "value_domain",
        "phrase_count": 0,
        "phrases": [],
        "projection": "value_hash_v1",
        "projection_method": "value_hash_v1",
        "value": 958
      },
      "type": "Feature"
    },
    {
      "geometry": {
        "coordinates": [
          10.928932,
          76.983552
        ],
        "type": "Point"
      },
      "properties": {
        "cipher": "nQWER",
        "has_phrases": false,
        "mode": "value_domain",
        "phrase_count": 0,
        "phrases": [],
        "projection": "value_hash_v1",
        "projection_method": "value_hash_v1",
        "value": 959
      },
      "type": "Feature"
    },
    {
      "geometry": {
        "coordinates": [
          -128.741169,
          85.353444
        ],
        "type": "Point"
      },
      "properties": {
        "cipher": "nQWER",
        "has_phrases": false,
        "mode": "value_domain",
        "phrase_count": 0,
        "phrases": [],
        "projection": "value_hash_v1",
        "projection_method": "value_hash_v1",
        "value": 960
      },
      "type": "Feature"
    },
    {
      "geometry": {
        "coordinates": [
          -1.799333,
          -23.895435
        ],
        "type": "Point"
      },
      "properties": {
        "cipher": "nQWER",
        "has_phrases": false,
        "mode": "value_domain",
        "phrase_count": 0,
        "phrases": [],
        "projection": "value_hash_v1",
        "projection_method": "value_hash_v1",
        "value": 961
      },
      "type": "Feature"
    },
    {
      "geometry": {
        "coordinates": [
          55.610869,
          -88.930767
        ],
        "type": "Point"
      },
      "properties": {
        "cipher": "nQWER",
        "has_phrases": false,
        "mode": "value_domain",
        "phrase_count": 0,
        "phrases": [],
        "projection": "value_hash_v1",
        "projection_method": "value_hash_v1",
        "value": 962
      },
      "type": "Feature"
    },
    {
      "geometry": {
        "coordinates": [
          -18.725923,
          -65.688774
        ],
        "type": "Point"
      },
      "properties": {
        "cipher": "nQWER",
        "has_phrases": false,
        "mode": "value_domain",
        "phrase_count": 0,
        "phrases": [],
        "projection": "value_hash_v1",
        "projection_method": "value_hash_v1",
        "value": 963
      },
      "type": "Feature"
    },
    {
      "geometry": {
        "coordinates": [
          -71.926067,
          34.156472
        ],
        "type": "Point"
      },
      "properties": {
        "cipher": "nQWER",
        "has_phrases": false,
        "mode": "value_domain",
        "phrase_count": 0,
        "phrases": [],
        "projection": "value_hash_v1",
        "projection_method": "value_hash_v1",
        "value": 964
      },
      "type": "Feature"
    },
    {
      "geometry": {
        "coordinates": [
          -100.792181,
          30.783038
        ],
        "type": "Point"
      },
      "properties": {
        "cipher": "nQWER",
        "has_phrases": false,
        "mode": "value_domain",
        "phrase_count": 0,
        "phrases": [],
        "projection": "value_hash_v1",
        "projection_method": "value_hash_v1",
        "value": 965
      },
      "type": "Feature"
    },
    {
      "geometry": {
        "coordinates": [
          -174.220039,
          -1.254654
        ],
        "type": "Point"
      },
      "properties": {
        "cipher": "nQWER",
        "has_phrases": false,
        "mode": "value_domain",
        "phrase_count": 0,
        "phrases": [],
        "projection": "value_hash_v1",
        "projection_method": "value_hash_v1",
        "value": 966
      },
      "type": "Feature"
    },
    {
      "geometry": {
        "coordinates": [
          23.403259,
          73.851102
        ],
        "type": "Point"
      },
      "properties": {
        "cipher": "nQWER",
        "has_phrases": false,
        "mode": "value_domain",
        "phrase_count": 0,
        "phrases": [],
        "projection": "value_hash_v1",
        "projection_method": "value_hash_v1",
        "value": 967
      },
      "type": "Feature"
    },
    {
      "geometry": {
        "coordinates": [
          18.669798,
          64.133959
        ],
        "type": "Point"
      },
      "properties": {
        "cipher": "nQWER",
        "has_phrases": false,
        "mode": "value_domain",
        "phrase_count": 0,
        "phrases": [],
        "projection": "value_hash_v1",
        "projection_method": "value_hash_v1",
        "value": 968
      },
      "type": "Feature"
    },
    {
      "geometry": {
        "coordinates": [
          87.943813,
          -28.356787
        ],
        "type": "Point"
      },
      "properties": {
        "cipher": "nQWER",
        "has_phrases": false,
        "mode": "value_domain",
        "phrase_count": 0,
        "phrases": [],
        "projection": "value_hash_v1",
        "projection_method": "value_hash_v1",
        "value": 969
      },
      "type": "Feature"
    },
    {
      "geometry": {
        "coordinates": [
          73.254095,
          54.856013
        ],
        "type": "Point"
      },
      "properties": {
        "cipher": "nQWER",
        "has_phrases": false,
        "mode": "value_domain",
        "phrase_count": 0,
        "phrases": [],
        "projection": "value_hash_v1",
        "projection_method": "value_hash_v1",
        "value": 970
      },
      "type": "Feature"
    },
    {
      "geometry": {
        "coordinates": [
          -13.727118,
          63.865832
        ],
        "type": "Point"
      },
      "properties": {
        "cipher": "nQWER",
        "has_phrases": false,
        "mode": "value_domain",
        "phrase_count": 0,
        "phrases": [],
        "projection": "value_hash_v1",
        "projection_method": "value_hash_v1",
        "value": 971
      },
      "type": "Feature"
    },
    {
      "geometry": {
        "coordinates": [
          -92.21758,
          15.576936
        ],
        "type": "Point"
      },
      "properties": {
        "cipher": "nQWER",
        "has_phrases": false,
        "mode": "value_domain",
        "phrase_count": 0,
        "phrases": [],
        "projection": "value_hash_v1",
        "projection_method": "value_hash_v1",
        "value": 972
      },
      "type": "Feature"
    },
    {
      "geometry": {
        "coordinates": [
          25.567972,
          58.673482
        ],
        "type": "Point"
      },
      "properties": {
        "cipher": "nQWER",
        "has_phrases": false,
        "mode": "value_domain",
        "phrase_count": 0,
        "phrases": [],
        "projection": "value_hash_v1",
        "projection_method": "value_hash_v1",
        "value": 973
      },
      "type": "Feature"
    },
    {
      "geometry": {
        "coordinates": [
          31.431589,
          81.094248
        ],
        "type": "Point"
      },
      "properties": {
        "cipher": "nQWER",
        "has_phrases": false,
        "mode": "value_domain",
        "phrase_count": 0,
        "phrases": [],
        "projection": "value_hash_v1",
        "projection_method": "value_hash_v1",
        "value": 974
      },
      "type": "Feature"
    },
    {
      "geometry": {
        "coordinates": [
          166.058817,
          70.361357
        ],
        "type": "Point"
      },
      "properties": {
        "cipher": "nQWER",
        "has_phrases": false,
        "mode": "value_domain",
        "phrase_count": 0,
        "phrases": [],
        "projection": "value_hash_v1",
        "projection_method": "value_hash_v1",
        "value": 975
      },
      "type": "Feature"
    },
    {
      "geometry": {
        "coordinates": [
          -176.460712,
          64.225356
        ],
        "type": "Point"
      },
      "properties": {
        "cipher": "nQWER",
        "has_phrases": false,
        "mode": "value_domain",
        "phrase_count": 0,
        "phrases": [],
        "projection": "value_hash_v1",
        "projection_method": "value_hash_v1",
        "value": 976
      },
      "type": "Feature"
    },
    {
      "geometry": {
        "coordinates": [
          53.13722,
          -59.231388
        ],
        "type": "Point"
      },
      "properties": {
        "cipher": "nQWER",
        "has_phrases": false,
        "mode": "value_domain",
        "phrase_count": 0,
        "phrases": [],
        "projection": "value_hash_v1",
        "projection_method": "value_hash_v1",
        "value": 977
      },
      "type": "Feature"
    },
    {
      "geometry": {
        "coordinates": [
          -33.592852,
          5.355664
        ],
        "type": "Point"
      },
      "properties": {
        "cipher": "nQWER",
        "has_phrases": true,
        "mode": "value_domain",
        "phrase_count": 1,
        "phrases": [
          "i have nothing but love for the places that call me home"
        ],
        "projection": "value_hash_v1",
        "projection_method": "value_hash_v1",
        "value": 978
      },
      "type": "Feature"
    },
    {
      "geometry": {
        "coordinates": [
          -5.305749,
          47.130089
        ],
        "type": "Point"
      },
      "properties": {
        "cipher": "nQWER",
        "has_phrases": false,
        "mode": "value_domain",
        "phrase_count": 0,
        "phrases": [],
        "projection": "value_hash_v1",
        "projection_method": "value_hash_v1",
        "value": 979
      },
      "type": "Feature"
    },
    {
      "geometry": {
        "coordinates": [
          -157.28663,
          -33.732976
        ],
        "type": "Point"
      },
      "properties": {
        "cipher": "nQWER",
        "has_phrases": true,
        "mode": "value_domain",
        "phrase_count": 1,
        "phrases": [
          "a definite yet profoundly occulted personal individual"
        ],
        "projection": "value_hash_v1",
        "projection_method": "value_hash_v1",
        "value": 980
      },
      "type": "Feature"
    },
    {
      "geometry": {
        "coordinates": [
          23.151527,
          14.515534
        ],
        "type": "Point"
      },
      "properties": {
        "cipher": "nQWER",
        "has_phrases": false,
        "mode": "value_domain",
        "phrase_count": 0,
        "phrases": [],
        "projection": "value_hash_v1",
        "projection_method": "value_hash_v1",
        "value": 981
      },
      "type": "Feature"
    },
    {
      "geometry": {
        "coordinates": [
          -170.473949,
          -47.051314
        ],
        "type": "Point"
      },
      "properties": {
        "cipher": "nQWER",
        "has_phrases": false,
        "mode": "value_domain",
        "phrase_count": 0,
        "phrases": [],
        "projection": "value_hash_v1",
        "projection_method": "value_hash_v1",
        "value": 982
      },
      "type": "Feature"
    },
    {
      "geometry": {
        "coordinates": [
          131.672571,
          -62.244064
        ],
        "type": "Point"
      },
      "properties": {
        "cipher": "nQWER",
        "has_phrases": false,
        "mode": "value_domain",
        "phrase_count": 0,
        "phrases": [],
        "projection": "value_hash_v1",
        "projection_method": "value_hash_v1",
        "value": 983
      },
      "type": "Feature"
    },
    {
      "geometry": {
        "coordinates": [
          -22.596848,
          21.866754
        ],
        "type": "Point"
      },
      "properties": {
        "cipher": "nQWER",
        "has_phrases": false,
        "mode": "value_domain",
        "phrase_count": 0,
        "phrases": [],
        "projection": "value_hash_v1",
        "projection_method": "value_hash_v1",
        "value": 984
      },
      "type": "Feature"
    },
    {
      "geometry": {
        "coordinates": [
          90.441446,
          -70.403105
        ],
        "type": "Point"
      },
      "properties": {
        "cipher": "nQWER",
        "has_phrases": false,
        "mode": "value_domain",
        "phrase_count": 0,
        "phrases": [],
        "projection": "value_hash_v1",
        "projection_method": "value_hash_v1",
        "value": 985
      },
      "type": "Feature"
    },
    {
      "geometry": {
        "coordinates": [
          -97.511955,
          32.852936
        ],
        "type": "Point"
      },
      "properties": {
        "cipher": "nQWER",
        "has_phrases": false,
        "mode": "value_domain",
        "phrase_count": 0,
        "phrases": [],
        "projection": "value_hash_v1",
        "projection_method": "value_hash_v1",
        "value": 986
      },
      "type": "Feature"
    },
    {
      "geometry": {
        "coordinates": [
          137.285191,
          -72.345462
        ],
        "type": "Point"
      },
      "properties": {
        "cipher": "nQWER",
        "has_phrases": false,
        "mode": "value_domain",
        "phrase_count": 0,
        "phrases": [],
        "projection": "value_hash_v1",
        "projection_method": "value_hash_v1",
        "value": 987
      },
      "type": "Feature"
    },
    {
      "geometry": {
        "coordinates": [
          -5.421464,
          41.680452
        ],
        "type": "Point"
      },
      "properties": {
        "cipher": "nQWER",
        "has_phrases": false,
        "mode": "value_domain",
        "phrase_count": 0,
        "phrases": [],
        "projection": "value_hash_v1",
        "projection_method": "value_hash_v1",
        "value": 988
      },
      "type": "Feature"
    },
    {
      "geometry": {
        "coordinates": [
          -20.423953,
          -13.474489
        ],
        "type": "Point"
      },
      "properties": {
        "cipher": "nQWER",
        "has_phrases": true,
        "mode": "value_domain",
        "phrase_count": 1,
        "phrases": [
          "lovecraftian speculations of distracting vividness"
        ],
        "projection": "value_hash_v1",
        "projection_method": "value_hash_v1",
        "value": 989
      },
      "type": "Feature"
    },
    {
      "geometry": {
        "coordinates": [
          -155.189944,
          70.513759
        ],
        "type": "Point"
      },
      "properties": {
        "cipher": "nQWER",
        "has_phrases": false,
        "mode": "value_domain",
        "phrase_count": 0,
        "phrases": [],
        "projection": "value_hash_v1",
        "projection_method": "value_hash_v1",
        "value": 990
      },
      "type": "Feature"
    },
    {
      "geometry": {
        "coordinates": [
          121.58993,
          50.665931
        ],
        "type": "Point"
      },
      "properties": {
        "cipher": "nQWER",
        "has_phrases": false,
        "mode": "value_domain",
        "phrase_count": 0,
        "phrases": [],
        "projection": "value_hash_v1",
        "projection_method": "value_hash_v1",
        "value": 991
      },
      "type": "Feature"
    },
    {
      "geometry": {
        "coordinates": [
          9.056577,
          -59.984143
        ],
        "type": "Point"
      },
      "properties": {
        "cipher": "nQWER",
        "has_phrases": false,
        "mode": "value_domain",
        "phrase_count": 0,
        "phrases": [],
        "projection": "value_hash_v1",
        "projection_method": "value_hash_v1",
        "value": 992
      },
      "type": "Feature"
    },
    {
      "geometry": {
        "coordinates": [
          -139.839882,
          -74.184306
        ],
        "type": "Point"
      },
      "properties": {
        "cipher": "nQWER",
        "has_phrases": false,
        "mode": "value_domain",
        "phrase_count": 0,
        "phrases": [],
        "projection": "value_hash_v1",
        "projection_method": "value_hash_v1",
        "value": 993
      },
      "type": "Feature"
    },
    {
      "geometry": {
        "coordinates": [
          -165.294654,
          -7.469285
        ],
        "type": "Point"
      },
      "properties": {
        "cipher": "nQWER",
        "has_phrases": false,
        "mode": "value_domain",
        "phrase_count": 0,
        "phrases": [],
        "projection": "value_hash_v1",
        "projection_method": "value_hash_v1",
        "value": 994
      },
      "type": "Feature"
    },
    {
      "geometry": {
        "coordinates": [
          39.69161,
          -89.640612
        ],
        "type": "Point"
      },
      "properties": {
        "cipher": "nQWER",
        "has_phrases": false,
        "mode": "value_domain",
        "phrase_count": 0,
        "phrases": [],
        "projection": "value_hash_v1",
        "projection_method": "value_hash_v1",
        "value": 995
      },
      "type": "Feature"
    },
    {
      "geometry": {
        "coordinates": [
          -30.293527,
          -33.342622
        ],
        "type": "Point"
      },
      "properties": {
        "cipher": "nQWER",
        "has_phrases": false,
        "mode": "value_domain",
        "phrase_count": 0,
        "phrases": [],
        "projection": "value_hash_v1",
        "projection_method": "value_hash_v1",
        "value": 996
      },
      "type": "Feature"
    },
    {
      "geometry": {
        "coordinates": [
          -137.262622,
          1.557017
        ],
        "type": "Point"
      },
      "properties": {
        "cipher": "nQWER",
        "has_phrases": false,
        "mode": "value_domain",
        "phrase_count": 0,
        "phrases": [],
        "projection": "value_hash_v1",
        "projection_method": "value_hash_v1",
        "value": 997
      },
      "type": "Feature"
    },
    {
      "geometry": {
        "coordinates": [
          -102.316783,
          86.136286
        ],
        "type": "Point"
      },
      "properties": {
        "cipher": "nQWER",
        "has_phrases": true,
        "mode": "value_domain",
        "phrase_count": 1,
        "phrases": [
          "when you are truly yourself, you will succumb to a permanence"
        ],
        "projection": "value_hash_v1",
        "projection_method": "value_hash_v1",
        "value": 998
      },
      "type": "Feature"
    },
    {
      "geometry": {
        "coordinates": [
          -103.907888,
          -29.220133
        ],
        "type": "Point"
      },
      "properties": {
        "cipher": "nQWER",
        "has_phrases": false,
        "mode": "value_domain",
        "phrase_count": 0,
        "phrases": [],
        "projection": "value_hash_v1",
        "projection_method": "value_hash_v1",
        "value": 999
      },
      "type": "Feature"
    },
    {
      "geometry": {
        "coordinates": [
          156.913475,
          -33.933624
        ],
        "type": "Point"
      },
      "properties": {
        "cipher": "nQWER",
        "has_phrases": false,
        "mode": "value_domain",
        "phrase_count": 0,
        "phrases": [],
        "projection": "value_hash_v1",
        "projection_method": "value_hash_v1",
        "value": 1000
      },
      "type": "Feature"
    },
    {
      "geometry": {
        "coordinates": [
          85.826565,
          -12.315302
        ],
        "type": "Point"
      },
      "properties": {
        "cipher": "nQWER",
        "has_phrases": false,
        "mode": "value_domain",
        "phrase_count": 0,
        "phrases": [],
        "projection": "value_hash_v1",
        "projection_method": "value_hash_v1",
        "value": 1001
      },
      "type": "Feature"
    },
    {
      "geometry": {
        "coordinates": [
          39.509077,
          59.130408
        ],
        "type": "Point"
      },
      "properties": {
        "cipher": "nQWER",
        "has_phrases": false,
        "mode": "value_domain",
        "phrase_count": 0,
        "phrases": [],
        "projection": "value_hash_v1",
        "projection_method": "value_hash_v1",
        "value": 1002
      },
      "type": "Feature"
    },
    {
      "geometry": {
        "coordinates": [
          161.592323,
          -19.298168
        ],
        "type": "Point"
      },
      "properties": {
        "cipher": "nQWER",
        "has_phrases": false,
        "mode": "value_domain",
        "phrase_count": 0,
        "phrases": [],
        "projection": "value_hash_v1",
        "projection_method": "value_hash_v1",
        "value": 1003
      },
      "type": "Feature"
    },
    {
      "geometry": {
        "coordinates": [
          63.020645,
          58.305774
        ],
        "type": "Point"
      },
      "properties": {
        "cipher": "nQWER",
        "has_phrases": false,
        "mode": "value_domain",
        "phrase_count": 0,
        "phrases": [],
        "projection": "value_hash_v1",
        "projection_method": "value_hash_v1",
        "value": 1004
      },
      "type": "Feature"
    },
    {
      "geometry": {
        "coordinates": [
          160.451804,
          8.126535
        ],
        "type": "Point"
      },
      "properties": {
        "cipher": "nQWER",
        "has_phrases": true,
        "mode": "value_domain",
        "phrase_count": 1,
        "phrases": [
          "the way terrain stores vanished worlds without narrating them"
        ],
        "projection": "value_hash_v1",
        "projection_method": "value_hash_v1",
        "value": 1005
      },
      "type": "Feature"
    },
    {
      "geometry": {
        "coordinates": [
          53.050982,
          -63.816171
        ],
        "type": "Point"
      },
      "properties": {
        "cipher": "nQWER",
        "has_phrases": false,
        "mode": "value_domain",
        "phrase_count": 0,
        "phrases": [],
        "projection": "value_hash_v1",
        "projection_method": "value_hash_v1",
        "value": 1006
      },
      "type": "Feature"
    },
    {
      "geometry": {
        "coordinates": [
          4.135922,
          -59.648911
        ],
        "type": "Point"
      },
      "properties": {
        "cipher": "nQWER",
        "has_phrases": false,
        "mode": "value_domain",
        "phrase_count": 0,
        "phrases": [],
        "projection": "value_hash_v1",
        "projection_method": "value_hash_v1",
        "value": 1007
      },
      "type": "Feature"
    },
    {
      "geometry": {
        "coordinates": [
          -140.439594,
          53.65473
        ],
        "type": "Point"
      },
      "properties": {
        "cipher": "nQWER",
        "has_phrases": false,
        "mode": "value_domain",
        "phrase_count": 0,
        "phrases": [],
        "projection": "value_hash_v1",
        "projection_method": "value_hash_v1",
        "value": 1008
      },
      "type": "Feature"
    },
    {
      "geometry": {
        "coordinates": [
          -36.262215,
          41.659395
        ],
        "type": "Point"
      },
      "properties": {
        "cipher": "nQWER",
        "has_phrases": false,
        "mode": "value_domain",
        "phrase_count": 0,
        "phrases": [],
        "projection": "value_hash_v1",
        "projection_method": "value_hash_v1",
        "value": 1009
      },
      "type": "Feature"
    },
    {
      "geometry": {
        "coordinates": [
          -95.546989,
          -68.407201
        ],
        "type": "Point"
      },
      "properties": {
        "cipher": "nQWER",
        "has_phrases": false,
        "mode": "value_domain",
        "phrase_count": 0,
        "phrases": [],
        "projection": "value_hash_v1",
        "projection_method": "value_hash_v1",
        "value": 1010
      },
      "type": "Feature"
    },
    {
      "geometry": {
        "coordinates": [
          -6.159588,
          60.002536
        ],
        "type": "Point"
      },
      "properties": {
        "cipher": "nQWER",
        "has_phrases": false,
        "mode": "value_domain",
        "phrase_count": 0,
        "phrases": [],
        "projection": "value_hash_v1",
        "projection_method": "value_hash_v1",
        "value": 1011
      },
      "type": "Feature"
    },
    {
      "geometry": {
        "coordinates": [
          137.755623,
          -76.684578
        ],
        "type": "Point"
      },
      "properties": {
        "cipher": "nQWER",
        "has_phrases": false,
        "mode": "value_domain",
        "phrase_count": 0,
        "phrases": [],
        "projection": "value_hash_v1",
        "projection_method": "value_hash_v1",
        "value": 1012
      },
      "type": "Feature"
    },
    {
      "geometry": {
        "coordinates": [
          84.371197,
          0.540535
        ],
        "type": "Point"
      },
      "properties": {
        "cipher": "nQWER",
        "has_phrases": false,
        "mode": "value_domain",
        "phrase_count": 0,
        "phrases": [],
        "projection": "value_hash_v1",
        "projection_method": "value_hash_v1",
        "value": 1013
      },
      "type": "Feature"
    },
    {
      "geometry": {
        "coordinates": [
          72.136969,
          72.718748
        ],
        "type": "Point"
      },
      "properties": {
        "cipher": "nQWER",
        "has_phrases": false,
        "mode": "value_domain",
        "phrase_count": 0,
        "phrases": [],
        "projection": "value_hash_v1",
        "projection_method": "value_hash_v1",
        "value": 1014
      },
      "type": "Feature"
    },
    {
      "geometry": {
        "coordinates": [
          -2.140229,
          21.820294
        ],
        "type": "Point"
      },
      "properties": {
        "cipher": "nQWER",
        "has_phrases": false,
        "mode": "value_domain",
        "phrase_count": 0,
        "phrases": [],
        "projection": "value_hash_v1",
        "projection_method": "value_hash_v1",
        "value": 1015
      },
      "type": "Feature"
    },
    {
      "geometry": {
        "coordinates": [
          1.414716,
          -0.908733
        ],
        "type": "Point"
      },
      "properties": {
        "cipher": "nQWER",
        "has_phrases": false,
        "mode": "value_domain",
        "phrase_count": 0,
        "phrases": [],
        "projection": "value_hash_v1",
        "projection_method": "value_hash_v1",
        "value": 1016
      },
      "type": "Feature"
    },
    {
      "geometry": {
        "coordinates": [
          -142.589266,
          42.602892
        ],
        "type": "Point"
      },
      "properties": {
        "cipher": "nQWER",
        "has_phrases": false,
        "mode": "value_domain",
        "phrase_count": 0,
        "phrases": [],
        "projection": "value_hash_v1",
        "projection_method": "value_hash_v1",
        "value": 1017
      },
      "type": "Feature"
    },
    {
      "geometry": {
        "coordinates": [
          -46.103653,
          26.219299
        ],
        "type": "Point"
      },
      "properties": {
        "cipher": "nQWER",
        "has_phrases": false,
        "mode": "value_domain",
        "phrase_count": 0,
        "phrases": [],
        "projection": "value_hash_v1",
        "projection_method": "value_hash_v1",
        "value": 1018
      },
      "type": "Feature"
    },
    {
      "geometry": {
        "coordinates": [
          43.376668,
          32.335584
        ],
        "type": "Point"
      },
      "properties": {
        "cipher": "nQWER",
        "has_phrases": false,
        "mode": "value_domain",
        "phrase_count": 0,
        "phrases": [],
        "projection": "value_hash_v1",
        "projection_method": "value_hash_v1",
        "value": 1019
      },
      "type": "Feature"
    },
    {
      "geometry": {
        "coordinates": [
          -81.773164,
          11.847533
        ],
        "type": "Point"
      },
      "properties": {
        "cipher": "nQWER",
        "has_phrases": false,
        "mode": "value_domain",
        "phrase_count": 0,
        "phrases": [],
        "projection": "value_hash_v1",
        "projection_method": "value_hash_v1",
        "value": 1020
      },
      "type": "Feature"
    },
    {
      "geometry": {
        "coordinates": [
          172.370407,
          65.493342
        ],
        "type": "Point"
      },
      "properties": {
        "cipher": "nQWER",
        "has_phrases": false,
        "mode": "value_domain",
        "phrase_count": 0,
        "phrases": [],
        "projection": "value_hash_v1",
        "projection_method": "value_hash_v1",
        "value": 1021
      },
      "type": "Feature"
    },
    {
      "geometry": {
        "coordinates": [
          -12.387794,
          -60.965996
        ],
        "type": "Point"
      },
      "properties": {
        "cipher": "nQWER",
        "has_phrases": false,
        "mode": "value_domain",
        "phrase_count": 0,
        "phrases": [],
        "projection": "value_hash_v1",
        "projection_method": "value_hash_v1",
        "value": 1022
      },
      "type": "Feature"
    },
    {
      "geometry": {
        "coordinates": [
          -91.447663,
          -19.603289
        ],
        "type": "Point"
      },
      "properties": {
        "cipher": "nQWER",
        "has_phrases": false,
        "mode": "value_domain",
        "phrase_count": 0,
        "phrases": [],
        "projection": "value_hash_v1",
        "projection_method": "value_hash_v1",
        "value": 1023
      },
      "type": "Feature"
    },
    {
      "geometry": {
        "coordinates": [
          159.873946,
          -19.663647
        ],
        "type": "Point"
      },
      "properties": {
        "cipher": "nQWER",
        "has_phrases": false,
        "mode": "value_domain",
        "phrase_count": 0,
        "phrases": [],
        "projection": "value_hash_v1",
        "projection_method": "value_hash_v1",
        "value": 1024
      },
      "type": "Feature"
    },
    {
      "geometry": {
        "coordinates": [
          101.339146,
          39.931157
        ],
        "type": "Point"
      },
      "properties": {
        "cipher": "nQWER",
        "has_phrases": false,
        "mode": "value_domain",
        "phrase_count": 0,
        "phrases": [],
        "projection": "value_hash_v1",
        "projection_method": "value_hash_v1",
        "value": 1025
      },
      "type": "Feature"
    },
    {
      "geometry": {
        "coordinates": [
          -91.406192,
          83.983869
        ],
        "type": "Point"
      },
      "properties": {
        "cipher": "nQWER",
        "has_phrases": false,
        "mode": "value_domain",
        "phrase_count": 0,
        "phrases": [],
        "projection": "value_hash_v1",
        "projection_method": "value_hash_v1",
        "value": 1026
      },
      "type": "Feature"
    },
    {
      "geometry": {
        "coordinates": [
          -20.276893,
          5.62349
        ],
        "type": "Point"
      },
      "properties": {
        "cipher": "nQWER",
        "has_phrases": false,
        "mode": "value_domain",
        "phrase_count": 0,
        "phrases": [],
        "projection": "value_hash_v1",
        "projection_method": "value_hash_v1",
        "value": 1027
      },
      "type": "Feature"
    },
    {
      "geometry": {
        "coordinates": [
          -18.190752,
          -3.444397
        ],
        "type": "Point"
      },
      "properties": {
        "cipher": "nQWER",
        "has_phrases": false,
        "mode": "value_domain",
        "phrase_count": 0,
        "phrases": [],
        "projection": "value_hash_v1",
        "projection_method": "value_hash_v1",
        "value": 1028
      },
      "type": "Feature"
    },
    {
      "geometry": {
        "coordinates": [
          -150.166821,
          -9.14376
        ],
        "type": "Point"
      },
      "properties": {
        "cipher": "nQWER",
        "has_phrases": false,
        "mode": "value_domain",
        "phrase_count": 0,
        "phrases": [],
        "projection": "value_hash_v1",
        "projection_method": "value_hash_v1",
        "value": 1029
      },
      "type": "Feature"
    },
    {
      "geometry": {
        "coordinates": [
          7.99789,
          -83.298328
        ],
        "type": "Point"
      },
      "properties": {
        "cipher": "nQWER",
        "has_phrases": false,
        "mode": "value_domain",
        "phrase_count": 0,
        "phrases": [],
        "projection": "value_hash_v1",
        "projection_method": "value_hash_v1",
        "value": 1030
      },
      "type": "Feature"
    },
    {
      "geometry": {
        "coordinates": [
          -105.120232,
          64.434662
        ],
        "type": "Point"
      },
      "properties": {
        "cipher": "nQWER",
        "has_phrases": false,
        "mode": "value_domain",
        "phrase_count": 0,
        "phrases": [],
        "projection": "value_hash_v1",
        "projection_method": "value_hash_v1",
        "value": 1031
      },
      "type": "Feature"
    },
    {
      "geometry": {
        "coordinates": [
          179.459828,
          49.904881
        ],
        "type": "Point"
      },
      "properties": {
        "cipher": "nQWER",
        "has_phrases": false,
        "mode": "value_domain",
        "phrase_count": 0,
        "phrases": [],
        "projection": "value_hash_v1",
        "projection_method": "value_hash_v1",
        "value": 1032
      },
      "type": "Feature"
    },
    {
      "geometry": {
        "coordinates": [
          12.343301,
          47.14204
        ],
        "type": "Point"
      },
      "properties": {
        "cipher": "nQWER",
        "has_phrases": false,
        "mode": "value_domain",
        "phrase_count": 0,
        "phrases": [],
        "projection": "value_hash_v1",
        "projection_method": "value_hash_v1",
        "value": 1033
      },
      "type": "Feature"
    },
    {
      "geometry": {
        "coordinates": [
          175.40739,
          38.769291
        ],
        "type": "Point"
      },
      "properties": {
        "cipher": "nQWER",
        "has_phrases": false,
        "mode": "value_domain",
        "phrase_count": 0,
        "phrases": [],
        "projection": "value_hash_v1",
        "projection_method": "value_hash_v1",
        "value": 1034
      },
      "type": "Feature"
    },
    {
      "geometry": {
        "coordinates": [
          111.119705,
          -18.032782
        ],
        "type": "Point"
      },
      "properties": {
        "cipher": "nQWER",
        "has_phrases": false,
        "mode": "value_domain",
        "phrase_count": 0,
        "phrases": [],
        "projection": "value_hash_v1",
        "projection_method": "value_hash_v1",
        "value": 1035
      },
      "type": "Feature"
    },
    {
      "geometry": {
        "coordinates": [
          -36.531398,
          61.679928
        ],
        "type": "Point"
      },
      "properties": {
        "cipher": "nQWER",
        "has_phrases": false,
        "mode": "value_domain",
        "phrase_count": 0,
        "phrases": [],
        "projection": "value_hash_v1",
        "projection_method": "value_hash_v1",
        "value": 1036
      },
      "type": "Feature"
    },
    {
      "geometry": {
        "coordinates": [
          127.863617,
          26.142286
        ],
        "type": "Point"
      },
      "properties": {
        "cipher": "nQWER",
        "has_phrases": false,
        "mode": "value_domain",
        "phrase_count": 0,
        "phrases": [],
        "projection": "value_hash_v1",
        "projection_method": "value_hash_v1",
        "value": 1037
      },
      "type": "Feature"
    },
    {
      "geometry": {
        "coordinates": [
          -150.62674,
          -78.805605
        ],
        "type": "Point"
      },
      "properties": {
        "cipher": "nQWER",
        "has_phrases": false,
        "mode": "value_domain",
        "phrase_count": 0,
        "phrases": [],
        "projection": "value_hash_v1",
        "projection_method": "value_hash_v1",
        "value": 1038
      },
      "type": "Feature"
    },
    {
      "geometry": {
        "coordinates": [
          -96.475704,
          8.565281
        ],
        "type": "Point"
      },
      "properties": {
        "cipher": "nQWER",
        "has_phrases": false,
        "mode": "value_domain",
        "phrase_count": 0,
        "phrases": [],
        "projection": "value_hash_v1",
        "projection_method": "value_hash_v1",
        "value": 1039
      },
      "type": "Feature"
    },
    {
      "geometry": {
        "coordinates": [
          137.609315,
          43.584153
        ],
        "type": "Point"
      },
      "properties": {
        "cipher": "nQWER",
        "has_phrases": false,
        "mode": "value_domain",
        "phrase_count": 0,
        "phrases": [],
        "projection": "value_hash_v1",
        "projection_method": "value_hash_v1",
        "value": 1040
      },
      "type": "Feature"
    },
    {
      "geometry": {
        "coordinates": [
          94.31887,
          -16.977922
        ],
        "type": "Point"
      },
      "properties": {
        "cipher": "nQWER",
        "has_phrases": false,
        "mode": "value_domain",
        "phrase_count": 0,
        "phrases": [],
        "projection": "value_hash_v1",
        "projection_method": "value_hash_v1",
        "value": 1041
      },
      "type": "Feature"
    },
    {
      "geometry": {
        "coordinates": [
          -150.855351,
          -20.665675
        ],
        "type": "Point"
      },
      "properties": {
        "cipher": "nQWER",
        "has_phrases": false,
        "mode": "value_domain",
        "phrase_count": 0,
        "phrases": [],
        "projection": "value_hash_v1",
        "projection_method": "value_hash_v1",
        "value": 1042
      },
      "type": "Feature"
    },
    {
      "geometry": {
        "coordinates": [
          150.933555,
          21.561858
        ],
        "type": "Point"
      },
      "properties": {
        "cipher": "nQWER",
        "has_phrases": false,
        "mode": "value_domain",
        "phrase_count": 0,
        "phrases": [],
        "projection": "value_hash_v1",
        "projection_method": "value_hash_v1",
        "value": 1043
      },
      "type": "Feature"
    },
    {
      "geometry": {
        "coordinates": [
          91.97028,
          -79.930413
        ],
        "type": "Point"
      },
      "properties": {
        "cipher": "nQWER",
        "has_phrases": false,
        "mode": "value_domain",
        "phrase_count": 0,
        "phrases": [],
        "projection": "value_hash_v1",
        "projection_method": "value_hash_v1",
        "value": 1044
      },
      "type": "Feature"
    },
    {
      "geometry": {
        "coordinates": [
          -72.927242,
          -70.971189
        ],
        "type": "Point"
      },
      "properties": {
        "cipher": "nQWER",
        "has_phrases": false,
        "mode": "value_domain",
        "phrase_count": 0,
        "phrases": [],
        "projection": "value_hash_v1",
        "projection_method": "value_hash_v1",
        "value": 1045
      },
      "type": "Feature"
    },
    {
      "geometry": {
        "coordinates": [
          39.636021,
          82.967314
        ],
        "type": "Point"
      },
      "properties": {
        "cipher": "nQWER",
        "has_phrases": false,
        "mode": "value_domain",
        "phrase_count": 0,
        "phrases": [],
        "projection": "value_hash_v1",
        "projection_method": "value_hash_v1",
        "value": 1046
      },
      "type": "Feature"
    },
    {
      "geometry": {
        "coordinates": [
          -113.303621,
          -46.543431
        ],
        "type": "Point"
      },
      "properties": {
        "cipher": "nQWER",
        "has_phrases": false,
        "mode": "value_domain",
        "phrase_count": 0,
        "phrases": [],
        "projection": "value_hash_v1",
        "projection_method": "value_hash_v1",
        "value": 1047
      },
      "type": "Feature"
    },
    {
      "geometry": {
        "coordinates": [
          -50.812997,
          43.235165
        ],
        "type": "Point"
      },
      "properties": {
        "cipher": "nQWER",
        "has_phrases": false,
        "mode": "value_domain",
        "phrase_count": 0,
        "phrases": [],
        "projection": "value_hash_v1",
        "projection_method": "value_hash_v1",
        "value": 1048
      },
      "type": "Feature"
    },
    {
      "geometry": {
        "coordinates": [
          -161.781903,
          85.09556
        ],
        "type": "Point"
      },
      "properties": {
        "cipher": "nQWER",
        "has_phrases": false,
        "mode": "value_domain",
        "phrase_count": 0,
        "phrases": [],
        "projection": "value_hash_v1",
        "projection_method": "value_hash_v1",
        "value": 1049
      },
      "type": "Feature"
    },
    {
      "geometry": {
        "coordinates": [
          59.558353,
          79.98186
        ],
        "type": "Point"
      },
      "properties": {
        "cipher": "nQWER",
        "has_phrases": false,
        "mode": "value_domain",
        "phrase_count": 0,
        "phrases": [],
        "projection": "value_hash_v1",
        "projection_method": "value_hash_v1",
        "value": 1050
      },
      "type": "Feature"
    },
    {
      "geometry": {
        "coordinates": [
          167.513033,
          -39.866076
        ],
        "type": "Point"
      },
      "properties": {
        "cipher": "nQWER",
        "has_phrases": false,
        "mode": "value_domain",
        "phrase_count": 0,
        "phrases": [],
        "projection": "value_hash_v1",
        "projection_method": "value_hash_v1",
        "value": 1051
      },
      "type": "Feature"
    },
    {
      "geometry": {
        "coordinates": [
          48.366528,
          -60.097338
        ],
        "type": "Point"
      },
      "properties": {
        "cipher": "nQWER",
        "has_phrases": false,
        "mode": "value_domain",
        "phrase_count": 0,
        "phrases": [],
        "projection": "value_hash_v1",
        "projection_method": "value_hash_v1",
        "value": 1052
      },
      "type": "Feature"
    },
    {
      "geometry": {
        "coordinates": [
          -113.097322,
          -54.779969
        ],
        "type": "Point"
      },
      "properties": {
        "cipher": "nQWER",
        "has_phrases": false,
        "mode": "value_domain",
        "phrase_count": 0,
        "phrases": [],
        "projection": "value_hash_v1",
        "projection_method": "value_hash_v1",
        "value": 1053
      },
      "type": "Feature"
    },
    {
      "geometry": {
        "coordinates": [
          59.258244,
          41.41837
        ],
        "type": "Point"
      },
      "properties": {
        "cipher": "nQWER",
        "has_phrases": false,
        "mode": "value_domain",
        "phrase_count": 0,
        "phrases": [],
        "projection": "value_hash_v1",
        "projection_method": "value_hash_v1",
        "value": 1054
      },
      "type": "Feature"
    },
    {
      "geometry": {
        "coordinates": [
          78.156091,
          -70.044156
        ],
        "type": "Point"
      },
      "properties": {
        "cipher": "nQWER",
        "has_phrases": false,
        "mode": "value_domain",
        "phrase_count": 0,
        "phrases": [],
        "projection": "value_hash_v1",
        "projection_method": "value_hash_v1",
        "value": 1055
      },
      "type": "Feature"
    },
    {
      "geometry": {
        "coordinates": [
          88.253965,
          58.917072
        ],
        "type": "Point"
      },
      "properties": {
        "cipher": "nQWER",
        "has_phrases": false,
        "mode": "value_domain",
        "phrase_count": 0,
        "phrases": [],
        "projection": "value_hash_v1",
        "projection_method": "value_hash_v1",
        "value": 1056
      },
      "type": "Feature"
    },
    {
      "geometry": {
        "coordinates": [
          126.4722,
          -36.662485
        ],
        "type": "Point"
      },
      "properties": {
        "cipher": "nQWER",
        "has_phrases": false,
        "mode": "value_domain",
        "phrase_count": 0,
        "phrases": [],
        "projection": "value_hash_v1",
        "projection_method": "value_hash_v1",
        "value": 1057
      },
      "type": "Feature"
    },
    {
      "geometry": {
        "coordinates": [
          22.201609,
          49.847795
        ],
        "type": "Point"
      },
      "properties": {
        "cipher": "nQWER",
        "has_phrases": false,
        "mode": "value_domain",
        "phrase_count": 0,
        "phrases": [],
        "projection": "value_hash_v1",
        "projection_method": "value_hash_v1",
        "value": 1058
      },
      "type": "Feature"
    },
    {
      "geometry": {
        "coordinates": [
          -45.388919,
          -25.936318
        ],
        "type": "Point"
      },
      "properties": {
        "cipher": "nQWER",
        "has_phrases": false,
        "mode": "value_domain",
        "phrase_count": 0,
        "phrases": [],
        "projection": "value_hash_v1",
        "projection_method": "value_hash_v1",
        "value": 1059
      },
      "type": "Feature"
    },
    {
      "geometry": {
        "coordinates": [
          -2.638261,
          3.076478
        ],
        "type": "Point"
      },
      "properties": {
        "cipher": "nQWER",
        "has_phrases": false,
        "mode": "value_domain",
        "phrase_count": 0,
        "phrases": [],
        "projection": "value_hash_v1",
        "projection_method": "value_hash_v1",
        "value": 1060
      },
      "type": "Feature"
    },
    {
      "geometry": {
        "coordinates": [
          154.398756,
          48.548424
        ],
        "type": "Point"
      },
      "properties": {
        "cipher": "nQWER",
        "has_phrases": false,
        "mode": "value_domain",
        "phrase_count": 0,
        "phrases": [],
        "projection": "value_hash_v1",
        "projection_method": "value_hash_v1",
        "value": 1061
      },
      "type": "Feature"
    },
    {
      "geometry": {
        "coordinates": [
          39.115229,
          -63.313318
        ],
        "type": "Point"
      },
      "properties": {
        "cipher": "nQWER",
        "has_phrases": false,
        "mode": "value_domain",
        "phrase_count": 0,
        "phrases": [],
        "projection": "value_hash_v1",
        "projection_method": "value_hash_v1",
        "value": 1062
      },
      "type": "Feature"
    },
    {
      "geometry": {
        "coordinates": [
          -163.596926,
          -18.755195
        ],
        "type": "Point"
      },
      "properties": {
        "cipher": "nQWER",
        "has_phrases": false,
        "mode": "value_domain",
        "phrase_count": 0,
        "phrases": [],
        "projection": "value_hash_v1",
        "projection_method": "value_hash_v1",
        "value": 1063
      },
      "type": "Feature"
    },
    {
      "geometry": {
        "coordinates": [
          126.085457,
          61.086692
        ],
        "type": "Point"
      },
      "properties": {
        "cipher": "nQWER",
        "has_phrases": false,
        "mode": "value_domain",
        "phrase_count": 0,
        "phrases": [],
        "projection": "value_hash_v1",
        "projection_method": "value_hash_v1",
        "value": 1064
      },
      "type": "Feature"
    },
    {
      "geometry": {
        "coordinates": [
          8.119114,
          -60.414889
        ],
        "type": "Point"
      },
      "properties": {
        "cipher": "nQWER",
        "has_phrases": false,
        "mode": "value_domain",
        "phrase_count": 0,
        "phrases": [],
        "projection": "value_hash_v1",
        "projection_method": "value_hash_v1",
        "value": 1065
      },
      "type": "Feature"
    },
    {
      "geometry": {
        "coordinates": [
          -133.47465,
          -26.494977
        ],
        "type": "Point"
      },
      "properties": {
        "cipher": "nQWER",
        "has_phrases": false,
        "mode": "value_domain",
        "phrase_count": 0,
        "phrases": [],
        "projection": "value_hash_v1",
        "projection_method": "value_hash_v1",
        "value": 1066
      },
      "type": "Feature"
    },
    {
      "geometry": {
        "coordinates": [
          75.582251,
          -63.802391
        ],
        "type": "Point"
      },
      "properties": {
        "cipher": "nQWER",
        "has_phrases": false,
        "mode": "value_domain",
        "phrase_count": 0,
        "phrases": [],
        "projection": "value_hash_v1",
        "projection_method": "value_hash_v1",
        "value": 1067
      },
      "type": "Feature"
    },
    {
      "geometry": {
        "coordinates": [
          -102.191983,
          26.577404
        ],
        "type": "Point"
      },
      "properties": {
        "cipher": "nQWER",
        "has_phrases": false,
        "mode": "value_domain",
        "phrase_count": 0,
        "phrases": [],
        "projection": "value_hash_v1",
        "projection_method": "value_hash_v1",
        "value": 1068
      },
      "type": "Feature"
    },
    {
      "geometry": {
        "coordinates": [
          -61.301246,
          -89.618472
        ],
        "type": "Point"
      },
      "properties": {
        "cipher": "nQWER",
        "has_phrases": false,
        "mode": "value_domain",
        "phrase_count": 0,
        "phrases": [],
        "projection": "value_hash_v1",
        "projection_method": "value_hash_v1",
        "value": 1069
      },
      "type": "Feature"
    },
    {
      "geometry": {
        "coordinates": [
          -82.876773,
          -76.849449
        ],
        "type": "Point"
      },
      "properties": {
        "cipher": "nQWER",
        "has_phrases": false,
        "mode": "value_domain",
        "phrase_count": 0,
        "phrases": [],
        "projection": "value_hash_v1",
        "projection_method": "value_hash_v1",
        "value": 1070
      },
      "type": "Feature"
    },
    {
      "geometry": {
        "coordinates": [
          -62.954329,
          -48.711999
        ],
        "type": "Point"
      },
      "properties": {
        "cipher": "nQWER",
        "has_phrases": false,
        "mode": "value_domain",
        "phrase_count": 0,
        "phrases": [],
        "projection": "value_hash_v1",
        "projection_method": "value_hash_v1",
        "value": 1071
      },
      "type": "Feature"
    },
    {
      "geometry": {
        "coordinates": [
          150.669902,
          -41.129735
        ],
        "type": "Point"
      },
      "properties": {
        "cipher": "nQWER",
        "has_phrases": false,
        "mode": "value_domain",
        "phrase_count": 0,
        "phrases": [],
        "projection": "value_hash_v1",
        "projection_method": "value_hash_v1",
        "value": 1072
      },
      "type": "Feature"
    },
    {
      "geometry": {
        "coordinates": [
          157.264181,
          -31.331885
        ],
        "type": "Point"
      },
      "properties": {
        "cipher": "nQWER",
        "has_phrases": false,
        "mode": "value_domain",
        "phrase_count": 0,
        "phrases": [],
        "projection": "value_hash_v1",
        "projection_method": "value_hash_v1",
        "value": 1073
      },
      "type": "Feature"
    },
    {
      "geometry": {
        "coordinates": [
          -29.151179,
          51.297943
        ],
        "type": "Point"
      },
      "properties": {
        "cipher": "nQWER",
        "has_phrases": false,
        "mode": "value_domain",
        "phrase_count": 0,
        "phrases": [],
        "projection": "value_hash_v1",
        "projection_method": "value_hash_v1",
        "value": 1074
      },
      "type": "Feature"
    },
    {
      "geometry": {
        "coordinates": [
          -27.956101,
          -71.119494
        ],
        "type": "Point"
      },
      "properties": {
        "cipher": "nQWER",
        "has_phrases": false,
        "mode": "value_domain",
        "phrase_count": 0,
        "phrases": [],
        "projection": "value_hash_v1",
        "projection_method": "value_hash_v1",
        "value": 1075
      },
      "type": "Feature"
    },
    {
      "geometry": {
        "coordinates": [
          -140.266708,
          24.44069
        ],
        "type": "Point"
      },
      "properties": {
        "cipher": "nQWER",
        "has_phrases": false,
        "mode": "value_domain",
        "phrase_count": 0,
        "phrases": [],
        "projection": "value_hash_v1",
        "projection_method": "value_hash_v1",
        "value": 1076
      },
      "type": "Feature"
    },
    {
      "geometry": {
        "coordinates": [
          -135.602224,
          62.553919
        ],
        "type": "Point"
      },
      "properties": {
        "cipher": "nQWER",
        "has_phrases": true,
        "mode": "value_domain",
        "phrase_count": 1,
        "phrases": [
          "exposing geotraumatics through diachronic geogrammatics"
        ],
        "projection": "value_hash_v1",
        "projection_method": "value_hash_v1",
        "value": 1077
      },
      "type": "Feature"
    },
    {
      "geometry": {
        "coordinates": [
          129.278613,
          -74.901343
        ],
        "type": "Point"
      },
      "properties": {
        "cipher": "nQWER",
        "has_phrases": false,
        "mode": "value_domain",
        "phrase_count": 0,
        "phrases": [],
        "projection": "value_hash_v1",
        "projection_method": "value_hash_v1",
        "value": 1078
      },
      "type": "Feature"
    },
    {
      "geometry": {
        "coordinates": [
          -132.950348,
          -60.946886
        ],
        "type": "Point"
      },
      "properties": {
        "cipher": "nQWER",
        "has_phrases": false,
        "mode": "value_domain",
        "phrase_count": 0,
        "phrases": [],
        "projection": "value_hash_v1",
        "projection_method": "value_hash_v1",
        "value": 1079
      },
      "type": "Feature"
    },
    {
      "geometry": {
        "coordinates": [
          -30.856604,
          66.008286
        ],
        "type": "Point"
      },
      "properties": {
        "cipher": "nQWER",
        "has_phrases": false,
        "mode": "value_domain",
        "phrase_count": 0,
        "phrases": [],
        "projection": "value_hash_v1",
        "projection_method": "value_hash_v1",
        "value": 1080
      },
      "type": "Feature"
    },
    {
      "geometry": {
        "coordinates": [
          -55.610201,
          5.73656
        ],
        "type": "Point"
      },
      "properties": {
        "cipher": "nQWER",
        "has_phrases": false,
        "mode": "value_domain",
        "phrase_count": 0,
        "phrases": [],
        "projection": "value_hash_v1",
        "projection_method": "value_hash_v1",
        "value": 1081
      },
      "type": "Feature"
    },
    {
      "geometry": {
        "coordinates": [
          62.733946,
          65.082586
        ],
        "type": "Point"
      },
      "properties": {
        "cipher": "nQWER",
        "has_phrases": false,
        "mode": "value_domain",
        "phrase_count": 0,
        "phrases": [],
        "projection": "value_hash_v1",
        "projection_method": "value_hash_v1",
        "value": 1082
      },
      "type": "Feature"
    },
    {
      "geometry": {
        "coordinates": [
          92.787632,
          1.772444
        ],
        "type": "Point"
      },
      "properties": {
        "cipher": "nQWER",
        "has_phrases": false,
        "mode": "value_domain",
        "phrase_count": 0,
        "phrases": [],
        "projection": "value_hash_v1",
        "projection_method": "value_hash_v1",
        "value": 1083
      },
      "type": "Feature"
    },
    {
      "geometry": {
        "coordinates": [
          -110.948983,
          -18.904219
        ],
        "type": "Point"
      },
      "properties": {
        "cipher": "nQWER",
        "has_phrases": false,
        "mode": "value_domain",
        "phrase_count": 0,
        "phrases": [],
        "projection": "value_hash_v1",
        "projection_method": "value_hash_v1",
        "value": 1084
      },
      "type": "Feature"
    },
    {
      "geometry": {
        "coordinates": [
          -122.373753,
          -38.009671
        ],
        "type": "Point"
      },
      "properties": {
        "cipher": "nQWER",
        "has_phrases": false,
        "mode": "value_domain",
        "phrase_count": 0,
        "phrases": [],
        "projection": "value_hash_v1",
        "projection_method": "value_hash_v1",
        "value": 1085
      },
      "type": "Feature"
    },
    {
      "geometry": {
        "coordinates": [
          130.520152,
          -13.154729
        ],
        "type": "Point"
      },
      "properties": {
        "cipher": "nQWER",
        "has_phrases": false,
        "mode": "value_domain",
        "phrase_count": 0,
        "phrases": [],
        "projection": "value_hash_v1",
        "projection_method": "value_hash_v1",
        "value": 1086
      },
      "type": "Feature"
    },
    {
      "geometry": {
        "coordinates": [
          -105.109716,
          38.420624
        ],
        "type": "Point"
      },
      "properties": {
        "cipher": "nQWER",
        "has_phrases": false,
        "mode": "value_domain",
        "phrase_count": 0,
        "phrases": [],
        "projection": "value_hash_v1",
        "projection_method": "value_hash_v1",
        "value": 1087
      },
      "type": "Feature"
    },
    {
      "geometry": {
        "coordinates": [
          26.023488,
          1.911545
        ],
        "type": "Point"
      },
      "properties": {
        "cipher": "nQWER",
        "has_phrases": true,
        "mode": "value_domain",
        "phrase_count": 1,
        "phrases": [
          "experimental technoscience of self-fulfilling prophecies"
        ],
        "projection": "value_hash_v1",
        "projection_method": "value_hash_v1",
        "value": 1088
      },
      "type": "Feature"
    },
    {
      "geometry": {
        "coordinates": [
          34.997417,
          -70.965706
        ],
        "type": "Point"
      },
      "properties": {
        "cipher": "nQWER",
        "has_phrases": false,
        "mode": "value_domain",
        "phrase_count": 0,
        "phrases": [],
        "projection": "value_hash_v1",
        "projection_method": "value_hash_v1",
        "value": 1089
      },
      "type": "Feature"
    },
    {
      "geometry": {
        "coordinates": [
          178.468298,
          6.778971
        ],
        "type": "Point"
      },
      "properties": {
        "cipher": "nQWER",
        "has_phrases": false,
        "mode": "value_domain",
        "phrase_count": 0,
        "phrases": [],
        "projection": "value_hash_v1",
        "projection_method": "value_hash_v1",
        "value": 1090
      },
      "type": "Feature"
    },
    {
      "geometry": {
        "coordinates": [
          11.792355,
          78.861997
        ],
        "type": "Point"
      },
      "properties": {
        "cipher": "nQWER",
        "has_phrases": false,
        "mode": "value_domain",
        "phrase_count": 0,
        "phrases": [],
        "projection": "value_hash_v1",
        "projection_method": "value_hash_v1",
        "value": 1091
      },
      "type": "Feature"
    },
    {
      "geometry": {
        "coordinates": [
          170.828296,
          47.747253
        ],
        "type": "Point"
      },
      "properties": {
        "cipher": "nQWER",
        "has_phrases": false,
        "mode": "value_domain",
        "phrase_count": 0,
        "phrases": [],
        "projection": "value_hash_v1",
        "projection_method": "value_hash_v1",
        "value": 1092
      },
      "type": "Feature"
    },
    {
      "geometry": {
        "coordinates": [
          11.235703,
          -83.495323
        ],
        "type": "Point"
      },
      "properties": {
        "cipher": "nQWER",
        "has_phrases": false,
        "mode": "value_domain",
        "phrase_count": 0,
        "phrases": [],
        "projection": "value_hash_v1",
        "projection_method": "value_hash_v1",
        "value": 1093
      },
      "type": "Feature"
    },
    {
      "geometry": {
        "coordinates": [
          -45.05247,
          -78.603335
        ],
        "type": "Point"
      },
      "properties": {
        "cipher": "nQWER",
        "has_phrases": false,
        "mode": "value_domain",
        "phrase_count": 0,
        "phrases": [],
        "projection": "value_hash_v1",
        "projection_method": "value_hash_v1",
        "value": 1094
      },
      "type": "Feature"
    },
    {
      "geometry": {
        "coordinates": [
          -3.191711,
          2.652735
        ],
        "type": "Point"
      },
      "properties": {
        "cipher": "nQWER",
        "has_phrases": false,
        "mode": "value_domain",
        "phrase_count": 0,
        "phrases": [],
        "projection": "value_hash_v1",
        "projection_method": "value_hash_v1",
        "value": 1095
      },
      "type": "Feature"
    },
    {
      "geometry": {
        "coordinates": [
          -17.649673,
          32.091684
        ],
        "type": "Point"
      },
      "properties": {
        "cipher": "nQWER",
        "has_phrases": false,
        "mode": "value_domain",
        "phrase_count": 0,
        "phrases": [],
        "projection": "value_hash_v1",
        "projection_method": "value_hash_v1",
        "value": 1096
      },
      "type": "Feature"
    },
    {
      "geometry": {
        "coordinates": [
          -175.98296,
          -11.102971
        ],
        "type": "Point"
      },
      "properties": {
        "cipher": "nQWER",
        "has_phrases": false,
        "mode": "value_domain",
        "phrase_count": 0,
        "phrases": [],
        "projection": "value_hash_v1",
        "projection_method": "value_hash_v1",
        "value": 1097
      },
      "type": "Feature"
    },
    {
      "geometry": {
        "coordinates": [
          -71.823551,
          23.7873
        ],
        "type": "Point"
      },
      "properties": {
        "cipher": "nQWER",
        "has_phrases": false,
        "mode": "value_domain",
        "phrase_count": 0,
        "phrases": [],
        "projection": "value_hash_v1",
        "projection_method": "value_hash_v1",
        "value": 1098
      },
      "type": "Feature"
    },
    {
      "geometry": {
        "coordinates": [
          -88.433089,
          -77.355884
        ],
        "type": "Point"
      },
      "properties": {
        "cipher": "nQWER",
        "has_phrases": false,
        "mode": "value_domain",
        "phrase_count": 0,
        "phrases": [],
        "projection": "value_hash_v1",
        "projection_method": "value_hash_v1",
        "value": 1099
      },
      "type": "Feature"
    },
    {
      "geometry": {
        "coordinates": [
          142.832945,
          10.374592
        ],
        "type": "Point"
      },
      "properties": {
        "cipher": "nQWER",
        "has_phrases": false,
        "mode": "value_domain",
        "phrase_count": 0,
        "phrases": [],
        "projection": "value_hash_v1",
        "projection_method": "value_hash_v1",
        "value": 1100
      },
      "type": "Feature"
    },
    {
      "geometry": {
        "coordinates": [
          67.025535,
          83.726939
        ],
        "type": "Point"
      },
      "properties": {
        "cipher": "nQWER",
        "has_phrases": false,
        "mode": "value_domain",
        "phrase_count": 0,
        "phrases": [],
        "projection": "value_hash_v1",
        "projection_method": "value_hash_v1",
        "value": 1101
      },
      "type": "Feature"
    },
    {
      "geometry": {
        "coordinates": [
          -14.648972,
          43.674499
        ],
        "type": "Point"
      },
      "properties": {
        "cipher": "nQWER",
        "has_phrases": false,
        "mode": "value_domain",
        "phrase_count": 0,
        "phrases": [],
        "projection": "value_hash_v1",
        "projection_method": "value_hash_v1",
        "value": 1102
      },
      "type": "Feature"
    },
    {
      "geometry": {
        "coordinates": [
          -16.851616,
          -14.60134
        ],
        "type": "Point"
      },
      "properties": {
        "cipher": "nQWER",
        "has_phrases": false,
        "mode": "value_domain",
        "phrase_count": 0,
        "phrases": [],
        "projection": "value_hash_v1",
        "projection_method": "value_hash_v1",
        "value": 1103
      },
      "type": "Feature"
    },
    {
      "geometry": {
        "coordinates": [
          -142.917455,
          28.152588
        ],
        "type": "Point"
      },
      "properties": {
        "cipher": "nQWER",
        "has_phrases": false,
        "mode": "value_domain",
        "phrase_count": 0,
        "phrases": [],
        "projection": "value_hash_v1",
        "projection_method": "value_hash_v1",
        "value": 1104
      },
      "type": "Feature"
    },
    {
      "geometry": {
        "coordinates": [
          -169.534119,
          33.172987
        ],
        "type": "Point"
      },
      "properties": {
        "cipher": "nQWER",
        "has_phrases": false,
        "mode": "value_domain",
        "phrase_count": 0,
        "phrases": [],
        "projection": "value_hash_v1",
        "projection_method": "value_hash_v1",
        "value": 1105
      },
      "type": "Feature"
    },
    {
      "geometry": {
        "coordinates": [
          -1.881827,
          61.686093
        ],
        "type": "Point"
      },
      "properties": {
        "cipher": "nQWER",
        "has_phrases": false,
        "mode": "value_domain",
        "phrase_count": 0,
        "phrases": [],
        "projection": "value_hash_v1",
        "projection_method": "value_hash_v1",
        "value": 1106
      },
      "type": "Feature"
    },
    {
      "geometry": {
        "coordinates": [
          87.189215,
          53.518677
        ],
        "type": "Point"
      },
      "properties": {
        "cipher": "nQWER",
        "has_phrases": false,
        "mode": "value_domain",
        "phrase_count": 0,
        "phrases": [],
        "projection": "value_hash_v1",
        "projection_method": "value_hash_v1",
        "value": 1107
      },
      "type": "Feature"
    },
    {
      "geometry": {
        "coordinates": [
          56.547529,
          60.400301
        ],
        "type": "Point"
      },
      "properties": {
        "cipher": "nQWER",
        "has_phrases": false,
        "mode": "value_domain",
        "phrase_count": 0,
        "phrases": [],
        "projection": "value_hash_v1",
        "projection_method": "value_hash_v1",
        "value": 1108
      },
      "type": "Feature"
    },
    {
      "geometry": {
        "coordinates": [
          -158.740737,
          -17.273241
        ],
        "type": "Point"
      },
      "properties": {
        "cipher": "nQWER",
        "has_phrases": false,
        "mode": "value_domain",
        "phrase_count": 0,
        "phrases": [],
        "projection": "value_hash_v1",
        "projection_method": "value_hash_v1",
        "value": 1109
      },
      "type": "Feature"
    },
    {
      "geometry": {
        "coordinates": [
          3.385589,
          43.452319
        ],
        "type": "Point"
      },
      "properties": {
        "cipher": "nQWER",
        "has_phrases": false,
        "mode": "value_domain",
        "phrase_count": 0,
        "phrases": [],
        "projection": "value_hash_v1",
        "projection_method": "value_hash_v1",
        "value": 1110
      },
      "type": "Feature"
    },
    {
      "geometry": {
        "coordinates": [
          -21.932582,
          38.734752
        ],
        "type": "Point"
      },
      "properties": {
        "cipher": "nQWER",
        "has_phrases": false,
        "mode": "value_domain",
        "phrase_count": 0,
        "phrases": [],
        "projection": "value_hash_v1",
        "projection_method": "value_hash_v1",
        "value": 1111
      },
      "type": "Feature"
    },
    {
      "geometry": {
        "coordinates": [
          30.632169,
          -22.159908
        ],
        "type": "Point"
      },
      "properties": {
        "cipher": "nQWER",
        "has_phrases": false,
        "mode": "value_domain",
        "phrase_count": 0,
        "phrases": [],
        "projection": "value_hash_v1",
        "projection_method": "value_hash_v1",
        "value": 1112
      },
      "type": "Feature"
    },
    {
      "geometry": {
        "coordinates": [
          -98.995819,
          -84.519674
        ],
        "type": "Point"
      },
      "properties": {
        "cipher": "nQWER",
        "has_phrases": false,
        "mode": "value_domain",
        "phrase_count": 0,
        "phrases": [],
        "projection": "value_hash_v1",
        "projection_method": "value_hash_v1",
        "value": 1113
      },
      "type": "Feature"
    },
    {
      "geometry": {
        "coordinates": [
          -124.969303,
          -22.527195
        ],
        "type": "Point"
      },
      "properties": {
        "cipher": "nQWER",
        "has_phrases": false,
        "mode": "value_domain",
        "phrase_count": 0,
        "phrases": [],
        "projection": "value_hash_v1",
        "projection_method": "value_hash_v1",
        "value": 1114
      },
      "type": "Feature"
    },
    {
      "geometry": {
        "coordinates": [
          19.602321,
          -20.608629
        ],
        "type": "Point"
      },
      "properties": {
        "cipher": "nQWER",
        "has_phrases": false,
        "mode": "value_domain",
        "phrase_count": 0,
        "phrases": [],
        "projection": "value_hash_v1",
        "projection_method": "value_hash_v1",
        "value": 1115
      },
      "type": "Feature"
    },
    {
      "geometry": {
        "coordinates": [
          19.001133,
          54.847007
        ],
        "type": "Point"
      },
      "properties": {
        "cipher": "nQWER",
        "has_phrases": false,
        "mode": "value_domain",
        "phrase_count": 0,
        "phrases": [],
        "projection": "value_hash_v1",
        "projection_method": "value_hash_v1",
        "value": 1116
      },
      "type": "Feature"
    },
    {
      "geometry": {
        "coordinates": [
          -39.266829,
          60.788742
        ],
        "type": "Point"
      },
      "properties": {
        "cipher": "nQWER",
        "has_phrases": false,
        "mode": "value_domain",
        "phrase_count": 0,
        "phrases": [],
        "projection": "value_hash_v1",
        "projection_method": "value_hash_v1",
        "value": 1117
      },
      "type": "Feature"
    },
    {
      "geometry": {
        "coordinates": [
          156.491216,
          -65.410987
        ],
        "type": "Point"
      },
      "properties": {
        "cipher": "nQWER",
        "has_phrases": false,
        "mode": "value_domain",
        "phrase_count": 0,
        "phrases": [],
        "projection": "value_hash_v1",
        "projection_method": "value_hash_v1",
        "value": 1118
      },
      "type": "Feature"
    },
    {
      "geometry": {
        "coordinates": [
          6.912998,
          65.875193
        ],
        "type": "Point"
      },
      "properties": {
        "cipher": "nQWER",
        "has_phrases": false,
        "mode": "value_domain",
        "phrase_count": 0,
        "phrases": [],
        "projection": "value_hash_v1",
        "projection_method": "value_hash_v1",
        "value": 1119
      },
      "type": "Feature"
    },
    {
      "geometry": {
        "coordinates": [
          39.985936,
          76.194518
        ],
        "type": "Point"
      },
      "properties": {
        "cipher": "nQWER",
        "has_phrases": false,
        "mode": "value_domain",
        "phrase_count": 0,
        "phrases": [],
        "projection": "value_hash_v1",
        "projection_method": "value_hash_v1",
        "value": 1120
      },
      "type": "Feature"
    },
    {
      "geometry": {
        "coordinates": [
          -57.199946,
          -0.869316
        ],
        "type": "Point"
      },
      "properties": {
        "cipher": "nQWER",
        "has_phrases": false,
        "mode": "value_domain",
        "phrase_count": 0,
        "phrases": [],
        "projection": "value_hash_v1",
        "projection_method": "value_hash_v1",
        "value": 1121
      },
      "type": "Feature"
    },
    {
      "geometry": {
        "coordinates": [
          64.111678,
          -66.870699
        ],
        "type": "Point"
      },
      "properties": {
        "cipher": "nQWER",
        "has_phrases": false,
        "mode": "value_domain",
        "phrase_count": 0,
        "phrases": [],
        "projection": "value_hash_v1",
        "projection_method": "value_hash_v1",
        "value": 1122
      },
      "type": "Feature"
    },
    {
      "geometry": {
        "coordinates": [
          54.009396,
          -54.360759
        ],
        "type": "Point"
      },
      "properties": {
        "cipher": "nQWER",
        "has_phrases": false,
        "mode": "value_domain",
        "phrase_count": 0,
        "phrases": [],
        "projection": "value_hash_v1",
        "projection_method": "value_hash_v1",
        "value": 1123
      },
      "type": "Feature"
    },
    {
      "geometry": {
        "coordinates": [
          -55.613286,
          -84.330791
        ],
        "type": "Point"
      },
      "properties": {
        "cipher": "nQWER",
        "has_phrases": false,
        "mode": "value_domain",
        "phrase_count": 0,
        "phrases": [],
        "projection": "value_hash_v1",
        "projection_method": "value_hash_v1",
        "value": 1124
      },
      "type": "Feature"
    },
    {
      "geometry": {
        "coordinates": [
          98.691303,
          58.532762
        ],
        "type": "Point"
      },
      "properties": {
        "cipher": "nQWER",
        "has_phrases": false,
        "mode": "value_domain",
        "phrase_count": 0,
        "phrases": [],
        "projection": "value_hash_v1",
        "projection_method": "value_hash_v1",
        "value": 1125
      },
      "type": "Feature"
    },
    {
      "geometry": {
        "coordinates": [
          -157.85793,
          -70.149025
        ],
        "type": "Point"
      },
      "properties": {
        "cipher": "nQWER",
        "has_phrases": false,
        "mode": "value_domain",
        "phrase_count": 0,
        "phrases": [],
        "projection": "value_hash_v1",
        "projection_method": "value_hash_v1",
        "value": 1126
      },
      "type": "Feature"
    },
    {
      "geometry": {
        "coordinates": [
          -99.081406,
          -74.953753
        ],
        "type": "Point"
      },
      "properties": {
        "cipher": "nQWER",
        "has_phrases": false,
        "mode": "value_domain",
        "phrase_count": 0,
        "phrases": [],
        "projection": "value_hash_v1",
        "projection_method": "value_hash_v1",
        "value": 1127
      },
      "type": "Feature"
    },
    {
      "geometry": {
        "coordinates": [
          -18.787443,
          -10.172528
        ],
        "type": "Point"
      },
      "properties": {
        "cipher": "nQWER",
        "has_phrases": false,
        "mode": "value_domain",
        "phrase_count": 0,
        "phrases": [],
        "projection": "value_hash_v1",
        "projection_method": "value_hash_v1",
        "value": 1128
      },
      "type": "Feature"
    },
    {
      "geometry": {
        "coordinates": [
          47.464603,
          -6.381096
        ],
        "type": "Point"
      },
      "properties": {
        "cipher": "nQWER",
        "has_phrases": false,
        "mode": "value_domain",
        "phrase_count": 0,
        "phrases": [],
        "projection": "value_hash_v1",
        "projection_method": "value_hash_v1",
        "value": 1129
      },
      "type": "Feature"
    },
    {
      "geometry": {
        "coordinates": [
          -98.95094,
          -18.561702
        ],
        "type": "Point"
      },
      "properties": {
        "cipher": "nQWER",
        "has_phrases": false,
        "mode": "value_domain",
        "phrase_count": 0,
        "phrases": [],
        "projection": "value_hash_v1",
        "projection_method": "value_hash_v1",
        "value": 1130
      },
      "type": "Feature"
    },
    {
      "geometry": {
        "coordinates": [
          -92.163584,
          54.227977
        ],
        "type": "Point"
      },
      "properties": {
        "cipher": "nQWER",
        "has_phrases": false,
        "mode": "value_domain",
        "phrase_count": 0,
        "phrases": [],
        "projection": "value_hash_v1",
        "projection_method": "value_hash_v1",
        "value": 1131
      },
      "type": "Feature"
    },
    {
      "geometry": {
        "coordinates": [
          -57.317397,
          77.904022
        ],
        "type": "Point"
      },
      "properties": {
        "cipher": "nQWER",
        "has_phrases": false,
        "mode": "value_domain",
        "phrase_count": 0,
        "phrases": [],
        "projection": "value_hash_v1",
        "projection_method": "value_hash_v1",
        "value": 1132
      },
      "type": "Feature"
    },
    {
      "geometry": {
        "coordinates": [
          80.379194,
          -32.696172
        ],
        "type": "Point"
      },
      "properties": {
        "cipher": "nQWER",
        "has_phrases": false,
        "mode": "value_domain",
        "phrase_count": 0,
        "phrases": [],
        "projection": "value_hash_v1",
        "projection_method": "value_hash_v1",
        "value": 1133
      },
      "type": "Feature"
    },
    {
      "geometry": {
        "coordinates": [
          59.625527,
          42.238396
        ],
        "type": "Point"
      },
      "properties": {
        "cipher": "nQWER",
        "has_phrases": false,
        "mode": "value_domain",
        "phrase_count": 0,
        "phrases": [],
        "projection": "value_hash_v1",
        "projection_method": "value_hash_v1",
        "value": 1134
      },
      "type": "Feature"
    },
    {
      "geometry": {
        "coordinates": [
          135.973562,
          17.314951
        ],
        "type": "Point"
      },
      "properties": {
        "cipher": "nQWER",
        "has_phrases": false,
        "mode": "value_domain",
        "phrase_count": 0,
        "phrases": [],
        "projection": "value_hash_v1",
        "projection_method": "value_hash_v1",
        "value": 1135
      },
      "type": "Feature"
    },
    {
      "geometry": {
        "coordinates": [
          138.719709,
          -34.566011
        ],
        "type": "Point"
      },
      "properties": {
        "cipher": "nQWER",
        "has_phrases": false,
        "mode": "value_domain",
        "phrase_count": 0,
        "phrases": [],
        "projection": "value_hash_v1",
        "projection_method": "value_hash_v1",
        "value": 1136
      },
      "type": "Feature"
    },
    {
      "geometry": {
        "coordinates": [
          84.21517,
          48.259935
        ],
        "type": "Point"
      },
      "properties": {
        "cipher": "nQWER",
        "has_phrases": false,
        "mode": "value_domain",
        "phrase_count": 0,
        "phrases": [],
        "projection": "value_hash_v1",
        "projection_method": "value_hash_v1",
        "value": 1137
      },
      "type": "Feature"
    },
    {
      "geometry": {
        "coordinates": [
          22.54806,
          -28.241502
        ],
        "type": "Point"
      },
      "properties": {
        "cipher": "nQWER",
        "has_phrases": false,
        "mode": "value_domain",
        "phrase_count": 0,
        "phrases": [],
        "projection": "value_hash_v1",
        "projection_method": "value_hash_v1",
        "value": 1138
      },
      "type": "Feature"
    },
    {
      "geometry": {
        "coordinates": [
          -101.250187,
          53.261521
        ],
        "type": "Point"
      },
      "properties": {
        "cipher": "nQWER",
        "has_phrases": true,
        "mode": "value_domain",
        "phrase_count": 1,
        "phrases": [
          "the experimental techno-science of self-fulfilling prophecies"
        ],
        "projection": "value_hash_v1",
        "projection_method": "value_hash_v1",
        "value": 1139
      },
      "type": "Feature"
    },
    {
      "geometry": {
        "coordinates": [
          -25.042852,
          -66.164937
        ],
        "type": "Point"
      },
      "properties": {
        "cipher": "nQWER",
        "has_phrases": false,
        "mode": "value_domain",
        "phrase_count": 0,
        "phrases": [],
        "projection": "value_hash_v1",
        "projection_method": "value_hash_v1",
        "value": 1140
      },
      "type": "Feature"
    },
    {
      "geometry": {
        "coordinates": [
          28.076804,
          51.154292
        ],
        "type": "Point"
      },
      "properties": {
        "cipher": "nQWER",
        "has_phrases": false,
        "mode": "value_domain",
        "phrase_count": 0,
        "phrases": [],
        "projection": "value_hash_v1",
        "projection_method": "value_hash_v1",
        "value": 1141
      },
      "type": "Feature"
    },
    {
      "geometry": {
        "coordinates": [
          -15.363064,
          43.80157
        ],
        "type": "Point"
      },
      "properties": {
        "cipher": "nQWER",
        "has_phrases": false,
        "mode": "value_domain",
        "phrase_count": 0,
        "phrases": [],
        "projection": "value_hash_v1",
        "projection_method": "value_hash_v1",
        "value": 1142
      },
      "type": "Feature"
    },
    {
      "geometry": {
        "coordinates": [
          -55.842702,
          -80.163975
        ],
        "type": "Point"
      },
      "properties": {
        "cipher": "nQWER",
        "has_phrases": false,
        "mode": "value_domain",
        "phrase_count": 0,
        "phrases": [],
        "projection": "value_hash_v1",
        "projection_method": "value_hash_v1",
        "value": 1143
      },
      "type": "Feature"
    },
    {
      "geometry": {
        "coordinates": [
          -25.759941,
          51.120979
        ],
        "type": "Point"
      },
      "properties": {
        "cipher": "nQWER",
        "has_phrases": false,
        "mode": "value_domain",
        "phrase_count": 0,
        "phrases": [],
        "projection": "value_hash_v1",
        "projection_method": "value_hash_v1",
        "value": 1144
      },
      "type": "Feature"
    },
    {
      "geometry": {
        "coordinates": [
          93.858952,
          61.949278
        ],
        "type": "Point"
      },
      "properties": {
        "cipher": "nQWER",
        "has_phrases": false,
        "mode": "value_domain",
        "phrase_count": 0,
        "phrases": [],
        "projection": "value_hash_v1",
        "projection_method": "value_hash_v1",
        "value": 1145
      },
      "type": "Feature"
    },
    {
      "geometry": {
        "coordinates": [
          142.52047,
          -19.062543
        ],
        "type": "Point"
      },
      "properties": {
        "cipher": "nQWER",
        "has_phrases": false,
        "mode": "value_domain",
        "phrase_count": 0,
        "phrases": [],
        "projection": "value_hash_v1",
        "projection_method": "value_hash_v1",
        "value": 1146
      },
      "type": "Feature"
    },
    {
      "geometry": {
        "coordinates": [
          66.799496,
          -58.543665
        ],
        "type": "Point"
      },
      "properties": {
        "cipher": "nQWER",
        "has_phrases": false,
        "mode": "value_domain",
        "phrase_count": 0,
        "phrases": [],
        "projection": "value_hash_v1",
        "projection_method": "value_hash_v1",
        "value": 1147
      },
      "type": "Feature"
    },
    {
      "geometry": {
        "coordinates": [
          122.691445,
          -67.860418
        ],
        "type": "Point"
      },
      "properties": {
        "cipher": "nQWER",
        "has_phrases": false,
        "mode": "value_domain",
        "phrase_count": 0,
        "phrases": [],
        "projection": "value_hash_v1",
        "projection_method": "value_hash_v1",
        "value": 1148
      },
      "type": "Feature"
    },
    {
      "geometry": {
        "coordinates": [
          -13.543737,
          55.02836
        ],
        "type": "Point"
      },
      "properties": {
        "cipher": "nQWER",
        "has_phrases": false,
        "mode": "value_domain",
        "phrase_count": 0,
        "phrases": [],
        "projection": "value_hash_v1",
        "projection_method": "value_hash_v1",
        "value": 1149
      },
      "type": "Feature"
    },
    {
      "geometry": {
        "coordinates": [
          150.535241,
          -48.338015
        ],
        "type": "Point"
      },
      "properties": {
        "cipher": "nQWER",
        "has_phrases": false,
        "mode": "value_domain",
        "phrase_count": 0,
        "phrases": [],
        "projection": "value_hash_v1",
        "projection_method": "value_hash_v1",
        "value": 1150
      },
      "type": "Feature"
    },
    {
      "geometry": {
        "coordinates": [
          -22.115164,
          14.361046
        ],
        "type": "Point"
      },
      "properties": {
        "cipher": "nQWER",
        "has_phrases": false,
        "mode": "value_domain",
        "phrase_count": 0,
        "phrases": [],
        "projection": "value_hash_v1",
        "projection_method": "value_hash_v1",
        "value": 1151
      },
      "type": "Feature"
    },
    {
      "geometry": {
        "coordinates": [
          162.792404,
          -14.996146
        ],
        "type": "Point"
      },
      "properties": {
        "cipher": "nQWER",
        "has_phrases": false,
        "mode": "value_domain",
        "phrase_count": 0,
        "phrases": [],
        "projection": "value_hash_v1",
        "projection_method": "value_hash_v1",
        "value": 1152
      },
      "type": "Feature"
    },
    {
      "geometry": {
        "coordinates": [
          -145.64755,
          -32.344019
        ],
        "type": "Point"
      },
      "properties": {
        "cipher": "nQWER",
        "has_phrases": false,
        "mode": "value_domain",
        "phrase_count": 0,
        "phrases": [],
        "projection": "value_hash_v1",
        "projection_method": "value_hash_v1",
        "value": 1153
      },
      "type": "Feature"
    },
    {
      "geometry": {
        "coordinates": [
          178.110202,
          -73.348312
        ],
        "type": "Point"
      },
      "properties": {
        "cipher": "nQWER",
        "has_phrases": false,
        "mode": "value_domain",
        "phrase_count": 0,
        "phrases": [],
        "projection": "value_hash_v1",
        "projection_method": "value_hash_v1",
        "value": 1154
      },
      "type": "Feature"
    },
    {
      "geometry": {
        "coordinates": [
          45.350162,
          -17.079896
        ],
        "type": "Point"
      },
      "properties": {
        "cipher": "nQWER",
        "has_phrases": false,
        "mode": "value_domain",
        "phrase_count": 0,
        "phrases": [],
        "projection": "value_hash_v1",
        "projection_method": "value_hash_v1",
        "value": 1155
      },
      "type": "Feature"
    },
    {
      "geometry": {
        "coordinates": [
          -47.838389,
          73.587379
        ],
        "type": "Point"
      },
      "properties": {
        "cipher": "nQWER",
        "has_phrases": false,
        "mode": "value_domain",
        "phrase_count": 0,
        "phrases": [],
        "projection": "value_hash_v1",
        "projection_method": "value_hash_v1",
        "value": 1156
      },
      "type": "Feature"
    },
    {
      "geometry": {
        "coordinates": [
          -114.915723,
          -56.995066
        ],
        "type": "Point"
      },
      "properties": {
        "cipher": "nQWER",
        "has_phrases": false,
        "mode": "value_domain",
        "phrase_count": 0,
        "phrases": [],
        "projection": "value_hash_v1",
        "projection_method": "value_hash_v1",
        "value": 1157
      },
      "type": "Feature"
    },
    {
      "geometry": {
        "coordinates": [
          53.246787,
          79.121408
        ],
        "type": "Point"
      },
      "properties": {
        "cipher": "nQWER",
        "has_phrases": false,
        "mode": "value_domain",
        "phrase_count": 0,
        "phrases": [],
        "projection": "value_hash_v1",
        "projection_method": "value_hash_v1",
        "value": 1158
      },
      "type": "Feature"
    },
    {
      "geometry": {
        "coordinates": [
          99.387004,
          -27.566013
        ],
        "type": "Point"
      },
      "properties": {
        "cipher": "nQWER",
        "has_phrases": false,
        "mode": "value_domain",
        "phrase_count": 0,
        "phrases": [],
        "projection": "value_hash_v1",
        "projection_method": "value_hash_v1",
        "value": 1159
      },
      "type": "Feature"
    },
    {
      "geometry": {
        "coordinates": [
          134.142054,
          19.536883
        ],
        "type": "Point"
      },
      "properties": {
        "cipher": "nQWER",
        "has_phrases": false,
        "mode": "value_domain",
        "phrase_count": 0,
        "phrases": [],
        "projection": "value_hash_v1",
        "projection_method": "value_hash_v1",
        "value": 1160
      },
      "type": "Feature"
    },
    {
      "geometry": {
        "coordinates": [
          -160.703398,
          78.936086
        ],
        "type": "Point"
      },
      "properties": {
        "cipher": "nQWER",
        "has_phrases": false,
        "mode": "value_domain",
        "phrase_count": 0,
        "phrases": [],
        "projection": "value_hash_v1",
        "projection_method": "value_hash_v1",
        "value": 1161
      },
      "type": "Feature"
    },
    {
      "geometry": {
        "coordinates": [
          166.439422,
          60.270951
        ],
        "type": "Point"
      },
      "properties": {
        "cipher": "nQWER",
        "has_phrases": false,
        "mode": "value_domain",
        "phrase_count": 0,
        "phrases": [],
        "projection": "value_hash_v1",
        "projection_method": "value_hash_v1",
        "value": 1162
      },
      "type": "Feature"
    },
    {
      "geometry": {
        "coordinates": [
          25.85628,
          40.680162
        ],
        "type": "Point"
      },
      "properties": {
        "cipher": "nQWER",
        "has_phrases": false,
        "mode": "value_domain",
        "phrase_count": 0,
        "phrases": [],
        "projection": "value_hash_v1",
        "projection_method": "value_hash_v1",
        "value": 1163
      },
      "type": "Feature"
    },
    {
      "geometry": {
        "coordinates": [
          65.170591,
          80.47155
        ],
        "type": "Point"
      },
      "properties": {
        "cipher": "nQWER",
        "has_phrases": false,
        "mode": "value_domain",
        "phrase_count": 0,
        "phrases": [],
        "projection": "value_hash_v1",
        "projection_method": "value_hash_v1",
        "value": 1164
      },
      "type": "Feature"
    },
    {
      "geometry": {
        "coordinates": [
          113.486243,
          27.9889
        ],
        "type": "Point"
      },
      "properties": {
        "cipher": "nQWER",
        "has_phrases": false,
        "mode": "value_domain",
        "phrase_count": 0,
        "phrases": [],
        "projection": "value_hash_v1",
        "projection_method": "value_hash_v1",
        "value": 1165
      },
      "type": "Feature"
    },
    {
      "geometry": {
        "coordinates": [
          -1.645873,
          12.161984
        ],
        "type": "Point"
      },
      "properties": {
        "cipher": "nQWER",
        "has_phrases": false,
        "mode": "value_domain",
        "phrase_count": 0,
        "phrases": [],
        "projection": "value_hash_v1",
        "projection_method": "value_hash_v1",
        "value": 1166
      },
      "type": "Feature"
    },
    {
      "geometry": {
        "coordinates": [
          -98.219105,
          20.218804
        ],
        "type": "Point"
      },
      "properties": {
        "cipher": "nQWER",
        "has_phrases": false,
        "mode": "value_domain",
        "phrase_count": 0,
        "phrases": [],
        "projection": "value_hash_v1",
        "projection_method": "value_hash_v1",
        "value": 1167
      },
      "type": "Feature"
    },
    {
      "geometry": {
        "coordinates": [
          110.665721,
          50.903093
        ],
        "type": "Point"
      },
      "properties": {
        "cipher": "nQWER",
        "has_phrases": true,
        "mode": "value_domain",
        "phrase_count": 1,
        "phrases": [
          "build it into pinnacles and shrines of some ghastly predicament"
        ],
        "projection": "value_hash_v1",
        "projection_method": "value_hash_v1",
        "value": 1168
      },
      "type": "Feature"
    },
    {
      "geometry": {
        "coordinates": [
          112.577767,
          27.116728
        ],
        "type": "Point"
      },
      "properties": {
        "cipher": "nQWER",
        "has_phrases": false,
        "mode": "value_domain",
        "phrase_count": 0,
        "phrases": [],
        "projection": "value_hash_v1",
        "projection_method": "value_hash_v1",
        "value": 1169
      },
      "type": "Feature"
    },
    {
      "geometry": {
        "coordinates": [
          -12.227444,
          -24.470141
        ],
        "type": "Point"
      },
      "properties": {
        "cipher": "nQWER",
        "has_phrases": false,
        "mode": "value_domain",
        "phrase_count": 0,
        "phrases": [],
        "projection": "value_hash_v1",
        "projection_method": "value_hash_v1",
        "value": 1170
      },
      "type": "Feature"
    },
    {
      "geometry": {
        "coordinates": [
          156.964619,
          -62.248681
        ],
        "type": "Point"
      },
      "properties": {
        "cipher": "nQWER",
        "has_phrases": false,
        "mode": "value_domain",
        "phrase_count": 0,
        "phrases": [],
        "projection": "value_hash_v1",
        "projection_method": "value_hash_v1",
        "value": 1171
      },
      "type": "Feature"
    },
    {
      "geometry": {
        "coordinates": [
          -176.697928,
          -68.181199
        ],
        "type": "Point"
      },
      "properties": {
        "cipher": "nQWER",
        "has_phrases": false,
        "mode": "value_domain",
        "phrase_count": 0,
        "phrases": [],
        "projection": "value_hash_v1",
        "projection_method": "value_hash_v1",
        "value": 1172
      },
      "type": "Feature"
    },
    {
      "geometry": {
        "coordinates": [
          -68.886303,
          9.030101
        ],
        "type": "Point"
      },
      "properties": {
        "cipher": "nQWER",
        "has_phrases": false,
        "mode": "value_domain",
        "phrase_count": 0,
        "phrases": [],
        "projection": "value_hash_v1",
        "projection_method": "value_hash_v1",
        "value": 1173
      },
      "type": "Feature"
    },
    {
      "geometry": {
        "coordinates": [
          -0.628721,
          -85.14898
        ],
        "type": "Point"
      },
      "properties": {
        "cipher": "nQWER",
        "has_phrases": false,
        "mode": "value_domain",
        "phrase_count": 0,
        "phrases": [],
        "projection": "value_hash_v1",
        "projection_method": "value_hash_v1",
        "value": 1174
      },
      "type": "Feature"
    },
    {
      "geometry": {
        "coordinates": [
          -170.446297,
          46.270219
        ],
        "type": "Point"
      },
      "properties": {
        "cipher": "nQWER",
        "has_phrases": false,
        "mode": "value_domain",
        "phrase_count": 0,
        "phrases": [],
        "projection": "value_hash_v1",
        "projection_method": "value_hash_v1",
        "value": 1175
      },
      "type": "Feature"
    },
    {
      "geometry": {
        "coordinates": [
          -51.685165,
          14.175434
        ],
        "type": "Point"
      },
      "properties": {
        "cipher": "nQWER",
        "has_phrases": false,
        "mode": "value_domain",
        "phrase_count": 0,
        "phrases": [],
        "projection": "value_hash_v1",
        "projection_method": "value_hash_v1",
        "value": 1176
      },
      "type": "Feature"
    },
    {
      "geometry": {
        "coordinates": [
          39.123941,
          -52.1538
        ],
        "type": "Point"
      },
      "properties": {
        "cipher": "nQWER",
        "has_phrases": false,
        "mode": "value_domain",
        "phrase_count": 0,
        "phrases": [],
        "projection": "value_hash_v1",
        "projection_method": "value_hash_v1",
        "value": 1177
      },
      "type": "Feature"
    },
    {
      "geometry": {
        "coordinates": [
          102.731433,
          -27.20437
        ],
        "type": "Point"
      },
      "properties": {
        "cipher": "nQWER",
        "has_phrases": false,
        "mode": "value_domain",
        "phrase_count": 0,
        "phrases": [],
        "projection": "value_hash_v1",
        "projection_method": "value_hash_v1",
        "value": 1178
      },
      "type": "Feature"
    },
    {
      "geometry": {
        "coordinates": [
          166.595484,
          30.632859
        ],
        "type": "Point"
      },
      "properties": {
        "cipher": "nQWER",
        "has_phrases": false,
        "mode": "value_domain",
        "phrase_count": 0,
        "phrases": [],
        "projection": "value_hash_v1",
        "projection_method": "value_hash_v1",
        "value": 1179
      },
      "type": "Feature"
    },
    {
      "geometry": {
        "coordinates": [
          -61.167606,
          74.462743
        ],
        "type": "Point"
      },
      "properties": {
        "cipher": "nQWER",
        "has_phrases": false,
        "mode": "value_domain",
        "phrase_count": 0,
        "phrases": [],
        "projection": "value_hash_v1",
        "projection_method": "value_hash_v1",
        "value": 1180
      },
      "type": "Feature"
    },
    {
      "geometry": {
        "coordinates": [
          126.786538,
          -42.400064
        ],
        "type": "Point"
      },
      "properties": {
        "cipher": "nQWER",
        "has_phrases": false,
        "mode": "value_domain",
        "phrase_count": 0,
        "phrases": [],
        "projection": "value_hash_v1",
        "projection_method": "value_hash_v1",
        "value": 1181
      },
      "type": "Feature"
    },
    {
      "geometry": {
        "coordinates": [
          179.609522,
          9.162165
        ],
        "type": "Point"
      },
      "properties": {
        "cipher": "nQWER",
        "has_phrases": false,
        "mode": "value_domain",
        "phrase_count": 0,
        "phrases": [],
        "projection": "value_hash_v1",
        "projection_method": "value_hash_v1",
        "value": 1182
      },
      "type": "Feature"
    },
    {
      "geometry": {
        "coordinates": [
          -74.50599,
          -83.965572
        ],
        "type": "Point"
      },
      "properties": {
        "cipher": "nQWER",
        "has_phrases": false,
        "mode": "value_domain",
        "phrase_count": 0,
        "phrases": [],
        "projection": "value_hash_v1",
        "projection_method": "value_hash_v1",
        "value": 1183
      },
      "type": "Feature"
    },
    {
      "geometry": {
        "coordinates": [
          -161.040584,
          56.782781
        ],
        "type": "Point"
      },
      "properties": {
        "cipher": "nQWER",
        "has_phrases": false,
        "mode": "value_domain",
        "phrase_count": 0,
        "phrases": [],
        "projection": "value_hash_v1",
        "projection_method": "value_hash_v1",
        "value": 1184
      },
      "type": "Feature"
    },
    {
      "geometry": {
        "coordinates": [
          50.360084,
          26.940385
        ],
        "type": "Point"
      },
      "properties": {
        "cipher": "nQWER",
        "has_phrases": false,
        "mode": "value_domain",
        "phrase_count": 0,
        "phrases": [],
        "projection": "value_hash_v1",
        "projection_method": "value_hash_v1",
        "value": 1185
      },
      "type": "Feature"
    },
    {
      "geometry": {
        "coordinates": [
          144.563755,
          -80.061953
        ],
        "type": "Point"
      },
      "properties": {
        "cipher": "nQWER",
        "has_phrases": false,
        "mode": "value_domain",
        "phrase_count": 0,
        "phrases": [],
        "projection": "value_hash_v1",
        "projection_method": "value_hash_v1",
        "value": 1186
      },
      "type": "Feature"
    },
    {
      "geometry": {
        "coordinates": [
          127.764534,
          89.020759
        ],
        "type": "Point"
      },
      "properties": {
        "cipher": "nQWER",
        "has_phrases": false,
        "mode": "value_domain",
        "phrase_count": 0,
        "phrases": [],
        "projection": "value_hash_v1",
        "projection_method": "value_hash_v1",
        "value": 1187
      },
      "type": "Feature"
    },
    {
      "geometry": {
        "coordinates": [
          -52.832535,
          57.328577
        ],
        "type": "Point"
      },
      "properties": {
        "cipher": "nQWER",
        "has_phrases": false,
        "mode": "value_domain",
        "phrase_count": 0,
        "phrases": [],
        "projection": "value_hash_v1",
        "projection_method": "value_hash_v1",
        "value": 1188
      },
      "type": "Feature"
    },
    {
      "geometry": {
        "coordinates": [
          10.505202,
          -39.368317
        ],
        "type": "Point"
      },
      "properties": {
        "cipher": "nQWER",
        "has_phrases": false,
        "mode": "value_domain",
        "phrase_count": 0,
        "phrases": [],
        "projection": "value_hash_v1",
        "projection_method": "value_hash_v1",
        "value": 1189
      },
      "type": "Feature"
    },
    {
      "geometry": {
        "coordinates": [
          -24.365815,
          40.286344
        ],
        "type": "Point"
      },
      "properties": {
        "cipher": "nQWER",
        "has_phrases": false,
        "mode": "value_domain",
        "phrase_count": 0,
        "phrases": [],
        "projection": "value_hash_v1",
        "projection_method": "value_hash_v1",
        "value": 1190
      },
      "type": "Feature"
    },
    {
      "geometry": {
        "coordinates": [
          -74.261248,
          -38.978109
        ],
        "type": "Point"
      },
      "properties": {
        "cipher": "nQWER",
        "has_phrases": false,
        "mode": "value_domain",
        "phrase_count": 0,
        "phrases": [],
        "projection": "value_hash_v1",
        "projection_method": "value_hash_v1",
        "value": 1191
      },
      "type": "Feature"
    },
    {
      "geometry": {
        "coordinates": [
          107.598251,
          7.740646
        ],
        "type": "Point"
      },
      "properties": {
        "cipher": "nQWER",
        "has_phrases": false,
        "mode": "value_domain",
        "phrase_count": 0,
        "phrases": [],
        "projection": "value_hash_v1",
        "projection_method": "value_hash_v1",
        "value": 1192
      },
      "type": "Feature"
    },
    {
      "geometry": {
        "coordinates": [
          -61.039256,
          -37.329201
        ],
        "type": "Point"
      },
      "properties": {
        "cipher": "nQWER",
        "has_phrases": false,
        "mode": "value_domain",
        "phrase_count": 0,
        "phrases": [],
        "projection": "value_hash_v1",
        "projection_method": "value_hash_v1",
        "value": 1193
      },
      "type": "Feature"
    },
    {
      "geometry": {
        "coordinates": [
          -137.038101,
          -10.222945
        ],
        "type": "Point"
      },
      "properties": {
        "cipher": "nQWER",
        "has_phrases": false,
        "mode": "value_domain",
        "phrase_count": 0,
        "phrases": [],
        "projection": "value_hash_v1",
        "projection_method": "value_hash_v1",
        "value": 1194
      },
      "type": "Feature"
    },
    {
      "geometry": {
        "coordinates": [
          -151.594463,
          50.844896
        ],
        "type": "Point"
      },
      "properties": {
        "cipher": "nQWER",
        "has_phrases": false,
        "mode": "value_domain",
        "phrase_count": 0,
        "phrases": [],
        "projection": "value_hash_v1",
        "projection_method": "value_hash_v1",
        "value": 1195
      },
      "type": "Feature"
    },
    {
      "geometry": {
        "coordinates": [
          -72.378747,
          -30.520721
        ],
        "type": "Point"
      },
      "properties": {
        "cipher": "nQWER",
        "has_phrases": false,
        "mode": "value_domain",
        "phrase_count": 0,
        "phrases": [],
        "projection": "value_hash_v1",
        "projection_method": "value_hash_v1",
        "value": 1196
      },
      "type": "Feature"
    },
    {
      "geometry": {
        "coordinates": [
          -49.444865,
          -19.886312
        ],
        "type": "Point"
      },
      "properties": {
        "cipher": "nQWER",
        "has_phrases": false,
        "mode": "value_domain",
        "phrase_count": 0,
        "phrases": [],
        "projection": "value_hash_v1",
        "projection_method": "value_hash_v1",
        "value": 1197
      },
      "type": "Feature"
    },
    {
      "geometry": {
        "coordinates": [
          -25.657854,
          72.658676
        ],
        "type": "Point"
      },
      "properties": {
        "cipher": "nQWER",
        "has_phrases": false,
        "mode": "value_domain",
        "phrase_count": 0,
        "phrases": [],
        "projection": "value_hash_v1",
        "projection_method": "value_hash_v1",
        "value": 1198
      },
      "type": "Feature"
    },
    {
      "geometry": {
        "coordinates": [
          127.459799,
          -12.402737
        ],
        "type": "Point"
      },
      "properties": {
        "cipher": "nQWER",
        "has_phrases": false,
        "mode": "value_domain",
        "phrase_count": 0,
        "phrases": [],
        "projection": "value_hash_v1",
        "projection_method": "value_hash_v1",
        "value": 1199
      },
      "type": "Feature"
    },
    {
      "geometry": {
        "coordinates": [
          -104.109047,
          -50.894865
        ],
        "type": "Point"
      },
      "properties": {
        "cipher": "nQWER",
        "has_phrases": false,
        "mode": "value_domain",
        "phrase_count": 0,
        "phrases": [],
        "projection": "value_hash_v1",
        "projection_method": "value_hash_v1",
        "value": 1200
      },
      "type": "Feature"
    },
    {
      "geometry": {
        "coordinates": [
          50.691405,
          30.675608
        ],
        "type": "Point"
      },
      "properties": {
        "cipher": "nQWER",
        "has_phrases": false,
        "mode": "value_domain",
        "phrase_count": 0,
        "phrases": [],
        "projection": "value_hash_v1",
        "projection_method": "value_hash_v1",
        "value": 1201
      },
      "type": "Feature"
    },
    {
      "geometry": {
        "coordinates": [
          52.261925,
          -7.491053
        ],
        "type": "Point"
      },
      "properties": {
        "cipher": "nQWER",
        "has_phrases": false,
        "mode": "value_domain",
        "phrase_count": 0,
        "phrases": [],
        "projection": "value_hash_v1",
        "projection_method": "value_hash_v1",
        "value": 1202
      },
      "type": "Feature"
    },
    {
      "geometry": {
        "coordinates": [
          -175.691162,
          -29.173541
        ],
        "type": "Point"
      },
      "properties": {
        "cipher": "nQWER",
        "has_phrases": false,
        "mode": "value_domain",
        "phrase_count": 0,
        "phrases": [],
        "projection": "value_hash_v1",
        "projection_method": "value_hash_v1",
        "value": 1203
      },
      "type": "Feature"
    },
    {
      "geometry": {
        "coordinates": [
          -103.959102,
          59.712113
        ],
        "type": "Point"
      },
      "properties": {
        "cipher": "nQWER",
        "has_phrases": false,
        "mode": "value_domain",
        "phrase_count": 0,
        "phrases": [],
        "projection": "value_hash_v1",
        "projection_method": "value_hash_v1",
        "value": 1204
      },
      "type": "Feature"
    },
    {
      "geometry": {
        "coordinates": [
          5.249217,
          88.777064
        ],
        "type": "Point"
      },
      "properties": {
        "cipher": "nQWER",
        "has_phrases": false,
        "mode": "value_domain",
        "phrase_count": 0,
        "phrases": [],
        "projection": "value_hash_v1",
        "projection_method": "value_hash_v1",
        "value": 1205
      },
      "type": "Feature"
    },
    {
      "geometry": {
        "coordinates": [
          -4.680848,
          -76.18134
        ],
        "type": "Point"
      },
      "properties": {
        "cipher": "nQWER",
        "has_phrases": false,
        "mode": "value_domain",
        "phrase_count": 0,
        "phrases": [],
        "projection": "value_hash_v1",
        "projection_method": "value_hash_v1",
        "value": 1206
      },
      "type": "Feature"
    },
    {
      "geometry": {
        "coordinates": [
          120.192462,
          -40.104419
        ],
        "type": "Point"
      },
      "properties": {
        "cipher": "nQWER",
        "has_phrases": false,
        "mode": "value_domain",
        "phrase_count": 0,
        "phrases": [],
        "projection": "value_hash_v1",
        "projection_method": "value_hash_v1",
        "value": 1207
      },
      "type": "Feature"
    },
    {
      "geometry": {
        "coordinates": [
          62.602179,
          78.052907
        ],
        "type": "Point"
      },
      "properties": {
        "cipher": "nQWER",
        "has_phrases": false,
        "mode": "value_domain",
        "phrase_count": 0,
        "phrases": [],
        "projection": "value_hash_v1",
        "projection_method": "value_hash_v1",
        "value": 1208
      },
      "type": "Feature"
    },
    {
      "geometry": {
        "coordinates": [
          -137.45236,
          0.482894
        ],
        "type": "Point"
      },
      "properties": {
        "cipher": "nQWER",
        "has_phrases": false,
        "mode": "value_domain",
        "phrase_count": 0,
        "phrases": [],
        "projection": "value_hash_v1",
        "projection_method": "value_hash_v1",
        "value": 1209
      },
      "type": "Feature"
    },
    {
      "geometry": {
        "coordinates": [
          105.098279,
          67.026816
        ],
        "type": "Point"
      },
      "properties": {
        "cipher": "nQWER",
        "has_phrases": false,
        "mode": "value_domain",
        "phrase_count": 0,
        "phrases": [],
        "projection": "value_hash_v1",
        "projection_method": "value_hash_v1",
        "value": 1210
      },
      "type": "Feature"
    },
    {
      "geometry": {
        "coordinates": [
          3.721923,
          63.979878
        ],
        "type": "Point"
      },
      "properties": {
        "cipher": "nQWER",
        "has_phrases": false,
        "mode": "value_domain",
        "phrase_count": 0,
        "phrases": [],
        "projection": "value_hash_v1",
        "projection_method": "value_hash_v1",
        "value": 1211
      },
      "type": "Feature"
    },
    {
      "geometry": {
        "coordinates": [
          35.111333,
          -7.169438
        ],
        "type": "Point"
      },
      "properties": {
        "cipher": "nQWER",
        "has_phrases": false,
        "mode": "value_domain",
        "phrase_count": 0,
        "phrases": [],
        "projection": "value_hash_v1",
        "projection_method": "value_hash_v1",
        "value": 1212
      },
      "type": "Feature"
    },
    {
      "geometry": {
        "coordinates": [
          -169.213847,
          85.846487
        ],
        "type": "Point"
      },
      "properties": {
        "cipher": "nQWER",
        "has_phrases": false,
        "mode": "value_domain",
        "phrase_count": 0,
        "phrases": [],
        "projection": "value_hash_v1",
        "projection_method": "value_hash_v1",
        "value": 1213
      },
      "type": "Feature"
    },
    {
      "geometry": {
        "coordinates": [
          39.539868,
          10.604952
        ],
        "type": "Point"
      },
      "properties": {
        "cipher": "nQWER",
        "has_phrases": false,
        "mode": "value_domain",
        "phrase_count": 0,
        "phrases": [],
        "projection": "value_hash_v1",
        "projection_method": "value_hash_v1",
        "value": 1214
      },
      "type": "Feature"
    },
    {
      "geometry": {
        "coordinates": [
          -140.946641,
          -47.742226
        ],
        "type": "Point"
      },
      "properties": {
        "cipher": "nQWER",
        "has_phrases": false,
        "mode": "value_domain",
        "phrase_count": 0,
        "phrases": [],
        "projection": "value_hash_v1",
        "projection_method": "value_hash_v1",
        "value": 1215
      },
      "type": "Feature"
    },
    {
      "geometry": {
        "coordinates": [
          -85.892584,
          73.754447
        ],
        "type": "Point"
      },
      "properties": {
        "cipher": "nQWER",
        "has_phrases": false,
        "mode": "value_domain",
        "phrase_count": 0,
        "phrases": [],
        "projection": "value_hash_v1",
        "projection_method": "value_hash_v1",
        "value": 1216
      },
      "type": "Feature"
    },
    {
      "geometry": {
        "coordinates": [
          -90.163139,
          -88.896495
        ],
        "type": "Point"
      },
      "properties": {
        "cipher": "nQWER",
        "has_phrases": false,
        "mode": "value_domain",
        "phrase_count": 0,
        "phrases": [],
        "projection": "value_hash_v1",
        "projection_method": "value_hash_v1",
        "value": 1217
      },
      "type": "Feature"
    },
    {
      "geometry": {
        "coordinates": [
          -101.505822,
          -44.605616
        ],
        "type": "Point"
      },
      "properties": {
        "cipher": "nQWER",
        "has_phrases": false,
        "mode": "value_domain",
        "phrase_count": 0,
        "phrases": [],
        "projection": "value_hash_v1",
        "projection_method": "value_hash_v1",
        "value": 1218
      },
      "type": "Feature"
    },
    {
      "geometry": {
        "coordinates": [
          -72.878093,
          -37.135803
        ],
        "type": "Point"
      },
      "properties": {
        "cipher": "nQWER",
        "has_phrases": false,
        "mode": "value_domain",
        "phrase_count": 0,
        "phrases": [],
        "projection": "value_hash_v1",
        "projection_method": "value_hash_v1",
        "value": 1219
      },
      "type": "Feature"
    },
    {
      "geometry": {
        "coordinates": [
          -72.251626,
          -88.262461
        ],
        "type": "Point"
      },
      "properties": {
        "cipher": "nQWER",
        "has_phrases": false,
        "mode": "value_domain",
        "phrase_count": 0,
        "phrases": [],
        "projection": "value_hash_v1",
        "projection_method": "value_hash_v1",
        "value": 1220
      },
      "type": "Feature"
    },
    {
      "geometry": {
        "coordinates": [
          119.28657,
          78.716707
        ],
        "type": "Point"
      },
      "properties": {
        "cipher": "nQWER",
        "has_phrases": false,
        "mode": "value_domain",
        "phrase_count": 0,
        "phrases": [],
        "projection": "value_hash_v1",
        "projection_method": "value_hash_v1",
        "value": 1221
      },
      "type": "Feature"
    },
    {
      "geometry": {
        "coordinates": [
          145.96055,
          79.327609
        ],
        "type": "Point"
      },
      "properties": {
        "cipher": "nQWER",
        "has_phrases": false,
        "mode": "value_domain",
        "phrase_count": 0,
        "phrases": [],
        "projection": "value_hash_v1",
        "projection_method": "value_hash_v1",
        "value": 1222
      },
      "type": "Feature"
    },
    {
      "geometry": {
        "coordinates": [
          -45.248494,
          76.1825
        ],
        "type": "Point"
      },
      "properties": {
        "cipher": "nQWER",
        "has_phrases": false,
        "mode": "value_domain",
        "phrase_count": 0,
        "phrases": [],
        "projection": "value_hash_v1",
        "projection_method": "value_hash_v1",
        "value": 1223
      },
      "type": "Feature"
    },
    {
      "geometry": {
        "coordinates": [
          -162.811749,
          -47.631234
        ],
        "type": "Point"
      },
      "properties": {
        "cipher": "nQWER",
        "has_phrases": false,
        "mode": "value_domain",
        "phrase_count": 0,
        "phrases": [],
        "projection": "value_hash_v1",
        "projection_method": "value_hash_v1",
        "value": 1224
      },
      "type": "Feature"
    },
    {
      "geometry": {
        "coordinates": [
          97.858234,
          -55.735153
        ],
        "type": "Point"
      },
      "properties": {
        "cipher": "nQWER",
        "has_phrases": false,
        "mode": "value_domain",
        "phrase_count": 0,
        "phrases": [],
        "projection": "value_hash_v1",
        "projection_method": "value_hash_v1",
        "value": 1225
      },
      "type": "Feature"
    },
    {
      "geometry": {
        "coordinates": [
          -170.642048,
          -89.913353
        ],
        "type": "Point"
      },
      "properties": {
        "cipher": "nQWER",
        "has_phrases": false,
        "mode": "value_domain",
        "phrase_count": 0,
        "phrases": [],
        "projection": "value_hash_v1",
        "projection_method": "value_hash_v1",
        "value": 1226
      },
      "type": "Feature"
    },
    {
      "geometry": {
        "coordinates": [
          17.990506,
          -13.004567
        ],
        "type": "Point"
      },
      "properties": {
        "cipher": "nQWER",
        "has_phrases": false,
        "mode": "value_domain",
        "phrase_count": 0,
        "phrases": [],
        "projection": "value_hash_v1",
        "projection_method": "value_hash_v1",
        "value": 1227
      },
      "type": "Feature"
    },
    {
      "geometry": {
        "coordinates": [
          -116.45327,
          -30.100855
        ],
        "type": "Point"
      },
      "properties": {
        "cipher": "nQWER",
        "has_phrases": false,
        "mode": "value_domain",
        "phrase_count": 0,
        "phrases": [],
        "projection": "value_hash_v1",
        "projection_method": "value_hash_v1",
        "value": 1228
      },
      "type": "Feature"
    },
    {
      "geometry": {
        "coordinates": [
          -7.821784,
          -75.642055
        ],
        "type": "Point"
      },
      "properties": {
        "cipher": "nQWER",
        "has_phrases": false,
        "mode": "value_domain",
        "phrase_count": 0,
        "phrases": [],
        "projection": "value_hash_v1",
        "projection_method": "value_hash_v1",
        "value": 1229
      },
      "type": "Feature"
    },
    {
      "geometry": {
        "coordinates": [
          -40.779088,
          55.993926
        ],
        "type": "Point"
      },
      "properties": {
        "cipher": "nQWER",
        "has_phrases": false,
        "mode": "value_domain",
        "phrase_count": 0,
        "phrases": [],
        "projection": "value_hash_v1",
        "projection_method": "value_hash_v1",
        "value": 1230
      },
      "type": "Feature"
    },
    {
      "geometry": {
        "coordinates": [
          148.744544,
          -83.987262
        ],
        "type": "Point"
      },
      "properties": {
        "cipher": "nQWER",
        "has_phrases": false,
        "mode": "value_domain",
        "phrase_count": 0,
        "phrases": [],
        "projection": "value_hash_v1",
        "projection_method": "value_hash_v1",
        "value": 1231
      },
      "type": "Feature"
    },
    {
      "geometry": {
        "coordinates": [
          92.98328,
          -6.366872
        ],
        "type": "Point"
      },
      "properties": {
        "cipher": "nQWER",
        "has_phrases": false,
        "mode": "value_domain",
        "phrase_count": 0,
        "phrases": [],
        "projection": "value_hash_v1",
        "projection_method": "value_hash_v1",
        "value": 1232
      },
      "type": "Feature"
    },
    {
      "geometry": {
        "coordinates": [
          99.809249,
          44.549807
        ],
        "type": "Point"
      },
      "properties": {
        "cipher": "nQWER",
        "has_phrases": false,
        "mode": "value_domain",
        "phrase_count": 0,
        "phrases": [],
        "projection": "value_hash_v1",
        "projection_method": "value_hash_v1",
        "value": 1233
      },
      "type": "Feature"
    },
    {
      "geometry": {
        "coordinates": [
          27.23666,
          -76.815078
        ],
        "type": "Point"
      },
      "properties": {
        "cipher": "nQWER",
        "has_phrases": false,
        "mode": "value_domain",
        "phrase_count": 0,
        "phrases": [],
        "projection": "value_hash_v1",
        "projection_method": "value_hash_v1",
        "value": 1234
      },
      "type": "Feature"
    },
    {
      "geometry": {
        "coordinates": [
          -12.485961,
          -22.586561
        ],
        "type": "Point"
      },
      "properties": {
        "cipher": "nQWER",
        "has_phrases": false,
        "mode": "value_domain",
        "phrase_count": 0,
        "phrases": [],
        "projection": "value_hash_v1",
        "projection_method": "value_hash_v1",
        "value": 1235
      },
      "type": "Feature"
    },
    {
      "geometry": {
        "coordinates": [
          152.844896,
          -69.027057
        ],
        "type": "Point"
      },
      "properties": {
        "cipher": "nQWER",
        "has_phrases": false,
        "mode": "value_domain",
        "phrase_count": 0,
        "phrases": [],
        "projection": "value_hash_v1",
        "projection_method": "value_hash_v1",
        "value": 1236
      },
      "type": "Feature"
    },
    {
      "geometry": {
        "coordinates": [
          -124.03597,
          14.124837
        ],
        "type": "Point"
      },
      "properties": {
        "cipher": "nQWER",
        "has_phrases": false,
        "mode": "value_domain",
        "phrase_count": 0,
        "phrases": [],
        "projection": "value_hash_v1",
        "projection_method": "value_hash_v1",
        "value": 1237
      },
      "type": "Feature"
    },
    {
      "geometry": {
        "coordinates": [
          -71.968833,
          -30.823083
        ],
        "type": "Point"
      },
      "properties": {
        "cipher": "nQWER",
        "has_phrases": false,
        "mode": "value_domain",
        "phrase_count": 0,
        "phrases": [],
        "projection": "value_hash_v1",
        "projection_method": "value_hash_v1",
        "value": 1238
      },
      "type": "Feature"
    },
    {
      "geometry": {
        "coordinates": [
          -143.640493,
          -86.61029
        ],
        "type": "Point"
      },
      "properties": {
        "cipher": "nQWER",
        "has_phrases": false,
        "mode": "value_domain",
        "phrase_count": 0,
        "phrases": [],
        "projection": "value_hash_v1",
        "projection_method": "value_hash_v1",
        "value": 1239
      },
      "type": "Feature"
    },
    {
      "geometry": {
        "coordinates": [
          -138.064571,
          15.297013
        ],
        "type": "Point"
      },
      "properties": {
        "cipher": "nQWER",
        "has_phrases": false,
        "mode": "value_domain",
        "phrase_count": 0,
        "phrases": [],
        "projection": "value_hash_v1",
        "projection_method": "value_hash_v1",
        "value": 1240
      },
      "type": "Feature"
    },
    {
      "geometry": {
        "coordinates": [
          42.1836,
          81.175445
        ],
        "type": "Point"
      },
      "properties": {
        "cipher": "nQWER",
        "has_phrases": false,
        "mode": "value_domain",
        "phrase_count": 0,
        "phrases": [],
        "projection": "value_hash_v1",
        "projection_method": "value_hash_v1",
        "value": 1241
      },
      "type": "Feature"
    },
    {
      "geometry": {
        "coordinates": [
          -151.530717,
          -53.651876
        ],
        "type": "Point"
      },
      "properties": {
        "cipher": "nQWER",
        "has_phrases": false,
        "mode": "value_domain",
        "phrase_count": 0,
        "phrases": [],
        "projection": "value_hash_v1",
        "projection_method": "value_hash_v1",
        "value": 1242
      },
      "type": "Feature"
    },
    {
      "geometry": {
        "coordinates": [
          120.93873,
          -26.726975
        ],
        "type": "Point"
      },
      "properties": {
        "cipher": "nQWER",
        "has_phrases": false,
        "mode": "value_domain",
        "phrase_count": 0,
        "phrases": [],
        "projection": "value_hash_v1",
        "projection_method": "value_hash_v1",
        "value": 1243
      },
      "type": "Feature"
    },
    {
      "geometry": {
        "coordinates": [
          168.040646,
          -85.347913
        ],
        "type": "Point"
      },
      "properties": {
        "cipher": "nQWER",
        "has_phrases": false,
        "mode": "value_domain",
        "phrase_count": 0,
        "phrases": [],
        "projection": "value_hash_v1",
        "projection_method": "value_hash_v1",
        "value": 1244
      },
      "type": "Feature"
    },
    {
      "geometry": {
        "coordinates": [
          -138.164021,
          -74.299632
        ],
        "type": "Point"
      },
      "properties": {
        "cipher": "nQWER",
        "has_phrases": false,
        "mode": "value_domain",
        "phrase_count": 0,
        "phrases": [],
        "projection": "value_hash_v1",
        "projection_method": "value_hash_v1",
        "value": 1245
      },
      "type": "Feature"
    },
    {
      "geometry": {
        "coordinates": [
          102.046948,
          45.14314
        ],
        "type": "Point"
      },
      "properties": {
        "cipher": "nQWER",
        "has_phrases": false,
        "mode": "value_domain",
        "phrase_count": 0,
        "phrases": [],
        "projection": "value_hash_v1",
        "projection_method": "value_hash_v1",
        "value": 1246
      },
      "type": "Feature"
    },
    {
      "geometry": {
        "coordinates": [
          -47.708196,
          87.253896
        ],
        "type": "Point"
      },
      "properties": {
        "cipher": "nQWER",
        "has_phrases": false,
        "mode": "value_domain",
        "phrase_count": 0,
        "phrases": [],
        "projection": "value_hash_v1",
        "projection_method": "value_hash_v1",
        "value": 1247
      },
      "type": "Feature"
    },
    {
      "geometry": {
        "coordinates": [
          -152.723196,
          41.994893
        ],
        "type": "Point"
      },
      "properties": {
        "cipher": "nQWER",
        "has_phrases": false,
        "mode": "value_domain",
        "phrase_count": 0,
        "phrases": [],
        "projection": "value_hash_v1",
        "projection_method": "value_hash_v1",
        "value": 1248
      },
      "type": "Feature"
    },
    {
      "geometry": {
        "coordinates": [
          17.518419,
          58.536765
        ],
        "type": "Point"
      },
      "properties": {
        "cipher": "nQWER",
        "has_phrases": false,
        "mode": "value_domain",
        "phrase_count": 0,
        "phrases": [],
        "projection": "value_hash_v1",
        "projection_method": "value_hash_v1",
        "value": 1249
      },
      "type": "Feature"
    },
    {
      "geometry": {
        "coordinates": [
          -113.21065,
          -40.530044
        ],
        "type": "Point"
      },
      "properties": {
        "cipher": "nQWER",
        "has_phrases": false,
        "mode": "value_domain",
        "phrase_count": 0,
        "phrases": [],
        "projection": "value_hash_v1",
        "projection_method": "value_hash_v1",
        "value": 1250
      },
      "type": "Feature"
    },
    {
      "geometry": {
        "coordinates": [
          154.396744,
          -71.773397
        ],
        "type": "Point"
      },
      "properties": {
        "cipher": "nQWER",
        "has_phrases": false,
        "mode": "value_domain",
        "phrase_count": 0,
        "phrases": [],
        "projection": "value_hash_v1",
        "projection_method": "value_hash_v1",
        "value": 1251
      },
      "type": "Feature"
    },
    {
      "geometry": {
        "coordinates": [
          167.394121,
          36.35645
        ],
        "type": "Point"
      },
      "properties": {
        "cipher": "nQWER",
        "has_phrases": false,
        "mode": "value_domain",
        "phrase_count": 0,
        "phrases": [],
        "projection": "value_hash_v1",
        "projection_method": "value_hash_v1",
        "value": 1252
      },
      "type": "Feature"
    },
    {
      "geometry": {
        "coordinates": [
          -134.397298,
          -23.508992
        ],
        "type": "Point"
      },
      "properties": {
        "cipher": "nQWER",
        "has_phrases": false,
        "mode": "value_domain",
        "phrase_count": 0,
        "phrases": [],
        "projection": "value_hash_v1",
        "projection_method": "value_hash_v1",
        "value": 1253
      },
      "type": "Feature"
    },
    {
      "geometry": {
        "coordinates": [
          -159.084235,
          7.433426
        ],
        "type": "Point"
      },
      "properties": {
        "cipher": "nQWER",
        "has_phrases": false,
        "mode": "value_domain",
        "phrase_count": 0,
        "phrases": [],
        "projection": "value_hash_v1",
        "projection_method": "value_hash_v1",
        "value": 1254
      },
      "type": "Feature"
    },
    {
      "geometry": {
        "coordinates": [
          7.988863,
          -39.242922
        ],
        "type": "Point"
      },
      "properties": {
        "cipher": "nQWER",
        "has_phrases": false,
        "mode": "value_domain",
        "phrase_count": 0,
        "phrases": [],
        "projection": "value_hash_v1",
        "projection_method": "value_hash_v1",
        "value": 1255
      },
      "type": "Feature"
    },
    {
      "geometry": {
        "coordinates": [
          81.565749,
          14.843728
        ],
        "type": "Point"
      },
      "properties": {
        "cipher": "nQWER",
        "has_phrases": false,
        "mode": "value_domain",
        "phrase_count": 0,
        "phrases": [],
        "projection": "value_hash_v1",
        "projection_method": "value_hash_v1",
        "value": 1256
      },
      "type": "Feature"
    },
    {
      "geometry": {
        "coordinates": [
          -161.555308,
          -12.903335
        ],
        "type": "Point"
      },
      "properties": {
        "cipher": "nQWER",
        "has_phrases": false,
        "mode": "value_domain",
        "phrase_count": 0,
        "phrases": [],
        "projection": "value_hash_v1",
        "projection_method": "value_hash_v1",
        "value": 1257
      },
      "type": "Feature"
    },
    {
      "geometry": {
        "coordinates": [
          -151.135861,
          -41.994298
        ],
        "type": "Point"
      },
      "properties": {
        "cipher": "nQWER",
        "has_phrases": false,
        "mode": "value_domain",
        "phrase_count": 0,
        "phrases": [],
        "projection": "value_hash_v1",
        "projection_method": "value_hash_v1",
        "value": 1258
      },
      "type": "Feature"
    },
    {
      "geometry": {
        "coordinates": [
          -46.12778,
          7.966793
        ],
        "type": "Point"
      },
      "properties": {
        "cipher": "nQWER",
        "has_phrases": false,
        "mode": "value_domain",
        "phrase_count": 0,
        "phrases": [],
        "projection": "value_hash_v1",
        "projection_method": "value_hash_v1",
        "value": 1259
      },
      "type": "Feature"
    },
    {
      "geometry": {
        "coordinates": [
          -41.944669,
          -51.636701
        ],
        "type": "Point"
      },
      "properties": {
        "cipher": "nQWER",
        "has_phrases": false,
        "mode": "value_domain",
        "phrase_count": 0,
        "phrases": [],
        "projection": "value_hash_v1",
        "projection_method": "value_hash_v1",
        "value": 1260
      },
      "type": "Feature"
    },
    {
      "geometry": {
        "coordinates": [
          -60.406594,
          32.469996
        ],
        "type": "Point"
      },
      "properties": {
        "cipher": "nQWER",
        "has_phrases": false,
        "mode": "value_domain",
        "phrase_count": 0,
        "phrases": [],
        "projection": "value_hash_v1",
        "projection_method": "value_hash_v1",
        "value": 1261
      },
      "type": "Feature"
    },
    {
      "geometry": {
        "coordinates": [
          -96.187652,
          -60.183775
        ],
        "type": "Point"
      },
      "properties": {
        "cipher": "nQWER",
        "has_phrases": false,
        "mode": "value_domain",
        "phrase_count": 0,
        "phrases": [],
        "projection": "value_hash_v1",
        "projection_method": "value_hash_v1",
        "value": 1262
      },
      "type": "Feature"
    },
    {
      "geometry": {
        "coordinates": [
          -176.548364,
          86.887512
        ],
        "type": "Point"
      },
      "properties": {
        "cipher": "nQWER",
        "has_phrases": false,
        "mode": "value_domain",
        "phrase_count": 0,
        "phrases": [],
        "projection": "value_hash_v1",
        "projection_method": "value_hash_v1",
        "value": 1263
      },
      "type": "Feature"
    },
    {
      "geometry": {
        "coordinates": [
          -77.392225,
          -11.615589
        ],
        "type": "Point"
      },
      "properties": {
        "cipher": "nQWER",
        "has_phrases": false,
        "mode": "value_domain",
        "phrase_count": 0,
        "phrases": [],
        "projection": "value_hash_v1",
        "projection_method": "value_hash_v1",
        "value": 1264
      },
      "type": "Feature"
    },
    {
      "geometry": {
        "coordinates": [
          -86.457624,
          -31.050448
        ],
        "type": "Point"
      },
      "properties": {
        "cipher": "nQWER",
        "has_phrases": false,
        "mode": "value_domain",
        "phrase_count": 0,
        "phrases": [],
        "projection": "value_hash_v1",
        "projection_method": "value_hash_v1",
        "value": 1265
      },
      "type": "Feature"
    },
    {
      "geometry": {
        "coordinates": [
          142.549843,
          -20.345684
        ],
        "type": "Point"
      },
      "properties": {
        "cipher": "nQWER",
        "has_phrases": false,
        "mode": "value_domain",
        "phrase_count": 0,
        "phrases": [],
        "projection": "value_hash_v1",
        "projection_method": "value_hash_v1",
        "value": 1266
      },
      "type": "Feature"
    },
    {
      "geometry": {
        "coordinates": [
          -28.4515,
          -26.041473
        ],
        "type": "Point"
      },
      "properties": {
        "cipher": "nQWER",
        "has_phrases": false,
        "mode": "value_domain",
        "phrase_count": 0,
        "phrases": [],
        "projection": "value_hash_v1",
        "projection_method": "value_hash_v1",
        "value": 1267
      },
      "type": "Feature"
    },
    {
      "geometry": {
        "coordinates": [
          24.837673,
          68.807824
        ],
        "type": "Point"
      },
      "properties": {
        "cipher": "nQWER",
        "has_phrases": false,
        "mode": "value_domain",
        "phrase_count": 0,
        "phrases": [],
        "projection": "value_hash_v1",
        "projection_method": "value_hash_v1",
        "value": 1268
      },
      "type": "Feature"
    },
    {
      "geometry": {
        "coordinates": [
          106.992839,
          27.302508
        ],
        "type": "Point"
      },
      "properties": {
        "cipher": "nQWER",
        "has_phrases": false,
        "mode": "value_domain",
        "phrase_count": 0,
        "phrases": [],
        "projection": "value_hash_v1",
        "projection_method": "value_hash_v1",
        "value": 1269
      },
      "type": "Feature"
    },
    {
      "geometry": {
        "coordinates": [
          104.183517,
          -60.507825
        ],
        "type": "Point"
      },
      "properties": {
        "cipher": "nQWER",
        "has_phrases": false,
        "mode": "value_domain",
        "phrase_count": 0,
        "phrases": [],
        "projection": "value_hash_v1",
        "projection_method": "value_hash_v1",
        "value": 1270
      },
      "type": "Feature"
    },
    {
      "geometry": {
        "coordinates": [
          -147.742423,
          23.497021
        ],
        "type": "Point"
      },
      "properties": {
        "cipher": "nQWER",
        "has_phrases": false,
        "mode": "value_domain",
        "phrase_count": 0,
        "phrases": [],
        "projection": "value_hash_v1",
        "projection_method": "value_hash_v1",
        "value": 1271
      },
      "type": "Feature"
    },
    {
      "geometry": {
        "coordinates": [
          50.130167,
          89.661174
        ],
        "type": "Point"
      },
      "properties": {
        "cipher": "nQWER",
        "has_phrases": false,
        "mode": "value_domain",
        "phrase_count": 0,
        "phrases": [],
        "projection": "value_hash_v1",
        "projection_method": "value_hash_v1",
        "value": 1272
      },
      "type": "Feature"
    },
    {
      "geometry": {
        "coordinates": [
          54.409054,
          -19.341522
        ],
        "type": "Point"
      },
      "properties": {
        "cipher": "nQWER",
        "has_phrases": false,
        "mode": "value_domain",
        "phrase_count": 0,
        "phrases": [],
        "projection": "value_hash_v1",
        "projection_method": "value_hash_v1",
        "value": 1273
      },
      "type": "Feature"
    },
    {
      "geometry": {
        "coordinates": [
          69.999591,
          -49.072195
        ],
        "type": "Point"
      },
      "properties": {
        "cipher": "nQWER",
        "has_phrases": false,
        "mode": "value_domain",
        "phrase_count": 0,
        "phrases": [],
        "projection": "value_hash_v1",
        "projection_method": "value_hash_v1",
        "value": 1274
      },
      "type": "Feature"
    },
    {
      "geometry": {
        "coordinates": [
          -132.732427,
          66.286556
        ],
        "type": "Point"
      },
      "properties": {
        "cipher": "nQWER",
        "has_phrases": false,
        "mode": "value_domain",
        "phrase_count": 0,
        "phrases": [],
        "projection": "value_hash_v1",
        "projection_method": "value_hash_v1",
        "value": 1275
      },
      "type": "Feature"
    },
    {
      "geometry": {
        "coordinates": [
          5.479477,
          -29.191914
        ],
        "type": "Point"
      },
      "properties": {
        "cipher": "nQWER",
        "has_phrases": false,
        "mode": "value_domain",
        "phrase_count": 0,
        "phrases": [],
        "projection": "value_hash_v1",
        "projection_method": "value_hash_v1",
        "value": 1276
      },
      "type": "Feature"
    },
    {
      "geometry": {
        "coordinates": [
          38.070841,
          88.77401
        ],
        "type": "Point"
      },
      "properties": {
        "cipher": "nQWER",
        "has_phrases": false,
        "mode": "value_domain",
        "phrase_count": 0,
        "phrases": [],
        "projection": "value_hash_v1",
        "projection_method": "value_hash_v1",
        "value": 1277
      },
      "type": "Feature"
    },
    {
      "geometry": {
        "coordinates": [
          -101.490263,
          -5.190534
        ],
        "type": "Point"
      },
      "properties": {
        "cipher": "nQWER",
        "has_phrases": false,
        "mode": "value_domain",
        "phrase_count": 0,
        "phrases": [],
        "projection": "value_hash_v1",
        "projection_method": "value_hash_v1",
        "value": 1278
      },
      "type": "Feature"
    },
    {
      "geometry": {
        "coordinates": [
          -172.360441,
          -75.987814
        ],
        "type": "Point"
      },
      "properties": {
        "cipher": "nQWER",
        "has_phrases": false,
        "mode": "value_domain",
        "phrase_count": 0,
        "phrases": [],
        "projection": "value_hash_v1",
        "projection_method": "value_hash_v1",
        "value": 1279
      },
      "type": "Feature"
    },
    {
      "geometry": {
        "coordinates": [
          -175.536629,
          20.24579
        ],
        "type": "Point"
      },
      "properties": {
        "cipher": "nQWER",
        "has_phrases": false,
        "mode": "value_domain",
        "phrase_count": 0,
        "phrases": [],
        "projection": "value_hash_v1",
        "projection_method": "value_hash_v1",
        "value": 1280
      },
      "type": "Feature"
    },
    {
      "geometry": {
        "coordinates": [
          92.34921,
          57.578404
        ],
        "type": "Point"
      },
      "properties": {
        "cipher": "nQWER",
        "has_phrases": false,
        "mode": "value_domain",
        "phrase_count": 0,
        "phrases": [],
        "projection": "value_hash_v1",
        "projection_method": "value_hash_v1",
        "value": 1281
      },
      "type": "Feature"
    },
    {
      "geometry": {
        "coordinates": [
          87.099113,
          29.015731
        ],
        "type": "Point"
      },
      "properties": {
        "cipher": "nQWER",
        "has_phrases": false,
        "mode": "value_domain",
        "phrase_count": 0,
        "phrases": [],
        "projection": "value_hash_v1",
        "projection_method": "value_hash_v1",
        "value": 1282
      },
      "type": "Feature"
    },
    {
      "geometry": {
        "coordinates": [
          70.202612,
          61.844043
        ],
        "type": "Point"
      },
      "properties": {
        "cipher": "nQWER",
        "has_phrases": false,
        "mode": "value_domain",
        "phrase_count": 0,
        "phrases": [],
        "projection": "value_hash_v1",
        "projection_method": "value_hash_v1",
        "value": 1283
      },
      "type": "Feature"
    },
    {
      "geometry": {
        "coordinates": [
          149.254415,
          -13.849393
        ],
        "type": "Point"
      },
      "properties": {
        "cipher": "nQWER",
        "has_phrases": false,
        "mode": "value_domain",
        "phrase_count": 0,
        "phrases": [],
        "projection": "value_hash_v1",
        "projection_method": "value_hash_v1",
        "value": 1284
      },
      "type": "Feature"
    },
    {
      "geometry": {
        "coordinates": [
          -139.166195,
          -61.441068
        ],
        "type": "Point"
      },
      "properties": {
        "cipher": "nQWER",
        "has_phrases": false,
        "mode": "value_domain",
        "phrase_count": 0,
        "phrases": [],
        "projection": "value_hash_v1",
        "projection_method": "value_hash_v1",
        "value": 1285
      },
      "type": "Feature"
    },
    {
      "geometry": {
        "coordinates": [
          38.275484,
          8.865605
        ],
        "type": "Point"
      },
      "properties": {
        "cipher": "nQWER",
        "has_phrases": false,
        "mode": "value_domain",
        "phrase_count": 0,
        "phrases": [],
        "projection": "value_hash_v1",
        "projection_method": "value_hash_v1",
        "value": 1286
      },
      "type": "Feature"
    },
    {
      "geometry": {
        "coordinates": [
          -40.877589,
          29.948534
        ],
        "type": "Point"
      },
      "properties": {
        "cipher": "nQWER",
        "has_phrases": false,
        "mode": "value_domain",
        "phrase_count": 0,
        "phrases": [],
        "projection": "value_hash_v1",
        "projection_method": "value_hash_v1",
        "value": 1287
      },
      "type": "Feature"
    },
    {
      "geometry": {
        "coordinates": [
          112.399027,
          34.539893
        ],
        "type": "Point"
      },
      "properties": {
        "cipher": "nQWER",
        "has_phrases": false,
        "mode": "value_domain",
        "phrase_count": 0,
        "phrases": [],
        "projection": "value_hash_v1",
        "projection_method": "value_hash_v1",
        "value": 1288
      },
      "type": "Feature"
    },
    {
      "geometry": {
        "coordinates": [
          47.775483,
          76.493357
        ],
        "type": "Point"
      },
      "properties": {
        "cipher": "nQWER",
        "has_phrases": false,
        "mode": "value_domain",
        "phrase_count": 0,
        "phrases": [],
        "projection": "value_hash_v1",
        "projection_method": "value_hash_v1",
        "value": 1289
      },
      "type": "Feature"
    },
    {
      "geometry": {
        "coordinates": [
          118.635417,
          89.997354
        ],
        "type": "Point"
      },
      "properties": {
        "cipher": "nQWER",
        "has_phrases": false,
        "mode": "value_domain",
        "phrase_count": 0,
        "phrases": [],
        "projection": "value_hash_v1",
        "projection_method": "value_hash_v1",
        "value": 1290
      },
      "type": "Feature"
    },
    {
      "geometry": {
        "coordinates": [
          -132.247232,
          -83.62218
        ],
        "type": "Point"
      },
      "properties": {
        "cipher": "nQWER",
        "has_phrases": false,
        "mode": "value_domain",
        "phrase_count": 0,
        "phrases": [],
        "projection": "value_hash_v1",
        "projection_method": "value_hash_v1",
        "value": 1291
      },
      "type": "Feature"
    },
    {
      "geometry": {
        "coordinates": [
          -98.472538,
          32.162115
        ],
        "type": "Point"
      },
      "properties": {
        "cipher": "nQWER",
        "has_phrases": false,
        "mode": "value_domain",
        "phrase_count": 0,
        "phrases": [],
        "projection": "value_hash_v1",
        "projection_method": "value_hash_v1",
        "value": 1292
      },
      "type": "Feature"
    },
    {
      "geometry": {
        "coordinates": [
          -23.870775,
          -76.674635
        ],
        "type": "Point"
      },
      "properties": {
        "cipher": "nQWER",
        "has_phrases": false,
        "mode": "value_domain",
        "phrase_count": 0,
        "phrases": [],
        "projection": "value_hash_v1",
        "projection_method": "value_hash_v1",
        "value": 1293
      },
      "type": "Feature"
    },
    {
      "geometry": {
        "coordinates": [
          24.085574,
          -17.474712
        ],
        "type": "Point"
      },
      "properties": {
        "cipher": "nQWER",
        "has_phrases": false,
        "mode": "value_domain",
        "phrase_count": 0,
        "phrases": [],
        "projection": "value_hash_v1",
        "projection_method": "value_hash_v1",
        "value": 1294
      },
      "type": "Feature"
    },
    {
      "geometry": {
        "coordinates": [
          129.231349,
          -61.002321
        ],
        "type": "Point"
      },
      "properties": {
        "cipher": "nQWER",
        "has_phrases": false,
        "mode": "value_domain",
        "phrase_count": 0,
        "phrases": [],
        "projection": "value_hash_v1",
        "projection_method": "value_hash_v1",
        "value": 1295
      },
      "type": "Feature"
    },
    {
      "geometry": {
        "coordinates": [
          105.236875,
          68.114885
        ],
        "type": "Point"
      },
      "properties": {
        "cipher": "nQWER",
        "has_phrases": false,
        "mode": "value_domain",
        "phrase_count": 0,
        "phrases": [],
        "projection": "value_hash_v1",
        "projection_method": "value_hash_v1",
        "value": 1296
      },
      "type": "Feature"
    },
    {
      "geometry": {
        "coordinates": [
          -3.801709,
          -19.015137
        ],
        "type": "Point"
      },
      "properties": {
        "cipher": "nQWER",
        "has_phrases": false,
        "mode": "value_domain",
        "phrase_count": 0,
        "phrases": [],
        "projection": "value_hash_v1",
        "projection_method": "value_hash_v1",
        "value": 1297
      },
      "type": "Feature"
    },
    {
      "geometry": {
        "coordinates": [
          -157.214177,
          -32.19893
        ],
        "type": "Point"
      },
      "properties": {
        "cipher": "nQWER",
        "has_phrases": false,
        "mode": "value_domain",
        "phrase_count": 0,
        "phrases": [],
        "projection": "value_hash_v1",
        "projection_method": "value_hash_v1",
        "value": 1298
      },
      "type": "Feature"
    },
    {
      "geometry": {
        "coordinates": [
          -88.368603,
          30.145114
        ],
        "type": "Point"
      },
      "properties": {
        "cipher": "nQWER",
        "has_phrases": false,
        "mode": "value_domain",
        "phrase_count": 0,
        "phrases": [],
        "projection": "value_hash_v1",
        "projection_method": "value_hash_v1",
        "value": 1299
      },
      "type": "Feature"
    },
    {
      "geometry": {
        "coordinates": [
          -8.044168,
          67.231507
        ],
        "type": "Point"
      },
      "properties": {
        "cipher": "nQWER",
        "has_phrases": false,
        "mode": "value_domain",
        "phrase_count": 0,
        "phrases": [],
        "projection": "value_hash_v1",
        "projection_method": "value_hash_v1",
        "value": 1300
      },
      "type": "Feature"
    },
    {
      "geometry": {
        "coordinates": [
          -14.139528,
          -83.701573
        ],
        "type": "Point"
      },
      "properties": {
        "cipher": "nQWER",
        "has_phrases": false,
        "mode": "value_domain",
        "phrase_count": 0,
        "phrases": [],
        "projection": "value_hash_v1",
        "projection_method": "value_hash_v1",
        "value": 1301
      },
      "type": "Feature"
    },
    {
      "geometry": {
        "coordinates": [
          152.92073,
          52.639055
        ],
        "type": "Point"
      },
      "properties": {
        "cipher": "nQWER",
        "has_phrases": false,
        "mode": "value_domain",
        "phrase_count": 0,
        "phrases": [],
        "projection": "value_hash_v1",
        "projection_method": "value_hash_v1",
        "value": 1302
      },
      "type": "Feature"
    },
    {
      "geometry": {
        "coordinates": [
          175.023584,
          -81.784537
        ],
        "type": "Point"
      },
      "properties": {
        "cipher": "nQWER",
        "has_phrases": false,
        "mode": "value_domain",
        "phrase_count": 0,
        "phrases": [],
        "projection": "value_hash_v1",
        "projection_method": "value_hash_v1",
        "value": 1303
      },
      "type": "Feature"
    },
    {
      "geometry": {
        "coordinates": [
          -21.61105,
          61.812696
        ],
        "type": "Point"
      },
      "properties": {
        "cipher": "nQWER",
        "has_phrases": false,
        "mode": "value_domain",
        "phrase_count": 0,
        "phrases": [],
        "projection": "value_hash_v1",
        "projection_method": "value_hash_v1",
        "value": 1304
      },
      "type": "Feature"
    },
    {
      "geometry": {
        "coordinates": [
          -131.19677,
          0.964499
        ],
        "type": "Point"
      },
      "properties": {
        "cipher": "nQWER",
        "has_phrases": false,
        "mode": "value_domain",
        "phrase_count": 0,
        "phrases": [],
        "projection": "value_hash_v1",
        "projection_method": "value_hash_v1",
        "value": 1305
      },
      "type": "Feature"
    },
    {
      "geometry": {
        "coordinates": [
          95.708622,
          -49.304949
        ],
        "type": "Point"
      },
      "properties": {
        "cipher": "nQWER",
        "has_phrases": true,
        "mode": "value_domain",
        "phrase_count": 1,
        "phrases": [
          "history is not only written in texts. sometimes it is written in the missing lake."
        ],
        "projection": "value_hash_v1",
        "projection_method": "value_hash_v1",
        "value": 1306
      },
      "type": "Feature"
    },
    {
      "geometry": {
        "coordinates": [
          175.056298,
          9.375068
        ],
        "type": "Point"
      },
      "properties": {
        "cipher": "nQWER",
        "has_phrases": true,
        "mode": "value_domain",
        "phrase_count": 1,
        "phrases": [
          "build it into pinnacles and shrines of some ghastly predicament of mine"
        ],
        "projection": "value_hash_v1",
        "projection_method": "value_hash_v1",
        "value": 1307
      },
      "type": "Feature"
    },
    {
      "geometry": {
        "coordinates": [
          36.687984,
          70.200371
        ],
        "type": "Point"
      },
      "properties": {
        "cipher": "nQWER",
        "has_phrases": false,
        "mode": "value_domain",
        "phrase_count": 0,
        "phrases": [],
        "projection": "value_hash_v1",
        "projection_method": "value_hash_v1",
        "value": 1308
      },
      "type": "Feature"
    },
    {
      "geometry": {
        "coordinates": [
          -72.251261,
          21.520977
        ],
        "type": "Point"
      },
      "properties": {
        "cipher": "nQWER",
        "has_phrases": false,
        "mode": "value_domain",
        "phrase_count": 0,
        "phrases": [],
        "projection": "value_hash_v1",
        "projection_method": "value_hash_v1",
        "value": 1309
      },
      "type": "Feature"
    },
    {
      "geometry": {
        "coordinates": [
          -6.828619,
          54.732389
        ],
        "type": "Point"
      },
      "properties": {
        "cipher": "nQWER",
        "has_phrases": false,
        "mode": "value_domain",
        "phrase_count": 0,
        "phrases": [],
        "projection": "value_hash_v1",
        "projection_method": "value_hash_v1",
        "value": 1310
      },
      "type": "Feature"
    },
    {
      "geometry": {
        "coordinates": [
          64.281308,
          55.675682
        ],
        "type": "Point"
      },
      "properties": {
        "cipher": "nQWER",
        "has_phrases": false,
        "mode": "value_domain",
        "phrase_count": 0,
        "phrases": [],
        "projection": "value_hash_v1",
        "projection_method": "value_hash_v1",
        "value": 1311
      },
      "type": "Feature"
    },
    {
      "geometry": {
        "coordinates": [
          -115.367604,
          -4.615554
        ],
        "type": "Point"
      },
      "properties": {
        "cipher": "nQWER",
        "has_phrases": false,
        "mode": "value_domain",
        "phrase_count": 0,
        "phrases": [],
        "projection": "value_hash_v1",
        "projection_method": "value_hash_v1",
        "value": 1312
      },
      "type": "Feature"
    },
    {
      "geometry": {
        "coordinates": [
          -66.964236,
          -27.455461
        ],
        "type": "Point"
      },
      "properties": {
        "cipher": "nQWER",
        "has_phrases": false,
        "mode": "value_domain",
        "phrase_count": 0,
        "phrases": [],
        "projection": "value_hash_v1",
        "projection_method": "value_hash_v1",
        "value": 1313
      },
      "type": "Feature"
    },
    {
      "geometry": {
        "coordinates": [
          47.769243,
          -29.915855
        ],
        "type": "Point"
      },
      "properties": {
        "cipher": "nQWER",
        "has_phrases": false,
        "mode": "value_domain",
        "phrase_count": 0,
        "phrases": [],
        "projection": "value_hash_v1",
        "projection_method": "value_hash_v1",
        "value": 1314
      },
      "type": "Feature"
    },
    {
      "geometry": {
        "coordinates": [
          175.702219,
          45.812652
        ],
        "type": "Point"
      },
      "properties": {
        "cipher": "nQWER",
        "has_phrases": false,
        "mode": "value_domain",
        "phrase_count": 0,
        "phrases": [],
        "projection": "value_hash_v1",
        "projection_method": "value_hash_v1",
        "value": 1315
      },
      "type": "Feature"
    },
    {
      "geometry": {
        "coordinates": [
          83.456988,
          79.800152
        ],
        "type": "Point"
      },
      "properties": {
        "cipher": "nQWER",
        "has_phrases": false,
        "mode": "value_domain",
        "phrase_count": 0,
        "phrases": [],
        "projection": "value_hash_v1",
        "projection_method": "value_hash_v1",
        "value": 1316
      },
      "type": "Feature"
    },
    {
      "geometry": {
        "coordinates": [
          142.721209,
          -88.085606
        ],
        "type": "Point"
      },
      "properties": {
        "cipher": "nQWER",
        "has_phrases": false,
        "mode": "value_domain",
        "phrase_count": 0,
        "phrases": [],
        "projection": "value_hash_v1",
        "projection_method": "value_hash_v1",
        "value": 1317
      },
      "type": "Feature"
    },
    {
      "geometry": {
        "coordinates": [
          -135.412256,
          35.824119
        ],
        "type": "Point"
      },
      "properties": {
        "cipher": "nQWER",
        "has_phrases": false,
        "mode": "value_domain",
        "phrase_count": 0,
        "phrases": [],
        "projection": "value_hash_v1",
        "projection_method": "value_hash_v1",
        "value": 1318
      },
      "type": "Feature"
    },
    {
      "geometry": {
        "coordinates": [
          51.800382,
          -79.405066
        ],
        "type": "Point"
      },
      "properties": {
        "cipher": "nQWER",
        "has_phrases": false,
        "mode": "value_domain",
        "phrase_count": 0,
        "phrases": [],
        "projection": "value_hash_v1",
        "projection_method": "value_hash_v1",
        "value": 1319
      },
      "type": "Feature"
    },
    {
      "geometry": {
        "coordinates": [
          -121.99155,
          -79.880553
        ],
        "type": "Point"
      },
      "properties": {
        "cipher": "nQWER",
        "has_phrases": false,
        "mode": "value_domain",
        "phrase_count": 0,
        "phrases": [],
        "projection": "value_hash_v1",
        "projection_method": "value_hash_v1",
        "value": 1320
      },
      "type": "Feature"
    },
    {
      "geometry": {
        "coordinates": [
          153.009212,
          -65.761455
        ],
        "type": "Point"
      },
      "properties": {
        "cipher": "nQWER",
        "has_phrases": false,
        "mode": "value_domain",
        "phrase_count": 0,
        "phrases": [],
        "projection": "value_hash_v1",
        "projection_method": "value_hash_v1",
        "value": 1321
      },
      "type": "Feature"
    },
    {
      "geometry": {
        "coordinates": [
          -77.894951,
          21.163814
        ],
        "type": "Point"
      },
      "properties": {
        "cipher": "nQWER",
        "has_phrases": false,
        "mode": "value_domain",
        "phrase_count": 0,
        "phrases": [],
        "projection": "value_hash_v1",
        "projection_method": "value_hash_v1",
        "value": 1322
      },
      "type": "Feature"
    },
    {
      "geometry": {
        "coordinates": [
          131.200167,
          26.075747
        ],
        "type": "Point"
      },
      "properties": {
        "cipher": "nQWER",
        "has_phrases": false,
        "mode": "value_domain",
        "phrase_count": 0,
        "phrases": [],
        "projection": "value_hash_v1",
        "projection_method": "value_hash_v1",
        "value": 1323
      },
      "type": "Feature"
    },
    {
      "geometry": {
        "coordinates": [
          -66.024363,
          30.046911
        ],
        "type": "Point"
      },
      "properties": {
        "cipher": "nQWER",
        "has_phrases": false,
        "mode": "value_domain",
        "phrase_count": 0,
        "phrases": [],
        "projection": "value_hash_v1",
        "projection_method": "value_hash_v1",
        "value": 1324
      },
      "type": "Feature"
    },
    {
      "geometry": {
        "coordinates": [
          -122.976609,
          -38.515436
        ],
        "type": "Point"
      },
      "properties": {
        "cipher": "nQWER",
        "has_phrases": false,
        "mode": "value_domain",
        "phrase_count": 0,
        "phrases": [],
        "projection": "value_hash_v1",
        "projection_method": "value_hash_v1",
        "value": 1325
      },
      "type": "Feature"
    },
    {
      "geometry": {
        "coordinates": [
          -78.792605,
          85.285224
        ],
        "type": "Point"
      },
      "properties": {
        "cipher": "nQWER",
        "has_phrases": false,
        "mode": "value_domain",
        "phrase_count": 0,
        "phrases": [],
        "projection": "value_hash_v1",
        "projection_method": "value_hash_v1",
        "value": 1326
      },
      "type": "Feature"
    },
    {
      "geometry": {
        "coordinates": [
          72.553939,
          -57.494776
        ],
        "type": "Point"
      },
      "properties": {
        "cipher": "nQWER",
        "has_phrases": false,
        "mode": "value_domain",
        "phrase_count": 0,
        "phrases": [],
        "projection": "value_hash_v1",
        "projection_method": "value_hash_v1",
        "value": 1327
      },
      "type": "Feature"
    },
    {
      "geometry": {
        "coordinates": [
          62.364404,
          85.272329
        ],
        "type": "Point"
      },
      "properties": {
        "cipher": "nQWER",
        "has_phrases": false,
        "mode": "value_domain",
        "phrase_count": 0,
        "phrases": [],
        "projection": "value_hash_v1",
        "projection_method": "value_hash_v1",
        "value": 1328
      },
      "type": "Feature"
    },
    {
      "geometry": {
        "coordinates": [
          -69.064734,
          9.100406
        ],
        "type": "Point"
      },
      "properties": {
        "cipher": "nQWER",
        "has_phrases": false,
        "mode": "value_domain",
        "phrase_count": 0,
        "phrases": [],
        "projection": "value_hash_v1",
        "projection_method": "value_hash_v1",
        "value": 1329
      },
      "type": "Feature"
    },
    {
      "geometry": {
        "coordinates": [
          -148.68914,
          77.522309
        ],
        "type": "Point"
      },
      "properties": {
        "cipher": "nQWER",
        "has_phrases": false,
        "mode": "value_domain",
        "phrase_count": 0,
        "phrases": [],
        "projection": "value_hash_v1",
        "projection_method": "value_hash_v1",
        "value": 1330
      },
      "type": "Feature"
    },
    {
      "geometry": {
        "coordinates": [
          -94.358552,
          -54.202316
        ],
        "type": "Point"
      },
      "properties": {
        "cipher": "nQWER",
        "has_phrases": false,
        "mode": "value_domain",
        "phrase_count": 0,
        "phrases": [],
        "projection": "value_hash_v1",
        "projection_method": "value_hash_v1",
        "value": 1331
      },
      "type": "Feature"
    },
    {
      "geometry": {
        "coordinates": [
          -12.182002,
          31.338959
        ],
        "type": "Point"
      },
      "properties": {
        "cipher": "nQWER",
        "has_phrases": false,
        "mode": "value_domain",
        "phrase_count": 0,
        "phrases": [],
        "projection": "value_hash_v1",
        "projection_method": "value_hash_v1",
        "value": 1332
      },
      "type": "Feature"
    },
    {
      "geometry": {
        "coordinates": [
          15.694574,
          53.753737
        ],
        "type": "Point"
      },
      "properties": {
        "cipher": "nQWER",
        "has_phrases": true,
        "mode": "value_domain",
        "phrase_count": 1,
        "phrases": [
          "self knowledge is the auto-creation of a \"being\" which thinks itself into reality"
        ],
        "projection": "value_hash_v1",
        "projection_method": "value_hash_v1",
        "value": 1333
      },
      "type": "Feature"
    },
    {
      "geometry": {
        "coordinates": [
          -16.357408,
          61.440729
        ],
        "type": "Point"
      },
      "properties": {
        "cipher": "nQWER",
        "has_phrases": false,
        "mode": "value_domain",
        "phrase_count": 0,
        "phrases": [],
        "projection": "value_hash_v1",
        "projection_method": "value_hash_v1",
        "value": 1334
      },
      "type": "Feature"
    },
    {
      "geometry": {
        "coordinates": [
          80.96425,
          16.691141
        ],
        "type": "Point"
      },
      "properties": {
        "cipher": "nQWER",
        "has_phrases": false,
        "mode": "value_domain",
        "phrase_count": 0,
        "phrases": [],
        "projection": "value_hash_v1",
        "projection_method": "value_hash_v1",
        "value": 1335
      },
      "type": "Feature"
    },
    {
      "geometry": {
        "coordinates": [
          144.387608,
          7.725195
        ],
        "type": "Point"
      },
      "properties": {
        "cipher": "nQWER",
        "has_phrases": false,
        "mode": "value_domain",
        "phrase_count": 0,
        "phrases": [],
        "projection": "value_hash_v1",
        "projection_method": "value_hash_v1",
        "value": 1336
      },
      "type": "Feature"
    },
    {
      "geometry": {
        "coordinates": [
          115.912837,
          -30.645023
        ],
        "type": "Point"
      },
      "properties": {
        "cipher": "nQWER",
        "has_phrases": false,
        "mode": "value_domain",
        "phrase_count": 0,
        "phrases": [],
        "projection": "value_hash_v1",
        "projection_method": "value_hash_v1",
        "value": 1337
      },
      "type": "Feature"
    },
    {
      "geometry": {
        "coordinates": [
          -106.166964,
          61.269018
        ],
        "type": "Point"
      },
      "properties": {
        "cipher": "nQWER",
        "has_phrases": false,
        "mode": "value_domain",
        "phrase_count": 0,
        "phrases": [],
        "projection": "value_hash_v1",
        "projection_method": "value_hash_v1",
        "value": 1338
      },
      "type": "Feature"
    },
    {
      "geometry": {
        "coordinates": [
          177.801477,
          -29.794253
        ],
        "type": "Point"
      },
      "properties": {
        "cipher": "nQWER",
        "has_phrases": false,
        "mode": "value_domain",
        "phrase_count": 0,
        "phrases": [],
        "projection": "value_hash_v1",
        "projection_method": "value_hash_v1",
        "value": 1339
      },
      "type": "Feature"
    },
    {
      "geometry": {
        "coordinates": [
          -3.300498,
          -75.229108
        ],
        "type": "Point"
      },
      "properties": {
        "cipher": "nQWER",
        "has_phrases": false,
        "mode": "value_domain",
        "phrase_count": 0,
        "phrases": [],
        "projection": "value_hash_v1",
        "projection_method": "value_hash_v1",
        "value": 1340
      },
      "type": "Feature"
    },
    {
      "geometry": {
        "coordinates": [
          2.697243,
          41.4216
        ],
        "type": "Point"
      },
      "properties": {
        "cipher": "nQWER",
        "has_phrases": false,
        "mode": "value_domain",
        "phrase_count": 0,
        "phrases": [],
        "projection": "value_hash_v1",
        "projection_method": "value_hash_v1",
        "value": 1341
      },
      "type": "Feature"
    },
    {
      "geometry": {
        "coordinates": [
          -84.018903,
          18.783578
        ],
        "type": "Point"
      },
      "properties": {
        "cipher": "nQWER",
        "has_phrases": false,
        "mode": "value_domain",
        "phrase_count": 0,
        "phrases": [],
        "projection": "value_hash_v1",
        "projection_method": "value_hash_v1",
        "value": 1342
      },
      "type": "Feature"
    },
    {
      "geometry": {
        "coordinates": [
          162.63458,
          9.763107
        ],
        "type": "Point"
      },
      "properties": {
        "cipher": "nQWER",
        "has_phrases": false,
        "mode": "value_domain",
        "phrase_count": 0,
        "phrases": [],
        "projection": "value_hash_v1",
        "projection_method": "value_hash_v1",
        "value": 1343
      },
      "type": "Feature"
    },
    {
      "geometry": {
        "coordinates": [
          26.852803,
          -40.139166
        ],
        "type": "Point"
      },
      "properties": {
        "cipher": "nQWER",
        "has_phrases": false,
        "mode": "value_domain",
        "phrase_count": 0,
        "phrases": [],
        "projection": "value_hash_v1",
        "projection_method": "value_hash_v1",
        "value": 1344
      },
      "type": "Feature"
    },
    {
      "geometry": {
        "coordinates": [
          120.697229,
          -78.421002
        ],
        "type": "Point"
      },
      "properties": {
        "cipher": "nQWER",
        "has_phrases": false,
        "mode": "value_domain",
        "phrase_count": 0,
        "phrases": [],
        "projection": "value_hash_v1",
        "projection_method": "value_hash_v1",
        "value": 1345
      },
      "type": "Feature"
    },
    {
      "geometry": {
        "coordinates": [
          -100.323754,
          -31.563027
        ],
        "type": "Point"
      },
      "properties": {
        "cipher": "nQWER",
        "has_phrases": false,
        "mode": "value_domain",
        "phrase_count": 0,
        "phrases": [],
        "projection": "value_hash_v1",
        "projection_method": "value_hash_v1",
        "value": 1346
      },
      "type": "Feature"
    },
    {
      "geometry": {
        "coordinates": [
          -39.50353,
          11.586986
        ],
        "type": "Point"
      },
      "properties": {
        "cipher": "nQWER",
        "has_phrases": false,
        "mode": "value_domain",
        "phrase_count": 0,
        "phrases": [],
        "projection": "value_hash_v1",
        "projection_method": "value_hash_v1",
        "value": 1347
      },
      "type": "Feature"
    },
    {
      "geometry": {
        "coordinates": [
          83.598854,
          -73.616868
        ],
        "type": "Point"
      },
      "properties": {
        "cipher": "nQWER",
        "has_phrases": false,
        "mode": "value_domain",
        "phrase_count": 0,
        "phrases": [],
        "projection": "value_hash_v1",
        "projection_method": "value_hash_v1",
        "value": 1348
      },
      "type": "Feature"
    },
    {
      "geometry": {
        "coordinates": [
          -40.722996,
          -4.83531
        ],
        "type": "Point"
      },
      "properties": {
        "cipher": "nQWER",
        "has_phrases": false,
        "mode": "value_domain",
        "phrase_count": 0,
        "phrases": [],
        "projection": "value_hash_v1",
        "projection_method": "value_hash_v1",
        "value": 1349
      },
      "type": "Feature"
    },
    {
      "geometry": {
        "coordinates": [
          102.070918,
          65.959517
        ],
        "type": "Point"
      },
      "properties": {
        "cipher": "nQWER",
        "has_phrases": false,
        "mode": "value_domain",
        "phrase_count": 0,
        "phrases": [],
        "projection": "value_hash_v1",
        "projection_method": "value_hash_v1",
        "value": 1350
      },
      "type": "Feature"
    },
    {
      "geometry": {
        "coordinates": [
          -49.543134,
          -61.064088
        ],
        "type": "Point"
      },
      "properties": {
        "cipher": "nQWER",
        "has_phrases": false,
        "mode": "value_domain",
        "phrase_count": 0,
        "phrases": [],
        "projection": "value_hash_v1",
        "projection_method": "value_hash_v1",
        "value": 1351
      },
      "type": "Feature"
    },
    {
      "geometry": {
        "coordinates": [
          -134.089523,
          72.395406
        ],
        "type": "Point"
      },
      "properties": {
        "cipher": "nQWER",
        "has_phrases": false,
        "mode": "value_domain",
        "phrase_count": 0,
        "phrases": [],
        "projection": "value_hash_v1",
        "projection_method": "value_hash_v1",
        "value": 1352
      },
      "type": "Feature"
    },
    {
      "geometry": {
        "coordinates": [
          122.108141,
          47.017793
        ],
        "type": "Point"
      },
      "properties": {
        "cipher": "nQWER",
        "has_phrases": false,
        "mode": "value_domain",
        "phrase_count": 0,
        "phrases": [],
        "projection": "value_hash_v1",
        "projection_method": "value_hash_v1",
        "value": 1353
      },
      "type": "Feature"
    },
    {
      "geometry": {
        "coordinates": [
          149.602539,
          -54.692279
        ],
        "type": "Point"
      },
      "properties": {
        "cipher": "nQWER",
        "has_phrases": false,
        "mode": "value_domain",
        "phrase_count": 0,
        "phrases": [],
        "projection": "value_hash_v1",
        "projection_method": "value_hash_v1",
        "value": 1354
      },
      "type": "Feature"
    },
    {
      "geometry": {
        "coordinates": [
          -110.216429,
          -36.821075
        ],
        "type": "Point"
      },
      "properties": {
        "cipher": "nQWER",
        "has_phrases": false,
        "mode": "value_domain",
        "phrase_count": 0,
        "phrases": [],
        "projection": "value_hash_v1",
        "projection_method": "value_hash_v1",
        "value": 1355
      },
      "type": "Feature"
    },
    {
      "geometry": {
        "coordinates": [
          -14.523159,
          66.7159
        ],
        "type": "Point"
      },
      "properties": {
        "cipher": "nQWER",
        "has_phrases": false,
        "mode": "value_domain",
        "phrase_count": 0,
        "phrases": [],
        "projection": "value_hash_v1",
        "projection_method": "value_hash_v1",
        "value": 1356
      },
      "type": "Feature"
    },
    {
      "geometry": {
        "coordinates": [
          122.274934,
          2.08811
        ],
        "type": "Point"
      },
      "properties": {
        "cipher": "nQWER",
        "has_phrases": false,
        "mode": "value_domain",
        "phrase_count": 0,
        "phrases": [],
        "projection": "value_hash_v1",
        "projection_method": "value_hash_v1",
        "value": 1357
      },
      "type": "Feature"
    },
    {
      "geometry": {
        "coordinates": [
          -145.654526,
          41.355189
        ],
        "type": "Point"
      },
      "properties": {
        "cipher": "nQWER",
        "has_phrases": false,
        "mode": "value_domain",
        "phrase_count": 0,
        "phrases": [],
        "projection": "value_hash_v1",
        "projection_method": "value_hash_v1",
        "value": 1358
      },
      "type": "Feature"
    },
    {
      "geometry": {
        "coordinates": [
          76.310758,
          -71.283314
        ],
        "type": "Point"
      },
      "properties": {
        "cipher": "nQWER",
        "has_phrases": false,
        "mode": "value_domain",
        "phrase_count": 0,
        "phrases": [],
        "projection": "value_hash_v1",
        "projection_method": "value_hash_v1",
        "value": 1359
      },
      "type": "Feature"
    },
    {
      "geometry": {
        "coordinates": [
          -83.778223,
          -3.673901
        ],
        "type": "Point"
      },
      "properties": {
        "cipher": "nQWER",
        "has_phrases": false,
        "mode": "value_domain",
        "phrase_count": 0,
        "phrases": [],
        "projection": "value_hash_v1",
        "projection_method": "value_hash_v1",
        "value": 1360
      },
      "type": "Feature"
    },
    {
      "geometry": {
        "coordinates": [
          -44.301653,
          28.843204
        ],
        "type": "Point"
      },
      "properties": {
        "cipher": "nQWER",
        "has_phrases": false,
        "mode": "value_domain",
        "phrase_count": 0,
        "phrases": [],
        "projection": "value_hash_v1",
        "projection_method": "value_hash_v1",
        "value": 1361
      },
      "type": "Feature"
    },
    {
      "geometry": {
        "coordinates": [
          -177.50116,
          84.8182
        ],
        "type": "Point"
      },
      "properties": {
        "cipher": "nQWER",
        "has_phrases": false,
        "mode": "value_domain",
        "phrase_count": 0,
        "phrases": [],
        "projection": "value_hash_v1",
        "projection_method": "value_hash_v1",
        "value": 1362
      },
      "type": "Feature"
    },
    {
      "geometry": {
        "coordinates": [
          -166.988084,
          86.757709
        ],
        "type": "Point"
      },
      "properties": {
        "cipher": "nQWER",
        "has_phrases": false,
        "mode": "value_domain",
        "phrase_count": 0,
        "phrases": [],
        "projection": "value_hash_v1",
        "projection_method": "value_hash_v1",
        "value": 1363
      },
      "type": "Feature"
    },
    {
      "geometry": {
        "coordinates": [
          -142.735541,
          -35.948838
        ],
        "type": "Point"
      },
      "properties": {
        "cipher": "nQWER",
        "has_phrases": false,
        "mode": "value_domain",
        "phrase_count": 0,
        "phrases": [],
        "projection": "value_hash_v1",
        "projection_method": "value_hash_v1",
        "value": 1364
      },
      "type": "Feature"
    },
    {
      "geometry": {
        "coordinates": [
          -131.972379,
          18.291388
        ],
        "type": "Point"
      },
      "properties": {
        "cipher": "nQWER",
        "has_phrases": false,
        "mode": "value_domain",
        "phrase_count": 0,
        "phrases": [],
        "projection": "value_hash_v1",
        "projection_method": "value_hash_v1",
        "value": 1365
      },
      "type": "Feature"
    },
    {
      "geometry": {
        "coordinates": [
          -156.989853,
          20.382703
        ],
        "type": "Point"
      },
      "properties": {
        "cipher": "nQWER",
        "has_phrases": false,
        "mode": "value_domain",
        "phrase_count": 0,
        "phrases": [],
        "projection": "value_hash_v1",
        "projection_method": "value_hash_v1",
        "value": 1366
      },
      "type": "Feature"
    },
    {
      "geometry": {
        "coordinates": [
          -108.020595,
          4.746305
        ],
        "type": "Point"
      },
      "properties": {
        "cipher": "nQWER",
        "has_phrases": false,
        "mode": "value_domain",
        "phrase_count": 0,
        "phrases": [],
        "projection": "value_hash_v1",
        "projection_method": "value_hash_v1",
        "value": 1367
      },
      "type": "Feature"
    },
    {
      "geometry": {
        "coordinates": [
          24.006028,
          -8.304786
        ],
        "type": "Point"
      },
      "properties": {
        "cipher": "nQWER",
        "has_phrases": false,
        "mode": "value_domain",
        "phrase_count": 0,
        "phrases": [],
        "projection": "value_hash_v1",
        "projection_method": "value_hash_v1",
        "value": 1368
      },
      "type": "Feature"
    },
    {
      "geometry": {
        "coordinates": [
          -159.782717,
          46.820171
        ],
        "type": "Point"
      },
      "properties": {
        "cipher": "nQWER",
        "has_phrases": false,
        "mode": "value_domain",
        "phrase_count": 0,
        "phrases": [],
        "projection": "value_hash_v1",
        "projection_method": "value_hash_v1",
        "value": 1369
      },
      "type": "Feature"
    },
    {
      "geometry": {
        "coordinates": [
          167.5369,
          -49.490987
        ],
        "type": "Point"
      },
      "properties": {
        "cipher": "nQWER",
        "has_phrases": false,
        "mode": "value_domain",
        "phrase_count": 0,
        "phrases": [],
        "projection": "value_hash_v1",
        "projection_method": "value_hash_v1",
        "value": 1370
      },
      "type": "Feature"
    },
    {
      "geometry": {
        "coordinates": [
          118.84381,
          34.984168
        ],
        "type": "Point"
      },
      "properties": {
        "cipher": "nQWER",
        "has_phrases": false,
        "mode": "value_domain",
        "phrase_count": 0,
        "phrases": [],
        "projection": "value_hash_v1",
        "projection_method": "value_hash_v1",
        "value": 1371
      },
      "type": "Feature"
    },
    {
      "geometry": {
        "coordinates": [
          89.907629,
          -6.06157
        ],
        "type": "Point"
      },
      "properties": {
        "cipher": "nQWER",
        "has_phrases": false,
        "mode": "value_domain",
        "phrase_count": 0,
        "phrases": [],
        "projection": "value_hash_v1",
        "projection_method": "value_hash_v1",
        "value": 1372
      },
      "type": "Feature"
    },
    {
      "geometry": {
        "coordinates": [
          8.237354,
          47.02489
        ],
        "type": "Point"
      },
      "properties": {
        "cipher": "nQWER",
        "has_phrases": false,
        "mode": "value_domain",
        "phrase_count": 0,
        "phrases": [],
        "projection": "value_hash_v1",
        "projection_method": "value_hash_v1",
        "value": 1373
      },
      "type": "Feature"
    },
    {
      "geometry": {
        "coordinates": [
          83.210605,
          -29.292974
        ],
        "type": "Point"
      },
      "properties": {
        "cipher": "nQWER",
        "has_phrases": false,
        "mode": "value_domain",
        "phrase_count": 0,
        "phrases": [],
        "projection": "value_hash_v1",
        "projection_method": "value_hash_v1",
        "value": 1374
      },
      "type": "Feature"
    },
    {
      "geometry": {
        "coordinates": [
          62.940925,
          4.367119
        ],
        "type": "Point"
      },
      "properties": {
        "cipher": "nQWER",
        "has_phrases": false,
        "mode": "value_domain",
        "phrase_count": 0,
        "phrases": [],
        "projection": "value_hash_v1",
        "projection_method": "value_hash_v1",
        "value": 1375
      },
      "type": "Feature"
    },
    {
      "geometry": {
        "coordinates": [
          3.696145,
          -23.093709
        ],
        "type": "Point"
      },
      "properties": {
        "cipher": "nQWER",
        "has_phrases": false,
        "mode": "value_domain",
        "phrase_count": 0,
        "phrases": [],
        "projection": "value_hash_v1",
        "projection_method": "value_hash_v1",
        "value": 1376
      },
      "type": "Feature"
    },
    {
      "geometry": {
        "coordinates": [
          -165.310869,
          -89.288217
        ],
        "type": "Point"
      },
      "properties": {
        "cipher": "nQWER",
        "has_phrases": false,
        "mode": "value_domain",
        "phrase_count": 0,
        "phrases": [],
        "projection": "value_hash_v1",
        "projection_method": "value_hash_v1",
        "value": 1377
      },
      "type": "Feature"
    },
    {
      "geometry": {
        "coordinates": [
          -99.40783,
          -30.093276
        ],
        "type": "Point"
      },
      "properties": {
        "cipher": "nQWER",
        "has_phrases": false,
        "mode": "value_domain",
        "phrase_count": 0,
        "phrases": [],
        "projection": "value_hash_v1",
        "projection_method": "value_hash_v1",
        "value": 1378
      },
      "type": "Feature"
    },
    {
      "geometry": {
        "coordinates": [
          -14.318336,
          16.08267
        ],
        "type": "Point"
      },
      "properties": {
        "cipher": "nQWER",
        "has_phrases": false,
        "mode": "value_domain",
        "phrase_count": 0,
        "phrases": [],
        "projection": "value_hash_v1",
        "projection_method": "value_hash_v1",
        "value": 1379
      },
      "type": "Feature"
    },
    {
      "geometry": {
        "coordinates": [
          -137.437375,
          -77.76208
        ],
        "type": "Point"
      },
      "properties": {
        "cipher": "nQWER",
        "has_phrases": false,
        "mode": "value_domain",
        "phrase_count": 0,
        "phrases": [],
        "projection": "value_hash_v1",
        "projection_method": "value_hash_v1",
        "value": 1380
      },
      "type": "Feature"
    },
    {
      "geometry": {
        "coordinates": [
          8.770046,
          -69.780114
        ],
        "type": "Point"
      },
      "properties": {
        "cipher": "nQWER",
        "has_phrases": false,
        "mode": "value_domain",
        "phrase_count": 0,
        "phrases": [],
        "projection": "value_hash_v1",
        "projection_method": "value_hash_v1",
        "value": 1381
      },
      "type": "Feature"
    },
    {
      "geometry": {
        "coordinates": [
          175.527336,
          44.758555
        ],
        "type": "Point"
      },
      "properties": {
        "cipher": "nQWER",
        "has_phrases": false,
        "mode": "value_domain",
        "phrase_count": 0,
        "phrases": [],
        "projection": "value_hash_v1",
        "projection_method": "value_hash_v1",
        "value": 1382
      },
      "type": "Feature"
    },
    {
      "geometry": {
        "coordinates": [
          47.319716,
          32.859875
        ],
        "type": "Point"
      },
      "properties": {
        "cipher": "nQWER",
        "has_phrases": false,
        "mode": "value_domain",
        "phrase_count": 0,
        "phrases": [],
        "projection": "value_hash_v1",
        "projection_method": "value_hash_v1",
        "value": 1383
      },
      "type": "Feature"
    },
    {
      "geometry": {
        "coordinates": [
          -155.363905,
          85.9406
        ],
        "type": "Point"
      },
      "properties": {
        "cipher": "nQWER",
        "has_phrases": false,
        "mode": "value_domain",
        "phrase_count": 0,
        "phrases": [],
        "projection": "value_hash_v1",
        "projection_method": "value_hash_v1",
        "value": 1384
      },
      "type": "Feature"
    },
    {
      "geometry": {
        "coordinates": [
          -47.056358,
          -34.149848
        ],
        "type": "Point"
      },
      "properties": {
        "cipher": "nQWER",
        "has_phrases": false,
        "mode": "value_domain",
        "phrase_count": 0,
        "phrases": [],
        "projection": "value_hash_v1",
        "projection_method": "value_hash_v1",
        "value": 1385
      },
      "type": "Feature"
    },
    {
      "geometry": {
        "coordinates": [
          161.696882,
          -51.470177
        ],
        "type": "Point"
      },
      "properties": {
        "cipher": "nQWER",
        "has_phrases": false,
        "mode": "value_domain",
        "phrase_count": 0,
        "phrases": [],
        "projection": "value_hash_v1",
        "projection_method": "value_hash_v1",
        "value": 1386
      },
      "type": "Feature"
    },
    {
      "geometry": {
        "coordinates": [
          -145.63729,
          26.955452
        ],
        "type": "Point"
      },
      "properties": {
        "cipher": "nQWER",
        "has_phrases": false,
        "mode": "value_domain",
        "phrase_count": 0,
        "phrases": [],
        "projection": "value_hash_v1",
        "projection_method": "value_hash_v1",
        "value": 1387
      },
      "type": "Feature"
    },
    {
      "geometry": {
        "coordinates": [
          -165.196407,
          -59.265677
        ],
        "type": "Point"
      },
      "properties": {
        "cipher": "nQWER",
        "has_phrases": false,
        "mode": "value_domain",
        "phrase_count": 0,
        "phrases": [],
        "projection": "value_hash_v1",
        "projection_method": "value_hash_v1",
        "value": 1388
      },
      "type": "Feature"
    },
    {
      "geometry": {
        "coordinates": [
          -85.000495,
          -88.731192
        ],
        "type": "Point"
      },
      "properties": {
        "cipher": "nQWER",
        "has_phrases": false,
        "mode": "value_domain",
        "phrase_count": 0,
        "phrases": [],
        "projection": "value_hash_v1",
        "projection_method": "value_hash_v1",
        "value": 1389
      },
      "type": "Feature"
    },
    {
      "geometry": {
        "coordinates": [
          -143.735228,
          -83.962216
        ],
        "type": "Point"
      },
      "properties": {
        "cipher": "nQWER",
        "has_phrases": false,
        "mode": "value_domain",
        "phrase_count": 0,
        "phrases": [],
        "projection": "value_hash_v1",
        "projection_method": "value_hash_v1",
        "value": 1390
      },
      "type": "Feature"
    },
    {
      "geometry": {
        "coordinates": [
          -132.264385,
          -40.993121
        ],
        "type": "Point"
      },
      "properties": {
        "cipher": "nQWER",
        "has_phrases": false,
        "mode": "value_domain",
        "phrase_count": 0,
        "phrases": [],
        "projection": "value_hash_v1",
        "projection_method": "value_hash_v1",
        "value": 1391
      },
      "type": "Feature"
    },
    {
      "geometry": {
        "coordinates": [
          57.966143,
          86.076097
        ],
        "type": "Point"
      },
      "properties": {
        "cipher": "nQWER",
        "has_phrases": false,
        "mode": "value_domain",
        "phrase_count": 0,
        "phrases": [],
        "projection": "value_hash_v1",
        "projection_method": "value_hash_v1",
        "value": 1392
      },
      "type": "Feature"
    },
    {
      "geometry": {
        "coordinates": [
          -132.428422,
          -43.322977
        ],
        "type": "Point"
      },
      "properties": {
        "cipher": "nQWER",
        "has_phrases": false,
        "mode": "value_domain",
        "phrase_count": 0,
        "phrases": [],
        "projection": "value_hash_v1",
        "projection_method": "value_hash_v1",
        "value": 1393
      },
      "type": "Feature"
    },
    {
      "geometry": {
        "coordinates": [
          109.321314,
          39.394838
        ],
        "type": "Point"
      },
      "properties": {
        "cipher": "nQWER",
        "has_phrases": false,
        "mode": "value_domain",
        "phrase_count": 0,
        "phrases": [],
        "projection": "value_hash_v1",
        "projection_method": "value_hash_v1",
        "value": 1394
      },
      "type": "Feature"
    },
    {
      "geometry": {
        "coordinates": [
          -60.347146,
          -62.540167
        ],
        "type": "Point"
      },
      "properties": {
        "cipher": "nQWER",
        "has_phrases": false,
        "mode": "value_domain",
        "phrase_count": 0,
        "phrases": [],
        "projection": "value_hash_v1",
        "projection_method": "value_hash_v1",
        "value": 1395
      },
      "type": "Feature"
    },
    {
      "geometry": {
        "coordinates": [
          -117.9534,
          89.349822
        ],
        "type": "Point"
      },
      "properties": {
        "cipher": "nQWER",
        "has_phrases": false,
        "mode": "value_domain",
        "phrase_count": 0,
        "phrases": [],
        "projection": "value_hash_v1",
        "projection_method": "value_hash_v1",
        "value": 1396
      },
      "type": "Feature"
    },
    {
      "geometry": {
        "coordinates": [
          53.09248,
          65.321087
        ],
        "type": "Point"
      },
      "properties": {
        "cipher": "nQWER",
        "has_phrases": false,
        "mode": "value_domain",
        "phrase_count": 0,
        "phrases": [],
        "projection": "value_hash_v1",
        "projection_method": "value_hash_v1",
        "value": 1397
      },
      "type": "Feature"
    },
    {
      "geometry": {
        "coordinates": [
          -66.392881,
          75.34846
        ],
        "type": "Point"
      },
      "properties": {
        "cipher": "nQWER",
        "has_phrases": false,
        "mode": "value_domain",
        "phrase_count": 0,
        "phrases": [],
        "projection": "value_hash_v1",
        "projection_method": "value_hash_v1",
        "value": 1398
      },
      "type": "Feature"
    },
    {
      "geometry": {
        "coordinates": [
          118.408556,
          -5.408395
        ],
        "type": "Point"
      },
      "properties": {
        "cipher": "nQWER",
        "has_phrases": false,
        "mode": "value_domain",
        "phrase_count": 0,
        "phrases": [],
        "projection": "value_hash_v1",
        "projection_method": "value_hash_v1",
        "value": 1399
      },
      "type": "Feature"
    },
    {
      "geometry": {
        "coordinates": [
          -88.412858,
          -31.221662
        ],
        "type": "Point"
      },
      "properties": {
        "cipher": "nQWER",
        "has_phrases": false,
        "mode": "value_domain",
        "phrase_count": 0,
        "phrases": [],
        "projection": "value_hash_v1",
        "projection_method": "value_hash_v1",
        "value": 1400
      },
      "type": "Feature"
    },
    {
      "geometry": {
        "coordinates": [
          -59.441778,
          -3.667923
        ],
        "type": "Point"
      },
      "properties": {
        "cipher": "nQWER",
        "has_phrases": false,
        "mode": "value_domain",
        "phrase_count": 0,
        "phrases": [],
        "projection": "value_hash_v1",
        "projection_method": "value_hash_v1",
        "value": 1401
      },
      "type": "Feature"
    },
    {
      "geometry": {
        "coordinates": [
          -148.025332,
          62.567999
        ],
        "type": "Point"
      },
      "properties": {
        "cipher": "nQWER",
        "has_phrases": false,
        "mode": "value_domain",
        "phrase_count": 0,
        "phrases": [],
        "projection": "value_hash_v1",
        "projection_method": "value_hash_v1",
        "value": 1402
      },
      "type": "Feature"
    },
    {
      "geometry": {
        "coordinates": [
          12.661194,
          78.463824
        ],
        "type": "Point"
      },
      "properties": {
        "cipher": "nQWER",
        "has_phrases": false,
        "mode": "value_domain",
        "phrase_count": 0,
        "phrases": [],
        "projection": "value_hash_v1",
        "projection_method": "value_hash_v1",
        "value": 1403
      },
      "type": "Feature"
    },
    {
      "geometry": {
        "coordinates": [
          157.035108,
          -22.218663
        ],
        "type": "Point"
      },
      "properties": {
        "cipher": "nQWER",
        "has_phrases": false,
        "mode": "value_domain",
        "phrase_count": 0,
        "phrases": [],
        "projection": "value_hash_v1",
        "projection_method": "value_hash_v1",
        "value": 1404
      },
      "type": "Feature"
    },
    {
      "geometry": {
        "coordinates": [
          -113.93921,
          -0.351303
        ],
        "type": "Point"
      },
      "properties": {
        "cipher": "nQWER",
        "has_phrases": false,
        "mode": "value_domain",
        "phrase_count": 0,
        "phrases": [],
        "projection": "value_hash_v1",
        "projection_method": "value_hash_v1",
        "value": 1405
      },
      "type": "Feature"
    },
    {
      "geometry": {
        "coordinates": [
          45.061401,
          61.739245
        ],
        "type": "Point"
      },
      "properties": {
        "cipher": "nQWER",
        "has_phrases": false,
        "mode": "value_domain",
        "phrase_count": 0,
        "phrases": [],
        "projection": "value_hash_v1",
        "projection_method": "value_hash_v1",
        "value": 1406
      },
      "type": "Feature"
    },
    {
      "geometry": {
        "coordinates": [
          -76.223199,
          -15.904879
        ],
        "type": "Point"
      },
      "properties": {
        "cipher": "nQWER",
        "has_phrases": false,
        "mode": "value_domain",
        "phrase_count": 0,
        "phrases": [],
        "projection": "value_hash_v1",
        "projection_method": "value_hash_v1",
        "value": 1407
      },
      "type": "Feature"
    },
    {
      "geometry": {
        "coordinates": [
          -116.663844,
          77.595603
        ],
        "type": "Point"
      },
      "properties": {
        "cipher": "nQWER",
        "has_phrases": false,
        "mode": "value_domain",
        "phrase_count": 0,
        "phrases": [],
        "projection": "value_hash_v1",
        "projection_method": "value_hash_v1",
        "value": 1408
      },
      "type": "Feature"
    },
    {
      "geometry": {
        "coordinates": [
          -22.452458,
          4.507496
        ],
        "type": "Point"
      },
      "properties": {
        "cipher": "nQWER",
        "has_phrases": false,
        "mode": "value_domain",
        "phrase_count": 0,
        "phrases": [],
        "projection": "value_hash_v1",
        "projection_method": "value_hash_v1",
        "value": 1409
      },
      "type": "Feature"
    },
    {
      "geometry": {
        "coordinates": [
          -148.260236,
          76.364254
        ],
        "type": "Point"
      },
      "properties": {
        "cipher": "nQWER",
        "has_phrases": false,
        "mode": "value_domain",
        "phrase_count": 0,
        "phrases": [],
        "projection": "value_hash_v1",
        "projection_method": "value_hash_v1",
        "value": 1410
      },
      "type": "Feature"
    },
    {
      "geometry": {
        "coordinates": [
          -71.27279,
          25.799296
        ],
        "type": "Point"
      },
      "properties": {
        "cipher": "nQWER",
        "has_phrases": false,
        "mode": "value_domain",
        "phrase_count": 0,
        "phrases": [],
        "projection": "value_hash_v1",
        "projection_method": "value_hash_v1",
        "value": 1411
      },
      "type": "Feature"
    },
    {
      "geometry": {
        "coordinates": [
          96.403389,
          25.903569
        ],
        "type": "Point"
      },
      "properties": {
        "cipher": "nQWER",
        "has_phrases": false,
        "mode": "value_domain",
        "phrase_count": 0,
        "phrases": [],
        "projection": "value_hash_v1",
        "projection_method": "value_hash_v1",
        "value": 1412
      },
      "type": "Feature"
    },
    {
      "geometry": {
        "coordinates": [
          96.947087,
          84.715028
        ],
        "type": "Point"
      },
      "properties": {
        "cipher": "nQWER",
        "has_phrases": false,
        "mode": "value_domain",
        "phrase_count": 0,
        "phrases": [],
        "projection": "value_hash_v1",
        "projection_method": "value_hash_v1",
        "value": 1413
      },
      "type": "Feature"
    },
    {
      "geometry": {
        "coordinates": [
          -96.349598,
          59.706961
        ],
        "type": "Point"
      },
      "properties": {
        "cipher": "nQWER",
        "has_phrases": false,
        "mode": "value_domain",
        "phrase_count": 0,
        "phrases": [],
        "projection": "value_hash_v1",
        "projection_method": "value_hash_v1",
        "value": 1414
      },
      "type": "Feature"
    },
    {
      "geometry": {
        "coordinates": [
          -54.589204,
          27.594596
        ],
        "type": "Point"
      },
      "properties": {
        "cipher": "nQWER",
        "has_phrases": false,
        "mode": "value_domain",
        "phrase_count": 0,
        "phrases": [],
        "projection": "value_hash_v1",
        "projection_method": "value_hash_v1",
        "value": 1415
      },
      "type": "Feature"
    },
    {
      "geometry": {
        "coordinates": [
          -153.488116,
          36.398502
        ],
        "type": "Point"
      },
      "properties": {
        "cipher": "nQWER",
        "has_phrases": false,
        "mode": "value_domain",
        "phrase_count": 0,
        "phrases": [],
        "projection": "value_hash_v1",
        "projection_method": "value_hash_v1",
        "value": 1416
      },
      "type": "Feature"
    },
    {
      "geometry": {
        "coordinates": [
          62.57086,
          67.81003
        ],
        "type": "Point"
      },
      "properties": {
        "cipher": "nQWER",
        "has_phrases": false,
        "mode": "value_domain",
        "phrase_count": 0,
        "phrases": [],
        "projection": "value_hash_v1",
        "projection_method": "value_hash_v1",
        "value": 1417
      },
      "type": "Feature"
    },
    {
      "geometry": {
        "coordinates": [
          62.648282,
          0.097809
        ],
        "type": "Point"
      },
      "properties": {
        "cipher": "nQWER",
        "has_phrases": false,
        "mode": "value_domain",
        "phrase_count": 0,
        "phrases": [],
        "projection": "value_hash_v1",
        "projection_method": "value_hash_v1",
        "value": 1418
      },
      "type": "Feature"
    },
    {
      "geometry": {
        "coordinates": [
          70.693032,
          -14.534846
        ],
        "type": "Point"
      },
      "properties": {
        "cipher": "nQWER",
        "has_phrases": false,
        "mode": "value_domain",
        "phrase_count": 0,
        "phrases": [],
        "projection": "value_hash_v1",
        "projection_method": "value_hash_v1",
        "value": 1419
      },
      "type": "Feature"
    },
    {
      "geometry": {
        "coordinates": [
          113.915197,
          57.665127
        ],
        "type": "Point"
      },
      "properties": {
        "cipher": "nQWER",
        "has_phrases": false,
        "mode": "value_domain",
        "phrase_count": 0,
        "phrases": [],
        "projection": "value_hash_v1",
        "projection_method": "value_hash_v1",
        "value": 1420
      },
      "type": "Feature"
    },
    {
      "geometry": {
        "coordinates": [
          168.23932,
          -20.810215
        ],
        "type": "Point"
      },
      "properties": {
        "cipher": "nQWER",
        "has_phrases": false,
        "mode": "value_domain",
        "phrase_count": 0,
        "phrases": [],
        "projection": "value_hash_v1",
        "projection_method": "value_hash_v1",
        "value": 1421
      },
      "type": "Feature"
    },
    {
      "geometry": {
        "coordinates": [
          86.314863,
          67.885836
        ],
        "type": "Point"
      },
      "properties": {
        "cipher": "nQWER",
        "has_phrases": false,
        "mode": "value_domain",
        "phrase_count": 0,
        "phrases": [],
        "projection": "value_hash_v1",
        "projection_method": "value_hash_v1",
        "value": 1422
      },
      "type": "Feature"
    },
    {
      "geometry": {
        "coordinates": [
          124.853265,
          -81.584249
        ],
        "type": "Point"
      },
      "properties": {
        "cipher": "nQWER",
        "has_phrases": false,
        "mode": "value_domain",
        "phrase_count": 0,
        "phrases": [],
        "projection": "value_hash_v1",
        "projection_method": "value_hash_v1",
        "value": 1423
      },
      "type": "Feature"
    },
    {
      "geometry": {
        "coordinates": [
          -172.912067,
          -65.792461
        ],
        "type": "Point"
      },
      "properties": {
        "cipher": "nQWER",
        "has_phrases": false,
        "mode": "value_domain",
        "phrase_count": 0,
        "phrases": [],
        "projection": "value_hash_v1",
        "projection_method": "value_hash_v1",
        "value": 1424
      },
      "type": "Feature"
    },
    {
      "geometry": {
        "coordinates": [
          59.711604,
          -48.263741
        ],
        "type": "Point"
      },
      "properties": {
        "cipher": "nQWER",
        "has_phrases": false,
        "mode": "value_domain",
        "phrase_count": 0,
        "phrases": [],
        "projection": "value_hash_v1",
        "projection_method": "value_hash_v1",
        "value": 1425
      },
      "type": "Feature"
    },
    {
      "geometry": {
        "coordinates": [
          -14.369671,
          3.379282
        ],
        "type": "Point"
      },
      "properties": {
        "cipher": "nQWER",
        "has_phrases": false,
        "mode": "value_domain",
        "phrase_count": 0,
        "phrases": [],
        "projection": "value_hash_v1",
        "projection_method": "value_hash_v1",
        "value": 1426
      },
      "type": "Feature"
    },
    {
      "geometry": {
        "coordinates": [
          -82.77876,
          4.657489
        ],
        "type": "Point"
      },
      "properties": {
        "cipher": "nQWER",
        "has_phrases": false,
        "mode": "value_domain",
        "phrase_count": 0,
        "phrases": [],
        "projection": "value_hash_v1",
        "projection_method": "value_hash_v1",
        "value": 1427
      },
      "type": "Feature"
    },
    {
      "geometry": {
        "coordinates": [
          119.423378,
          -26.301354
        ],
        "type": "Point"
      },
      "properties": {
        "cipher": "nQWER",
        "has_phrases": false,
        "mode": "value_domain",
        "phrase_count": 0,
        "phrases": [],
        "projection": "value_hash_v1",
        "projection_method": "value_hash_v1",
        "value": 1428
      },
      "type": "Feature"
    },
    {
      "geometry": {
        "coordinates": [
          -70.944591,
          -42.769089
        ],
        "type": "Point"
      },
      "properties": {
        "cipher": "nQWER",
        "has_phrases": false,
        "mode": "value_domain",
        "phrase_count": 0,
        "phrases": [],
        "projection": "value_hash_v1",
        "projection_method": "value_hash_v1",
        "value": 1429
      },
      "type": "Feature"
    },
    {
      "geometry": {
        "coordinates": [
          -51.211893,
          51.826963
        ],
        "type": "Point"
      },
      "properties": {
        "cipher": "nQWER",
        "has_phrases": false,
        "mode": "value_domain",
        "phrase_count": 0,
        "phrases": [],
        "projection": "value_hash_v1",
        "projection_method": "value_hash_v1",
        "value": 1430
      },
      "type": "Feature"
    },
    {
      "geometry": {
        "coordinates": [
          -71.905932,
          -82.87226
        ],
        "type": "Point"
      },
      "properties": {
        "cipher": "nQWER",
        "has_phrases": false,
        "mode": "value_domain",
        "phrase_count": 0,
        "phrases": [],
        "projection": "value_hash_v1",
        "projection_method": "value_hash_v1",
        "value": 1431
      },
      "type": "Feature"
    },
    {
      "geometry": {
        "coordinates": [
          102.563483,
          -35.799111
        ],
        "type": "Point"
      },
      "properties": {
        "cipher": "nQWER",
        "has_phrases": false,
        "mode": "value_domain",
        "phrase_count": 0,
        "phrases": [],
        "projection": "value_hash_v1",
        "projection_method": "value_hash_v1",
        "value": 1432
      },
      "type": "Feature"
    },
    {
      "geometry": {
        "coordinates": [
          -158.087169,
          -35.338032
        ],
        "type": "Point"
      },
      "properties": {
        "cipher": "nQWER",
        "has_phrases": false,
        "mode": "value_domain",
        "phrase_count": 0,
        "phrases": [],
        "projection": "value_hash_v1",
        "projection_method": "value_hash_v1",
        "value": 1433
      },
      "type": "Feature"
    },
    {
      "geometry": {
        "coordinates": [
          -30.493741,
          -37.565222
        ],
        "type": "Point"
      },
      "properties": {
        "cipher": "nQWER",
        "has_phrases": false,
        "mode": "value_domain",
        "phrase_count": 0,
        "phrases": [],
        "projection": "value_hash_v1",
        "projection_method": "value_hash_v1",
        "value": 1434
      },
      "type": "Feature"
    },
    {
      "geometry": {
        "coordinates": [
          -27.582251,
          71.079168
        ],
        "type": "Point"
      },
      "properties": {
        "cipher": "nQWER",
        "has_phrases": false,
        "mode": "value_domain",
        "phrase_count": 0,
        "phrases": [],
        "projection": "value_hash_v1",
        "projection_method": "value_hash_v1",
        "value": 1435
      },
      "type": "Feature"
    },
    {
      "geometry": {
        "coordinates": [
          63.605854,
          18.945401
        ],
        "type": "Point"
      },
      "properties": {
        "cipher": "nQWER",
        "has_phrases": false,
        "mode": "value_domain",
        "phrase_count": 0,
        "phrases": [],
        "projection": "value_hash_v1",
        "projection_method": "value_hash_v1",
        "value": 1436
      },
      "type": "Feature"
    },
    {
      "geometry": {
        "coordinates": [
          69.795723,
          49.139996
        ],
        "type": "Point"
      },
      "properties": {
        "cipher": "nQWER",
        "has_phrases": false,
        "mode": "value_domain",
        "phrase_count": 0,
        "phrases": [],
        "projection": "value_hash_v1",
        "projection_method": "value_hash_v1",
        "value": 1437
      },
      "type": "Feature"
    },
    {
      "geometry": {
        "coordinates": [
          -122.208281,
          38.414332
        ],
        "type": "Point"
      },
      "properties": {
        "cipher": "nQWER",
        "has_phrases": false,
        "mode": "value_domain",
        "phrase_count": 0,
        "phrases": [],
        "projection": "value_hash_v1",
        "projection_method": "value_hash_v1",
        "value": 1438
      },
      "type": "Feature"
    },
    {
      "geometry": {
        "coordinates": [
          35.510689,
          -66.299097
        ],
        "type": "Point"
      },
      "properties": {
        "cipher": "nQWER",
        "has_phrases": false,
        "mode": "value_domain",
        "phrase_count": 0,
        "phrases": [],
        "projection": "value_hash_v1",
        "projection_method": "value_hash_v1",
        "value": 1439
      },
      "type": "Feature"
    },
    {
      "geometry": {
        "coordinates": [
          18.719735,
          -84.935727
        ],
        "type": "Point"
      },
      "properties": {
        "cipher": "nQWER",
        "has_phrases": false,
        "mode": "value_domain",
        "phrase_count": 0,
        "phrases": [],
        "projection": "value_hash_v1",
        "projection_method": "value_hash_v1",
        "value": 1440
      },
      "type": "Feature"
    },
    {
      "geometry": {
        "coordinates": [
          -144.880401,
          18.68221
        ],
        "type": "Point"
      },
      "properties": {
        "cipher": "nQWER",
        "has_phrases": false,
        "mode": "value_domain",
        "phrase_count": 0,
        "phrases": [],
        "projection": "value_hash_v1",
        "projection_method": "value_hash_v1",
        "value": 1441
      },
      "type": "Feature"
    },
    {
      "geometry": {
        "coordinates": [
          -140.907118,
          86.342045
        ],
        "type": "Point"
      },
      "properties": {
        "cipher": "nQWER",
        "has_phrases": false,
        "mode": "value_domain",
        "phrase_count": 0,
        "phrases": [],
        "projection": "value_hash_v1",
        "projection_method": "value_hash_v1",
        "value": 1442
      },
      "type": "Feature"
    },
    {
      "geometry": {
        "coordinates": [
          -20.233472,
          -2.483279
        ],
        "type": "Point"
      },
      "properties": {
        "cipher": "nQWER",
        "has_phrases": false,
        "mode": "value_domain",
        "phrase_count": 0,
        "phrases": [],
        "projection": "value_hash_v1",
        "projection_method": "value_hash_v1",
        "value": 1443
      },
      "type": "Feature"
    },
    {
      "geometry": {
        "coordinates": [
          -149.644846,
          -87.865014
        ],
        "type": "Point"
      },
      "properties": {
        "cipher": "nQWER",
        "has_phrases": false,
        "mode": "value_domain",
        "phrase_count": 0,
        "phrases": [],
        "projection": "value_hash_v1",
        "projection_method": "value_hash_v1",
        "value": 1444
      },
      "type": "Feature"
    },
    {
      "geometry": {
        "coordinates": [
          175.512168,
          -77.221286
        ],
        "type": "Point"
      },
      "properties": {
        "cipher": "nQWER",
        "has_phrases": false,
        "mode": "value_domain",
        "phrase_count": 0,
        "phrases": [],
        "projection": "value_hash_v1",
        "projection_method": "value_hash_v1",
        "value": 1445
      },
      "type": "Feature"
    },
    {
      "geometry": {
        "coordinates": [
          30.486392,
          19.586536
        ],
        "type": "Point"
      },
      "properties": {
        "cipher": "nQWER",
        "has_phrases": false,
        "mode": "value_domain",
        "phrase_count": 0,
        "phrases": [],
        "projection": "value_hash_v1",
        "projection_method": "value_hash_v1",
        "value": 1446
      },
      "type": "Feature"
    },
    {
      "geometry": {
        "coordinates": [
          32.545666,
          55.712815
        ],
        "type": "Point"
      },
      "properties": {
        "cipher": "nQWER",
        "has_phrases": false,
        "mode": "value_domain",
        "phrase_count": 0,
        "phrases": [],
        "projection": "value_hash_v1",
        "projection_method": "value_hash_v1",
        "value": 1447
      },
      "type": "Feature"
    },
    {
      "geometry": {
        "coordinates": [
          -132.446075,
          54.17096
        ],
        "type": "Point"
      },
      "properties": {
        "cipher": "nQWER",
        "has_phrases": false,
        "mode": "value_domain",
        "phrase_count": 0,
        "phrases": [],
        "projection": "value_hash_v1",
        "projection_method": "value_hash_v1",
        "value": 1448
      },
      "type": "Feature"
    },
    {
      "geometry": {
        "coordinates": [
          57.361929,
          76.733399
        ],
        "type": "Point"
      },
      "properties": {
        "cipher": "nQWER",
        "has_phrases": false,
        "mode": "value_domain",
        "phrase_count": 0,
        "phrases": [],
        "projection": "value_hash_v1",
        "projection_method": "value_hash_v1",
        "value": 1449
      },
      "type": "Feature"
    },
    {
      "geometry": {
        "coordinates": [
          117.777015,
          -48.89267
        ],
        "type": "Point"
      },
      "properties": {
        "cipher": "nQWER",
        "has_phrases": false,
        "mode": "value_domain",
        "phrase_count": 0,
        "phrases": [],
        "projection": "value_hash_v1",
        "projection_method": "value_hash_v1",
        "value": 1450
      },
      "type": "Feature"
    },
    {
      "geometry": {
        "coordinates": [
          -132.180886,
          79.901751
        ],
        "type": "Point"
      },
      "properties": {
        "cipher": "nQWER",
        "has_phrases": false,
        "mode": "value_domain",
        "phrase_count": 0,
        "phrases": [],
        "projection": "value_hash_v1",
        "projection_method": "value_hash_v1",
        "value": 1451
      },
      "type": "Feature"
    },
    {
      "geometry": {
        "coordinates": [
          -131.226802,
          44.639471
        ],
        "type": "Point"
      },
      "properties": {
        "cipher": "nQWER",
        "has_phrases": false,
        "mode": "value_domain",
        "phrase_count": 0,
        "phrases": [],
        "projection": "value_hash_v1",
        "projection_method": "value_hash_v1",
        "value": 1452
      },
      "type": "Feature"
    },
    {
      "geometry": {
        "coordinates": [
          139.003111,
          -59.965446
        ],
        "type": "Point"
      },
      "properties": {
        "cipher": "nQWER",
        "has_phrases": false,
        "mode": "value_domain",
        "phrase_count": 0,
        "phrases": [],
        "projection": "value_hash_v1",
        "projection_method": "value_hash_v1",
        "value": 1453
      },
      "type": "Feature"
    },
    {
      "geometry": {
        "coordinates": [
          -130.491085,
          -73.549885
        ],
        "type": "Point"
      },
      "properties": {
        "cipher": "nQWER",
        "has_phrases": false,
        "mode": "value_domain",
        "phrase_count": 0,
        "phrases": [],
        "projection": "value_hash_v1",
        "projection_method": "value_hash_v1",
        "value": 1454
      },
      "type": "Feature"
    },
    {
      "geometry": {
        "coordinates": [
          -50.344071,
          -61.538145
        ],
        "type": "Point"
      },
      "properties": {
        "cipher": "nQWER",
        "has_phrases": false,
        "mode": "value_domain",
        "phrase_count": 0,
        "phrases": [],
        "projection": "value_hash_v1",
        "projection_method": "value_hash_v1",
        "value": 1455
      },
      "type": "Feature"
    },
    {
      "geometry": {
        "coordinates": [
          104.675583,
          19.201835
        ],
        "type": "Point"
      },
      "properties": {
        "cipher": "nQWER",
        "has_phrases": false,
        "mode": "value_domain",
        "phrase_count": 0,
        "phrases": [],
        "projection": "value_hash_v1",
        "projection_method": "value_hash_v1",
        "value": 1456
      },
      "type": "Feature"
    },
    {
      "geometry": {
        "coordinates": [
          -67.539388,
          36.727515
        ],
        "type": "Point"
      },
      "properties": {
        "cipher": "nQWER",
        "has_phrases": false,
        "mode": "value_domain",
        "phrase_count": 0,
        "phrases": [],
        "projection": "value_hash_v1",
        "projection_method": "value_hash_v1",
        "value": 1457
      },
      "type": "Feature"
    },
    {
      "geometry": {
        "coordinates": [
          -168.938195,
          67.558883
        ],
        "type": "Point"
      },
      "properties": {
        "cipher": "nQWER",
        "has_phrases": false,
        "mode": "value_domain",
        "phrase_count": 0,
        "phrases": [],
        "projection": "value_hash_v1",
        "projection_method": "value_hash_v1",
        "value": 1458
      },
      "type": "Feature"
    },
    {
      "geometry": {
        "coordinates": [
          115.339541,
          84.456575
        ],
        "type": "Point"
      },
      "properties": {
        "cipher": "nQWER",
        "has_phrases": false,
        "mode": "value_domain",
        "phrase_count": 0,
        "phrases": [],
        "projection": "value_hash_v1",
        "projection_method": "value_hash_v1",
        "value": 1459
      },
      "type": "Feature"
    },
    {
      "geometry": {
        "coordinates": [
          79.923296,
          -76.431706
        ],
        "type": "Point"
      },
      "properties": {
        "cipher": "nQWER",
        "has_phrases": false,
        "mode": "value_domain",
        "phrase_count": 0,
        "phrases": [],
        "projection": "value_hash_v1",
        "projection_method": "value_hash_v1",
        "value": 1460
      },
      "type": "Feature"
    },
    {
      "geometry": {
        "coordinates": [
          -101.321227,
          -38.821439
        ],
        "type": "Point"
      },
      "properties": {
        "cipher": "nQWER",
        "has_phrases": false,
        "mode": "value_domain",
        "phrase_count": 0,
        "phrases": [],
        "projection": "value_hash_v1",
        "projection_method": "value_hash_v1",
        "value": 1461
      },
      "type": "Feature"
    },
    {
      "geometry": {
        "coordinates": [
          -104.943358,
          -42.604578
        ],
        "type": "Point"
      },
      "properties": {
        "cipher": "nQWER",
        "has_phrases": false,
        "mode": "value_domain",
        "phrase_count": 0,
        "phrases": [],
        "projection": "value_hash_v1",
        "projection_method": "value_hash_v1",
        "value": 1462
      },
      "type": "Feature"
    },
    {
      "geometry": {
        "coordinates": [
          -133.467996,
          34.137991
        ],
        "type": "Point"
      },
      "properties": {
        "cipher": "nQWER",
        "has_phrases": false,
        "mode": "value_domain",
        "phrase_count": 0,
        "phrases": [],
        "projection": "value_hash_v1",
        "projection_method": "value_hash_v1",
        "value": 1463
      },
      "type": "Feature"
    },
    {
      "geometry": {
        "coordinates": [
          -90.054162,
          20.270151
        ],
        "type": "Point"
      },
      "properties": {
        "cipher": "nQWER",
        "has_phrases": false,
        "mode": "value_domain",
        "phrase_count": 0,
        "phrases": [],
        "projection": "value_hash_v1",
        "projection_method": "value_hash_v1",
        "value": 1464
      },
      "type": "Feature"
    },
    {
      "geometry": {
        "coordinates": [
          52.2418,
          43.859122
        ],
        "type": "Point"
      },
      "properties": {
        "cipher": "nQWER",
        "has_phrases": false,
        "mode": "value_domain",
        "phrase_count": 0,
        "phrases": [],
        "projection": "value_hash_v1",
        "projection_method": "value_hash_v1",
        "value": 1465
      },
      "type": "Feature"
    },
    {
      "geometry": {
        "coordinates": [
          -15.990426,
          26.2635
        ],
        "type": "Point"
      },
      "properties": {
        "cipher": "nQWER",
        "has_phrases": false,
        "mode": "value_domain",
        "phrase_count": 0,
        "phrases": [],
        "projection": "value_hash_v1",
        "projection_method": "value_hash_v1",
        "value": 1466
      },
      "type": "Feature"
    },
    {
      "geometry": {
        "coordinates": [
          3.627432,
          42.987852
        ],
        "type": "Point"
      },
      "properties": {
        "cipher": "nQWER",
        "has_phrases": false,
        "mode": "value_domain",
        "phrase_count": 0,
        "phrases": [],
        "projection": "value_hash_v1",
        "projection_method": "value_hash_v1",
        "value": 1467
      },
      "type": "Feature"
    },
    {
      "geometry": {
        "coordinates": [
          -170.68997,
          32.564149
        ],
        "type": "Point"
      },
      "properties": {
        "cipher": "nQWER",
        "has_phrases": false,
        "mode": "value_domain",
        "phrase_count": 0,
        "phrases": [],
        "projection": "value_hash_v1",
        "projection_method": "value_hash_v1",
        "value": 1468
      },
      "type": "Feature"
    },
    {
      "geometry": {
        "coordinates": [
          87.667643,
          85.289083
        ],
        "type": "Point"
      },
      "properties": {
        "cipher": "nQWER",
        "has_phrases": false,
        "mode": "value_domain",
        "phrase_count": 0,
        "phrases": [],
        "projection": "value_hash_v1",
        "projection_method": "value_hash_v1",
        "value": 1469
      },
      "type": "Feature"
    },
    {
      "geometry": {
        "coordinates": [
          137.770599,
          72.604694
        ],
        "type": "Point"
      },
      "properties": {
        "cipher": "nQWER",
        "has_phrases": false,
        "mode": "value_domain",
        "phrase_count": 0,
        "phrases": [],
        "projection": "value_hash_v1",
        "projection_method": "value_hash_v1",
        "value": 1470
      },
      "type": "Feature"
    },
    {
      "geometry": {
        "coordinates": [
          -47.471345,
          81.664329
        ],
        "type": "Point"
      },
      "properties": {
        "cipher": "nQWER",
        "has_phrases": false,
        "mode": "value_domain",
        "phrase_count": 0,
        "phrases": [],
        "projection": "value_hash_v1",
        "projection_method": "value_hash_v1",
        "value": 1471
      },
      "type": "Feature"
    },
    {
      "geometry": {
        "coordinates": [
          -133.908019,
          -78.736283
        ],
        "type": "Point"
      },
      "properties": {
        "cipher": "nQWER",
        "has_phrases": false,
        "mode": "value_domain",
        "phrase_count": 0,
        "phrases": [],
        "projection": "value_hash_v1",
        "projection_method": "value_hash_v1",
        "value": 1472
      },
      "type": "Feature"
    },
    {
      "geometry": {
        "coordinates": [
          -74.51441,
          69.564838
        ],
        "type": "Point"
      },
      "properties": {
        "cipher": "nQWER",
        "has_phrases": false,
        "mode": "value_domain",
        "phrase_count": 0,
        "phrases": [],
        "projection": "value_hash_v1",
        "projection_method": "value_hash_v1",
        "value": 1473
      },
      "type": "Feature"
    },
    {
      "geometry": {
        "coordinates": [
          5.727093,
          -65.908656
        ],
        "type": "Point"
      },
      "properties": {
        "cipher": "nQWER",
        "has_phrases": false,
        "mode": "value_domain",
        "phrase_count": 0,
        "phrases": [],
        "projection": "value_hash_v1",
        "projection_method": "value_hash_v1",
        "value": 1474
      },
      "type": "Feature"
    },
    {
      "geometry": {
        "coordinates": [
          114.116979,
          -21.24118
        ],
        "type": "Point"
      },
      "properties": {
        "cipher": "nQWER",
        "has_phrases": false,
        "mode": "value_domain",
        "phrase_count": 0,
        "phrases": [],
        "projection": "value_hash_v1",
        "projection_method": "value_hash_v1",
        "value": 1475
      },
      "type": "Feature"
    },
    {
      "geometry": {
        "coordinates": [
          -106.891387,
          34.554915
        ],
        "type": "Point"
      },
      "properties": {
        "cipher": "nQWER",
        "has_phrases": false,
        "mode": "value_domain",
        "phrase_count": 0,
        "phrases": [],
        "projection": "value_hash_v1",
        "projection_method": "value_hash_v1",
        "value": 1476
      },
      "type": "Feature"
    },
    {
      "geometry": {
        "coordinates": [
          152.574366,
          -81.697007
        ],
        "type": "Point"
      },
      "properties": {
        "cipher": "nQWER",
        "has_phrases": false,
        "mode": "value_domain",
        "phrase_count": 0,
        "phrases": [],
        "projection": "value_hash_v1",
        "projection_method": "value_hash_v1",
        "value": 1477
      },
      "type": "Feature"
    },
    {
      "geometry": {
        "coordinates": [
          -79.009268,
          -29.75191
        ],
        "type": "Point"
      },
      "properties": {
        "cipher": "nQWER",
        "has_phrases": false,
        "mode": "value_domain",
        "phrase_count": 0,
        "phrases": [],
        "projection": "value_hash_v1",
        "projection_method": "value_hash_v1",
        "value": 1478
      },
      "type": "Feature"
    },
    {
      "geometry": {
        "coordinates": [
          -170.248441,
          31.071366
        ],
        "type": "Point"
      },
      "properties": {
        "cipher": "nQWER",
        "has_phrases": false,
        "mode": "value_domain",
        "phrase_count": 0,
        "phrases": [],
        "projection": "value_hash_v1",
        "projection_method": "value_hash_v1",
        "value": 1479
      },
      "type": "Feature"
    },
    {
      "geometry": {
        "coordinates": [
          -140.605519,
          13.36446
        ],
        "type": "Point"
      },
      "properties": {
        "cipher": "nQWER",
        "has_phrases": false,
        "mode": "value_domain",
        "phrase_count": 0,
        "phrases": [],
        "projection": "value_hash_v1",
        "projection_method": "value_hash_v1",
        "value": 1480
      },
      "type": "Feature"
    },
    {
      "geometry": {
        "coordinates": [
          76.923616,
          -3.05353
        ],
        "type": "Point"
      },
      "properties": {
        "cipher": "nQWER",
        "has_phrases": false,
        "mode": "value_domain",
        "phrase_count": 0,
        "phrases": [],
        "projection": "value_hash_v1",
        "projection_method": "value_hash_v1",
        "value": 1481
      },
      "type": "Feature"
    },
    {
      "geometry": {
        "coordinates": [
          80.512596,
          -55.171677
        ],
        "type": "Point"
      },
      "properties": {
        "cipher": "nQWER",
        "has_phrases": false,
        "mode": "value_domain",
        "phrase_count": 0,
        "phrases": [],
        "projection": "value_hash_v1",
        "projection_method": "value_hash_v1",
        "value": 1482
      },
      "type": "Feature"
    },
    {
      "geometry": {
        "coordinates": [
          -53.749578,
          -25.465235
        ],
        "type": "Point"
      },
      "properties": {
        "cipher": "nQWER",
        "has_phrases": false,
        "mode": "value_domain",
        "phrase_count": 0,
        "phrases": [],
        "projection": "value_hash_v1",
        "projection_method": "value_hash_v1",
        "value": 1483
      },
      "type": "Feature"
    },
    {
      "geometry": {
        "coordinates": [
          5.809569,
          -84.058408
        ],
        "type": "Point"
      },
      "properties": {
        "cipher": "nQWER",
        "has_phrases": false,
        "mode": "value_domain",
        "phrase_count": 0,
        "phrases": [],
        "projection": "value_hash_v1",
        "projection_method": "value_hash_v1",
        "value": 1484
      },
      "type": "Feature"
    },
    {
      "geometry": {
        "coordinates": [
          178.680436,
          35.221878
        ],
        "type": "Point"
      },
      "properties": {
        "cipher": "nQWER",
        "has_phrases": false,
        "mode": "value_domain",
        "phrase_count": 0,
        "phrases": [],
        "projection": "value_hash_v1",
        "projection_method": "value_hash_v1",
        "value": 1485
      },
      "type": "Feature"
    },
    {
      "geometry": {
        "coordinates": [
          120.377256,
          -17.969021
        ],
        "type": "Point"
      },
      "properties": {
        "cipher": "nQWER",
        "has_phrases": false,
        "mode": "value_domain",
        "phrase_count": 0,
        "phrases": [],
        "projection": "value_hash_v1",
        "projection_method": "value_hash_v1",
        "value": 1486
      },
      "type": "Feature"
    },
    {
      "geometry": {
        "coordinates": [
          169.967964,
          72.110454
        ],
        "type": "Point"
      },
      "properties": {
        "cipher": "nQWER",
        "has_phrases": false,
        "mode": "value_domain",
        "phrase_count": 0,
        "phrases": [],
        "projection": "value_hash_v1",
        "projection_method": "value_hash_v1",
        "value": 1487
      },
      "type": "Feature"
    },
    {
      "geometry": {
        "coordinates": [
          -9.956319,
          -13.991787
        ],
        "type": "Point"
      },
      "properties": {
        "cipher": "nQWER",
        "has_phrases": false,
        "mode": "value_domain",
        "phrase_count": 0,
        "phrases": [],
        "projection": "value_hash_v1",
        "projection_method": "value_hash_v1",
        "value": 1488
      },
      "type": "Feature"
    },
    {
      "geometry": {
        "coordinates": [
          164.796384,
          21.265915
        ],
        "type": "Point"
      },
      "properties": {
        "cipher": "nQWER",
        "has_phrases": false,
        "mode": "value_domain",
        "phrase_count": 0,
        "phrases": [],
        "projection": "value_hash_v1",
        "projection_method": "value_hash_v1",
        "value": 1489
      },
      "type": "Feature"
    },
    {
      "geometry": {
        "coordinates": [
          111.023196,
          26.44938
        ],
        "type": "Point"
      },
      "properties": {
        "cipher": "nQWER",
        "has_phrases": false,
        "mode": "value_domain",
        "phrase_count": 0,
        "phrases": [],
        "projection": "value_hash_v1",
        "projection_method": "value_hash_v1",
        "value": 1490
      },
      "type": "Feature"
    },
    {
      "geometry": {
        "coordinates": [
          -23.81019,
          -7.471126
        ],
        "type": "Point"
      },
      "properties": {
        "cipher": "nQWER",
        "has_phrases": false,
        "mode": "value_domain",
        "phrase_count": 0,
        "phrases": [],
        "projection": "value_hash_v1",
        "projection_method": "value_hash_v1",
        "value": 1491
      },
      "type": "Feature"
    },
    {
      "geometry": {
        "coordinates": [
          158.785075,
          -45.404534
        ],
        "type": "Point"
      },
      "properties": {
        "cipher": "nQWER",
        "has_phrases": false,
        "mode": "value_domain",
        "phrase_count": 0,
        "phrases": [],
        "projection": "value_hash_v1",
        "projection_method": "value_hash_v1",
        "value": 1492
      },
      "type": "Feature"
    },
    {
      "geometry": {
        "coordinates": [
          45.770413,
          70.126036
        ],
        "type": "Point"
      },
      "properties": {
        "cipher": "nQWER",
        "has_phrases": false,
        "mode": "value_domain",
        "phrase_count": 0,
        "phrases": [],
        "projection": "value_hash_v1",
        "projection_method": "value_hash_v1",
        "value": 1493
      },
      "type": "Feature"
    },
    {
      "geometry": {
        "coordinates": [
          46.279861,
          56.547534
        ],
        "type": "Point"
      },
      "properties": {
        "cipher": "nQWER",
        "has_phrases": false,
        "mode": "value_domain",
        "phrase_count": 0,
        "phrases": [],
        "projection": "value_hash_v1",
        "projection_method": "value_hash_v1",
        "value": 1494
      },
      "type": "Feature"
    },
    {
      "geometry": {
        "coordinates": [
          -44.425674,
          4.771137
        ],
        "type": "Point"
      },
      "properties": {
        "cipher": "nQWER",
        "has_phrases": false,
        "mode": "value_domain",
        "phrase_count": 0,
        "phrases": [],
        "projection": "value_hash_v1",
        "projection_method": "value_hash_v1",
        "value": 1495
      },
      "type": "Feature"
    },
    {
      "geometry": {
        "coordinates": [
          155.809382,
          65.796948
        ],
        "type": "Point"
      },
      "properties": {
        "cipher": "nQWER",
        "has_phrases": false,
        "mode": "value_domain",
        "phrase_count": 0,
        "phrases": [],
        "projection": "value_hash_v1",
        "projection_method": "value_hash_v1",
        "value": 1496
      },
      "type": "Feature"
    },
    {
      "geometry": {
        "coordinates": [
          -28.949825,
          12.02071
        ],
        "type": "Point"
      },
      "properties": {
        "cipher": "nQWER",
        "has_phrases": false,
        "mode": "value_domain",
        "phrase_count": 0,
        "phrases": [],
        "projection": "value_hash_v1",
        "projection_method": "value_hash_v1",
        "value": 1497
      },
      "type": "Feature"
    },
    {
      "geometry": {
        "coordinates": [
          -73.755755,
          89.485858
        ],
        "type": "Point"
      },
      "properties": {
        "cipher": "nQWER",
        "has_phrases": false,
        "mode": "value_domain",
        "phrase_count": 0,
        "phrases": [],
        "projection": "value_hash_v1",
        "projection_method": "value_hash_v1",
        "value": 1498
      },
      "type": "Feature"
    },
    {
      "geometry": {
        "coordinates": [
          97.031671,
          -68.48203
        ],
        "type": "Point"
      },
      "properties": {
        "cipher": "nQWER",
        "has_phrases": false,
        "mode": "value_domain",
        "phrase_count": 0,
        "phrases": [],
        "projection": "value_hash_v1",
        "projection_method": "value_hash_v1",
        "value": 1499
      },
      "type": "Feature"
    },
    {
      "geometry": {
        "coordinates": [
          11.114052,
          -10.005525
        ],
        "type": "Point"
      },
      "properties": {
        "cipher": "nQWER",
        "has_phrases": false,
        "mode": "value_domain",
        "phrase_count": 0,
        "phrases": [],
        "projection": "value_hash_v1",
        "projection_method": "value_hash_v1",
        "value": 1500
      },
      "type": "Feature"
    },
    {
      "geometry": {
        "coordinates": [
          112.834011,
          13.973723
        ],
        "type": "Point"
      },
      "properties": {
        "cipher": "nQWER",
        "has_phrases": false,
        "mode": "value_domain",
        "phrase_count": 0,
        "phrases": [],
        "projection": "value_hash_v1",
        "projection_method": "value_hash_v1",
        "value": 1501
      },
      "type": "Feature"
    },
    {
      "geometry": {
        "coordinates": [
          -46.987395,
          29.248826
        ],
        "type": "Point"
      },
      "properties": {
        "cipher": "nQWER",
        "has_phrases": false,
        "mode": "value_domain",
        "phrase_count": 0,
        "phrases": [],
        "projection": "value_hash_v1",
        "projection_method": "value_hash_v1",
        "value": 1502
      },
      "type": "Feature"
    },
    {
      "geometry": {
        "coordinates": [
          160.655719,
          74.826398
        ],
        "type": "Point"
      },
      "properties": {
        "cipher": "nQWER",
        "has_phrases": false,
        "mode": "value_domain",
        "phrase_count": 0,
        "phrases": [],
        "projection": "value_hash_v1",
        "projection_method": "value_hash_v1",
        "value": 1503
      },
      "type": "Feature"
    },
    {
      "geometry": {
        "coordinates": [
          63.823497,
          -12.0169
        ],
        "type": "Point"
      },
      "properties": {
        "cipher": "nQWER",
        "has_phrases": false,
        "mode": "value_domain",
        "phrase_count": 0,
        "phrases": [],
        "projection": "value_hash_v1",
        "projection_method": "value_hash_v1",
        "value": 1504
      },
      "type": "Feature"
    },
    {
      "geometry": {
        "coordinates": [
          109.310237,
          68.454739
        ],
        "type": "Point"
      },
      "properties": {
        "cipher": "nQWER",
        "has_phrases": false,
        "mode": "value_domain",
        "phrase_count": 0,
        "phrases": [],
        "projection": "value_hash_v1",
        "projection_method": "value_hash_v1",
        "value": 1505
      },
      "type": "Feature"
    },
    {
      "geometry": {
        "coordinates": [
          -18.558987,
          0.383692
        ],
        "type": "Point"
      },
      "properties": {
        "cipher": "nQWER",
        "has_phrases": false,
        "mode": "value_domain",
        "phrase_count": 0,
        "phrases": [],
        "projection": "value_hash_v1",
        "projection_method": "value_hash_v1",
        "value": 1506
      },
      "type": "Feature"
    },
    {
      "geometry": {
        "coordinates": [
          -79.578393,
          -51.461202
        ],
        "type": "Point"
      },
      "properties": {
        "cipher": "nQWER",
        "has_phrases": false,
        "mode": "value_domain",
        "phrase_count": 0,
        "phrases": [],
        "projection": "value_hash_v1",
        "projection_method": "value_hash_v1",
        "value": 1507
      },
      "type": "Feature"
    },
    {
      "geometry": {
        "coordinates": [
          -75.05092,
          -80.078054
        ],
        "type": "Point"
      },
      "properties": {
        "cipher": "nQWER",
        "has_phrases": false,
        "mode": "value_domain",
        "phrase_count": 0,
        "phrases": [],
        "projection": "value_hash_v1",
        "projection_method": "value_hash_v1",
        "value": 1508
      },
      "type": "Feature"
    },
    {
      "geometry": {
        "coordinates": [
          -34.505817,
          -39.595862
        ],
        "type": "Point"
      },
      "properties": {
        "cipher": "nQWER",
        "has_phrases": false,
        "mode": "value_domain",
        "phrase_count": 0,
        "phrases": [],
        "projection": "value_hash_v1",
        "projection_method": "value_hash_v1",
        "value": 1509
      },
      "type": "Feature"
    },
    {
      "geometry": {
        "coordinates": [
          167.924802,
          -26.251449
        ],
        "type": "Point"
      },
      "properties": {
        "cipher": "nQWER",
        "has_phrases": false,
        "mode": "value_domain",
        "phrase_count": 0,
        "phrases": [],
        "projection": "value_hash_v1",
        "projection_method": "value_hash_v1",
        "value": 1510
      },
      "type": "Feature"
    },
    {
      "geometry": {
        "coordinates": [
          -161.756161,
          51.998973
        ],
        "type": "Point"
      },
      "properties": {
        "cipher": "nQWER",
        "has_phrases": false,
        "mode": "value_domain",
        "phrase_count": 0,
        "phrases": [],
        "projection": "value_hash_v1",
        "projection_method": "value_hash_v1",
        "value": 1511
      },
      "type": "Feature"
    },
    {
      "geometry": {
        "coordinates": [
          44.567429,
          -1.640424
        ],
        "type": "Point"
      },
      "properties": {
        "cipher": "nQWER",
        "has_phrases": false,
        "mode": "value_domain",
        "phrase_count": 0,
        "phrases": [],
        "projection": "value_hash_v1",
        "projection_method": "value_hash_v1",
        "value": 1512
      },
      "type": "Feature"
    },
    {
      "geometry": {
        "coordinates": [
          -161.09446,
          -23.019
        ],
        "type": "Point"
      },
      "properties": {
        "cipher": "nQWER",
        "has_phrases": false,
        "mode": "value_domain",
        "phrase_count": 0,
        "phrases": [],
        "projection": "value_hash_v1",
        "projection_method": "value_hash_v1",
        "value": 1513
      },
      "type": "Feature"
    },
    {
      "geometry": {
        "coordinates": [
          -57.681446,
          75.74179
        ],
        "type": "Point"
      },
      "properties": {
        "cipher": "nQWER",
        "has_phrases": false,
        "mode": "value_domain",
        "phrase_count": 0,
        "phrases": [],
        "projection": "value_hash_v1",
        "projection_method": "value_hash_v1",
        "value": 1514
      },
      "type": "Feature"
    },
    {
      "geometry": {
        "coordinates": [
          62.528129,
          26.31439
        ],
        "type": "Point"
      },
      "properties": {
        "cipher": "nQWER",
        "has_phrases": false,
        "mode": "value_domain",
        "phrase_count": 0,
        "phrases": [],
        "projection": "value_hash_v1",
        "projection_method": "value_hash_v1",
        "value": 1515
      },
      "type": "Feature"
    },
    {
      "geometry": {
        "coordinates": [
          -153.055392,
          18.102648
        ],
        "type": "Point"
      },
      "properties": {
        "cipher": "nQWER",
        "has_phrases": false,
        "mode": "value_domain",
        "phrase_count": 0,
        "phrases": [],
        "projection": "value_hash_v1",
        "projection_method": "value_hash_v1",
        "value": 1516
      },
      "type": "Feature"
    },
    {
      "geometry": {
        "coordinates": [
          -7.755435,
          -62.886588
        ],
        "type": "Point"
      },
      "properties": {
        "cipher": "nQWER",
        "has_phrases": false,
        "mode": "value_domain",
        "phrase_count": 0,
        "phrases": [],
        "projection": "value_hash_v1",
        "projection_method": "value_hash_v1",
        "value": 1517
      },
      "type": "Feature"
    },
    {
      "geometry": {
        "coordinates": [
          -123.744468,
          -89.648944
        ],
        "type": "Point"
      },
      "properties": {
        "cipher": "nQWER",
        "has_phrases": false,
        "mode": "value_domain",
        "phrase_count": 0,
        "phrases": [],
        "projection": "value_hash_v1",
        "projection_method": "value_hash_v1",
        "value": 1518
      },
      "type": "Feature"
    },
    {
      "geometry": {
        "coordinates": [
          49.585697,
          -54.161196
        ],
        "type": "Point"
      },
      "properties": {
        "cipher": "nQWER",
        "has_phrases": false,
        "mode": "value_domain",
        "phrase_count": 0,
        "phrases": [],
        "projection": "value_hash_v1",
        "projection_method": "value_hash_v1",
        "value": 1519
      },
      "type": "Feature"
    },
    {
      "geometry": {
        "coordinates": [
          176.915158,
          18.483427
        ],
        "type": "Point"
      },
      "properties": {
        "cipher": "nQWER",
        "has_phrases": false,
        "mode": "value_domain",
        "phrase_count": 0,
        "phrases": [],
        "projection": "value_hash_v1",
        "projection_method": "value_hash_v1",
        "value": 1520
      },
      "type": "Feature"
    },
    {
      "geometry": {
        "coordinates": [
          -134.018914,
          -70.36506
        ],
        "type": "Point"
      },
      "properties": {
        "cipher": "nQWER",
        "has_phrases": false,
        "mode": "value_domain",
        "phrase_count": 0,
        "phrases": [],
        "projection": "value_hash_v1",
        "projection_method": "value_hash_v1",
        "value": 1521
      },
      "type": "Feature"
    },
    {
      "geometry": {
        "coordinates": [
          88.079682,
          -26.763686
        ],
        "type": "Point"
      },
      "properties": {
        "cipher": "nQWER",
        "has_phrases": false,
        "mode": "value_domain",
        "phrase_count": 0,
        "phrases": [],
        "projection": "value_hash_v1",
        "projection_method": "value_hash_v1",
        "value": 1522
      },
      "type": "Feature"
    },
    {
      "geometry": {
        "coordinates": [
          -124.270677,
          -72.629245
        ],
        "type": "Point"
      },
      "properties": {
        "cipher": "nQWER",
        "has_phrases": false,
        "mode": "value_domain",
        "phrase_count": 0,
        "phrases": [],
        "projection": "value_hash_v1",
        "projection_method": "value_hash_v1",
        "value": 1523
      },
      "type": "Feature"
    },
    {
      "geometry": {
        "coordinates": [
          50.472479,
          -46.111091
        ],
        "type": "Point"
      },
      "properties": {
        "cipher": "nQWER",
        "has_phrases": false,
        "mode": "value_domain",
        "phrase_count": 0,
        "phrases": [],
        "projection": "value_hash_v1",
        "projection_method": "value_hash_v1",
        "value": 1524
      },
      "type": "Feature"
    },
    {
      "geometry": {
        "coordinates": [
          96.483961,
          -7.054894
        ],
        "type": "Point"
      },
      "properties": {
        "cipher": "nQWER",
        "has_phrases": false,
        "mode": "value_domain",
        "phrase_count": 0,
        "phrases": [],
        "projection": "value_hash_v1",
        "projection_method": "value_hash_v1",
        "value": 1525
      },
      "type": "Feature"
    },
    {
      "geometry": {
        "coordinates": [
          61.823676,
          15.302093
        ],
        "type": "Point"
      },
      "properties": {
        "cipher": "nQWER",
        "has_phrases": false,
        "mode": "value_domain",
        "phrase_count": 0,
        "phrases": [],
        "projection": "value_hash_v1",
        "projection_method": "value_hash_v1",
        "value": 1526
      },
      "type": "Feature"
    },
    {
      "geometry": {
        "coordinates": [
          -6.980033,
          27.555262
        ],
        "type": "Point"
      },
      "properties": {
        "cipher": "nQWER",
        "has_phrases": false,
        "mode": "value_domain",
        "phrase_count": 0,
        "phrases": [],
        "projection": "value_hash_v1",
        "projection_method": "value_hash_v1",
        "value": 1527
      },
      "type": "Feature"
    },
    {
      "geometry": {
        "coordinates": [
          -156.079073,
          54.351087
        ],
        "type": "Point"
      },
      "properties": {
        "cipher": "nQWER",
        "has_phrases": false,
        "mode": "value_domain",
        "phrase_count": 0,
        "phrases": [],
        "projection": "value_hash_v1",
        "projection_method": "value_hash_v1",
        "value": 1528
      },
      "type": "Feature"
    },
    {
      "geometry": {
        "coordinates": [
          -135.377056,
          32.209851
        ],
        "type": "Point"
      },
      "properties": {
        "cipher": "nQWER",
        "has_phrases": false,
        "mode": "value_domain",
        "phrase_count": 0,
        "phrases": [],
        "projection": "value_hash_v1",
        "projection_method": "value_hash_v1",
        "value": 1529
      },
      "type": "Feature"
    },
    {
      "geometry": {
        "coordinates": [
          2.665486,
          -33.319258
        ],
        "type": "Point"
      },
      "properties": {
        "cipher": "nQWER",
        "has_phrases": false,
        "mode": "value_domain",
        "phrase_count": 0,
        "phrases": [],
        "projection": "value_hash_v1",
        "projection_method": "value_hash_v1",
        "value": 1530
      },
      "type": "Feature"
    },
    {
      "geometry": {
        "coordinates": [
          140.686353,
          71.542195
        ],
        "type": "Point"
      },
      "properties": {
        "cipher": "nQWER",
        "has_phrases": false,
        "mode": "value_domain",
        "phrase_count": 0,
        "phrases": [],
        "projection": "value_hash_v1",
        "projection_method": "value_hash_v1",
        "value": 1531
      },
      "type": "Feature"
    },
    {
      "geometry": {
        "coordinates": [
          122.6173,
          -77.480027
        ],
        "type": "Point"
      },
      "properties": {
        "cipher": "nQWER",
        "has_phrases": false,
        "mode": "value_domain",
        "phrase_count": 0,
        "phrases": [],
        "projection": "value_hash_v1",
        "projection_method": "value_hash_v1",
        "value": 1532
      },
      "type": "Feature"
    },
    {
      "geometry": {
        "coordinates": [
          -71.223191,
          -65.639303
        ],
        "type": "Point"
      },
      "properties": {
        "cipher": "nQWER",
        "has_phrases": false,
        "mode": "value_domain",
        "phrase_count": 0,
        "phrases": [],
        "projection": "value_hash_v1",
        "projection_method": "value_hash_v1",
        "value": 1533
      },
      "type": "Feature"
    },
    {
      "geometry": {
        "coordinates": [
          -108.983809,
          66.488192
        ],
        "type": "Point"
      },
      "properties": {
        "cipher": "nQWER",
        "has_phrases": false,
        "mode": "value_domain",
        "phrase_count": 0,
        "phrases": [],
        "projection": "value_hash_v1",
        "projection_method": "value_hash_v1",
        "value": 1534
      },
      "type": "Feature"
    },
    {
      "geometry": {
        "coordinates": [
          -119.837907,
          59.242172
        ],
        "type": "Point"
      },
      "properties": {
        "cipher": "nQWER",
        "has_phrases": false,
        "mode": "value_domain",
        "phrase_count": 0,
        "phrases": [],
        "projection": "value_hash_v1",
        "projection_method": "value_hash_v1",
        "value": 1535
      },
      "type": "Feature"
    },
    {
      "geometry": {
        "coordinates": [
          -18.14011,
          14.44832
        ],
        "type": "Point"
      },
      "properties": {
        "cipher": "nQWER",
        "has_phrases": false,
        "mode": "value_domain",
        "phrase_count": 0,
        "phrases": [],
        "projection": "value_hash_v1",
        "projection_method": "value_hash_v1",
        "value": 1536
      },
      "type": "Feature"
    },
    {
      "geometry": {
        "coordinates": [
          72.855549,
          19.982898
        ],
        "type": "Point"
      },
      "properties": {
        "cipher": "nQWER",
        "has_phrases": false,
        "mode": "value_domain",
        "phrase_count": 0,
        "phrases": [],
        "projection": "value_hash_v1",
        "projection_method": "value_hash_v1",
        "value": 1537
      },
      "type": "Feature"
    },
    {
      "geometry": {
        "coordinates": [
          -115.110141,
          -30.046558
        ],
        "type": "Point"
      },
      "properties": {
        "cipher": "nQWER",
        "has_phrases": false,
        "mode": "value_domain",
        "phrase_count": 0,
        "phrases": [],
        "projection": "value_hash_v1",
        "projection_method": "value_hash_v1",
        "value": 1538
      },
      "type": "Feature"
    },
    {
      "geometry": {
        "coordinates": [
          -115.977871,
          -56.725178
        ],
        "type": "Point"
      },
      "properties": {
        "cipher": "nQWER",
        "has_phrases": false,
        "mode": "value_domain",
        "phrase_count": 0,
        "phrases": [],
        "projection": "value_hash_v1",
        "projection_method": "value_hash_v1",
        "value": 1539
      },
      "type": "Feature"
    },
    {
      "geometry": {
        "coordinates": [
          108.433252,
          60.073569
        ],
        "type": "Point"
      },
      "properties": {
        "cipher": "nQWER",
        "has_phrases": false,
        "mode": "value_domain",
        "phrase_count": 0,
        "phrases": [],
        "projection": "value_hash_v1",
        "projection_method": "value_hash_v1",
        "value": 1540
      },
      "type": "Feature"
    },
    {
      "geometry": {
        "coordinates": [
          118.715653,
          34.580797
        ],
        "type": "Point"
      },
      "properties": {
        "cipher": "nQWER",
        "has_phrases": false,
        "mode": "value_domain",
        "phrase_count": 0,
        "phrases": [],
        "projection": "value_hash_v1",
        "projection_method": "value_hash_v1",
        "value": 1541
      },
      "type": "Feature"
    },
    {
      "geometry": {
        "coordinates": [
          178.140479,
          -2.619917
        ],
        "type": "Point"
      },
      "properties": {
        "cipher": "nQWER",
        "has_phrases": false,
        "mode": "value_domain",
        "phrase_count": 0,
        "phrases": [],
        "projection": "value_hash_v1",
        "projection_method": "value_hash_v1",
        "value": 1542
      },
      "type": "Feature"
    },
    {
      "geometry": {
        "coordinates": [
          19.946193,
          78.137996
        ],
        "type": "Point"
      },
      "properties": {
        "cipher": "nQWER",
        "has_phrases": false,
        "mode": "value_domain",
        "phrase_count": 0,
        "phrases": [],
        "projection": "value_hash_v1",
        "projection_method": "value_hash_v1",
        "value": 1543
      },
      "type": "Feature"
    },
    {
      "geometry": {
        "coordinates": [
          22.535941,
          28.447791
        ],
        "type": "Point"
      },
      "properties": {
        "cipher": "nQWER",
        "has_phrases": false,
        "mode": "value_domain",
        "phrase_count": 0,
        "phrases": [],
        "projection": "value_hash_v1",
        "projection_method": "value_hash_v1",
        "value": 1544
      },
      "type": "Feature"
    },
    {
      "geometry": {
        "coordinates": [
          -106.44564,
          -1.190786
        ],
        "type": "Point"
      },
      "properties": {
        "cipher": "nQWER",
        "has_phrases": false,
        "mode": "value_domain",
        "phrase_count": 0,
        "phrases": [],
        "projection": "value_hash_v1",
        "projection_method": "value_hash_v1",
        "value": 1545
      },
      "type": "Feature"
    },
    {
      "geometry": {
        "coordinates": [
          63.891707,
          -20.8655
        ],
        "type": "Point"
      },
      "properties": {
        "cipher": "nQWER",
        "has_phrases": false,
        "mode": "value_domain",
        "phrase_count": 0,
        "phrases": [],
        "projection": "value_hash_v1",
        "projection_method": "value_hash_v1",
        "value": 1546
      },
      "type": "Feature"
    },
    {
      "geometry": {
        "coordinates": [
          -160.784899,
          -38.850066
        ],
        "type": "Point"
      },
      "properties": {
        "cipher": "nQWER",
        "has_phrases": false,
        "mode": "value_domain",
        "phrase_count": 0,
        "phrases": [],
        "projection": "value_hash_v1",
        "projection_method": "value_hash_v1",
        "value": 1547
      },
      "type": "Feature"
    },
    {
      "geometry": {
        "coordinates": [
          137.37434,
          44.976401
        ],
        "type": "Point"
      },
      "properties": {
        "cipher": "nQWER",
        "has_phrases": false,
        "mode": "value_domain",
        "phrase_count": 0,
        "phrases": [],
        "projection": "value_hash_v1",
        "projection_method": "value_hash_v1",
        "value": 1548
      },
      "type": "Feature"
    },
    {
      "geometry": {
        "coordinates": [
          -135.629499,
          24.875289
        ],
        "type": "Point"
      },
      "properties": {
        "cipher": "nQWER",
        "has_phrases": false,
        "mode": "value_domain",
        "phrase_count": 0,
        "phrases": [],
        "projection": "value_hash_v1",
        "projection_method": "value_hash_v1",
        "value": 1549
      },
      "type": "Feature"
    },
    {
      "geometry": {
        "coordinates": [
          114.126506,
          0.032605
        ],
        "type": "Point"
      },
      "properties": {
        "cipher": "nQWER",
        "has_phrases": false,
        "mode": "value_domain",
        "phrase_count": 0,
        "phrases": [],
        "projection": "value_hash_v1",
        "projection_method": "value_hash_v1",
        "value": 1550
      },
      "type": "Feature"
    },
    {
      "geometry": {
        "coordinates": [
          -92.155412,
          8.459028
        ],
        "type": "Point"
      },
      "properties": {
        "cipher": "nQWER",
        "has_phrases": false,
        "mode": "value_domain",
        "phrase_count": 0,
        "phrases": [],
        "projection": "value_hash_v1",
        "projection_method": "value_hash_v1",
        "value": 1551
      },
      "type": "Feature"
    },
    {
      "geometry": {
        "coordinates": [
          -141.476721,
          -33.527748
        ],
        "type": "Point"
      },
      "properties": {
        "cipher": "nQWER",
        "has_phrases": false,
        "mode": "value_domain",
        "phrase_count": 0,
        "phrases": [],
        "projection": "value_hash_v1",
        "projection_method": "value_hash_v1",
        "value": 1552
      },
      "type": "Feature"
    },
    {
      "geometry": {
        "coordinates": [
          -179.319765,
          -0.768795
        ],
        "type": "Point"
      },
      "properties": {
        "cipher": "nQWER",
        "has_phrases": false,
        "mode": "value_domain",
        "phrase_count": 0,
        "phrases": [],
        "projection": "value_hash_v1",
        "projection_method": "value_hash_v1",
        "value": 1553
      },
      "type": "Feature"
    },
    {
      "geometry": {
        "coordinates": [
          -169.445355,
          38.07443
        ],
        "type": "Point"
      },
      "properties": {
        "cipher": "nQWER",
        "has_phrases": false,
        "mode": "value_domain",
        "phrase_count": 0,
        "phrases": [],
        "projection": "value_hash_v1",
        "projection_method": "value_hash_v1",
        "value": 1554
      },
      "type": "Feature"
    },
    {
      "geometry": {
        "coordinates": [
          -116.005406,
          10.639271
        ],
        "type": "Point"
      },
      "properties": {
        "cipher": "nQWER",
        "has_phrases": false,
        "mode": "value_domain",
        "phrase_count": 0,
        "phrases": [],
        "projection": "value_hash_v1",
        "projection_method": "value_hash_v1",
        "value": 1555
      },
      "type": "Feature"
    },
    {
      "geometry": {
        "coordinates": [
          -48.027112,
          61.553335
        ],
        "type": "Point"
      },
      "properties": {
        "cipher": "nQWER",
        "has_phrases": false,
        "mode": "value_domain",
        "phrase_count": 0,
        "phrases": [],
        "projection": "value_hash_v1",
        "projection_method": "value_hash_v1",
        "value": 1556
      },
      "type": "Feature"
    },
    {
      "geometry": {
        "coordinates": [
          160.021401,
          -66.05483
        ],
        "type": "Point"
      },
      "properties": {
        "cipher": "nQWER",
        "has_phrases": false,
        "mode": "value_domain",
        "phrase_count": 0,
        "phrases": [],
        "projection": "value_hash_v1",
        "projection_method": "value_hash_v1",
        "value": 1557
      },
      "type": "Feature"
    },
    {
      "geometry": {
        "coordinates": [
          141.205913,
          30.041478
        ],
        "type": "Point"
      },
      "properties": {
        "cipher": "nQWER",
        "has_phrases": false,
        "mode": "value_domain",
        "phrase_count": 0,
        "phrases": [],
        "projection": "value_hash_v1",
        "projection_method": "value_hash_v1",
        "value": 1558
      },
      "type": "Feature"
    },
    {
      "geometry": {
        "coordinates": [
          150.2324,
          8.368297
        ],
        "type": "Point"
      },
      "properties": {
        "cipher": "nQWER",
        "has_phrases": false,
        "mode": "value_domain",
        "phrase_count": 0,
        "phrases": [],
        "projection": "value_hash_v1",
        "projection_method": "value_hash_v1",
        "value": 1559
      },
      "type": "Feature"
    },
    {
      "geometry": {
        "coordinates": [
          47.943633,
          -22.104191
        ],
        "type": "Point"
      },
      "properties": {
        "cipher": "nQWER",
        "has_phrases": false,
        "mode": "value_domain",
        "phrase_count": 0,
        "phrases": [],
        "projection": "value_hash_v1",
        "projection_method": "value_hash_v1",
        "value": 1560
      },
      "type": "Feature"
    },
    {
      "geometry": {
        "coordinates": [
          90.733213,
          -26.633506
        ],
        "type": "Point"
      },
      "properties": {
        "cipher": "nQWER",
        "has_phrases": false,
        "mode": "value_domain",
        "phrase_count": 0,
        "phrases": [],
        "projection": "value_hash_v1",
        "projection_method": "value_hash_v1",
        "value": 1561
      },
      "type": "Feature"
    },
    {
      "geometry": {
        "coordinates": [
          144.271511,
          -43.220941
        ],
        "type": "Point"
      },
      "properties": {
        "cipher": "nQWER",
        "has_phrases": false,
        "mode": "value_domain",
        "phrase_count": 0,
        "phrases": [],
        "projection": "value_hash_v1",
        "projection_method": "value_hash_v1",
        "value": 1562
      },
      "type": "Feature"
    },
    {
      "geometry": {
        "coordinates": [
          -51.700156,
          71.713746
        ],
        "type": "Point"
      },
      "properties": {
        "cipher": "nQWER",
        "has_phrases": false,
        "mode": "value_domain",
        "phrase_count": 0,
        "phrases": [],
        "projection": "value_hash_v1",
        "projection_method": "value_hash_v1",
        "value": 1563
      },
      "type": "Feature"
    },
    {
      "geometry": {
        "coordinates": [
          139.655697,
          -38.434718
        ],
        "type": "Point"
      },
      "properties": {
        "cipher": "nQWER",
        "has_phrases": false,
        "mode": "value_domain",
        "phrase_count": 0,
        "phrases": [],
        "projection": "value_hash_v1",
        "projection_method": "value_hash_v1",
        "value": 1564
      },
      "type": "Feature"
    },
    {
      "geometry": {
        "coordinates": [
          91.647066,
          -58.992771
        ],
        "type": "Point"
      },
      "properties": {
        "cipher": "nQWER",
        "has_phrases": false,
        "mode": "value_domain",
        "phrase_count": 0,
        "phrases": [],
        "projection": "value_hash_v1",
        "projection_method": "value_hash_v1",
        "value": 1565
      },
      "type": "Feature"
    },
    {
      "geometry": {
        "coordinates": [
          -173.279562,
          -66.894842
        ],
        "type": "Point"
      },
      "properties": {
        "cipher": "nQWER",
        "has_phrases": false,
        "mode": "value_domain",
        "phrase_count": 0,
        "phrases": [],
        "projection": "value_hash_v1",
        "projection_method": "value_hash_v1",
        "value": 1566
      },
      "type": "Feature"
    },
    {
      "geometry": {
        "coordinates": [
          -132.377849,
          34.688079
        ],
        "type": "Point"
      },
      "properties": {
        "cipher": "nQWER",
        "has_phrases": false,
        "mode": "value_domain",
        "phrase_count": 0,
        "phrases": [],
        "projection": "value_hash_v1",
        "projection_method": "value_hash_v1",
        "value": 1567
      },
      "type": "Feature"
    },
    {
      "geometry": {
        "coordinates": [
          78.413395,
          69.124547
        ],
        "type": "Point"
      },
      "properties": {
        "cipher": "nQWER",
        "has_phrases": false,
        "mode": "value_domain",
        "phrase_count": 0,
        "phrases": [],
        "projection": "value_hash_v1",
        "projection_method": "value_hash_v1",
        "value": 1568
      },
      "type": "Feature"
    },
    {
      "geometry": {
        "coordinates": [
          143.664015,
          -85.146235
        ],
        "type": "Point"
      },
      "properties": {
        "cipher": "nQWER",
        "has_phrases": false,
        "mode": "value_domain",
        "phrase_count": 0,
        "phrases": [],
        "projection": "value_hash_v1",
        "projection_method": "value_hash_v1",
        "value": 1569
      },
      "type": "Feature"
    },
    {
      "geometry": {
        "coordinates": [
          116.841591,
          4.387562
        ],
        "type": "Point"
      },
      "properties": {
        "cipher": "nQWER",
        "has_phrases": false,
        "mode": "value_domain",
        "phrase_count": 0,
        "phrases": [],
        "projection": "value_hash_v1",
        "projection_method": "value_hash_v1",
        "value": 1570
      },
      "type": "Feature"
    },
    {
      "geometry": {
        "coordinates": [
          -123.302404,
          -49.632343
        ],
        "type": "Point"
      },
      "properties": {
        "cipher": "nQWER",
        "has_phrases": false,
        "mode": "value_domain",
        "phrase_count": 0,
        "phrases": [],
        "projection": "value_hash_v1",
        "projection_method": "value_hash_v1",
        "value": 1571
      },
      "type": "Feature"
    },
    {
      "geometry": {
        "coordinates": [
          -111.777159,
          -11.646157
        ],
        "type": "Point"
      },
      "properties": {
        "cipher": "nQWER",
        "has_phrases": false,
        "mode": "value_domain",
        "phrase_count": 0,
        "phrases": [],
        "projection": "value_hash_v1",
        "projection_method": "value_hash_v1",
        "value": 1572
      },
      "type": "Feature"
    },
    {
      "geometry": {
        "coordinates": [
          160.753423,
          29.725154
        ],
        "type": "Point"
      },
      "properties": {
        "cipher": "nQWER",
        "has_phrases": false,
        "mode": "value_domain",
        "phrase_count": 0,
        "phrases": [],
        "projection": "value_hash_v1",
        "projection_method": "value_hash_v1",
        "value": 1573
      },
      "type": "Feature"
    },
    {
      "geometry": {
        "coordinates": [
          20.251214,
          8.199383
        ],
        "type": "Point"
      },
      "properties": {
        "cipher": "nQWER",
        "has_phrases": false,
        "mode": "value_domain",
        "phrase_count": 0,
        "phrases": [],
        "projection": "value_hash_v1",
        "projection_method": "value_hash_v1",
        "value": 1574
      },
      "type": "Feature"
    },
    {
      "geometry": {
        "coordinates": [
          123.375927,
          -22.348658
        ],
        "type": "Point"
      },
      "properties": {
        "cipher": "nQWER",
        "has_phrases": false,
        "mode": "value_domain",
        "phrase_count": 0,
        "phrases": [],
        "projection": "value_hash_v1",
        "projection_method": "value_hash_v1",
        "value": 1575
      },
      "type": "Feature"
    },
    {
      "geometry": {
        "coordinates": [
          -105.581551,
          -62.315565
        ],
        "type": "Point"
      },
      "properties": {
        "cipher": "nQWER",
        "has_phrases": false,
        "mode": "value_domain",
        "phrase_count": 0,
        "phrases": [],
        "projection": "value_hash_v1",
        "projection_method": "value_hash_v1",
        "value": 1576
      },
      "type": "Feature"
    },
    {
      "geometry": {
        "coordinates": [
          170.844636,
          23.69005
        ],
        "type": "Point"
      },
      "properties": {
        "cipher": "nQWER",
        "has_phrases": false,
        "mode": "value_domain",
        "phrase_count": 0,
        "phrases": [],
        "projection": "value_hash_v1",
        "projection_method": "value_hash_v1",
        "value": 1577
      },
      "type": "Feature"
    },
    {
      "geometry": {
        "coordinates": [
          126.95511,
          55.136744
        ],
        "type": "Point"
      },
      "properties": {
        "cipher": "nQWER",
        "has_phrases": false,
        "mode": "value_domain",
        "phrase_count": 0,
        "phrases": [],
        "projection": "value_hash_v1",
        "projection_method": "value_hash_v1",
        "value": 1578
      },
      "type": "Feature"
    },
    {
      "geometry": {
        "coordinates": [
          172.124651,
          78.385245
        ],
        "type": "Point"
      },
      "properties": {
        "cipher": "nQWER",
        "has_phrases": false,
        "mode": "value_domain",
        "phrase_count": 0,
        "phrases": [],
        "projection": "value_hash_v1",
        "projection_method": "value_hash_v1",
        "value": 1579
      },
      "type": "Feature"
    },
    {
      "geometry": {
        "coordinates": [
          137.38517,
          -50.821745
        ],
        "type": "Point"
      },
      "properties": {
        "cipher": "nQWER",
        "has_phrases": false,
        "mode": "value_domain",
        "phrase_count": 0,
        "phrases": [],
        "projection": "value_hash_v1",
        "projection_method": "value_hash_v1",
        "value": 1580
      },
      "type": "Feature"
    },
    {
      "geometry": {
        "coordinates": [
          -84.347444,
          -42.151041
        ],
        "type": "Point"
      },
      "properties": {
        "cipher": "nQWER",
        "has_phrases": false,
        "mode": "value_domain",
        "phrase_count": 0,
        "phrases": [],
        "projection": "value_hash_v1",
        "projection_method": "value_hash_v1",
        "value": 1581
      },
      "type": "Feature"
    },
    {
      "geometry": {
        "coordinates": [
          -82.18384,
          -89.148814
        ],
        "type": "Point"
      },
      "properties": {
        "cipher": "nQWER",
        "has_phrases": false,
        "mode": "value_domain",
        "phrase_count": 0,
        "phrases": [],
        "projection": "value_hash_v1",
        "projection_method": "value_hash_v1",
        "value": 1582
      },
      "type": "Feature"
    },
    {
      "geometry": {
        "coordinates": [
          83.964754,
          -13.314175
        ],
        "type": "Point"
      },
      "properties": {
        "cipher": "nQWER",
        "has_phrases": false,
        "mode": "value_domain",
        "phrase_count": 0,
        "phrases": [],
        "projection": "value_hash_v1",
        "projection_method": "value_hash_v1",
        "value": 1583
      },
      "type": "Feature"
    },
    {
      "geometry": {
        "coordinates": [
          76.244488,
          12.471218
        ],
        "type": "Point"
      },
      "properties": {
        "cipher": "nQWER",
        "has_phrases": false,
        "mode": "value_domain",
        "phrase_count": 0,
        "phrases": [],
        "projection": "value_hash_v1",
        "projection_method": "value_hash_v1",
        "value": 1584
      },
      "type": "Feature"
    },
    {
      "geometry": {
        "coordinates": [
          51.584565,
          -72.256928
        ],
        "type": "Point"
      },
      "properties": {
        "cipher": "nQWER",
        "has_phrases": false,
        "mode": "value_domain",
        "phrase_count": 0,
        "phrases": [],
        "projection": "value_hash_v1",
        "projection_method": "value_hash_v1",
        "value": 1585
      },
      "type": "Feature"
    },
    {
      "geometry": {
        "coordinates": [
          38.555259,
          36.734577
        ],
        "type": "Point"
      },
      "properties": {
        "cipher": "nQWER",
        "has_phrases": false,
        "mode": "value_domain",
        "phrase_count": 0,
        "phrases": [],
        "projection": "value_hash_v1",
        "projection_method": "value_hash_v1",
        "value": 1586
      },
      "type": "Feature"
    },
    {
      "geometry": {
        "coordinates": [
          -66.073744,
          48.958998
        ],
        "type": "Point"
      },
      "properties": {
        "cipher": "nQWER",
        "has_phrases": false,
        "mode": "value_domain",
        "phrase_count": 0,
        "phrases": [],
        "projection": "value_hash_v1",
        "projection_method": "value_hash_v1",
        "value": 1587
      },
      "type": "Feature"
    },
    {
      "geometry": {
        "coordinates": [
          6.434101,
          -56.491882
        ],
        "type": "Point"
      },
      "properties": {
        "cipher": "nQWER",
        "has_phrases": false,
        "mode": "value_domain",
        "phrase_count": 0,
        "phrases": [],
        "projection": "value_hash_v1",
        "projection_method": "value_hash_v1",
        "value": 1588
      },
      "type": "Feature"
    },
    {
      "geometry": {
        "coordinates": [
          -177.319463,
          -62.237299
        ],
        "type": "Point"
      },
      "properties": {
        "cipher": "nQWER",
        "has_phrases": false,
        "mode": "value_domain",
        "phrase_count": 0,
        "phrases": [],
        "projection": "value_hash_v1",
        "projection_method": "value_hash_v1",
        "value": 1589
      },
      "type": "Feature"
    },
    {
      "geometry": {
        "coordinates": [
          61.785972,
          -23.898466
        ],
        "type": "Point"
      },
      "properties": {
        "cipher": "nQWER",
        "has_phrases": false,
        "mode": "value_domain",
        "phrase_count": 0,
        "phrases": [],
        "projection": "value_hash_v1",
        "projection_method": "value_hash_v1",
        "value": 1590
      },
      "type": "Feature"
    },
    {
      "geometry": {
        "coordinates": [
          -75.45507,
          -65.345634
        ],
        "type": "Point"
      },
      "properties": {
        "cipher": "nQWER",
        "has_phrases": false,
        "mode": "value_domain",
        "phrase_count": 0,
        "phrases": [],
        "projection": "value_hash_v1",
        "projection_method": "value_hash_v1",
        "value": 1591
      },
      "type": "Feature"
    },
    {
      "geometry": {
        "coordinates": [
          98.27771,
          26.623199
        ],
        "type": "Point"
      },
      "properties": {
        "cipher": "nQWER",
        "has_phrases": false,
        "mode": "value_domain",
        "phrase_count": 0,
        "phrases": [],
        "projection": "value_hash_v1",
        "projection_method": "value_hash_v1",
        "value": 1592
      },
      "type": "Feature"
    },
    {
      "geometry": {
        "coordinates": [
          -0.53051,
          71.227889
        ],
        "type": "Point"
      },
      "properties": {
        "cipher": "nQWER",
        "has_phrases": false,
        "mode": "value_domain",
        "phrase_count": 0,
        "phrases": [],
        "projection": "value_hash_v1",
        "projection_method": "value_hash_v1",
        "value": 1593
      },
      "type": "Feature"
    },
    {
      "geometry": {
        "coordinates": [
          -73.094156,
          -37.306996
        ],
        "type": "Point"
      },
      "properties": {
        "cipher": "nQWER",
        "has_phrases": false,
        "mode": "value_domain",
        "phrase_count": 0,
        "phrases": [],
        "projection": "value_hash_v1",
        "projection_method": "value_hash_v1",
        "value": 1594
      },
      "type": "Feature"
    },
    {
      "geometry": {
        "coordinates": [
          -126.172634,
          17.348091
        ],
        "type": "Point"
      },
      "properties": {
        "cipher": "nQWER",
        "has_phrases": false,
        "mode": "value_domain",
        "phrase_count": 0,
        "phrases": [],
        "projection": "value_hash_v1",
        "projection_method": "value_hash_v1",
        "value": 1595
      },
      "type": "Feature"
    },
    {
      "geometry": {
        "coordinates": [
          -172.627124,
          62.336741
        ],
        "type": "Point"
      },
      "properties": {
        "cipher": "nQWER",
        "has_phrases": false,
        "mode": "value_domain",
        "phrase_count": 0,
        "phrases": [],
        "projection": "value_hash_v1",
        "projection_method": "value_hash_v1",
        "value": 1596
      },
      "type": "Feature"
    },
    {
      "geometry": {
        "coordinates": [
          -136.926504,
          -86.694349
        ],
        "type": "Point"
      },
      "properties": {
        "cipher": "nQWER",
        "has_phrases": false,
        "mode": "value_domain",
        "phrase_count": 0,
        "phrases": [],
        "projection": "value_hash_v1",
        "projection_method": "value_hash_v1",
        "value": 1597
      },
      "type": "Feature"
    },
    {
      "geometry": {
        "coordinates": [
          51.810677,
          88.532943
        ],
        "type": "Point"
      },
      "properties": {
        "cipher": "nQWER",
        "has_phrases": false,
        "mode": "value_domain",
        "phrase_count": 0,
        "phrases": [],
        "projection": "value_hash_v1",
        "projection_method": "value_hash_v1",
        "value": 1598
      },
      "type": "Feature"
    },
    {
      "geometry": {
        "coordinates": [
          -128.872316,
          10.4861
        ],
        "type": "Point"
      },
      "properties": {
        "cipher": "nQWER",
        "has_phrases": false,
        "mode": "value_domain",
        "phrase_count": 0,
        "phrases": [],
        "projection": "value_hash_v1",
        "projection_method": "value_hash_v1",
        "value": 1599
      },
      "type": "Feature"
    },
    {
      "geometry": {
        "coordinates": [
          -157.553103,
          78.966514
        ],
        "type": "Point"
      },
      "properties": {
        "cipher": "nQWER",
        "has_phrases": false,
        "mode": "value_domain",
        "phrase_count": 0,
        "phrases": [],
        "projection": "value_hash_v1",
        "projection_method": "value_hash_v1",
        "value": 1600
      },
      "type": "Feature"
    },
    {
      "geometry": {
        "coordinates": [
          -97.626116,
          -65.825612
        ],
        "type": "Point"
      },
      "properties": {
        "cipher": "nQWER",
        "has_phrases": false,
        "mode": "value_domain",
        "phrase_count": 0,
        "phrases": [],
        "projection": "value_hash_v1",
        "projection_method": "value_hash_v1",
        "value": 1601
      },
      "type": "Feature"
    },
    {
      "geometry": {
        "coordinates": [
          -95.475656,
          6.220604
        ],
        "type": "Point"
      },
      "properties": {
        "cipher": "nQWER",
        "has_phrases": false,
        "mode": "value_domain",
        "phrase_count": 0,
        "phrases": [],
        "projection": "value_hash_v1",
        "projection_method": "value_hash_v1",
        "value": 1602
      },
      "type": "Feature"
    },
    {
      "geometry": {
        "coordinates": [
          177.953323,
          -86.828581
        ],
        "type": "Point"
      },
      "properties": {
        "cipher": "nQWER",
        "has_phrases": false,
        "mode": "value_domain",
        "phrase_count": 0,
        "phrases": [],
        "projection": "value_hash_v1",
        "projection_method": "value_hash_v1",
        "value": 1603
      },
      "type": "Feature"
    },
    {
      "geometry": {
        "coordinates": [
          4.449176,
          66.175298
        ],
        "type": "Point"
      },
      "properties": {
        "cipher": "nQWER",
        "has_phrases": false,
        "mode": "value_domain",
        "phrase_count": 0,
        "phrases": [],
        "projection": "value_hash_v1",
        "projection_method": "value_hash_v1",
        "value": 1604
      },
      "type": "Feature"
    },
    {
      "geometry": {
        "coordinates": [
          39.310559,
          -29.696105
        ],
        "type": "Point"
      },
      "properties": {
        "cipher": "nQWER",
        "has_phrases": false,
        "mode": "value_domain",
        "phrase_count": 0,
        "phrases": [],
        "projection": "value_hash_v1",
        "projection_method": "value_hash_v1",
        "value": 1605
      },
      "type": "Feature"
    },
    {
      "geometry": {
        "coordinates": [
          -52.383858,
          34.232559
        ],
        "type": "Point"
      },
      "properties": {
        "cipher": "nQWER",
        "has_phrases": false,
        "mode": "value_domain",
        "phrase_count": 0,
        "phrases": [],
        "projection": "value_hash_v1",
        "projection_method": "value_hash_v1",
        "value": 1606
      },
      "type": "Feature"
    },
    {
      "geometry": {
        "coordinates": [
          59.199276,
          68.46768
        ],
        "type": "Point"
      },
      "properties": {
        "cipher": "nQWER",
        "has_phrases": false,
        "mode": "value_domain",
        "phrase_count": 0,
        "phrases": [],
        "projection": "value_hash_v1",
        "projection_method": "value_hash_v1",
        "value": 1607
      },
      "type": "Feature"
    },
    {
      "geometry": {
        "coordinates": [
          153.889794,
          73.5947
        ],
        "type": "Point"
      },
      "properties": {
        "cipher": "nQWER",
        "has_phrases": false,
        "mode": "value_domain",
        "phrase_count": 0,
        "phrases": [],
        "projection": "value_hash_v1",
        "projection_method": "value_hash_v1",
        "value": 1608
      },
      "type": "Feature"
    },
    {
      "geometry": {
        "coordinates": [
          177.839161,
          50.473358
        ],
        "type": "Point"
      },
      "properties": {
        "cipher": "nQWER",
        "has_phrases": false,
        "mode": "value_domain",
        "phrase_count": 0,
        "phrases": [],
        "projection": "value_hash_v1",
        "projection_method": "value_hash_v1",
        "value": 1609
      },
      "type": "Feature"
    },
    {
      "geometry": {
        "coordinates": [
          -38.548096,
          -86.801415
        ],
        "type": "Point"
      },
      "properties": {
        "cipher": "nQWER",
        "has_phrases": false,
        "mode": "value_domain",
        "phrase_count": 0,
        "phrases": [],
        "projection": "value_hash_v1",
        "projection_method": "value_hash_v1",
        "value": 1610
      },
      "type": "Feature"
    },
    {
      "geometry": {
        "coordinates": [
          -111.528399,
          11.617351
        ],
        "type": "Point"
      },
      "properties": {
        "cipher": "nQWER",
        "has_phrases": false,
        "mode": "value_domain",
        "phrase_count": 0,
        "phrases": [],
        "projection": "value_hash_v1",
        "projection_method": "value_hash_v1",
        "value": 1611
      },
      "type": "Feature"
    },
    {
      "geometry": {
        "coordinates": [
          -72.596317,
          -86.988584
        ],
        "type": "Point"
      },
      "properties": {
        "cipher": "nQWER",
        "has_phrases": false,
        "mode": "value_domain",
        "phrase_count": 0,
        "phrases": [],
        "projection": "value_hash_v1",
        "projection_method": "value_hash_v1",
        "value": 1612
      },
      "type": "Feature"
    },
    {
      "geometry": {
        "coordinates": [
          -146.707264,
          -24.482763
        ],
        "type": "Point"
      },
      "properties": {
        "cipher": "nQWER",
        "has_phrases": false,
        "mode": "value_domain",
        "phrase_count": 0,
        "phrases": [],
        "projection": "value_hash_v1",
        "projection_method": "value_hash_v1",
        "value": 1613
      },
      "type": "Feature"
    },
    {
      "geometry": {
        "coordinates": [
          171.200092,
          39.082333
        ],
        "type": "Point"
      },
      "properties": {
        "cipher": "nQWER",
        "has_phrases": false,
        "mode": "value_domain",
        "phrase_count": 0,
        "phrases": [],
        "projection": "value_hash_v1",
        "projection_method": "value_hash_v1",
        "value": 1614
      },
      "type": "Feature"
    },
    {
      "geometry": {
        "coordinates": [
          -67.860581,
          -77.049734
        ],
        "type": "Point"
      },
      "properties": {
        "cipher": "nQWER",
        "has_phrases": false,
        "mode": "value_domain",
        "phrase_count": 0,
        "phrases": [],
        "projection": "value_hash_v1",
        "projection_method": "value_hash_v1",
        "value": 1615
      },
      "type": "Feature"
    },
    {
      "geometry": {
        "coordinates": [
          -137.889296,
          71.383048
        ],
        "type": "Point"
      },
      "properties": {
        "cipher": "nQWER",
        "has_phrases": false,
        "mode": "value_domain",
        "phrase_count": 0,
        "phrases": [],
        "projection": "value_hash_v1",
        "projection_method": "value_hash_v1",
        "value": 1616
      },
      "type": "Feature"
    },
    {
      "geometry": {
        "coordinates": [
          57.018641,
          88.015263
        ],
        "type": "Point"
      },
      "properties": {
        "cipher": "nQWER",
        "has_phrases": false,
        "mode": "value_domain",
        "phrase_count": 0,
        "phrases": [],
        "projection": "value_hash_v1",
        "projection_method": "value_hash_v1",
        "value": 1617
      },
      "type": "Feature"
    },
    {
      "geometry": {
        "coordinates": [
          -130.832813,
          -2.311522
        ],
        "type": "Point"
      },
      "properties": {
        "cipher": "nQWER",
        "has_phrases": false,
        "mode": "value_domain",
        "phrase_count": 0,
        "phrases": [],
        "projection": "value_hash_v1",
        "projection_method": "value_hash_v1",
        "value": 1618
      },
      "type": "Feature"
    },
    {
      "geometry": {
        "coordinates": [
          34.668329,
          -47.719368
        ],
        "type": "Point"
      },
      "properties": {
        "cipher": "nQWER",
        "has_phrases": false,
        "mode": "value_domain",
        "phrase_count": 0,
        "phrases": [],
        "projection": "value_hash_v1",
        "projection_method": "value_hash_v1",
        "value": 1619
      },
      "type": "Feature"
    },
    {
      "geometry": {
        "coordinates": [
          74.629695,
          -35.409833
        ],
        "type": "Point"
      },
      "properties": {
        "cipher": "nQWER",
        "has_phrases": false,
        "mode": "value_domain",
        "phrase_count": 0,
        "phrases": [],
        "projection": "value_hash_v1",
        "projection_method": "value_hash_v1",
        "value": 1620
      },
      "type": "Feature"
    },
    {
      "geometry": {
        "coordinates": [
          -120.01765,
          3.575839
        ],
        "type": "Point"
      },
      "properties": {
        "cipher": "nQWER",
        "has_phrases": false,
        "mode": "value_domain",
        "phrase_count": 0,
        "phrases": [],
        "projection": "value_hash_v1",
        "projection_method": "value_hash_v1",
        "value": 1621
      },
      "type": "Feature"
    },
    {
      "geometry": {
        "coordinates": [
          179.18838,
          61.313654
        ],
        "type": "Point"
      },
      "properties": {
        "cipher": "nQWER",
        "has_phrases": false,
        "mode": "value_domain",
        "phrase_count": 0,
        "phrases": [],
        "projection": "value_hash_v1",
        "projection_method": "value_hash_v1",
        "value": 1622
      },
      "type": "Feature"
    },
    {
      "geometry": {
        "coordinates": [
          -94.119092,
          0.258945
        ],
        "type": "Point"
      },
      "properties": {
        "cipher": "nQWER",
        "has_phrases": false,
        "mode": "value_domain",
        "phrase_count": 0,
        "phrases": [],
        "projection": "value_hash_v1",
        "projection_method": "value_hash_v1",
        "value": 1623
      },
      "type": "Feature"
    },
    {
      "geometry": {
        "coordinates": [
          -31.140188,
          -80.456163
        ],
        "type": "Point"
      },
      "properties": {
        "cipher": "nQWER",
        "has_phrases": false,
        "mode": "value_domain",
        "phrase_count": 0,
        "phrases": [],
        "projection": "value_hash_v1",
        "projection_method": "value_hash_v1",
        "value": 1624
      },
      "type": "Feature"
    },
    {
      "geometry": {
        "coordinates": [
          -63.66407,
          -22.59837
        ],
        "type": "Point"
      },
      "properties": {
        "cipher": "nQWER",
        "has_phrases": false,
        "mode": "value_domain",
        "phrase_count": 0,
        "phrases": [],
        "projection": "value_hash_v1",
        "projection_method": "value_hash_v1",
        "value": 1625
      },
      "type": "Feature"
    },
    {
      "geometry": {
        "coordinates": [
          -72.606258,
          70.271488
        ],
        "type": "Point"
      },
      "properties": {
        "cipher": "nQWER",
        "has_phrases": false,
        "mode": "value_domain",
        "phrase_count": 0,
        "phrases": [],
        "projection": "value_hash_v1",
        "projection_method": "value_hash_v1",
        "value": 1626
      },
      "type": "Feature"
    },
    {
      "geometry": {
        "coordinates": [
          -144.233328,
          -72.95263
        ],
        "type": "Point"
      },
      "properties": {
        "cipher": "nQWER",
        "has_phrases": false,
        "mode": "value_domain",
        "phrase_count": 0,
        "phrases": [],
        "projection": "value_hash_v1",
        "projection_method": "value_hash_v1",
        "value": 1627
      },
      "type": "Feature"
    },
    {
      "geometry": {
        "coordinates": [
          -138.911615,
          54.152703
        ],
        "type": "Point"
      },
      "properties": {
        "cipher": "nQWER",
        "has_phrases": false,
        "mode": "value_domain",
        "phrase_count": 0,
        "phrases": [],
        "projection": "value_hash_v1",
        "projection_method": "value_hash_v1",
        "value": 1628
      },
      "type": "Feature"
    },
    {
      "geometry": {
        "coordinates": [
          30.029609,
          47.796171
        ],
        "type": "Point"
      },
      "properties": {
        "cipher": "nQWER",
        "has_phrases": false,
        "mode": "value_domain",
        "phrase_count": 0,
        "phrases": [],
        "projection": "value_hash_v1",
        "projection_method": "value_hash_v1",
        "value": 1629
      },
      "type": "Feature"
    },
    {
      "geometry": {
        "coordinates": [
          -17.963436,
          -55.443511
        ],
        "type": "Point"
      },
      "properties": {
        "cipher": "nQWER",
        "has_phrases": false,
        "mode": "value_domain",
        "phrase_count": 0,
        "phrases": [],
        "projection": "value_hash_v1",
        "projection_method": "value_hash_v1",
        "value": 1630
      },
      "type": "Feature"
    },
    {
      "geometry": {
        "coordinates": [
          -73.192168,
          46.468142
        ],
        "type": "Point"
      },
      "properties": {
        "cipher": "nQWER",
        "has_phrases": false,
        "mode": "value_domain",
        "phrase_count": 0,
        "phrases": [],
        "projection": "value_hash_v1",
        "projection_method": "value_hash_v1",
        "value": 1631
      },
      "type": "Feature"
    },
    {
      "geometry": {
        "coordinates": [
          108.276193,
          20.658164
        ],
        "type": "Point"
      },
      "properties": {
        "cipher": "nQWER",
        "has_phrases": false,
        "mode": "value_domain",
        "phrase_count": 0,
        "phrases": [],
        "projection": "value_hash_v1",
        "projection_method": "value_hash_v1",
        "value": 1632
      },
      "type": "Feature"
    },
    {
      "geometry": {
        "coordinates": [
          -89.616448,
          57.590006
        ],
        "type": "Point"
      },
      "properties": {
        "cipher": "nQWER",
        "has_phrases": false,
        "mode": "value_domain",
        "phrase_count": 0,
        "phrases": [],
        "projection": "value_hash_v1",
        "projection_method": "value_hash_v1",
        "value": 1633
      },
      "type": "Feature"
    },
    {
      "geometry": {
        "coordinates": [
          -143.138187,
          38.022923
        ],
        "type": "Point"
      },
      "properties": {
        "cipher": "nQWER",
        "has_phrases": false,
        "mode": "value_domain",
        "phrase_count": 0,
        "phrases": [],
        "projection": "value_hash_v1",
        "projection_method": "value_hash_v1",
        "value": 1634
      },
      "type": "Feature"
    },
    {
      "geometry": {
        "coordinates": [
          -34.959659,
          -36.891088
        ],
        "type": "Point"
      },
      "properties": {
        "cipher": "nQWER",
        "has_phrases": false,
        "mode": "value_domain",
        "phrase_count": 0,
        "phrases": [],
        "projection": "value_hash_v1",
        "projection_method": "value_hash_v1",
        "value": 1635
      },
      "type": "Feature"
    },
    {
      "geometry": {
        "coordinates": [
          -36.271614,
          -12.021836
        ],
        "type": "Point"
      },
      "properties": {
        "cipher": "nQWER",
        "has_phrases": false,
        "mode": "value_domain",
        "phrase_count": 0,
        "phrases": [],
        "projection": "value_hash_v1",
        "projection_method": "value_hash_v1",
        "value": 1636
      },
      "type": "Feature"
    },
    {
      "geometry": {
        "coordinates": [
          50.796869,
          82.671748
        ],
        "type": "Point"
      },
      "properties": {
        "cipher": "nQWER",
        "has_phrases": false,
        "mode": "value_domain",
        "phrase_count": 0,
        "phrases": [],
        "projection": "value_hash_v1",
        "projection_method": "value_hash_v1",
        "value": 1637
      },
      "type": "Feature"
    },
    {
      "geometry": {
        "coordinates": [
          -71.72704,
          -63.8435
        ],
        "type": "Point"
      },
      "properties": {
        "cipher": "nQWER",
        "has_phrases": false,
        "mode": "value_domain",
        "phrase_count": 0,
        "phrases": [],
        "projection": "value_hash_v1",
        "projection_method": "value_hash_v1",
        "value": 1638
      },
      "type": "Feature"
    },
    {
      "geometry": {
        "coordinates": [
          -155.385589,
          45.573499
        ],
        "type": "Point"
      },
      "properties": {
        "cipher": "nQWER",
        "has_phrases": false,
        "mode": "value_domain",
        "phrase_count": 0,
        "phrases": [],
        "projection": "value_hash_v1",
        "projection_method": "value_hash_v1",
        "value": 1639
      },
      "type": "Feature"
    },
    {
      "geometry": {
        "coordinates": [
          -33.606548,
          -33.898641
        ],
        "type": "Point"
      },
      "properties": {
        "cipher": "nQWER",
        "has_phrases": false,
        "mode": "value_domain",
        "phrase_count": 0,
        "phrases": [],
        "projection": "value_hash_v1",
        "projection_method": "value_hash_v1",
        "value": 1640
      },
      "type": "Feature"
    },
    {
      "geometry": {
        "coordinates": [
          -68.491678,
          -28.60532
        ],
        "type": "Point"
      },
      "properties": {
        "cipher": "nQWER",
        "has_phrases": false,
        "mode": "value_domain",
        "phrase_count": 0,
        "phrases": [],
        "projection": "value_hash_v1",
        "projection_method": "value_hash_v1",
        "value": 1641
      },
      "type": "Feature"
    },
    {
      "geometry": {
        "coordinates": [
          51.646539,
          -0.570181
        ],
        "type": "Point"
      },
      "properties": {
        "cipher": "nQWER",
        "has_phrases": false,
        "mode": "value_domain",
        "phrase_count": 0,
        "phrases": [],
        "projection": "value_hash_v1",
        "projection_method": "value_hash_v1",
        "value": 1642
      },
      "type": "Feature"
    },
    {
      "geometry": {
        "coordinates": [
          -99.987642,
          -61.258547
        ],
        "type": "Point"
      },
      "properties": {
        "cipher": "nQWER",
        "has_phrases": false,
        "mode": "value_domain",
        "phrase_count": 0,
        "phrases": [],
        "projection": "value_hash_v1",
        "projection_method": "value_hash_v1",
        "value": 1643
      },
      "type": "Feature"
    },
    {
      "geometry": {
        "coordinates": [
          -147.302491,
          2.712479
        ],
        "type": "Point"
      },
      "properties": {
        "cipher": "nQWER",
        "has_phrases": false,
        "mode": "value_domain",
        "phrase_count": 0,
        "phrases": [],
        "projection": "value_hash_v1",
        "projection_method": "value_hash_v1",
        "value": 1644
      },
      "type": "Feature"
    },
    {
      "geometry": {
        "coordinates": [
          -74.607953,
          39.458031
        ],
        "type": "Point"
      },
      "properties": {
        "cipher": "nQWER",
        "has_phrases": false,
        "mode": "value_domain",
        "phrase_count": 0,
        "phrases": [],
        "projection": "value_hash_v1",
        "projection_method": "value_hash_v1",
        "value": 1645
      },
      "type": "Feature"
    },
    {
      "geometry": {
        "coordinates": [
          65.035795,
          -50.281832
        ],
        "type": "Point"
      },
      "properties": {
        "cipher": "nQWER",
        "has_phrases": false,
        "mode": "value_domain",
        "phrase_count": 0,
        "phrases": [],
        "projection": "value_hash_v1",
        "projection_method": "value_hash_v1",
        "value": 1646
      },
      "type": "Feature"
    },
    {
      "geometry": {
        "coordinates": [
          -166.727956,
          14.243945
        ],
        "type": "Point"
      },
      "properties": {
        "cipher": "nQWER",
        "has_phrases": false,
        "mode": "value_domain",
        "phrase_count": 0,
        "phrases": [],
        "projection": "value_hash_v1",
        "projection_method": "value_hash_v1",
        "value": 1647
      },
      "type": "Feature"
    },
    {
      "geometry": {
        "coordinates": [
          -43.373374,
          -54.962003
        ],
        "type": "Point"
      },
      "properties": {
        "cipher": "nQWER",
        "has_phrases": false,
        "mode": "value_domain",
        "phrase_count": 0,
        "phrases": [],
        "projection": "value_hash_v1",
        "projection_method": "value_hash_v1",
        "value": 1648
      },
      "type": "Feature"
    },
    {
      "geometry": {
        "coordinates": [
          149.522276,
          -53.053052
        ],
        "type": "Point"
      },
      "properties": {
        "cipher": "nQWER",
        "has_phrases": false,
        "mode": "value_domain",
        "phrase_count": 0,
        "phrases": [],
        "projection": "value_hash_v1",
        "projection_method": "value_hash_v1",
        "value": 1649
      },
      "type": "Feature"
    },
    {
      "geometry": {
        "coordinates": [
          -159.433614,
          88.125948
        ],
        "type": "Point"
      },
      "properties": {
        "cipher": "nQWER",
        "has_phrases": false,
        "mode": "value_domain",
        "phrase_count": 0,
        "phrases": [],
        "projection": "value_hash_v1",
        "projection_method": "value_hash_v1",
        "value": 1650
      },
      "type": "Feature"
    },
    {
      "geometry": {
        "coordinates": [
          -48.35943,
          42.782543
        ],
        "type": "Point"
      },
      "properties": {
        "cipher": "nQWER",
        "has_phrases": false,
        "mode": "value_domain",
        "phrase_count": 0,
        "phrases": [],
        "projection": "value_hash_v1",
        "projection_method": "value_hash_v1",
        "value": 1651
      },
      "type": "Feature"
    },
    {
      "geometry": {
        "coordinates": [
          164.437017,
          32.83373
        ],
        "type": "Point"
      },
      "properties": {
        "cipher": "nQWER",
        "has_phrases": false,
        "mode": "value_domain",
        "phrase_count": 0,
        "phrases": [],
        "projection": "value_hash_v1",
        "projection_method": "value_hash_v1",
        "value": 1652
      },
      "type": "Feature"
    },
    {
      "geometry": {
        "coordinates": [
          -73.52161,
          -71.384527
        ],
        "type": "Point"
      },
      "properties": {
        "cipher": "nQWER",
        "has_phrases": false,
        "mode": "value_domain",
        "phrase_count": 0,
        "phrases": [],
        "projection": "value_hash_v1",
        "projection_method": "value_hash_v1",
        "value": 1653
      },
      "type": "Feature"
    },
    {
      "geometry": {
        "coordinates": [
          35.384765,
          -41.402017
        ],
        "type": "Point"
      },
      "properties": {
        "cipher": "nQWER",
        "has_phrases": false,
        "mode": "value_domain",
        "phrase_count": 0,
        "phrases": [],
        "projection": "value_hash_v1",
        "projection_method": "value_hash_v1",
        "value": 1654
      },
      "type": "Feature"
    },
    {
      "geometry": {
        "coordinates": [
          -48.14733,
          73.555494
        ],
        "type": "Point"
      },
      "properties": {
        "cipher": "nQWER",
        "has_phrases": false,
        "mode": "value_domain",
        "phrase_count": 0,
        "phrases": [],
        "projection": "value_hash_v1",
        "projection_method": "value_hash_v1",
        "value": 1655
      },
      "type": "Feature"
    },
    {
      "geometry": {
        "coordinates": [
          175.940809,
          -28.041419
        ],
        "type": "Point"
      },
      "properties": {
        "cipher": "nQWER",
        "has_phrases": false,
        "mode": "value_domain",
        "phrase_count": 0,
        "phrases": [],
        "projection": "value_hash_v1",
        "projection_method": "value_hash_v1",
        "value": 1656
      },
      "type": "Feature"
    },
    {
      "geometry": {
        "coordinates": [
          -104.264407,
          33.554668
        ],
        "type": "Point"
      },
      "properties": {
        "cipher": "nQWER",
        "has_phrases": false,
        "mode": "value_domain",
        "phrase_count": 0,
        "phrases": [],
        "projection": "value_hash_v1",
        "projection_method": "value_hash_v1",
        "value": 1657
      },
      "type": "Feature"
    },
    {
      "geometry": {
        "coordinates": [
          -170.81501,
          -37.245351
        ],
        "type": "Point"
      },
      "properties": {
        "cipher": "nQWER",
        "has_phrases": false,
        "mode": "value_domain",
        "phrase_count": 0,
        "phrases": [],
        "projection": "value_hash_v1",
        "projection_method": "value_hash_v1",
        "value": 1658
      },
      "type": "Feature"
    },
    {
      "geometry": {
        "coordinates": [
          0.38589,
          -76.682173
        ],
        "type": "Point"
      },
      "properties": {
        "cipher": "nQWER",
        "has_phrases": false,
        "mode": "value_domain",
        "phrase_count": 0,
        "phrases": [],
        "projection": "value_hash_v1",
        "projection_method": "value_hash_v1",
        "value": 1659
      },
      "type": "Feature"
    },
    {
      "geometry": {
        "coordinates": [
          140.54524,
          -89.017673
        ],
        "type": "Point"
      },
      "properties": {
        "cipher": "nQWER",
        "has_phrases": false,
        "mode": "value_domain",
        "phrase_count": 0,
        "phrases": [],
        "projection": "value_hash_v1",
        "projection_method": "value_hash_v1",
        "value": 1660
      },
      "type": "Feature"
    },
    {
      "geometry": {
        "coordinates": [
          -139.828674,
          -72.084999
        ],
        "type": "Point"
      },
      "properties": {
        "cipher": "nQWER",
        "has_phrases": false,
        "mode": "value_domain",
        "phrase_count": 0,
        "phrases": [],
        "projection": "value_hash_v1",
        "projection_method": "value_hash_v1",
        "value": 1661
      },
      "type": "Feature"
    },
    {
      "geometry": {
        "coordinates": [
          -163.637914,
          70.943591
        ],
        "type": "Point"
      },
      "properties": {
        "cipher": "nQWER",
        "has_phrases": false,
        "mode": "value_domain",
        "phrase_count": 0,
        "phrases": [],
        "projection": "value_hash_v1",
        "projection_method": "value_hash_v1",
        "value": 1662
      },
      "type": "Feature"
    },
    {
      "geometry": {
        "coordinates": [
          -89.042864,
          12.985564
        ],
        "type": "Point"
      },
      "properties": {
        "cipher": "nQWER",
        "has_phrases": false,
        "mode": "value_domain",
        "phrase_count": 0,
        "phrases": [],
        "projection": "value_hash_v1",
        "projection_method": "value_hash_v1",
        "value": 1663
      },
      "type": "Feature"
    },
    {
      "geometry": {
        "coordinates": [
          170.291684,
          -63.526774
        ],
        "type": "Point"
      },
      "properties": {
        "cipher": "nQWER",
        "has_phrases": false,
        "mode": "value_domain",
        "phrase_count": 0,
        "phrases": [],
        "projection": "value_hash_v1",
        "projection_method": "value_hash_v1",
        "value": 1664
      },
      "type": "Feature"
    },
    {
      "geometry": {
        "coordinates": [
          159.62623,
          -8.003351
        ],
        "type": "Point"
      },
      "properties": {
        "cipher": "nQWER",
        "has_phrases": false,
        "mode": "value_domain",
        "phrase_count": 0,
        "phrases": [],
        "projection": "value_hash_v1",
        "projection_method": "value_hash_v1",
        "value": 1665
      },
      "type": "Feature"
    },
    {
      "geometry": {
        "coordinates": [
          -42.281257,
          1.538418
        ],
        "type": "Point"
      },
      "properties": {
        "cipher": "nQWER",
        "has_phrases": false,
        "mode": "value_domain",
        "phrase_count": 0,
        "phrases": [],
        "projection": "value_hash_v1",
        "projection_method": "value_hash_v1",
        "value": 1666
      },
      "type": "Feature"
    },
    {
      "geometry": {
        "coordinates": [
          -14.341569,
          -49.9565
        ],
        "type": "Point"
      },
      "properties": {
        "cipher": "nQWER",
        "has_phrases": false,
        "mode": "value_domain",
        "phrase_count": 0,
        "phrases": [],
        "projection": "value_hash_v1",
        "projection_method": "value_hash_v1",
        "value": 1667
      },
      "type": "Feature"
    },
    {
      "geometry": {
        "coordinates": [
          118.000411,
          58.232248
        ],
        "type": "Point"
      },
      "properties": {
        "cipher": "nQWER",
        "has_phrases": false,
        "mode": "value_domain",
        "phrase_count": 0,
        "phrases": [],
        "projection": "value_hash_v1",
        "projection_method": "value_hash_v1",
        "value": 1668
      },
      "type": "Feature"
    },
    {
      "geometry": {
        "coordinates": [
          124.700972,
          54.149111
        ],
        "type": "Point"
      },
      "properties": {
        "cipher": "nQWER",
        "has_phrases": false,
        "mode": "value_domain",
        "phrase_count": 0,
        "phrases": [],
        "projection": "value_hash_v1",
        "projection_method": "value_hash_v1",
        "value": 1669
      },
      "type": "Feature"
    },
    {
      "geometry": {
        "coordinates": [
          155.60037,
          1.295022
        ],
        "type": "Point"
      },
      "properties": {
        "cipher": "nQWER",
        "has_phrases": false,
        "mode": "value_domain",
        "phrase_count": 0,
        "phrases": [],
        "projection": "value_hash_v1",
        "projection_method": "value_hash_v1",
        "value": 1670
      },
      "type": "Feature"
    },
    {
      "geometry": {
        "coordinates": [
          -83.567791,
          87.707685
        ],
        "type": "Point"
      },
      "properties": {
        "cipher": "nQWER",
        "has_phrases": false,
        "mode": "value_domain",
        "phrase_count": 0,
        "phrases": [],
        "projection": "value_hash_v1",
        "projection_method": "value_hash_v1",
        "value": 1671
      },
      "type": "Feature"
    },
    {
      "geometry": {
        "coordinates": [
          -39.228715,
          39.610568
        ],
        "type": "Point"
      },
      "properties": {
        "cipher": "nQWER",
        "has_phrases": false,
        "mode": "value_domain",
        "phrase_count": 0,
        "phrases": [],
        "projection": "value_hash_v1",
        "projection_method": "value_hash_v1",
        "value": 1672
      },
      "type": "Feature"
    },
    {
      "geometry": {
        "coordinates": [
          171.280238,
          35.994621
        ],
        "type": "Point"
      },
      "properties": {
        "cipher": "nQWER",
        "has_phrases": false,
        "mode": "value_domain",
        "phrase_count": 0,
        "phrases": [],
        "projection": "value_hash_v1",
        "projection_method": "value_hash_v1",
        "value": 1673
      },
      "type": "Feature"
    },
    {
      "geometry": {
        "coordinates": [
          -107.49129,
          35.769506
        ],
        "type": "Point"
      },
      "properties": {
        "cipher": "nQWER",
        "has_phrases": false,
        "mode": "value_domain",
        "phrase_count": 0,
        "phrases": [],
        "projection": "value_hash_v1",
        "projection_method": "value_hash_v1",
        "value": 1674
      },
      "type": "Feature"
    },
    {
      "geometry": {
        "coordinates": [
          3.847971,
          29.810471
        ],
        "type": "Point"
      },
      "properties": {
        "cipher": "nQWER",
        "has_phrases": false,
        "mode": "value_domain",
        "phrase_count": 0,
        "phrases": [],
        "projection": "value_hash_v1",
        "projection_method": "value_hash_v1",
        "value": 1675
      },
      "type": "Feature"
    },
    {
      "geometry": {
        "coordinates": [
          -36.98554,
          47.979483
        ],
        "type": "Point"
      },
      "properties": {
        "cipher": "nQWER",
        "has_phrases": false,
        "mode": "value_domain",
        "phrase_count": 0,
        "phrases": [],
        "projection": "value_hash_v1",
        "projection_method": "value_hash_v1",
        "value": 1676
      },
      "type": "Feature"
    },
    {
      "geometry": {
        "coordinates": [
          -32.638817,
          41.908545
        ],
        "type": "Point"
      },
      "properties": {
        "cipher": "nQWER",
        "has_phrases": false,
        "mode": "value_domain",
        "phrase_count": 0,
        "phrases": [],
        "projection": "value_hash_v1",
        "projection_method": "value_hash_v1",
        "value": 1677
      },
      "type": "Feature"
    },
    {
      "geometry": {
        "coordinates": [
          159.82566,
          -66.724557
        ],
        "type": "Point"
      },
      "properties": {
        "cipher": "nQWER",
        "has_phrases": false,
        "mode": "value_domain",
        "phrase_count": 0,
        "phrases": [],
        "projection": "value_hash_v1",
        "projection_method": "value_hash_v1",
        "value": 1678
      },
      "type": "Feature"
    },
    {
      "geometry": {
        "coordinates": [
          -66.434386,
          53.671265
        ],
        "type": "Point"
      },
      "properties": {
        "cipher": "nQWER",
        "has_phrases": false,
        "mode": "value_domain",
        "phrase_count": 0,
        "phrases": [],
        "projection": "value_hash_v1",
        "projection_method": "value_hash_v1",
        "value": 1679
      },
      "type": "Feature"
    },
    {
      "geometry": {
        "coordinates": [
          -130.801658,
          88.414065
        ],
        "type": "Point"
      },
      "properties": {
        "cipher": "nQWER",
        "has_phrases": false,
        "mode": "value_domain",
        "phrase_count": 0,
        "phrases": [],
        "projection": "value_hash_v1",
        "projection_method": "value_hash_v1",
        "value": 1680
      },
      "type": "Feature"
    },
    {
      "geometry": {
        "coordinates": [
          114.837321,
          -70.754958
        ],
        "type": "Point"
      },
      "properties": {
        "cipher": "nQWER",
        "has_phrases": false,
        "mode": "value_domain",
        "phrase_count": 0,
        "phrases": [],
        "projection": "value_hash_v1",
        "projection_method": "value_hash_v1",
        "value": 1681
      },
      "type": "Feature"
    },
    {
      "geometry": {
        "coordinates": [
          -9.815253,
          -47.412062
        ],
        "type": "Point"
      },
      "properties": {
        "cipher": "nQWER",
        "has_phrases": false,
        "mode": "value_domain",
        "phrase_count": 0,
        "phrases": [],
        "projection": "value_hash_v1",
        "projection_method": "value_hash_v1",
        "value": 1682
      },
      "type": "Feature"
    },
    {
      "geometry": {
        "coordinates": [
          16.446654,
          69.189389
        ],
        "type": "Point"
      },
      "properties": {
        "cipher": "nQWER",
        "has_phrases": false,
        "mode": "value_domain",
        "phrase_count": 0,
        "phrases": [],
        "projection": "value_hash_v1",
        "projection_method": "value_hash_v1",
        "value": 1683
      },
      "type": "Feature"
    },
    {
      "geometry": {
        "coordinates": [
          -98.436577,
          -25.86221
        ],
        "type": "Point"
      },
      "properties": {
        "cipher": "nQWER",
        "has_phrases": false,
        "mode": "value_domain",
        "phrase_count": 0,
        "phrases": [],
        "projection": "value_hash_v1",
        "projection_method": "value_hash_v1",
        "value": 1684
      },
      "type": "Feature"
    },
    {
      "geometry": {
        "coordinates": [
          -42.700684,
          -18.017566
        ],
        "type": "Point"
      },
      "properties": {
        "cipher": "nQWER",
        "has_phrases": false,
        "mode": "value_domain",
        "phrase_count": 0,
        "phrases": [],
        "projection": "value_hash_v1",
        "projection_method": "value_hash_v1",
        "value": 1685
      },
      "type": "Feature"
    },
    {
      "geometry": {
        "coordinates": [
          -109.976992,
          7.877924
        ],
        "type": "Point"
      },
      "properties": {
        "cipher": "nQWER",
        "has_phrases": false,
        "mode": "value_domain",
        "phrase_count": 0,
        "phrases": [],
        "projection": "value_hash_v1",
        "projection_method": "value_hash_v1",
        "value": 1686
      },
      "type": "Feature"
    },
    {
      "geometry": {
        "coordinates": [
          -76.336034,
          1.722156
        ],
        "type": "Point"
      },
      "properties": {
        "cipher": "nQWER",
        "has_phrases": false,
        "mode": "value_domain",
        "phrase_count": 0,
        "phrases": [],
        "projection": "value_hash_v1",
        "projection_method": "value_hash_v1",
        "value": 1687
      },
      "type": "Feature"
    },
    {
      "geometry": {
        "coordinates": [
          -12.142974,
          -71.415237
        ],
        "type": "Point"
      },
      "properties": {
        "cipher": "nQWER",
        "has_phrases": false,
        "mode": "value_domain",
        "phrase_count": 0,
        "phrases": [],
        "projection": "value_hash_v1",
        "projection_method": "value_hash_v1",
        "value": 1688
      },
      "type": "Feature"
    },
    {
      "geometry": {
        "coordinates": [
          -118.638389,
          -71.518763
        ],
        "type": "Point"
      },
      "properties": {
        "cipher": "nQWER",
        "has_phrases": false,
        "mode": "value_domain",
        "phrase_count": 0,
        "phrases": [],
        "projection": "value_hash_v1",
        "projection_method": "value_hash_v1",
        "value": 1689
      },
      "type": "Feature"
    },
    {
      "geometry": {
        "coordinates": [
          -158.752305,
          -32.249779
        ],
        "type": "Point"
      },
      "properties": {
        "cipher": "nQWER",
        "has_phrases": false,
        "mode": "value_domain",
        "phrase_count": 0,
        "phrases": [],
        "projection": "value_hash_v1",
        "projection_method": "value_hash_v1",
        "value": 1690
      },
      "type": "Feature"
    },
    {
      "geometry": {
        "coordinates": [
          -106.256028,
          28.211388
        ],
        "type": "Point"
      },
      "properties": {
        "cipher": "nQWER",
        "has_phrases": false,
        "mode": "value_domain",
        "phrase_count": 0,
        "phrases": [],
        "projection": "value_hash_v1",
        "projection_method": "value_hash_v1",
        "value": 1691
      },
      "type": "Feature"
    },
    {
      "geometry": {
        "coordinates": [
          -139.81531,
          -58.978749
        ],
        "type": "Point"
      },
      "properties": {
        "cipher": "nQWER",
        "has_phrases": false,
        "mode": "value_domain",
        "phrase_count": 0,
        "phrases": [],
        "projection": "value_hash_v1",
        "projection_method": "value_hash_v1",
        "value": 1692
      },
      "type": "Feature"
    },
    {
      "geometry": {
        "coordinates": [
          142.859344,
          -87.584309
        ],
        "type": "Point"
      },
      "properties": {
        "cipher": "nQWER",
        "has_phrases": false,
        "mode": "value_domain",
        "phrase_count": 0,
        "phrases": [],
        "projection": "value_hash_v1",
        "projection_method": "value_hash_v1",
        "value": 1693
      },
      "type": "Feature"
    },
    {
      "geometry": {
        "coordinates": [
          148.385121,
          -3.029531
        ],
        "type": "Point"
      },
      "properties": {
        "cipher": "nQWER",
        "has_phrases": false,
        "mode": "value_domain",
        "phrase_count": 0,
        "phrases": [],
        "projection": "value_hash_v1",
        "projection_method": "value_hash_v1",
        "value": 1694
      },
      "type": "Feature"
    },
    {
      "geometry": {
        "coordinates": [
          -84.427309,
          -0.860601
        ],
        "type": "Point"
      },
      "properties": {
        "cipher": "nQWER",
        "has_phrases": false,
        "mode": "value_domain",
        "phrase_count": 0,
        "phrases": [],
        "projection": "value_hash_v1",
        "projection_method": "value_hash_v1",
        "value": 1695
      },
      "type": "Feature"
    },
    {
      "geometry": {
        "coordinates": [
          46.226841,
          -60.589791
        ],
        "type": "Point"
      },
      "properties": {
        "cipher": "nQWER",
        "has_phrases": false,
        "mode": "value_domain",
        "phrase_count": 0,
        "phrases": [],
        "projection": "value_hash_v1",
        "projection_method": "value_hash_v1",
        "value": 1696
      },
      "type": "Feature"
    },
    {
      "geometry": {
        "coordinates": [
          33.367106,
          -31.487004
        ],
        "type": "Point"
      },
      "properties": {
        "cipher": "nQWER",
        "has_phrases": false,
        "mode": "value_domain",
        "phrase_count": 0,
        "phrases": [],
        "projection": "value_hash_v1",
        "projection_method": "value_hash_v1",
        "value": 1697
      },
      "type": "Feature"
    },
    {
      "geometry": {
        "coordinates": [
          23.320954,
          6.958299
        ],
        "type": "Point"
      },
      "properties": {
        "cipher": "nQWER",
        "has_phrases": false,
        "mode": "value_domain",
        "phrase_count": 0,
        "phrases": [],
        "projection": "value_hash_v1",
        "projection_method": "value_hash_v1",
        "value": 1698
      },
      "type": "Feature"
    },
    {
      "geometry": {
        "coordinates": [
          -16.712258,
          -39.856795
        ],
        "type": "Point"
      },
      "properties": {
        "cipher": "nQWER",
        "has_phrases": false,
        "mode": "value_domain",
        "phrase_count": 0,
        "phrases": [],
        "projection": "value_hash_v1",
        "projection_method": "value_hash_v1",
        "value": 1699
      },
      "type": "Feature"
    },
    {
      "geometry": {
        "coordinates": [
          -56.84346,
          85.016208
        ],
        "type": "Point"
      },
      "properties": {
        "cipher": "nQWER",
        "has_phrases": false,
        "mode": "value_domain",
        "phrase_count": 0,
        "phrases": [],
        "projection": "value_hash_v1",
        "projection_method": "value_hash_v1",
        "value": 1700
      },
      "type": "Feature"
    },
    {
      "geometry": {
        "coordinates": [
          161.901937,
          32.631204
        ],
        "type": "Point"
      },
      "properties": {
        "cipher": "nQWER",
        "has_phrases": false,
        "mode": "value_domain",
        "phrase_count": 0,
        "phrases": [],
        "projection": "value_hash_v1",
        "projection_method": "value_hash_v1",
        "value": 1701
      },
      "type": "Feature"
    },
    {
      "geometry": {
        "coordinates": [
          113.013133,
          -2.209782
        ],
        "type": "Point"
      },
      "properties": {
        "cipher": "nQWER",
        "has_phrases": false,
        "mode": "value_domain",
        "phrase_count": 0,
        "phrases": [],
        "projection": "value_hash_v1",
        "projection_method": "value_hash_v1",
        "value": 1702
      },
      "type": "Feature"
    },
    {
      "geometry": {
        "coordinates": [
          -83.589749,
          43.276228
        ],
        "type": "Point"
      },
      "properties": {
        "cipher": "nQWER",
        "has_phrases": false,
        "mode": "value_domain",
        "phrase_count": 0,
        "phrases": [],
        "projection": "value_hash_v1",
        "projection_method": "value_hash_v1",
        "value": 1703
      },
      "type": "Feature"
    },
    {
      "geometry": {
        "coordinates": [
          91.918514,
          -32.071241
        ],
        "type": "Point"
      },
      "properties": {
        "cipher": "nQWER",
        "has_phrases": false,
        "mode": "value_domain",
        "phrase_count": 0,
        "phrases": [],
        "projection": "value_hash_v1",
        "projection_method": "value_hash_v1",
        "value": 1704
      },
      "type": "Feature"
    },
    {
      "geometry": {
        "coordinates": [
          -131.016989,
          76.724107
        ],
        "type": "Point"
      },
      "properties": {
        "cipher": "nQWER",
        "has_phrases": false,
        "mode": "value_domain",
        "phrase_count": 0,
        "phrases": [],
        "projection": "value_hash_v1",
        "projection_method": "value_hash_v1",
        "value": 1705
      },
      "type": "Feature"
    },
    {
      "geometry": {
        "coordinates": [
          -91.103624,
          77.091604
        ],
        "type": "Point"
      },
      "properties": {
        "cipher": "nQWER",
        "has_phrases": false,
        "mode": "value_domain",
        "phrase_count": 0,
        "phrases": [],
        "projection": "value_hash_v1",
        "projection_method": "value_hash_v1",
        "value": 1706
      },
      "type": "Feature"
    },
    {
      "geometry": {
        "coordinates": [
          179.576198,
          -79.45499
        ],
        "type": "Point"
      },
      "properties": {
        "cipher": "nQWER",
        "has_phrases": false,
        "mode": "value_domain",
        "phrase_count": 0,
        "phrases": [],
        "projection": "value_hash_v1",
        "projection_method": "value_hash_v1",
        "value": 1707
      },
      "type": "Feature"
    },
    {
      "geometry": {
        "coordinates": [
          -82.290436,
          17.402312
        ],
        "type": "Point"
      },
      "properties": {
        "cipher": "nQWER",
        "has_phrases": false,
        "mode": "value_domain",
        "phrase_count": 0,
        "phrases": [],
        "projection": "value_hash_v1",
        "projection_method": "value_hash_v1",
        "value": 1708
      },
      "type": "Feature"
    },
    {
      "geometry": {
        "coordinates": [
          29.607473,
          33.132057
        ],
        "type": "Point"
      },
      "properties": {
        "cipher": "nQWER",
        "has_phrases": false,
        "mode": "value_domain",
        "phrase_count": 0,
        "phrases": [],
        "projection": "value_hash_v1",
        "projection_method": "value_hash_v1",
        "value": 1709
      },
      "type": "Feature"
    },
    {
      "geometry": {
        "coordinates": [
          73.802896,
          26.252715
        ],
        "type": "Point"
      },
      "properties": {
        "cipher": "nQWER",
        "has_phrases": false,
        "mode": "value_domain",
        "phrase_count": 0,
        "phrases": [],
        "projection": "value_hash_v1",
        "projection_method": "value_hash_v1",
        "value": 1710
      },
      "type": "Feature"
    },
    {
      "geometry": {
        "coordinates": [
          95.655844,
          30.415623
        ],
        "type": "Point"
      },
      "properties": {
        "cipher": "nQWER",
        "has_phrases": false,
        "mode": "value_domain",
        "phrase_count": 0,
        "phrases": [],
        "projection": "value_hash_v1",
        "projection_method": "value_hash_v1",
        "value": 1711
      },
      "type": "Feature"
    },
    {
      "geometry": {
        "coordinates": [
          -138.393342,
          38.229977
        ],
        "type": "Point"
      },
      "properties": {
        "cipher": "nQWER",
        "has_phrases": false,
        "mode": "value_domain",
        "phrase_count": 0,
        "phrases": [],
        "projection": "value_hash_v1",
        "projection_method": "value_hash_v1",
        "value": 1712
      },
      "type": "Feature"
    },
    {
      "geometry": {
        "coordinates": [
          -36.439518,
          34.96242
        ],
        "type": "Point"
      },
      "properties": {
        "cipher": "nQWER",
        "has_phrases": false,
        "mode": "value_domain",
        "phrase_count": 0,
        "phrases": [],
        "projection": "value_hash_v1",
        "projection_method": "value_hash_v1",
        "value": 1713
      },
      "type": "Feature"
    },
    {
      "geometry": {
        "coordinates": [
          118.929994,
          -84.603518
        ],
        "type": "Point"
      },
      "properties": {
        "cipher": "nQWER",
        "has_phrases": false,
        "mode": "value_domain",
        "phrase_count": 0,
        "phrases": [],
        "projection": "value_hash_v1",
        "projection_method": "value_hash_v1",
        "value": 1714
      },
      "type": "Feature"
    },
    {
      "geometry": {
        "coordinates": [
          -168.086941,
          -8.895676
        ],
        "type": "Point"
      },
      "properties": {
        "cipher": "nQWER",
        "has_phrases": false,
        "mode": "value_domain",
        "phrase_count": 0,
        "phrases": [],
        "projection": "value_hash_v1",
        "projection_method": "value_hash_v1",
        "value": 1715
      },
      "type": "Feature"
    },
    {
      "geometry": {
        "coordinates": [
          -44.100481,
          -22.836736
        ],
        "type": "Point"
      },
      "properties": {
        "cipher": "nQWER",
        "has_phrases": false,
        "mode": "value_domain",
        "phrase_count": 0,
        "phrases": [],
        "projection": "value_hash_v1",
        "projection_method": "value_hash_v1",
        "value": 1716
      },
      "type": "Feature"
    },
    {
      "geometry": {
        "coordinates": [
          -95.218546,
          -10.245281
        ],
        "type": "Point"
      },
      "properties": {
        "cipher": "nQWER",
        "has_phrases": false,
        "mode": "value_domain",
        "phrase_count": 0,
        "phrases": [],
        "projection": "value_hash_v1",
        "projection_method": "value_hash_v1",
        "value": 1717
      },
      "type": "Feature"
    },
    {
      "geometry": {
        "coordinates": [
          -46.511447,
          29.136218
        ],
        "type": "Point"
      },
      "properties": {
        "cipher": "nQWER",
        "has_phrases": false,
        "mode": "value_domain",
        "phrase_count": 0,
        "phrases": [],
        "projection": "value_hash_v1",
        "projection_method": "value_hash_v1",
        "value": 1718
      },
      "type": "Feature"
    },
    {
      "geometry": {
        "coordinates": [
          -147.969622,
          -84.927514
        ],
        "type": "Point"
      },
      "properties": {
        "cipher": "nQWER",
        "has_phrases": false,
        "mode": "value_domain",
        "phrase_count": 0,
        "phrases": [],
        "projection": "value_hash_v1",
        "projection_method": "value_hash_v1",
        "value": 1719
      },
      "type": "Feature"
    },
    {
      "geometry": {
        "coordinates": [
          164.600802,
          -74.253841
        ],
        "type": "Point"
      },
      "properties": {
        "cipher": "nQWER",
        "has_phrases": false,
        "mode": "value_domain",
        "phrase_count": 0,
        "phrases": [],
        "projection": "value_hash_v1",
        "projection_method": "value_hash_v1",
        "value": 1720
      },
      "type": "Feature"
    },
    {
      "geometry": {
        "coordinates": [
          12.677905,
          89.638733
        ],
        "type": "Point"
      },
      "properties": {
        "cipher": "nQWER",
        "has_phrases": false,
        "mode": "value_domain",
        "phrase_count": 0,
        "phrases": [],
        "projection": "value_hash_v1",
        "projection_method": "value_hash_v1",
        "value": 1721
      },
      "type": "Feature"
    },
    {
      "geometry": {
        "coordinates": [
          47.358115,
          -30.75997
        ],
        "type": "Point"
      },
      "properties": {
        "cipher": "nQWER",
        "has_phrases": false,
        "mode": "value_domain",
        "phrase_count": 0,
        "phrases": [],
        "projection": "value_hash_v1",
        "projection_method": "value_hash_v1",
        "value": 1722
      },
      "type": "Feature"
    },
    {
      "geometry": {
        "coordinates": [
          -18.241948,
          -3.820812
        ],
        "type": "Point"
      },
      "properties": {
        "cipher": "nQWER",
        "has_phrases": false,
        "mode": "value_domain",
        "phrase_count": 0,
        "phrases": [],
        "projection": "value_hash_v1",
        "projection_method": "value_hash_v1",
        "value": 1723
      },
      "type": "Feature"
    },
    {
      "geometry": {
        "coordinates": [
          57.946725,
          74.540513
        ],
        "type": "Point"
      },
      "properties": {
        "cipher": "nQWER",
        "has_phrases": false,
        "mode": "value_domain",
        "phrase_count": 0,
        "phrases": [],
        "projection": "value_hash_v1",
        "projection_method": "value_hash_v1",
        "value": 1724
      },
      "type": "Feature"
    },
    {
      "geometry": {
        "coordinates": [
          -169.139752,
          60.94892
        ],
        "type": "Point"
      },
      "properties": {
        "cipher": "nQWER",
        "has_phrases": false,
        "mode": "value_domain",
        "phrase_count": 0,
        "phrases": [],
        "projection": "value_hash_v1",
        "projection_method": "value_hash_v1",
        "value": 1725
      },
      "type": "Feature"
    },
    {
      "geometry": {
        "coordinates": [
          108.932363,
          -59.60993
        ],
        "type": "Point"
      },
      "properties": {
        "cipher": "nQWER",
        "has_phrases": false,
        "mode": "value_domain",
        "phrase_count": 0,
        "phrases": [],
        "projection": "value_hash_v1",
        "projection_method": "value_hash_v1",
        "value": 1726
      },
      "type": "Feature"
    },
    {
      "geometry": {
        "coordinates": [
          134.607139,
          -11.888203
        ],
        "type": "Point"
      },
      "properties": {
        "cipher": "nQWER",
        "has_phrases": false,
        "mode": "value_domain",
        "phrase_count": 0,
        "phrases": [],
        "projection": "value_hash_v1",
        "projection_method": "value_hash_v1",
        "value": 1727
      },
      "type": "Feature"
    },
    {
      "geometry": {
        "coordinates": [
          -144.300133,
          79.971776
        ],
        "type": "Point"
      },
      "properties": {
        "cipher": "nQWER",
        "has_phrases": false,
        "mode": "value_domain",
        "phrase_count": 0,
        "phrases": [],
        "projection": "value_hash_v1",
        "projection_method": "value_hash_v1",
        "value": 1728
      },
      "type": "Feature"
    },
    {
      "geometry": {
        "coordinates": [
          -26.52783,
          75.483776
        ],
        "type": "Point"
      },
      "properties": {
        "cipher": "nQWER",
        "has_phrases": false,
        "mode": "value_domain",
        "phrase_count": 0,
        "phrases": [],
        "projection": "value_hash_v1",
        "projection_method": "value_hash_v1",
        "value": 1729
      },
      "type": "Feature"
    },
    {
      "geometry": {
        "coordinates": [
          33.467731,
          -27.967176
        ],
        "type": "Point"
      },
      "properties": {
        "cipher": "nQWER",
        "has_phrases": false,
        "mode": "value_domain",
        "phrase_count": 0,
        "phrases": [],
        "projection": "value_hash_v1",
        "projection_method": "value_hash_v1",
        "value": 1730
      },
      "type": "Feature"
    },
    {
      "geometry": {
        "coordinates": [
          41.11458,
          41.882381
        ],
        "type": "Point"
      },
      "properties": {
        "cipher": "nQWER",
        "has_phrases": false,
        "mode": "value_domain",
        "phrase_count": 0,
        "phrases": [],
        "projection": "value_hash_v1",
        "projection_method": "value_hash_v1",
        "value": 1731
      },
      "type": "Feature"
    },
    {
      "geometry": {
        "coordinates": [
          -88.011043,
          -16.660788
        ],
        "type": "Point"
      },
      "properties": {
        "cipher": "nQWER",
        "has_phrases": false,
        "mode": "value_domain",
        "phrase_count": 0,
        "phrases": [],
        "projection": "value_hash_v1",
        "projection_method": "value_hash_v1",
        "value": 1732
      },
      "type": "Feature"
    },
    {
      "geometry": {
        "coordinates": [
          9.410231,
          -39.393181
        ],
        "type": "Point"
      },
      "properties": {
        "cipher": "nQWER",
        "has_phrases": false,
        "mode": "value_domain",
        "phrase_count": 0,
        "phrases": [],
        "projection": "value_hash_v1",
        "projection_method": "value_hash_v1",
        "value": 1733
      },
      "type": "Feature"
    },
    {
      "geometry": {
        "coordinates": [
          70.663058,
          39.435333
        ],
        "type": "Point"
      },
      "properties": {
        "cipher": "nQWER",
        "has_phrases": false,
        "mode": "value_domain",
        "phrase_count": 0,
        "phrases": [],
        "projection": "value_hash_v1",
        "projection_method": "value_hash_v1",
        "value": 1734
      },
      "type": "Feature"
    },
    {
      "geometry": {
        "coordinates": [
          -76.589314,
          -65.600873
        ],
        "type": "Point"
      },
      "properties": {
        "cipher": "nQWER",
        "has_phrases": false,
        "mode": "value_domain",
        "phrase_count": 0,
        "phrases": [],
        "projection": "value_hash_v1",
        "projection_method": "value_hash_v1",
        "value": 1735
      },
      "type": "Feature"
    },
    {
      "geometry": {
        "coordinates": [
          162.809962,
          18.140267
        ],
        "type": "Point"
      },
      "properties": {
        "cipher": "nQWER",
        "has_phrases": false,
        "mode": "value_domain",
        "phrase_count": 0,
        "phrases": [],
        "projection": "value_hash_v1",
        "projection_method": "value_hash_v1",
        "value": 1736
      },
      "type": "Feature"
    },
    {
      "geometry": {
        "coordinates": [
          78.481151,
          79.292773
        ],
        "type": "Point"
      },
      "properties": {
        "cipher": "nQWER",
        "has_phrases": false,
        "mode": "value_domain",
        "phrase_count": 0,
        "phrases": [],
        "projection": "value_hash_v1",
        "projection_method": "value_hash_v1",
        "value": 1737
      },
      "type": "Feature"
    },
    {
      "geometry": {
        "coordinates": [
          -125.399486,
          -79.57031
        ],
        "type": "Point"
      },
      "properties": {
        "cipher": "nQWER",
        "has_phrases": false,
        "mode": "value_domain",
        "phrase_count": 0,
        "phrases": [],
        "projection": "value_hash_v1",
        "projection_method": "value_hash_v1",
        "value": 1738
      },
      "type": "Feature"
    },
    {
      "geometry": {
        "coordinates": [
          11.935053,
          -42.666613
        ],
        "type": "Point"
      },
      "properties": {
        "cipher": "nQWER",
        "has_phrases": false,
        "mode": "value_domain",
        "phrase_count": 0,
        "phrases": [],
        "projection": "value_hash_v1",
        "projection_method": "value_hash_v1",
        "value": 1739
      },
      "type": "Feature"
    },
    {
      "geometry": {
        "coordinates": [
          -84.921337,
          61.880681
        ],
        "type": "Point"
      },
      "properties": {
        "cipher": "nQWER",
        "has_phrases": false,
        "mode": "value_domain",
        "phrase_count": 0,
        "phrases": [],
        "projection": "value_hash_v1",
        "projection_method": "value_hash_v1",
        "value": 1740
      },
      "type": "Feature"
    },
    {
      "geometry": {
        "coordinates": [
          73.141115,
          -77.228056
        ],
        "type": "Point"
      },
      "properties": {
        "cipher": "nQWER",
        "has_phrases": false,
        "mode": "value_domain",
        "phrase_count": 0,
        "phrases": [],
        "projection": "value_hash_v1",
        "projection_method": "value_hash_v1",
        "value": 1741
      },
      "type": "Feature"
    },
    {
      "geometry": {
        "coordinates": [
          131.249574,
          17.25478
        ],
        "type": "Point"
      },
      "properties": {
        "cipher": "nQWER",
        "has_phrases": false,
        "mode": "value_domain",
        "phrase_count": 0,
        "phrases": [],
        "projection": "value_hash_v1",
        "projection_method": "value_hash_v1",
        "value": 1742
      },
      "type": "Feature"
    },
    {
      "geometry": {
        "coordinates": [
          -151.63473,
          36.652991
        ],
        "type": "Point"
      },
      "properties": {
        "cipher": "nQWER",
        "has_phrases": false,
        "mode": "value_domain",
        "phrase_count": 0,
        "phrases": [],
        "projection": "value_hash_v1",
        "projection_method": "value_hash_v1",
        "value": 1743
      },
      "type": "Feature"
    },
    {
      "geometry": {
        "coordinates": [
          4.071964,
          29.837696
        ],
        "type": "Point"
      },
      "properties": {
        "cipher": "nQWER",
        "has_phrases": false,
        "mode": "value_domain",
        "phrase_count": 0,
        "phrases": [],
        "projection": "value_hash_v1",
        "projection_method": "value_hash_v1",
        "value": 1744
      },
      "type": "Feature"
    },
    {
      "geometry": {
        "coordinates": [
          -73.605693,
          -12.203382
        ],
        "type": "Point"
      },
      "properties": {
        "cipher": "nQWER",
        "has_phrases": false,
        "mode": "value_domain",
        "phrase_count": 0,
        "phrases": [],
        "projection": "value_hash_v1",
        "projection_method": "value_hash_v1",
        "value": 1745
      },
      "type": "Feature"
    },
    {
      "geometry": {
        "coordinates": [
          83.206553,
          70.682103
        ],
        "type": "Point"
      },
      "properties": {
        "cipher": "nQWER",
        "has_phrases": false,
        "mode": "value_domain",
        "phrase_count": 0,
        "phrases": [],
        "projection": "value_hash_v1",
        "projection_method": "value_hash_v1",
        "value": 1746
      },
      "type": "Feature"
    },
    {
      "geometry": {
        "coordinates": [
          -162.147549,
          46.669775
        ],
        "type": "Point"
      },
      "properties": {
        "cipher": "nQWER",
        "has_phrases": false,
        "mode": "value_domain",
        "phrase_count": 0,
        "phrases": [],
        "projection": "value_hash_v1",
        "projection_method": "value_hash_v1",
        "value": 1747
      },
      "type": "Feature"
    },
    {
      "geometry": {
        "coordinates": [
          -60.424115,
          -65.413189
        ],
        "type": "Point"
      },
      "properties": {
        "cipher": "nQWER",
        "has_phrases": false,
        "mode": "value_domain",
        "phrase_count": 0,
        "phrases": [],
        "projection": "value_hash_v1",
        "projection_method": "value_hash_v1",
        "value": 1748
      },
      "type": "Feature"
    },
    {
      "geometry": {
        "coordinates": [
          -23.189538,
          -7.363588
        ],
        "type": "Point"
      },
      "properties": {
        "cipher": "nQWER",
        "has_phrases": false,
        "mode": "value_domain",
        "phrase_count": 0,
        "phrases": [],
        "projection": "value_hash_v1",
        "projection_method": "value_hash_v1",
        "value": 1749
      },
      "type": "Feature"
    },
    {
      "geometry": {
        "coordinates": [
          165.709967,
          58.378347
        ],
        "type": "Point"
      },
      "properties": {
        "cipher": "nQWER",
        "has_phrases": false,
        "mode": "value_domain",
        "phrase_count": 0,
        "phrases": [],
        "projection": "value_hash_v1",
        "projection_method": "value_hash_v1",
        "value": 1750
      },
      "type": "Feature"
    },
    {
      "geometry": {
        "coordinates": [
          -20.463972,
          -85.565162
        ],
        "type": "Point"
      },
      "properties": {
        "cipher": "nQWER",
        "has_phrases": false,
        "mode": "value_domain",
        "phrase_count": 0,
        "phrases": [],
        "projection": "value_hash_v1",
        "projection_method": "value_hash_v1",
        "value": 1751
      },
      "type": "Feature"
    },
    {
      "geometry": {
        "coordinates": [
          -53.798351,
          -15.320597
        ],
        "type": "Point"
      },
      "properties": {
        "cipher": "nQWER",
        "has_phrases": false,
        "mode": "value_domain",
        "phrase_count": 0,
        "phrases": [],
        "projection": "value_hash_v1",
        "projection_method": "value_hash_v1",
        "value": 1752
      },
      "type": "Feature"
    },
    {
      "geometry": {
        "coordinates": [
          128.476985,
          79.995742
        ],
        "type": "Point"
      },
      "properties": {
        "cipher": "nQWER",
        "has_phrases": false,
        "mode": "value_domain",
        "phrase_count": 0,
        "phrases": [],
        "projection": "value_hash_v1",
        "projection_method": "value_hash_v1",
        "value": 1753
      },
      "type": "Feature"
    },
    {
      "geometry": {
        "coordinates": [
          106.447947,
          -35.625404
        ],
        "type": "Point"
      },
      "properties": {
        "cipher": "nQWER",
        "has_phrases": false,
        "mode": "value_domain",
        "phrase_count": 0,
        "phrases": [],
        "projection": "value_hash_v1",
        "projection_method": "value_hash_v1",
        "value": 1754
      },
      "type": "Feature"
    },
    {
      "geometry": {
        "coordinates": [
          -96.560958,
          -47.415768
        ],
        "type": "Point"
      },
      "properties": {
        "cipher": "nQWER",
        "has_phrases": false,
        "mode": "value_domain",
        "phrase_count": 0,
        "phrases": [],
        "projection": "value_hash_v1",
        "projection_method": "value_hash_v1",
        "value": 1755
      },
      "type": "Feature"
    },
    {
      "geometry": {
        "coordinates": [
          -157.678098,
          -88.087959
        ],
        "type": "Point"
      },
      "properties": {
        "cipher": "nQWER",
        "has_phrases": false,
        "mode": "value_domain",
        "phrase_count": 0,
        "phrases": [],
        "projection": "value_hash_v1",
        "projection_method": "value_hash_v1",
        "value": 1756
      },
      "type": "Feature"
    },
    {
      "geometry": {
        "coordinates": [
          -38.233096,
          -32.580151
        ],
        "type": "Point"
      },
      "properties": {
        "cipher": "nQWER",
        "has_phrases": false,
        "mode": "value_domain",
        "phrase_count": 0,
        "phrases": [],
        "projection": "value_hash_v1",
        "projection_method": "value_hash_v1",
        "value": 1757
      },
      "type": "Feature"
    },
    {
      "geometry": {
        "coordinates": [
          11.703271,
          6.217186
        ],
        "type": "Point"
      },
      "properties": {
        "cipher": "nQWER",
        "has_phrases": false,
        "mode": "value_domain",
        "phrase_count": 0,
        "phrases": [],
        "projection": "value_hash_v1",
        "projection_method": "value_hash_v1",
        "value": 1758
      },
      "type": "Feature"
    },
    {
      "geometry": {
        "coordinates": [
          -154.2311,
          13.455575
        ],
        "type": "Point"
      },
      "properties": {
        "cipher": "nQWER",
        "has_phrases": false,
        "mode": "value_domain",
        "phrase_count": 0,
        "phrases": [],
        "projection": "value_hash_v1",
        "projection_method": "value_hash_v1",
        "value": 1759
      },
      "type": "Feature"
    },
    {
      "geometry": {
        "coordinates": [
          27.222869,
          87.229745
        ],
        "type": "Point"
      },
      "properties": {
        "cipher": "nQWER",
        "has_phrases": false,
        "mode": "value_domain",
        "phrase_count": 0,
        "phrases": [],
        "projection": "value_hash_v1",
        "projection_method": "value_hash_v1",
        "value": 1760
      },
      "type": "Feature"
    },
    {
      "geometry": {
        "coordinates": [
          48.466704,
          22.084738
        ],
        "type": "Point"
      },
      "properties": {
        "cipher": "nQWER",
        "has_phrases": false,
        "mode": "value_domain",
        "phrase_count": 0,
        "phrases": [],
        "projection": "value_hash_v1",
        "projection_method": "value_hash_v1",
        "value": 1761
      },
      "type": "Feature"
    },
    {
      "geometry": {
        "coordinates": [
          33.283576,
          -59.78022
        ],
        "type": "Point"
      },
      "properties": {
        "cipher": "nQWER",
        "has_phrases": false,
        "mode": "value_domain",
        "phrase_count": 0,
        "phrases": [],
        "projection": "value_hash_v1",
        "projection_method": "value_hash_v1",
        "value": 1762
      },
      "type": "Feature"
    },
    {
      "geometry": {
        "coordinates": [
          -63.968082,
          47.32257
        ],
        "type": "Point"
      },
      "properties": {
        "cipher": "nQWER",
        "has_phrases": false,
        "mode": "value_domain",
        "phrase_count": 0,
        "phrases": [],
        "projection": "value_hash_v1",
        "projection_method": "value_hash_v1",
        "value": 1763
      },
      "type": "Feature"
    },
    {
      "geometry": {
        "coordinates": [
          -166.585024,
          -35.455073
        ],
        "type": "Point"
      },
      "properties": {
        "cipher": "nQWER",
        "has_phrases": false,
        "mode": "value_domain",
        "phrase_count": 0,
        "phrases": [],
        "projection": "value_hash_v1",
        "projection_method": "value_hash_v1",
        "value": 1764
      },
      "type": "Feature"
    },
    {
      "geometry": {
        "coordinates": [
          121.189138,
          -5.163297
        ],
        "type": "Point"
      },
      "properties": {
        "cipher": "nQWER",
        "has_phrases": false,
        "mode": "value_domain",
        "phrase_count": 0,
        "phrases": [],
        "projection": "value_hash_v1",
        "projection_method": "value_hash_v1",
        "value": 1765
      },
      "type": "Feature"
    },
    {
      "geometry": {
        "coordinates": [
          -101.238189,
          49.51952
        ],
        "type": "Point"
      },
      "properties": {
        "cipher": "nQWER",
        "has_phrases": false,
        "mode": "value_domain",
        "phrase_count": 0,
        "phrases": [],
        "projection": "value_hash_v1",
        "projection_method": "value_hash_v1",
        "value": 1766
      },
      "type": "Feature"
    },
    {
      "geometry": {
        "coordinates": [
          -127.396568,
          -46.760755
        ],
        "type": "Point"
      },
      "properties": {
        "cipher": "nQWER",
        "has_phrases": false,
        "mode": "value_domain",
        "phrase_count": 0,
        "phrases": [],
        "projection": "value_hash_v1",
        "projection_method": "value_hash_v1",
        "value": 1767
      },
      "type": "Feature"
    },
    {
      "geometry": {
        "coordinates": [
          12.461411,
          -64.412619
        ],
        "type": "Point"
      },
      "properties": {
        "cipher": "nQWER",
        "has_phrases": false,
        "mode": "value_domain",
        "phrase_count": 0,
        "phrases": [],
        "projection": "value_hash_v1",
        "projection_method": "value_hash_v1",
        "value": 1768
      },
      "type": "Feature"
    },
    {
      "geometry": {
        "coordinates": [
          69.398358,
          -23.455314
        ],
        "type": "Point"
      },
      "properties": {
        "cipher": "nQWER",
        "has_phrases": false,
        "mode": "value_domain",
        "phrase_count": 0,
        "phrases": [],
        "projection": "value_hash_v1",
        "projection_method": "value_hash_v1",
        "value": 1769
      },
      "type": "Feature"
    },
    {
      "geometry": {
        "coordinates": [
          63.215801,
          24.810245
        ],
        "type": "Point"
      },
      "properties": {
        "cipher": "nQWER",
        "has_phrases": false,
        "mode": "value_domain",
        "phrase_count": 0,
        "phrases": [],
        "projection": "value_hash_v1",
        "projection_method": "value_hash_v1",
        "value": 1770
      },
      "type": "Feature"
    },
    {
      "geometry": {
        "coordinates": [
          -25.655107,
          -40.90188
        ],
        "type": "Point"
      },
      "properties": {
        "cipher": "nQWER",
        "has_phrases": false,
        "mode": "value_domain",
        "phrase_count": 0,
        "phrases": [],
        "projection": "value_hash_v1",
        "projection_method": "value_hash_v1",
        "value": 1771
      },
      "type": "Feature"
    },
    {
      "geometry": {
        "coordinates": [
          -42.469584,
          -20.195675
        ],
        "type": "Point"
      },
      "properties": {
        "cipher": "nQWER",
        "has_phrases": false,
        "mode": "value_domain",
        "phrase_count": 0,
        "phrases": [],
        "projection": "value_hash_v1",
        "projection_method": "value_hash_v1",
        "value": 1772
      },
      "type": "Feature"
    },
    {
      "geometry": {
        "coordinates": [
          101.580359,
          -62.614792
        ],
        "type": "Point"
      },
      "properties": {
        "cipher": "nQWER",
        "has_phrases": false,
        "mode": "value_domain",
        "phrase_count": 0,
        "phrases": [],
        "projection": "value_hash_v1",
        "projection_method": "value_hash_v1",
        "value": 1773
      },
      "type": "Feature"
    },
    {
      "geometry": {
        "coordinates": [
          107.73428,
          -48.383249
        ],
        "type": "Point"
      },
      "properties": {
        "cipher": "nQWER",
        "has_phrases": false,
        "mode": "value_domain",
        "phrase_count": 0,
        "phrases": [],
        "projection": "value_hash_v1",
        "projection_method": "value_hash_v1",
        "value": 1774
      },
      "type": "Feature"
    },
    {
      "geometry": {
        "coordinates": [
          140.194151,
          -61.086532
        ],
        "type": "Point"
      },
      "properties": {
        "cipher": "nQWER",
        "has_phrases": false,
        "mode": "value_domain",
        "phrase_count": 0,
        "phrases": [],
        "projection": "value_hash_v1",
        "projection_method": "value_hash_v1",
        "value": 1775
      },
      "type": "Feature"
    },
    {
      "geometry": {
        "coordinates": [
          -128.053225,
          -77.673647
        ],
        "type": "Point"
      },
      "properties": {
        "cipher": "nQWER",
        "has_phrases": false,
        "mode": "value_domain",
        "phrase_count": 0,
        "phrases": [],
        "projection": "value_hash_v1",
        "projection_method": "value_hash_v1",
        "value": 1776
      },
      "type": "Feature"
    },
    {
      "geometry": {
        "coordinates": [
          -172.354187,
          80.721872
        ],
        "type": "Point"
      },
      "properties": {
        "cipher": "nQWER",
        "has_phrases": false,
        "mode": "value_domain",
        "phrase_count": 0,
        "phrases": [],
        "projection": "value_hash_v1",
        "projection_method": "value_hash_v1",
        "value": 1777
      },
      "type": "Feature"
    },
    {
      "geometry": {
        "coordinates": [
          -161.580359,
          62.262162
        ],
        "type": "Point"
      },
      "properties": {
        "cipher": "nQWER",
        "has_phrases": false,
        "mode": "value_domain",
        "phrase_count": 0,
        "phrases": [],
        "projection": "value_hash_v1",
        "projection_method": "value_hash_v1",
        "value": 1778
      },
      "type": "Feature"
    },
    {
      "geometry": {
        "coordinates": [
          -171.328241,
          -54.312434
        ],
        "type": "Point"
      },
      "properties": {
        "cipher": "nQWER",
        "has_phrases": false,
        "mode": "value_domain",
        "phrase_count": 0,
        "phrases": [],
        "projection": "value_hash_v1",
        "projection_method": "value_hash_v1",
        "value": 1779
      },
      "type": "Feature"
    },
    {
      "geometry": {
        "coordinates": [
          -139.879803,
          10.837307
        ],
        "type": "Point"
      },
      "properties": {
        "cipher": "nQWER",
        "has_phrases": false,
        "mode": "value_domain",
        "phrase_count": 0,
        "phrases": [],
        "projection": "value_hash_v1",
        "projection_method": "value_hash_v1",
        "value": 1780
      },
      "type": "Feature"
    },
    {
      "geometry": {
        "coordinates": [
          -134.895565,
          -75.214602
        ],
        "type": "Point"
      },
      "properties": {
        "cipher": "nQWER",
        "has_phrases": false,
        "mode": "value_domain",
        "phrase_count": 0,
        "phrases": [],
        "projection": "value_hash_v1",
        "projection_method": "value_hash_v1",
        "value": 1781
      },
      "type": "Feature"
    },
    {
      "geometry": {
        "coordinates": [
          120.130494,
          -3.109627
        ],
        "type": "Point"
      },
      "properties": {
        "cipher": "nQWER",
        "has_phrases": false,
        "mode": "value_domain",
        "phrase_count": 0,
        "phrases": [],
        "projection": "value_hash_v1",
        "projection_method": "value_hash_v1",
        "value": 1782
      },
      "type": "Feature"
    },
    {
      "geometry": {
        "coordinates": [
          -115.591321,
          -65.657986
        ],
        "type": "Point"
      },
      "properties": {
        "cipher": "nQWER",
        "has_phrases": false,
        "mode": "value_domain",
        "phrase_count": 0,
        "phrases": [],
        "projection": "value_hash_v1",
        "projection_method": "value_hash_v1",
        "value": 1783
      },
      "type": "Feature"
    },
    {
      "geometry": {
        "coordinates": [
          1.06977,
          4.364622
        ],
        "type": "Point"
      },
      "properties": {
        "cipher": "nQWER",
        "has_phrases": false,
        "mode": "value_domain",
        "phrase_count": 0,
        "phrases": [],
        "projection": "value_hash_v1",
        "projection_method": "value_hash_v1",
        "value": 1784
      },
      "type": "Feature"
    },
    {
      "geometry": {
        "coordinates": [
          77.239124,
          -70.220056
        ],
        "type": "Point"
      },
      "properties": {
        "cipher": "nQWER",
        "has_phrases": false,
        "mode": "value_domain",
        "phrase_count": 0,
        "phrases": [],
        "projection": "value_hash_v1",
        "projection_method": "value_hash_v1",
        "value": 1785
      },
      "type": "Feature"
    },
    {
      "geometry": {
        "coordinates": [
          -38.647783,
          -43.544772
        ],
        "type": "Point"
      },
      "properties": {
        "cipher": "nQWER",
        "has_phrases": false,
        "mode": "value_domain",
        "phrase_count": 0,
        "phrases": [],
        "projection": "value_hash_v1",
        "projection_method": "value_hash_v1",
        "value": 1786
      },
      "type": "Feature"
    },
    {
      "geometry": {
        "coordinates": [
          16.378962,
          52.044184
        ],
        "type": "Point"
      },
      "properties": {
        "cipher": "nQWER",
        "has_phrases": false,
        "mode": "value_domain",
        "phrase_count": 0,
        "phrases": [],
        "projection": "value_hash_v1",
        "projection_method": "value_hash_v1",
        "value": 1787
      },
      "type": "Feature"
    },
    {
      "geometry": {
        "coordinates": [
          -111.638561,
          -64.279231
        ],
        "type": "Point"
      },
      "properties": {
        "cipher": "nQWER",
        "has_phrases": false,
        "mode": "value_domain",
        "phrase_count": 0,
        "phrases": [],
        "projection": "value_hash_v1",
        "projection_method": "value_hash_v1",
        "value": 1788
      },
      "type": "Feature"
    },
    {
      "geometry": {
        "coordinates": [
          83.088051,
          8.464338
        ],
        "type": "Point"
      },
      "properties": {
        "cipher": "nQWER",
        "has_phrases": false,
        "mode": "value_domain",
        "phrase_count": 0,
        "phrases": [],
        "projection": "value_hash_v1",
        "projection_method": "value_hash_v1",
        "value": 1789
      },
      "type": "Feature"
    },
    {
      "geometry": {
        "coordinates": [
          143.252087,
          37.586861
        ],
        "type": "Point"
      },
      "properties": {
        "cipher": "nQWER",
        "has_phrases": false,
        "mode": "value_domain",
        "phrase_count": 0,
        "phrases": [],
        "projection": "value_hash_v1",
        "projection_method": "value_hash_v1",
        "value": 1790
      },
      "type": "Feature"
    },
    {
      "geometry": {
        "coordinates": [
          -147.588935,
          83.353268
        ],
        "type": "Point"
      },
      "properties": {
        "cipher": "nQWER",
        "has_phrases": false,
        "mode": "value_domain",
        "phrase_count": 0,
        "phrases": [],
        "projection": "value_hash_v1",
        "projection_method": "value_hash_v1",
        "value": 1791
      },
      "type": "Feature"
    },
    {
      "geometry": {
        "coordinates": [
          20.492133,
          55.756023
        ],
        "type": "Point"
      },
      "properties": {
        "cipher": "nQWER",
        "has_phrases": false,
        "mode": "value_domain",
        "phrase_count": 0,
        "phrases": [],
        "projection": "value_hash_v1",
        "projection_method": "value_hash_v1",
        "value": 1792
      },
      "type": "Feature"
    },
    {
      "geometry": {
        "coordinates": [
          -13.497131,
          -65.955316
        ],
        "type": "Point"
      },
      "properties": {
        "cipher": "nQWER",
        "has_phrases": false,
        "mode": "value_domain",
        "phrase_count": 0,
        "phrases": [],
        "projection": "value_hash_v1",
        "projection_method": "value_hash_v1",
        "value": 1793
      },
      "type": "Feature"
    },
    {
      "geometry": {
        "coordinates": [
          -1.503699,
          -71.302149
        ],
        "type": "Point"
      },
      "properties": {
        "cipher": "nQWER",
        "has_phrases": false,
        "mode": "value_domain",
        "phrase_count": 0,
        "phrases": [],
        "projection": "value_hash_v1",
        "projection_method": "value_hash_v1",
        "value": 1794
      },
      "type": "Feature"
    },
    {
      "geometry": {
        "coordinates": [
          143.731656,
          84.579326
        ],
        "type": "Point"
      },
      "properties": {
        "cipher": "nQWER",
        "has_phrases": false,
        "mode": "value_domain",
        "phrase_count": 0,
        "phrases": [],
        "projection": "value_hash_v1",
        "projection_method": "value_hash_v1",
        "value": 1795
      },
      "type": "Feature"
    },
    {
      "geometry": {
        "coordinates": [
          -168.400958,
          19.894683
        ],
        "type": "Point"
      },
      "properties": {
        "cipher": "nQWER",
        "has_phrases": false,
        "mode": "value_domain",
        "phrase_count": 0,
        "phrases": [],
        "projection": "value_hash_v1",
        "projection_method": "value_hash_v1",
        "value": 1796
      },
      "type": "Feature"
    },
    {
      "geometry": {
        "coordinates": [
          -36.804355,
          48.968567
        ],
        "type": "Point"
      },
      "properties": {
        "cipher": "nQWER",
        "has_phrases": false,
        "mode": "value_domain",
        "phrase_count": 0,
        "phrases": [],
        "projection": "value_hash_v1",
        "projection_method": "value_hash_v1",
        "value": 1797
      },
      "type": "Feature"
    },
    {
      "geometry": {
        "coordinates": [
          110.009573,
          -52.326901
        ],
        "type": "Point"
      },
      "properties": {
        "cipher": "nQWER",
        "has_phrases": false,
        "mode": "value_domain",
        "phrase_count": 0,
        "phrases": [],
        "projection": "value_hash_v1",
        "projection_method": "value_hash_v1",
        "value": 1798
      },
      "type": "Feature"
    },
    {
      "geometry": {
        "coordinates": [
          4.273891,
          2.613314
        ],
        "type": "Point"
      },
      "properties": {
        "cipher": "nQWER",
        "has_phrases": false,
        "mode": "value_domain",
        "phrase_count": 0,
        "phrases": [],
        "projection": "value_hash_v1",
        "projection_method": "value_hash_v1",
        "value": 1799
      },
      "type": "Feature"
    },
    {
      "geometry": {
        "coordinates": [
          128.693022,
          -40.815899
        ],
        "type": "Point"
      },
      "properties": {
        "cipher": "nQWER",
        "has_phrases": false,
        "mode": "value_domain",
        "phrase_count": 0,
        "phrases": [],
        "projection": "value_hash_v1",
        "projection_method": "value_hash_v1",
        "value": 1800
      },
      "type": "Feature"
    },
    {
      "geometry": {
        "coordinates": [
          163.118743,
          -43.08749
        ],
        "type": "Point"
      },
      "properties": {
        "cipher": "nQWER",
        "has_phrases": false,
        "mode": "value_domain",
        "phrase_count": 0,
        "phrases": [],
        "projection": "value_hash_v1",
        "projection_method": "value_hash_v1",
        "value": 1801
      },
      "type": "Feature"
    },
    {
      "geometry": {
        "coordinates": [
          46.558027,
          -76.279367
        ],
        "type": "Point"
      },
      "properties": {
        "cipher": "nQWER",
        "has_phrases": false,
        "mode": "value_domain",
        "phrase_count": 0,
        "phrases": [],
        "projection": "value_hash_v1",
        "projection_method": "value_hash_v1",
        "value": 1802
      },
      "type": "Feature"
    },
    {
      "geometry": {
        "coordinates": [
          -98.428041,
          -65.405902
        ],
        "type": "Point"
      },
      "properties": {
        "cipher": "nQWER",
        "has_phrases": false,
        "mode": "value_domain",
        "phrase_count": 0,
        "phrases": [],
        "projection": "value_hash_v1",
        "projection_method": "value_hash_v1",
        "value": 1803
      },
      "type": "Feature"
    },
    {
      "geometry": {
        "coordinates": [
          -155.072587,
          -87.293132
        ],
        "type": "Point"
      },
      "properties": {
        "cipher": "nQWER",
        "has_phrases": false,
        "mode": "value_domain",
        "phrase_count": 0,
        "phrases": [],
        "projection": "value_hash_v1",
        "projection_method": "value_hash_v1",
        "value": 1804
      },
      "type": "Feature"
    },
    {
      "geometry": {
        "coordinates": [
          -127.872272,
          -75.228291
        ],
        "type": "Point"
      },
      "properties": {
        "cipher": "nQWER",
        "has_phrases": false,
        "mode": "value_domain",
        "phrase_count": 0,
        "phrases": [],
        "projection": "value_hash_v1",
        "projection_method": "value_hash_v1",
        "value": 1805
      },
      "type": "Feature"
    },
    {
      "geometry": {
        "coordinates": [
          90.90229,
          58.66141
        ],
        "type": "Point"
      },
      "properties": {
        "cipher": "nQWER",
        "has_phrases": false,
        "mode": "value_domain",
        "phrase_count": 0,
        "phrases": [],
        "projection": "value_hash_v1",
        "projection_method": "value_hash_v1",
        "value": 1806
      },
      "type": "Feature"
    },
    {
      "geometry": {
        "coordinates": [
          96.961575,
          80.250354
        ],
        "type": "Point"
      },
      "properties": {
        "cipher": "nQWER",
        "has_phrases": false,
        "mode": "value_domain",
        "phrase_count": 0,
        "phrases": [],
        "projection": "value_hash_v1",
        "projection_method": "value_hash_v1",
        "value": 1807
      },
      "type": "Feature"
    },
    {
      "geometry": {
        "coordinates": [
          149.322663,
          23.853164
        ],
        "type": "Point"
      },
      "properties": {
        "cipher": "nQWER",
        "has_phrases": false,
        "mode": "value_domain",
        "phrase_count": 0,
        "phrases": [],
        "projection": "value_hash_v1",
        "projection_method": "value_hash_v1",
        "value": 1808
      },
      "type": "Feature"
    },
    {
      "geometry": {
        "coordinates": [
          178.786793,
          -81.325296
        ],
        "type": "Point"
      },
      "properties": {
        "cipher": "nQWER",
        "has_phrases": false,
        "mode": "value_domain",
        "phrase_count": 0,
        "phrases": [],
        "projection": "value_hash_v1",
        "projection_method": "value_hash_v1",
        "value": 1809
      },
      "type": "Feature"
    },
    {
      "geometry": {
        "coordinates": [
          -28.114283,
          51.219607
        ],
        "type": "Point"
      },
      "properties": {
        "cipher": "nQWER",
        "has_phrases": false,
        "mode": "value_domain",
        "phrase_count": 0,
        "phrases": [],
        "projection": "value_hash_v1",
        "projection_method": "value_hash_v1",
        "value": 1810
      },
      "type": "Feature"
    },
    {
      "geometry": {
        "coordinates": [
          92.674127,
          78.418803
        ],
        "type": "Point"
      },
      "properties": {
        "cipher": "nQWER",
        "has_phrases": false,
        "mode": "value_domain",
        "phrase_count": 0,
        "phrases": [],
        "projection": "value_hash_v1",
        "projection_method": "value_hash_v1",
        "value": 1811
      },
      "type": "Feature"
    },
    {
      "geometry": {
        "coordinates": [
          95.607298,
          -27.160494
        ],
        "type": "Point"
      },
      "properties": {
        "cipher": "nQWER",
        "has_phrases": false,
        "mode": "value_domain",
        "phrase_count": 0,
        "phrases": [],
        "projection": "value_hash_v1",
        "projection_method": "value_hash_v1",
        "value": 1812
      },
      "type": "Feature"
    },
    {
      "geometry": {
        "coordinates": [
          165.699668,
          46.292075
        ],
        "type": "Point"
      },
      "properties": {
        "cipher": "nQWER",
        "has_phrases": false,
        "mode": "value_domain",
        "phrase_count": 0,
        "phrases": [],
        "projection": "value_hash_v1",
        "projection_method": "value_hash_v1",
        "value": 1813
      },
      "type": "Feature"
    },
    {
      "geometry": {
        "coordinates": [
          -130.914926,
          58.879203
        ],
        "type": "Point"
      },
      "properties": {
        "cipher": "nQWER",
        "has_phrases": false,
        "mode": "value_domain",
        "phrase_count": 0,
        "phrases": [],
        "projection": "value_hash_v1",
        "projection_method": "value_hash_v1",
        "value": 1814
      },
      "type": "Feature"
    },
    {
      "geometry": {
        "coordinates": [
          -14.963329,
          -78.015401
        ],
        "type": "Point"
      },
      "properties": {
        "cipher": "nQWER",
        "has_phrases": false,
        "mode": "value_domain",
        "phrase_count": 0,
        "phrases": [],
        "projection": "value_hash_v1",
        "projection_method": "value_hash_v1",
        "value": 1815
      },
      "type": "Feature"
    },
    {
      "geometry": {
        "coordinates": [
          -146.414183,
          71.161642
        ],
        "type": "Point"
      },
      "properties": {
        "cipher": "nQWER",
        "has_phrases": false,
        "mode": "value_domain",
        "phrase_count": 0,
        "phrases": [],
        "projection": "value_hash_v1",
        "projection_method": "value_hash_v1",
        "value": 1816
      },
      "type": "Feature"
    },
    {
      "geometry": {
        "coordinates": [
          49.382711,
          -29.518195
        ],
        "type": "Point"
      },
      "properties": {
        "cipher": "nQWER",
        "has_phrases": false,
        "mode": "value_domain",
        "phrase_count": 0,
        "phrases": [],
        "projection": "value_hash_v1",
        "projection_method": "value_hash_v1",
        "value": 1817
      },
      "type": "Feature"
    },
    {
      "geometry": {
        "coordinates": [
          148.218747,
          50.384232
        ],
        "type": "Point"
      },
      "properties": {
        "cipher": "nQWER",
        "has_phrases": false,
        "mode": "value_domain",
        "phrase_count": 0,
        "phrases": [],
        "projection": "value_hash_v1",
        "projection_method": "value_hash_v1",
        "value": 1818
      },
      "type": "Feature"
    },
    {
      "geometry": {
        "coordinates": [
          -52.446367,
          -43.2792
        ],
        "type": "Point"
      },
      "properties": {
        "cipher": "nQWER",
        "has_phrases": false,
        "mode": "value_domain",
        "phrase_count": 0,
        "phrases": [],
        "projection": "value_hash_v1",
        "projection_method": "value_hash_v1",
        "value": 1819
      },
      "type": "Feature"
    },
    {
      "geometry": {
        "coordinates": [
          -34.954231,
          -60.14034
        ],
        "type": "Point"
      },
      "properties": {
        "cipher": "nQWER",
        "has_phrases": false,
        "mode": "value_domain",
        "phrase_count": 0,
        "phrases": [],
        "projection": "value_hash_v1",
        "projection_method": "value_hash_v1",
        "value": 1820
      },
      "type": "Feature"
    },
    {
      "geometry": {
        "coordinates": [
          8.220925,
          59.643945
        ],
        "type": "Point"
      },
      "properties": {
        "cipher": "nQWER",
        "has_phrases": false,
        "mode": "value_domain",
        "phrase_count": 0,
        "phrases": [],
        "projection": "value_hash_v1",
        "projection_method": "value_hash_v1",
        "value": 1821
      },
      "type": "Feature"
    },
    {
      "geometry": {
        "coordinates": [
          79.865661,
          -65.212865
        ],
        "type": "Point"
      },
      "properties": {
        "cipher": "nQWER",
        "has_phrases": false,
        "mode": "value_domain",
        "phrase_count": 0,
        "phrases": [],
        "projection": "value_hash_v1",
        "projection_method": "value_hash_v1",
        "value": 1822
      },
      "type": "Feature"
    },
    {
      "geometry": {
        "coordinates": [
          -87.65895,
          -8.302121
        ],
        "type": "Point"
      },
      "properties": {
        "cipher": "nQWER",
        "has_phrases": false,
        "mode": "value_domain",
        "phrase_count": 0,
        "phrases": [],
        "projection": "value_hash_v1",
        "projection_method": "value_hash_v1",
        "value": 1823
      },
      "type": "Feature"
    },
    {
      "geometry": {
        "coordinates": [
          131.568903,
          -52.908576
        ],
        "type": "Point"
      },
      "properties": {
        "cipher": "nQWER",
        "has_phrases": false,
        "mode": "value_domain",
        "phrase_count": 0,
        "phrases": [],
        "projection": "value_hash_v1",
        "projection_method": "value_hash_v1",
        "value": 1824
      },
      "type": "Feature"
    },
    {
      "geometry": {
        "coordinates": [
          126.537882,
          6.84836
        ],
        "type": "Point"
      },
      "properties": {
        "cipher": "nQWER",
        "has_phrases": false,
        "mode": "value_domain",
        "phrase_count": 0,
        "phrases": [],
        "projection": "value_hash_v1",
        "projection_method": "value_hash_v1",
        "value": 1825
      },
      "type": "Feature"
    },
    {
      "geometry": {
        "coordinates": [
          3.433996,
          81.665181
        ],
        "type": "Point"
      },
      "properties": {
        "cipher": "nQWER",
        "has_phrases": false,
        "mode": "value_domain",
        "phrase_count": 0,
        "phrases": [],
        "projection": "value_hash_v1",
        "projection_method": "value_hash_v1",
        "value": 1826
      },
      "type": "Feature"
    },
    {
      "geometry": {
        "coordinates": [
          -13.577383,
          -44.851804
        ],
        "type": "Point"
      },
      "properties": {
        "cipher": "nQWER",
        "has_phrases": false,
        "mode": "value_domain",
        "phrase_count": 0,
        "phrases": [],
        "projection": "value_hash_v1",
        "projection_method": "value_hash_v1",
        "value": 1827
      },
      "type": "Feature"
    },
    {
      "geometry": {
        "coordinates": [
          47.251821,
          -37.873119
        ],
        "type": "Point"
      },
      "properties": {
        "cipher": "nQWER",
        "has_phrases": false,
        "mode": "value_domain",
        "phrase_count": 0,
        "phrases": [],
        "projection": "value_hash_v1",
        "projection_method": "value_hash_v1",
        "value": 1828
      },
      "type": "Feature"
    },
    {
      "geometry": {
        "coordinates": [
          64.966377,
          -14.475631
        ],
        "type": "Point"
      },
      "properties": {
        "cipher": "nQWER",
        "has_phrases": false,
        "mode": "value_domain",
        "phrase_count": 0,
        "phrases": [],
        "projection": "value_hash_v1",
        "projection_method": "value_hash_v1",
        "value": 1829
      },
      "type": "Feature"
    },
    {
      "geometry": {
        "coordinates": [
          -37.725884,
          -25.962092
        ],
        "type": "Point"
      },
      "properties": {
        "cipher": "nQWER",
        "has_phrases": false,
        "mode": "value_domain",
        "phrase_count": 0,
        "phrases": [],
        "projection": "value_hash_v1",
        "projection_method": "value_hash_v1",
        "value": 1830
      },
      "type": "Feature"
    },
    {
      "geometry": {
        "coordinates": [
          -143.158008,
          51.021622
        ],
        "type": "Point"
      },
      "properties": {
        "cipher": "nQWER",
        "has_phrases": false,
        "mode": "value_domain",
        "phrase_count": 0,
        "phrases": [],
        "projection": "value_hash_v1",
        "projection_method": "value_hash_v1",
        "value": 1831
      },
      "type": "Feature"
    },
    {
      "geometry": {
        "coordinates": [
          -138.404626,
          21.659289
        ],
        "type": "Point"
      },
      "properties": {
        "cipher": "nQWER",
        "has_phrases": false,
        "mode": "value_domain",
        "phrase_count": 0,
        "phrases": [],
        "projection": "value_hash_v1",
        "projection_method": "value_hash_v1",
        "value": 1832
      },
      "type": "Feature"
    },
    {
      "geometry": {
        "coordinates": [
          -103.338897,
          8.359939
        ],
        "type": "Point"
      },
      "properties": {
        "cipher": "nQWER",
        "has_phrases": false,
        "mode": "value_domain",
        "phrase_count": 0,
        "phrases": [],
        "projection": "value_hash_v1",
        "projection_method": "value_hash_v1",
        "value": 1833
      },
      "type": "Feature"
    },
    {
      "geometry": {
        "coordinates": [
          -86.435177,
          -27.956829
        ],
        "type": "Point"
      },
      "properties": {
        "cipher": "nQWER",
        "has_phrases": false,
        "mode": "value_domain",
        "phrase_count": 0,
        "phrases": [],
        "projection": "value_hash_v1",
        "projection_method": "value_hash_v1",
        "value": 1834
      },
      "type": "Feature"
    },
    {
      "geometry": {
        "coordinates": [
          58.017606,
          -5.224055
        ],
        "type": "Point"
      },
      "properties": {
        "cipher": "nQWER",
        "has_phrases": false,
        "mode": "value_domain",
        "phrase_count": 0,
        "phrases": [],
        "projection": "value_hash_v1",
        "projection_method": "value_hash_v1",
        "value": 1835
      },
      "type": "Feature"
    },
    {
      "geometry": {
        "coordinates": [
          44.893913,
          -47.274007
        ],
        "type": "Point"
      },
      "properties": {
        "cipher": "nQWER",
        "has_phrases": false,
        "mode": "value_domain",
        "phrase_count": 0,
        "phrases": [],
        "projection": "value_hash_v1",
        "projection_method": "value_hash_v1",
        "value": 1836
      },
      "type": "Feature"
    },
    {
      "geometry": {
        "coordinates": [
          66.496446,
          -65.634179
        ],
        "type": "Point"
      },
      "properties": {
        "cipher": "nQWER",
        "has_phrases": false,
        "mode": "value_domain",
        "phrase_count": 0,
        "phrases": [],
        "projection": "value_hash_v1",
        "projection_method": "value_hash_v1",
        "value": 1837
      },
      "type": "Feature"
    },
    {
      "geometry": {
        "coordinates": [
          -143.958583,
          -39.159525
        ],
        "type": "Point"
      },
      "properties": {
        "cipher": "nQWER",
        "has_phrases": false,
        "mode": "value_domain",
        "phrase_count": 0,
        "phrases": [],
        "projection": "value_hash_v1",
        "projection_method": "value_hash_v1",
        "value": 1838
      },
      "type": "Feature"
    },
    {
      "geometry": {
        "coordinates": [
          90.664822,
          -28.67259
        ],
        "type": "Point"
      },
      "properties": {
        "cipher": "nQWER",
        "has_phrases": false,
        "mode": "value_domain",
        "phrase_count": 0,
        "phrases": [],
        "projection": "value_hash_v1",
        "projection_method": "value_hash_v1",
        "value": 1839
      },
      "type": "Feature"
    },
    {
      "geometry": {
        "coordinates": [
          -102.92612,
          41.856182
        ],
        "type": "Point"
      },
      "properties": {
        "cipher": "nQWER",
        "has_phrases": false,
        "mode": "value_domain",
        "phrase_count": 0,
        "phrases": [],
        "projection": "value_hash_v1",
        "projection_method": "value_hash_v1",
        "value": 1840
      },
      "type": "Feature"
    },
    {
      "geometry": {
        "coordinates": [
          -28.821294,
          52.784862
        ],
        "type": "Point"
      },
      "properties": {
        "cipher": "nQWER",
        "has_phrases": false,
        "mode": "value_domain",
        "phrase_count": 0,
        "phrases": [],
        "projection": "value_hash_v1",
        "projection_method": "value_hash_v1",
        "value": 1841
      },
      "type": "Feature"
    },
    {
      "geometry": {
        "coordinates": [
          50.968466,
          -79.873787
        ],
        "type": "Point"
      },
      "properties": {
        "cipher": "nQWER",
        "has_phrases": false,
        "mode": "value_domain",
        "phrase_count": 0,
        "phrases": [],
        "projection": "value_hash_v1",
        "projection_method": "value_hash_v1",
        "value": 1842
      },
      "type": "Feature"
    },
    {
      "geometry": {
        "coordinates": [
          125.281282,
          13.179806
        ],
        "type": "Point"
      },
      "properties": {
        "cipher": "nQWER",
        "has_phrases": false,
        "mode": "value_domain",
        "phrase_count": 0,
        "phrases": [],
        "projection": "value_hash_v1",
        "projection_method": "value_hash_v1",
        "value": 1843
      },
      "type": "Feature"
    },
    {
      "geometry": {
        "coordinates": [
          -127.548156,
          11.79675
        ],
        "type": "Point"
      },
      "properties": {
        "cipher": "nQWER",
        "has_phrases": false,
        "mode": "value_domain",
        "phrase_count": 0,
        "phrases": [],
        "projection": "value_hash_v1",
        "projection_method": "value_hash_v1",
        "value": 1844
      },
      "type": "Feature"
    },
    {
      "geometry": {
        "coordinates": [
          -101.728166,
          64.418536
        ],
        "type": "Point"
      },
      "properties": {
        "cipher": "nQWER",
        "has_phrases": false,
        "mode": "value_domain",
        "phrase_count": 0,
        "phrases": [],
        "projection": "value_hash_v1",
        "projection_method": "value_hash_v1",
        "value": 1845
      },
      "type": "Feature"
    },
    {
      "geometry": {
        "coordinates": [
          -118.601222,
          3.503551
        ],
        "type": "Point"
      },
      "properties": {
        "cipher": "nQWER",
        "has_phrases": false,
        "mode": "value_domain",
        "phrase_count": 0,
        "phrases": [],
        "projection": "value_hash_v1",
        "projection_method": "value_hash_v1",
        "value": 1846
      },
      "type": "Feature"
    },
    {
      "geometry": {
        "coordinates": [
          -69.829175,
          47.472623
        ],
        "type": "Point"
      },
      "properties": {
        "cipher": "nQWER",
        "has_phrases": false,
        "mode": "value_domain",
        "phrase_count": 0,
        "phrases": [],
        "projection": "value_hash_v1",
        "projection_method": "value_hash_v1",
        "value": 1847
      },
      "type": "Feature"
    },
    {
      "geometry": {
        "coordinates": [
          93.43845,
          -65.216511
        ],
        "type": "Point"
      },
      "properties": {
        "cipher": "nQWER",
        "has_phrases": false,
        "mode": "value_domain",
        "phrase_count": 0,
        "phrases": [],
        "projection": "value_hash_v1",
        "projection_method": "value_hash_v1",
        "value": 1848
      },
      "type": "Feature"
    },
    {
      "geometry": {
        "coordinates": [
          -146.197196,
          -70.794185
        ],
        "type": "Point"
      },
      "properties": {
        "cipher": "nQWER",
        "has_phrases": false,
        "mode": "value_domain",
        "phrase_count": 0,
        "phrases": [],
        "projection": "value_hash_v1",
        "projection_method": "value_hash_v1",
        "value": 1849
      },
      "type": "Feature"
    },
    {
      "geometry": {
        "coordinates": [
          -38.393679,
          81.083789
        ],
        "type": "Point"
      },
      "properties": {
        "cipher": "nQWER",
        "has_phrases": false,
        "mode": "value_domain",
        "phrase_count": 0,
        "phrases": [],
        "projection": "value_hash_v1",
        "projection_method": "value_hash_v1",
        "value": 1850
      },
      "type": "Feature"
    },
    {
      "geometry": {
        "coordinates": [
          129.269095,
          14.783355
        ],
        "type": "Point"
      },
      "properties": {
        "cipher": "nQWER",
        "has_phrases": false,
        "mode": "value_domain",
        "phrase_count": 0,
        "phrases": [],
        "projection": "value_hash_v1",
        "projection_method": "value_hash_v1",
        "value": 1851
      },
      "type": "Feature"
    },
    {
      "geometry": {
        "coordinates": [
          -1.243929,
          79.372919
        ],
        "type": "Point"
      },
      "properties": {
        "cipher": "nQWER",
        "has_phrases": false,
        "mode": "value_domain",
        "phrase_count": 0,
        "phrases": [],
        "projection": "value_hash_v1",
        "projection_method": "value_hash_v1",
        "value": 1852
      },
      "type": "Feature"
    },
    {
      "geometry": {
        "coordinates": [
          -103.635319,
          -72.017216
        ],
        "type": "Point"
      },
      "properties": {
        "cipher": "nQWER",
        "has_phrases": false,
        "mode": "value_domain",
        "phrase_count": 0,
        "phrases": [],
        "projection": "value_hash_v1",
        "projection_method": "value_hash_v1",
        "value": 1853
      },
      "type": "Feature"
    },
    {
      "geometry": {
        "coordinates": [
          -97.933975,
          -48.408135
        ],
        "type": "Point"
      },
      "properties": {
        "cipher": "nQWER",
        "has_phrases": false,
        "mode": "value_domain",
        "phrase_count": 0,
        "phrases": [],
        "projection": "value_hash_v1",
        "projection_method": "value_hash_v1",
        "value": 1854
      },
      "type": "Feature"
    },
    {
      "geometry": {
        "coordinates": [
          -21.313628,
          -46.557381
        ],
        "type": "Point"
      },
      "properties": {
        "cipher": "nQWER",
        "has_phrases": false,
        "mode": "value_domain",
        "phrase_count": 0,
        "phrases": [],
        "projection": "value_hash_v1",
        "projection_method": "value_hash_v1",
        "value": 1855
      },
      "type": "Feature"
    },
    {
      "geometry": {
        "coordinates": [
          17.032348,
          11.248626
        ],
        "type": "Point"
      },
      "properties": {
        "cipher": "nQWER",
        "has_phrases": false,
        "mode": "value_domain",
        "phrase_count": 0,
        "phrases": [],
        "projection": "value_hash_v1",
        "projection_method": "value_hash_v1",
        "value": 1856
      },
      "type": "Feature"
    },
    {
      "geometry": {
        "coordinates": [
          -4.436407,
          -27.449758
        ],
        "type": "Point"
      },
      "properties": {
        "cipher": "nQWER",
        "has_phrases": false,
        "mode": "value_domain",
        "phrase_count": 0,
        "phrases": [],
        "projection": "value_hash_v1",
        "projection_method": "value_hash_v1",
        "value": 1857
      },
      "type": "Feature"
    },
    {
      "geometry": {
        "coordinates": [
          -8.232629,
          -80.148775
        ],
        "type": "Point"
      },
      "properties": {
        "cipher": "nQWER",
        "has_phrases": false,
        "mode": "value_domain",
        "phrase_count": 0,
        "phrases": [],
        "projection": "value_hash_v1",
        "projection_method": "value_hash_v1",
        "value": 1858
      },
      "type": "Feature"
    },
    {
      "geometry": {
        "coordinates": [
          97.402258,
          -71.857539
        ],
        "type": "Point"
      },
      "properties": {
        "cipher": "nQWER",
        "has_phrases": false,
        "mode": "value_domain",
        "phrase_count": 0,
        "phrases": [],
        "projection": "value_hash_v1",
        "projection_method": "value_hash_v1",
        "value": 1859
      },
      "type": "Feature"
    },
    {
      "geometry": {
        "coordinates": [
          -27.127221,
          61.339247
        ],
        "type": "Point"
      },
      "properties": {
        "cipher": "nQWER",
        "has_phrases": false,
        "mode": "value_domain",
        "phrase_count": 0,
        "phrases": [],
        "projection": "value_hash_v1",
        "projection_method": "value_hash_v1",
        "value": 1860
      },
      "type": "Feature"
    },
    {
      "geometry": {
        "coordinates": [
          35.935448,
          62.710838
        ],
        "type": "Point"
      },
      "properties": {
        "cipher": "nQWER",
        "has_phrases": false,
        "mode": "value_domain",
        "phrase_count": 0,
        "phrases": [],
        "projection": "value_hash_v1",
        "projection_method": "value_hash_v1",
        "value": 1861
      },
      "type": "Feature"
    },
    {
      "geometry": {
        "coordinates": [
          -130.152052,
          59.795535
        ],
        "type": "Point"
      },
      "properties": {
        "cipher": "nQWER",
        "has_phrases": false,
        "mode": "value_domain",
        "phrase_count": 0,
        "phrases": [],
        "projection": "value_hash_v1",
        "projection_method": "value_hash_v1",
        "value": 1862
      },
      "type": "Feature"
    },
    {
      "geometry": {
        "coordinates": [
          -95.624393,
          4.748027
        ],
        "type": "Point"
      },
      "properties": {
        "cipher": "nQWER",
        "has_phrases": false,
        "mode": "value_domain",
        "phrase_count": 0,
        "phrases": [],
        "projection": "value_hash_v1",
        "projection_method": "value_hash_v1",
        "value": 1863
      },
      "type": "Feature"
    },
    {
      "geometry": {
        "coordinates": [
          -156.672148,
          -81.954699
        ],
        "type": "Point"
      },
      "properties": {
        "cipher": "nQWER",
        "has_phrases": false,
        "mode": "value_domain",
        "phrase_count": 0,
        "phrases": [],
        "projection": "value_hash_v1",
        "projection_method": "value_hash_v1",
        "value": 1864
      },
      "type": "Feature"
    },
    {
      "geometry": {
        "coordinates": [
          1.362358,
          -72.104941
        ],
        "type": "Point"
      },
      "properties": {
        "cipher": "nQWER",
        "has_phrases": false,
        "mode": "value_domain",
        "phrase_count": 0,
        "phrases": [],
        "projection": "value_hash_v1",
        "projection_method": "value_hash_v1",
        "value": 1865
      },
      "type": "Feature"
    },
    {
      "geometry": {
        "coordinates": [
          -132.187521,
          -65.852174
        ],
        "type": "Point"
      },
      "properties": {
        "cipher": "nQWER",
        "has_phrases": false,
        "mode": "value_domain",
        "phrase_count": 0,
        "phrases": [],
        "projection": "value_hash_v1",
        "projection_method": "value_hash_v1",
        "value": 1866
      },
      "type": "Feature"
    },
    {
      "geometry": {
        "coordinates": [
          -179.762042,
          83.41812
        ],
        "type": "Point"
      },
      "properties": {
        "cipher": "nQWER",
        "has_phrases": false,
        "mode": "value_domain",
        "phrase_count": 0,
        "phrases": [],
        "projection": "value_hash_v1",
        "projection_method": "value_hash_v1",
        "value": 1867
      },
      "type": "Feature"
    },
    {
      "geometry": {
        "coordinates": [
          -64.147468,
          10.486384
        ],
        "type": "Point"
      },
      "properties": {
        "cipher": "nQWER",
        "has_phrases": false,
        "mode": "value_domain",
        "phrase_count": 0,
        "phrases": [],
        "projection": "value_hash_v1",
        "projection_method": "value_hash_v1",
        "value": 1868
      },
      "type": "Feature"
    },
    {
      "geometry": {
        "coordinates": [
          -171.912787,
          -28.599082
        ],
        "type": "Point"
      },
      "properties": {
        "cipher": "nQWER",
        "has_phrases": false,
        "mode": "value_domain",
        "phrase_count": 0,
        "phrases": [],
        "projection": "value_hash_v1",
        "projection_method": "value_hash_v1",
        "value": 1869
      },
      "type": "Feature"
    },
    {
      "geometry": {
        "coordinates": [
          73.104083,
          29.816338
        ],
        "type": "Point"
      },
      "properties": {
        "cipher": "nQWER",
        "has_phrases": false,
        "mode": "value_domain",
        "phrase_count": 0,
        "phrases": [],
        "projection": "value_hash_v1",
        "projection_method": "value_hash_v1",
        "value": 1870
      },
      "type": "Feature"
    },
    {
      "geometry": {
        "coordinates": [
          -55.974838,
          56.286318
        ],
        "type": "Point"
      },
      "properties": {
        "cipher": "nQWER",
        "has_phrases": false,
        "mode": "value_domain",
        "phrase_count": 0,
        "phrases": [],
        "projection": "value_hash_v1",
        "projection_method": "value_hash_v1",
        "value": 1871
      },
      "type": "Feature"
    },
    {
      "geometry": {
        "coordinates": [
          88.53015,
          17.149506
        ],
        "type": "Point"
      },
      "properties": {
        "cipher": "nQWER",
        "has_phrases": false,
        "mode": "value_domain",
        "phrase_count": 0,
        "phrases": [],
        "projection": "value_hash_v1",
        "projection_method": "value_hash_v1",
        "value": 1872
      },
      "type": "Feature"
    },
    {
      "geometry": {
        "coordinates": [
          167.794018,
          24.419856
        ],
        "type": "Point"
      },
      "properties": {
        "cipher": "nQWER",
        "has_phrases": false,
        "mode": "value_domain",
        "phrase_count": 0,
        "phrases": [],
        "projection": "value_hash_v1",
        "projection_method": "value_hash_v1",
        "value": 1873
      },
      "type": "Feature"
    },
    {
      "geometry": {
        "coordinates": [
          -166.441607,
          -70.67051
        ],
        "type": "Point"
      },
      "properties": {
        "cipher": "nQWER",
        "has_phrases": false,
        "mode": "value_domain",
        "phrase_count": 0,
        "phrases": [],
        "projection": "value_hash_v1",
        "projection_method": "value_hash_v1",
        "value": 1874
      },
      "type": "Feature"
    },
    {
      "geometry": {
        "coordinates": [
          -18.415626,
          -15.180216
        ],
        "type": "Point"
      },
      "properties": {
        "cipher": "nQWER",
        "has_phrases": false,
        "mode": "value_domain",
        "phrase_count": 0,
        "phrases": [],
        "projection": "value_hash_v1",
        "projection_method": "value_hash_v1",
        "value": 1875
      },
      "type": "Feature"
    },
    {
      "geometry": {
        "coordinates": [
          -81.561494,
          30.817743
        ],
        "type": "Point"
      },
      "properties": {
        "cipher": "nQWER",
        "has_phrases": false,
        "mode": "value_domain",
        "phrase_count": 0,
        "phrases": [],
        "projection": "value_hash_v1",
        "projection_method": "value_hash_v1",
        "value": 1876
      },
      "type": "Feature"
    },
    {
      "geometry": {
        "coordinates": [
          -85.5318,
          72.774931
        ],
        "type": "Point"
      },
      "properties": {
        "cipher": "nQWER",
        "has_phrases": false,
        "mode": "value_domain",
        "phrase_count": 0,
        "phrases": [],
        "projection": "value_hash_v1",
        "projection_method": "value_hash_v1",
        "value": 1877
      },
      "type": "Feature"
    },
    {
      "geometry": {
        "coordinates": [
          46.048822,
          51.039044
        ],
        "type": "Point"
      },
      "properties": {
        "cipher": "nQWER",
        "has_phrases": false,
        "mode": "value_domain",
        "phrase_count": 0,
        "phrases": [],
        "projection": "value_hash_v1",
        "projection_method": "value_hash_v1",
        "value": 1878
      },
      "type": "Feature"
    },
    {
      "geometry": {
        "coordinates": [
          -39.724192,
          43.430808
        ],
        "type": "Point"
      },
      "properties": {
        "cipher": "nQWER",
        "has_phrases": false,
        "mode": "value_domain",
        "phrase_count": 0,
        "phrases": [],
        "projection": "value_hash_v1",
        "projection_method": "value_hash_v1",
        "value": 1879
      },
      "type": "Feature"
    },
    {
      "geometry": {
        "coordinates": [
          -18.149751,
          -44.42278
        ],
        "type": "Point"
      },
      "properties": {
        "cipher": "nQWER",
        "has_phrases": false,
        "mode": "value_domain",
        "phrase_count": 0,
        "phrases": [],
        "projection": "value_hash_v1",
        "projection_method": "value_hash_v1",
        "value": 1880
      },
      "type": "Feature"
    },
    {
      "geometry": {
        "coordinates": [
          91.722261,
          70.755993
        ],
        "type": "Point"
      },
      "properties": {
        "cipher": "nQWER",
        "has_phrases": false,
        "mode": "value_domain",
        "phrase_count": 0,
        "phrases": [],
        "projection": "value_hash_v1",
        "projection_method": "value_hash_v1",
        "value": 1881
      },
      "type": "Feature"
    },
    {
      "geometry": {
        "coordinates": [
          -62.967782,
          -18.086967
        ],
        "type": "Point"
      },
      "properties": {
        "cipher": "nQWER",
        "has_phrases": false,
        "mode": "value_domain",
        "phrase_count": 0,
        "phrases": [],
        "projection": "value_hash_v1",
        "projection_method": "value_hash_v1",
        "value": 1882
      },
      "type": "Feature"
    },
    {
      "geometry": {
        "coordinates": [
          -164.468426,
          15.200318
        ],
        "type": "Point"
      },
      "properties": {
        "cipher": "nQWER",
        "has_phrases": false,
        "mode": "value_domain",
        "phrase_count": 0,
        "phrases": [],
        "projection": "value_hash_v1",
        "projection_method": "value_hash_v1",
        "value": 1883
      },
      "type": "Feature"
    },
    {
      "geometry": {
        "coordinates": [
          -6.294316,
          -24.631136
        ],
        "type": "Point"
      },
      "properties": {
        "cipher": "nQWER",
        "has_phrases": false,
        "mode": "value_domain",
        "phrase_count": 0,
        "phrases": [],
        "projection": "value_hash_v1",
        "projection_method": "value_hash_v1",
        "value": 1884
      },
      "type": "Feature"
    },
    {
      "geometry": {
        "coordinates": [
          61.780305,
          -56.453359
        ],
        "type": "Point"
      },
      "properties": {
        "cipher": "nQWER",
        "has_phrases": false,
        "mode": "value_domain",
        "phrase_count": 0,
        "phrases": [],
        "projection": "value_hash_v1",
        "projection_method": "value_hash_v1",
        "value": 1885
      },
      "type": "Feature"
    },
    {
      "geometry": {
        "coordinates": [
          144.811199,
          51.756264
        ],
        "type": "Point"
      },
      "properties": {
        "cipher": "nQWER",
        "has_phrases": false,
        "mode": "value_domain",
        "phrase_count": 0,
        "phrases": [],
        "projection": "value_hash_v1",
        "projection_method": "value_hash_v1",
        "value": 1886
      },
      "type": "Feature"
    },
    {
      "geometry": {
        "coordinates": [
          -99.659821,
          -1.594835
        ],
        "type": "Point"
      },
      "properties": {
        "cipher": "nQWER",
        "has_phrases": false,
        "mode": "value_domain",
        "phrase_count": 0,
        "phrases": [],
        "projection": "value_hash_v1",
        "projection_method": "value_hash_v1",
        "value": 1887
      },
      "type": "Feature"
    },
    {
      "geometry": {
        "coordinates": [
          -98.603731,
          89.536324
        ],
        "type": "Point"
      },
      "properties": {
        "cipher": "nQWER",
        "has_phrases": false,
        "mode": "value_domain",
        "phrase_count": 0,
        "phrases": [],
        "projection": "value_hash_v1",
        "projection_method": "value_hash_v1",
        "value": 1888
      },
      "type": "Feature"
    },
    {
      "geometry": {
        "coordinates": [
          -112.454967,
          30.083895
        ],
        "type": "Point"
      },
      "properties": {
        "cipher": "nQWER",
        "has_phrases": false,
        "mode": "value_domain",
        "phrase_count": 0,
        "phrases": [],
        "projection": "value_hash_v1",
        "projection_method": "value_hash_v1",
        "value": 1889
      },
      "type": "Feature"
    },
    {
      "geometry": {
        "coordinates": [
          -58.203211,
          52.951445
        ],
        "type": "Point"
      },
      "properties": {
        "cipher": "nQWER",
        "has_phrases": false,
        "mode": "value_domain",
        "phrase_count": 0,
        "phrases": [],
        "projection": "value_hash_v1",
        "projection_method": "value_hash_v1",
        "value": 1890
      },
      "type": "Feature"
    },
    {
      "geometry": {
        "coordinates": [
          -45.265974,
          -35.649657
        ],
        "type": "Point"
      },
      "properties": {
        "cipher": "nQWER",
        "has_phrases": false,
        "mode": "value_domain",
        "phrase_count": 0,
        "phrases": [],
        "projection": "value_hash_v1",
        "projection_method": "value_hash_v1",
        "value": 1891
      },
      "type": "Feature"
    },
    {
      "geometry": {
        "coordinates": [
          -111.189884,
          3.714674
        ],
        "type": "Point"
      },
      "properties": {
        "cipher": "nQWER",
        "has_phrases": false,
        "mode": "value_domain",
        "phrase_count": 0,
        "phrases": [],
        "projection": "value_hash_v1",
        "projection_method": "value_hash_v1",
        "value": 1892
      },
      "type": "Feature"
    },
    {
      "geometry": {
        "coordinates": [
          -163.722827,
          57.179024
        ],
        "type": "Point"
      },
      "properties": {
        "cipher": "nQWER",
        "has_phrases": false,
        "mode": "value_domain",
        "phrase_count": 0,
        "phrases": [],
        "projection": "value_hash_v1",
        "projection_method": "value_hash_v1",
        "value": 1893
      },
      "type": "Feature"
    },
    {
      "geometry": {
        "coordinates": [
          150.160752,
          -4.63409
        ],
        "type": "Point"
      },
      "properties": {
        "cipher": "nQWER",
        "has_phrases": false,
        "mode": "value_domain",
        "phrase_count": 0,
        "phrases": [],
        "projection": "value_hash_v1",
        "projection_method": "value_hash_v1",
        "value": 1894
      },
      "type": "Feature"
    },
    {
      "geometry": {
        "coordinates": [
          35.719236,
          85.459801
        ],
        "type": "Point"
      },
      "properties": {
        "cipher": "nQWER",
        "has_phrases": false,
        "mode": "value_domain",
        "phrase_count": 0,
        "phrases": [],
        "projection": "value_hash_v1",
        "projection_method": "value_hash_v1",
        "value": 1895
      },
      "type": "Feature"
    },
    {
      "geometry": {
        "coordinates": [
          -77.576409,
          27.858251
        ],
        "type": "Point"
      },
      "properties": {
        "cipher": "nQWER",
        "has_phrases": false,
        "mode": "value_domain",
        "phrase_count": 0,
        "phrases": [],
        "projection": "value_hash_v1",
        "projection_method": "value_hash_v1",
        "value": 1896
      },
      "type": "Feature"
    },
    {
      "geometry": {
        "coordinates": [
          -50.667263,
          -76.531362
        ],
        "type": "Point"
      },
      "properties": {
        "cipher": "nQWER",
        "has_phrases": false,
        "mode": "value_domain",
        "phrase_count": 0,
        "phrases": [],
        "projection": "value_hash_v1",
        "projection_method": "value_hash_v1",
        "value": 1897
      },
      "type": "Feature"
    },
    {
      "geometry": {
        "coordinates": [
          61.053577,
          71.072338
        ],
        "type": "Point"
      },
      "properties": {
        "cipher": "nQWER",
        "has_phrases": false,
        "mode": "value_domain",
        "phrase_count": 0,
        "phrases": [],
        "projection": "value_hash_v1",
        "projection_method": "value_hash_v1",
        "value": 1898
      },
      "type": "Feature"
    },
    {
      "geometry": {
        "coordinates": [
          58.373828,
          -51.121174
        ],
        "type": "Point"
      },
      "properties": {
        "cipher": "nQWER",
        "has_phrases": false,
        "mode": "value_domain",
        "phrase_count": 0,
        "phrases": [],
        "projection": "value_hash_v1",
        "projection_method": "value_hash_v1",
        "value": 1899
      },
      "type": "Feature"
    },
    {
      "geometry": {
        "coordinates": [
          -163.769564,
          11.305827
        ],
        "type": "Point"
      },
      "properties": {
        "cipher": "nQWER",
        "has_phrases": false,
        "mode": "value_domain",
        "phrase_count": 0,
        "phrases": [],
        "projection": "value_hash_v1",
        "projection_method": "value_hash_v1",
        "value": 1900
      },
      "type": "Feature"
    },
    {
      "geometry": {
        "coordinates": [
          -76.672612,
          -43.734584
        ],
        "type": "Point"
      },
      "properties": {
        "cipher": "nQWER",
        "has_phrases": false,
        "mode": "value_domain",
        "phrase_count": 0,
        "phrases": [],
        "projection": "value_hash_v1",
        "projection_method": "value_hash_v1",
        "value": 1901
      },
      "type": "Feature"
    },
    {
      "geometry": {
        "coordinates": [
          38.618448,
          0.0556
        ],
        "type": "Point"
      },
      "properties": {
        "cipher": "nQWER",
        "has_phrases": false,
        "mode": "value_domain",
        "phrase_count": 0,
        "phrases": [],
        "projection": "value_hash_v1",
        "projection_method": "value_hash_v1",
        "value": 1902
      },
      "type": "Feature"
    },
    {
      "geometry": {
        "coordinates": [
          -6.594507,
          49.448034
        ],
        "type": "Point"
      },
      "properties": {
        "cipher": "nQWER",
        "has_phrases": false,
        "mode": "value_domain",
        "phrase_count": 0,
        "phrases": [],
        "projection": "value_hash_v1",
        "projection_method": "value_hash_v1",
        "value": 1903
      },
      "type": "Feature"
    },
    {
      "geometry": {
        "coordinates": [
          -28.648282,
          7.419122
        ],
        "type": "Point"
      },
      "properties": {
        "cipher": "nQWER",
        "has_phrases": false,
        "mode": "value_domain",
        "phrase_count": 0,
        "phrases": [],
        "projection": "value_hash_v1",
        "projection_method": "value_hash_v1",
        "value": 1904
      },
      "type": "Feature"
    },
    {
      "geometry": {
        "coordinates": [
          -62.955661,
          5.057062
        ],
        "type": "Point"
      },
      "properties": {
        "cipher": "nQWER",
        "has_phrases": false,
        "mode": "value_domain",
        "phrase_count": 0,
        "phrases": [],
        "projection": "value_hash_v1",
        "projection_method": "value_hash_v1",
        "value": 1905
      },
      "type": "Feature"
    },
    {
      "geometry": {
        "coordinates": [
          8.109328,
          -55.271201
        ],
        "type": "Point"
      },
      "properties": {
        "cipher": "nQWER",
        "has_phrases": false,
        "mode": "value_domain",
        "phrase_count": 0,
        "phrases": [],
        "projection": "value_hash_v1",
        "projection_method": "value_hash_v1",
        "value": 1906
      },
      "type": "Feature"
    },
    {
      "geometry": {
        "coordinates": [
          3.032725,
          -43.137023
        ],
        "type": "Point"
      },
      "properties": {
        "cipher": "nQWER",
        "has_phrases": false,
        "mode": "value_domain",
        "phrase_count": 0,
        "phrases": [],
        "projection": "value_hash_v1",
        "projection_method": "value_hash_v1",
        "value": 1907
      },
      "type": "Feature"
    },
    {
      "geometry": {
        "coordinates": [
          120.481548,
          -65.512402
        ],
        "type": "Point"
      },
      "properties": {
        "cipher": "nQWER",
        "has_phrases": false,
        "mode": "value_domain",
        "phrase_count": 0,
        "phrases": [],
        "projection": "value_hash_v1",
        "projection_method": "value_hash_v1",
        "value": 1908
      },
      "type": "Feature"
    },
    {
      "geometry": {
        "coordinates": [
          -9.772948,
          -82.769987
        ],
        "type": "Point"
      },
      "properties": {
        "cipher": "nQWER",
        "has_phrases": false,
        "mode": "value_domain",
        "phrase_count": 0,
        "phrases": [],
        "projection": "value_hash_v1",
        "projection_method": "value_hash_v1",
        "value": 1909
      },
      "type": "Feature"
    },
    {
      "geometry": {
        "coordinates": [
          -20.871479,
          89.397184
        ],
        "type": "Point"
      },
      "properties": {
        "cipher": "nQWER",
        "has_phrases": false,
        "mode": "value_domain",
        "phrase_count": 0,
        "phrases": [],
        "projection": "value_hash_v1",
        "projection_method": "value_hash_v1",
        "value": 1910
      },
      "type": "Feature"
    },
    {
      "geometry": {
        "coordinates": [
          -8.560573,
          72.563939
        ],
        "type": "Point"
      },
      "properties": {
        "cipher": "nQWER",
        "has_phrases": false,
        "mode": "value_domain",
        "phrase_count": 0,
        "phrases": [],
        "projection": "value_hash_v1",
        "projection_method": "value_hash_v1",
        "value": 1911
      },
      "type": "Feature"
    },
    {
      "geometry": {
        "coordinates": [
          178.084012,
          -89.718368
        ],
        "type": "Point"
      },
      "properties": {
        "cipher": "nQWER",
        "has_phrases": false,
        "mode": "value_domain",
        "phrase_count": 0,
        "phrases": [],
        "projection": "value_hash_v1",
        "projection_method": "value_hash_v1",
        "value": 1912
      },
      "type": "Feature"
    },
    {
      "geometry": {
        "coordinates": [
          -55.803367,
          67.910886
        ],
        "type": "Point"
      },
      "properties": {
        "cipher": "nQWER",
        "has_phrases": false,
        "mode": "value_domain",
        "phrase_count": 0,
        "phrases": [],
        "projection": "value_hash_v1",
        "projection_method": "value_hash_v1",
        "value": 1913
      },
      "type": "Feature"
    },
    {
      "geometry": {
        "coordinates": [
          162.023191,
          -69.237908
        ],
        "type": "Point"
      },
      "properties": {
        "cipher": "nQWER",
        "has_phrases": false,
        "mode": "value_domain",
        "phrase_count": 0,
        "phrases": [],
        "projection": "value_hash_v1",
        "projection_method": "value_hash_v1",
        "value": 1914
      },
      "type": "Feature"
    },
    {
      "geometry": {
        "coordinates": [
          38.877489,
          -5.741295
        ],
        "type": "Point"
      },
      "properties": {
        "cipher": "nQWER",
        "has_phrases": false,
        "mode": "value_domain",
        "phrase_count": 0,
        "phrases": [],
        "projection": "value_hash_v1",
        "projection_method": "value_hash_v1",
        "value": 1915
      },
      "type": "Feature"
    },
    {
      "geometry": {
        "coordinates": [
          56.665275,
          41.561197
        ],
        "type": "Point"
      },
      "properties": {
        "cipher": "nQWER",
        "has_phrases": false,
        "mode": "value_domain",
        "phrase_count": 0,
        "phrases": [],
        "projection": "value_hash_v1",
        "projection_method": "value_hash_v1",
        "value": 1916
      },
      "type": "Feature"
    },
    {
      "geometry": {
        "coordinates": [
          131.035424,
          66.32825
        ],
        "type": "Point"
      },
      "properties": {
        "cipher": "nQWER",
        "has_phrases": false,
        "mode": "value_domain",
        "phrase_count": 0,
        "phrases": [],
        "projection": "value_hash_v1",
        "projection_method": "value_hash_v1",
        "value": 1917
      },
      "type": "Feature"
    },
    {
      "geometry": {
        "coordinates": [
          110.905971,
          -18.163176
        ],
        "type": "Point"
      },
      "properties": {
        "cipher": "nQWER",
        "has_phrases": false,
        "mode": "value_domain",
        "phrase_count": 0,
        "phrases": [],
        "projection": "value_hash_v1",
        "projection_method": "value_hash_v1",
        "value": 1918
      },
      "type": "Feature"
    },
    {
      "geometry": {
        "coordinates": [
          -151.250372,
          83.455154
        ],
        "type": "Point"
      },
      "properties": {
        "cipher": "nQWER",
        "has_phrases": false,
        "mode": "value_domain",
        "phrase_count": 0,
        "phrases": [],
        "projection": "value_hash_v1",
        "projection_method": "value_hash_v1",
        "value": 1919
      },
      "type": "Feature"
    },
    {
      "geometry": {
        "coordinates": [
          -43.648939,
          4.783458
        ],
        "type": "Point"
      },
      "properties": {
        "cipher": "nQWER",
        "has_phrases": false,
        "mode": "value_domain",
        "phrase_count": 0,
        "phrases": [],
        "projection": "value_hash_v1",
        "projection_method": "value_hash_v1",
        "value": 1920
      },
      "type": "Feature"
    },
    {
      "geometry": {
        "coordinates": [
          -6.154064,
          77.629716
        ],
        "type": "Point"
      },
      "properties": {
        "cipher": "nQWER",
        "has_phrases": false,
        "mode": "value_domain",
        "phrase_count": 0,
        "phrases": [],
        "projection": "value_hash_v1",
        "projection_method": "value_hash_v1",
        "value": 1921
      },
      "type": "Feature"
    },
    {
      "geometry": {
        "coordinates": [
          118.614661,
          -24.950688
        ],
        "type": "Point"
      },
      "properties": {
        "cipher": "nQWER",
        "has_phrases": false,
        "mode": "value_domain",
        "phrase_count": 0,
        "phrases": [],
        "projection": "value_hash_v1",
        "projection_method": "value_hash_v1",
        "value": 1922
      },
      "type": "Feature"
    },
    {
      "geometry": {
        "coordinates": [
          94.374458,
          -72.374225
        ],
        "type": "Point"
      },
      "properties": {
        "cipher": "nQWER",
        "has_phrases": false,
        "mode": "value_domain",
        "phrase_count": 0,
        "phrases": [],
        "projection": "value_hash_v1",
        "projection_method": "value_hash_v1",
        "value": 1923
      },
      "type": "Feature"
    },
    {
      "geometry": {
        "coordinates": [
          161.409397,
          -5.930098
        ],
        "type": "Point"
      },
      "properties": {
        "cipher": "nQWER",
        "has_phrases": false,
        "mode": "value_domain",
        "phrase_count": 0,
        "phrases": [],
        "projection": "value_hash_v1",
        "projection_method": "value_hash_v1",
        "value": 1924
      },
      "type": "Feature"
    },
    {
      "geometry": {
        "coordinates": [
          -84.632471,
          -85.311802
        ],
        "type": "Point"
      },
      "properties": {
        "cipher": "nQWER",
        "has_phrases": false,
        "mode": "value_domain",
        "phrase_count": 0,
        "phrases": [],
        "projection": "value_hash_v1",
        "projection_method": "value_hash_v1",
        "value": 1925
      },
      "type": "Feature"
    },
    {
      "geometry": {
        "coordinates": [
          -109.912803,
          56.723117
        ],
        "type": "Point"
      },
      "properties": {
        "cipher": "nQWER",
        "has_phrases": false,
        "mode": "value_domain",
        "phrase_count": 0,
        "phrases": [],
        "projection": "value_hash_v1",
        "projection_method": "value_hash_v1",
        "value": 1926
      },
      "type": "Feature"
    },
    {
      "geometry": {
        "coordinates": [
          -70.214228,
          -6.35536
        ],
        "type": "Point"
      },
      "properties": {
        "cipher": "nQWER",
        "has_phrases": false,
        "mode": "value_domain",
        "phrase_count": 0,
        "phrases": [],
        "projection": "value_hash_v1",
        "projection_method": "value_hash_v1",
        "value": 1927
      },
      "type": "Feature"
    },
    {
      "geometry": {
        "coordinates": [
          166.61615,
          6.001801
        ],
        "type": "Point"
      },
      "properties": {
        "cipher": "nQWER",
        "has_phrases": false,
        "mode": "value_domain",
        "phrase_count": 0,
        "phrases": [],
        "projection": "value_hash_v1",
        "projection_method": "value_hash_v1",
        "value": 1928
      },
      "type": "Feature"
    },
    {
      "geometry": {
        "coordinates": [
          109.312555,
          85.772505
        ],
        "type": "Point"
      },
      "properties": {
        "cipher": "nQWER",
        "has_phrases": false,
        "mode": "value_domain",
        "phrase_count": 0,
        "phrases": [],
        "projection": "value_hash_v1",
        "projection_method": "value_hash_v1",
        "value": 1929
      },
      "type": "Feature"
    },
    {
      "geometry": {
        "coordinates": [
          -6.71385,
          -49.089628
        ],
        "type": "Point"
      },
      "properties": {
        "cipher": "nQWER",
        "has_phrases": false,
        "mode": "value_domain",
        "phrase_count": 0,
        "phrases": [],
        "projection": "value_hash_v1",
        "projection_method": "value_hash_v1",
        "value": 1930
      },
      "type": "Feature"
    },
    {
      "geometry": {
        "coordinates": [
          56.901653,
          -52.502274
        ],
        "type": "Point"
      },
      "properties": {
        "cipher": "nQWER",
        "has_phrases": false,
        "mode": "value_domain",
        "phrase_count": 0,
        "phrases": [],
        "projection": "value_hash_v1",
        "projection_method": "value_hash_v1",
        "value": 1931
      },
      "type": "Feature"
    },
    {
      "geometry": {
        "coordinates": [
          84.13113,
          -33.508767
        ],
        "type": "Point"
      },
      "properties": {
        "cipher": "nQWER",
        "has_phrases": false,
        "mode": "value_domain",
        "phrase_count": 0,
        "phrases": [],
        "projection": "value_hash_v1",
        "projection_method": "value_hash_v1",
        "value": 1932
      },
      "type": "Feature"
    },
    {
      "geometry": {
        "coordinates": [
          66.373897,
          -81.735867
        ],
        "type": "Point"
      },
      "properties": {
        "cipher": "nQWER",
        "has_phrases": false,
        "mode": "value_domain",
        "phrase_count": 0,
        "phrases": [],
        "projection": "value_hash_v1",
        "projection_method": "value_hash_v1",
        "value": 1933
      },
      "type": "Feature"
    },
    {
      "geometry": {
        "coordinates": [
          63.368636,
          89.781448
        ],
        "type": "Point"
      },
      "properties": {
        "cipher": "nQWER",
        "has_phrases": false,
        "mode": "value_domain",
        "phrase_count": 0,
        "phrases": [],
        "projection": "value_hash_v1",
        "projection_method": "value_hash_v1",
        "value": 1934
      },
      "type": "Feature"
    },
    {
      "geometry": {
        "coordinates": [
          24.464668,
          -53.11955
        ],
        "type": "Point"
      },
      "properties": {
        "cipher": "nQWER",
        "has_phrases": false,
        "mode": "value_domain",
        "phrase_count": 0,
        "phrases": [],
        "projection": "value_hash_v1",
        "projection_method": "value_hash_v1",
        "value": 1935
      },
      "type": "Feature"
    },
    {
      "geometry": {
        "coordinates": [
          72.639124,
          18.614263
        ],
        "type": "Point"
      },
      "properties": {
        "cipher": "nQWER",
        "has_phrases": false,
        "mode": "value_domain",
        "phrase_count": 0,
        "phrases": [],
        "projection": "value_hash_v1",
        "projection_method": "value_hash_v1",
        "value": 1936
      },
      "type": "Feature"
    },
    {
      "geometry": {
        "coordinates": [
          -159.164451,
          -27.905575
        ],
        "type": "Point"
      },
      "properties": {
        "cipher": "nQWER",
        "has_phrases": false,
        "mode": "value_domain",
        "phrase_count": 0,
        "phrases": [],
        "projection": "value_hash_v1",
        "projection_method": "value_hash_v1",
        "value": 1937
      },
      "type": "Feature"
    },
    {
      "geometry": {
        "coordinates": [
          -117.307585,
          -74.733538
        ],
        "type": "Point"
      },
      "properties": {
        "cipher": "nQWER",
        "has_phrases": false,
        "mode": "value_domain",
        "phrase_count": 0,
        "phrases": [],
        "projection": "value_hash_v1",
        "projection_method": "value_hash_v1",
        "value": 1938
      },
      "type": "Feature"
    },
    {
      "geometry": {
        "coordinates": [
          80.948927,
          -26.029051
        ],
        "type": "Point"
      },
      "properties": {
        "cipher": "nQWER",
        "has_phrases": false,
        "mode": "value_domain",
        "phrase_count": 0,
        "phrases": [],
        "projection": "value_hash_v1",
        "projection_method": "value_hash_v1",
        "value": 1939
      },
      "type": "Feature"
    },
    {
      "geometry": {
        "coordinates": [
          164.684276,
          2.26974
        ],
        "type": "Point"
      },
      "properties": {
        "cipher": "nQWER",
        "has_phrases": false,
        "mode": "value_domain",
        "phrase_count": 0,
        "phrases": [],
        "projection": "value_hash_v1",
        "projection_method": "value_hash_v1",
        "value": 1940
      },
      "type": "Feature"
    },
    {
      "geometry": {
        "coordinates": [
          149.121471,
          52.202992
        ],
        "type": "Point"
      },
      "properties": {
        "cipher": "nQWER",
        "has_phrases": false,
        "mode": "value_domain",
        "phrase_count": 0,
        "phrases": [],
        "projection": "value_hash_v1",
        "projection_method": "value_hash_v1",
        "value": 1941
      },
      "type": "Feature"
    },
    {
      "geometry": {
        "coordinates": [
          -56.216502,
          -79.984411
        ],
        "type": "Point"
      },
      "properties": {
        "cipher": "nQWER",
        "has_phrases": false,
        "mode": "value_domain",
        "phrase_count": 0,
        "phrases": [],
        "projection": "value_hash_v1",
        "projection_method": "value_hash_v1",
        "value": 1942
      },
      "type": "Feature"
    },
    {
      "geometry": {
        "coordinates": [
          91.400574,
          17.953329
        ],
        "type": "Point"
      },
      "properties": {
        "cipher": "nQWER",
        "has_phrases": false,
        "mode": "value_domain",
        "phrase_count": 0,
        "phrases": [],
        "projection": "value_hash_v1",
        "projection_method": "value_hash_v1",
        "value": 1943
      },
      "type": "Feature"
    },
    {
      "geometry": {
        "coordinates": [
          179.57805,
          -69.932073
        ],
        "type": "Point"
      },
      "properties": {
        "cipher": "nQWER",
        "has_phrases": false,
        "mode": "value_domain",
        "phrase_count": 0,
        "phrases": [],
        "projection": "value_hash_v1",
        "projection_method": "value_hash_v1",
        "value": 1944
      },
      "type": "Feature"
    },
    {
      "geometry": {
        "coordinates": [
          90.939992,
          -63.366417
        ],
        "type": "Point"
      },
      "properties": {
        "cipher": "nQWER",
        "has_phrases": false,
        "mode": "value_domain",
        "phrase_count": 0,
        "phrases": [],
        "projection": "value_hash_v1",
        "projection_method": "value_hash_v1",
        "value": 1945
      },
      "type": "Feature"
    },
    {
      "geometry": {
        "coordinates": [
          -89.638337,
          -80.117076
        ],
        "type": "Point"
      },
      "properties": {
        "cipher": "nQWER",
        "has_phrases": false,
        "mode": "value_domain",
        "phrase_count": 0,
        "phrases": [],
        "projection": "value_hash_v1",
        "projection_method": "value_hash_v1",
        "value": 1946
      },
      "type": "Feature"
    },
    {
      "geometry": {
        "coordinates": [
          168.562773,
          -30.341012
        ],
        "type": "Point"
      },
      "properties": {
        "cipher": "nQWER",
        "has_phrases": false,
        "mode": "value_domain",
        "phrase_count": 0,
        "phrases": [],
        "projection": "value_hash_v1",
        "projection_method": "value_hash_v1",
        "value": 1947
      },
      "type": "Feature"
    },
    {
      "geometry": {
        "coordinates": [
          37.507849,
          -63.101609
        ],
        "type": "Point"
      },
      "properties": {
        "cipher": "nQWER",
        "has_phrases": false,
        "mode": "value_domain",
        "phrase_count": 0,
        "phrases": [],
        "projection": "value_hash_v1",
        "projection_method": "value_hash_v1",
        "value": 1948
      },
      "type": "Feature"
    },
    {
      "geometry": {
        "coordinates": [
          -48.205731,
          -74.672886
        ],
        "type": "Point"
      },
      "properties": {
        "cipher": "nQWER",
        "has_phrases": false,
        "mode": "value_domain",
        "phrase_count": 0,
        "phrases": [],
        "projection": "value_hash_v1",
        "projection_method": "value_hash_v1",
        "value": 1949
      },
      "type": "Feature"
    },
    {
      "geometry": {
        "coordinates": [
          -88.683797,
          -40.499643
        ],
        "type": "Point"
      },
      "properties": {
        "cipher": "nQWER",
        "has_phrases": false,
        "mode": "value_domain",
        "phrase_count": 0,
        "phrases": [],
        "projection": "value_hash_v1",
        "projection_method": "value_hash_v1",
        "value": 1950
      },
      "type": "Feature"
    },
    {
      "geometry": {
        "coordinates": [
          -4.034566,
          54.43824
        ],
        "type": "Point"
      },
      "properties": {
        "cipher": "nQWER",
        "has_phrases": false,
        "mode": "value_domain",
        "phrase_count": 0,
        "phrases": [],
        "projection": "value_hash_v1",
        "projection_method": "value_hash_v1",
        "value": 1951
      },
      "type": "Feature"
    },
    {
      "geometry": {
        "coordinates": [
          -71.456031,
          3.200997
        ],
        "type": "Point"
      },
      "properties": {
        "cipher": "nQWER",
        "has_phrases": false,
        "mode": "value_domain",
        "phrase_count": 0,
        "phrases": [],
        "projection": "value_hash_v1",
        "projection_method": "value_hash_v1",
        "value": 1952
      },
      "type": "Feature"
    },
    {
      "geometry": {
        "coordinates": [
          53.165462,
          80.325351
        ],
        "type": "Point"
      },
      "properties": {
        "cipher": "nQWER",
        "has_phrases": false,
        "mode": "value_domain",
        "phrase_count": 0,
        "phrases": [],
        "projection": "value_hash_v1",
        "projection_method": "value_hash_v1",
        "value": 1953
      },
      "type": "Feature"
    },
    {
      "geometry": {
        "coordinates": [
          83.541444,
          -49.300447
        ],
        "type": "Point"
      },
      "properties": {
        "cipher": "nQWER",
        "has_phrases": false,
        "mode": "value_domain",
        "phrase_count": 0,
        "phrases": [],
        "projection": "value_hash_v1",
        "projection_method": "value_hash_v1",
        "value": 1954
      },
      "type": "Feature"
    },
    {
      "geometry": {
        "coordinates": [
          -103.591689,
          55.241217
        ],
        "type": "Point"
      },
      "properties": {
        "cipher": "nQWER",
        "has_phrases": false,
        "mode": "value_domain",
        "phrase_count": 0,
        "phrases": [],
        "projection": "value_hash_v1",
        "projection_method": "value_hash_v1",
        "value": 1955
      },
      "type": "Feature"
    },
    {
      "geometry": {
        "coordinates": [
          18.365439,
          9.532927
        ],
        "type": "Point"
      },
      "properties": {
        "cipher": "nQWER",
        "has_phrases": false,
        "mode": "value_domain",
        "phrase_count": 0,
        "phrases": [],
        "projection": "value_hash_v1",
        "projection_method": "value_hash_v1",
        "value": 1956
      },
      "type": "Feature"
    },
    {
      "geometry": {
        "coordinates": [
          -6.86138,
          -74.934389
        ],
        "type": "Point"
      },
      "properties": {
        "cipher": "nQWER",
        "has_phrases": false,
        "mode": "value_domain",
        "phrase_count": 0,
        "phrases": [],
        "projection": "value_hash_v1",
        "projection_method": "value_hash_v1",
        "value": 1957
      },
      "type": "Feature"
    },
    {
      "geometry": {
        "coordinates": [
          -2.814573,
          17.125913
        ],
        "type": "Point"
      },
      "properties": {
        "cipher": "nQWER",
        "has_phrases": false,
        "mode": "value_domain",
        "phrase_count": 0,
        "phrases": [],
        "projection": "value_hash_v1",
        "projection_method": "value_hash_v1",
        "value": 1958
      },
      "type": "Feature"
    },
    {
      "geometry": {
        "coordinates": [
          -11.06066,
          -25.303207
        ],
        "type": "Point"
      },
      "properties": {
        "cipher": "nQWER",
        "has_phrases": false,
        "mode": "value_domain",
        "phrase_count": 0,
        "phrases": [],
        "projection": "value_hash_v1",
        "projection_method": "value_hash_v1",
        "value": 1959
      },
      "type": "Feature"
    },
    {
      "geometry": {
        "coordinates": [
          86.694105,
          -48.951783
        ],
        "type": "Point"
      },
      "properties": {
        "cipher": "nQWER",
        "has_phrases": false,
        "mode": "value_domain",
        "phrase_count": 0,
        "phrases": [],
        "projection": "value_hash_v1",
        "projection_method": "value_hash_v1",
        "value": 1960
      },
      "type": "Feature"
    },
    {
      "geometry": {
        "coordinates": [
          4.96101,
          -31.516066
        ],
        "type": "Point"
      },
      "properties": {
        "cipher": "nQWER",
        "has_phrases": false,
        "mode": "value_domain",
        "phrase_count": 0,
        "phrases": [],
        "projection": "value_hash_v1",
        "projection_method": "value_hash_v1",
        "value": 1961
      },
      "type": "Feature"
    },
    {
      "geometry": {
        "coordinates": [
          92.918585,
          65.218794
        ],
        "type": "Point"
      },
      "properties": {
        "cipher": "nQWER",
        "has_phrases": false,
        "mode": "value_domain",
        "phrase_count": 0,
        "phrases": [],
        "projection": "value_hash_v1",
        "projection_method": "value_hash_v1",
        "value": 1962
      },
      "type": "Feature"
    },
    {
      "geometry": {
        "coordinates": [
          -44.274322,
          -33.562703
        ],
        "type": "Point"
      },
      "properties": {
        "cipher": "nQWER",
        "has_phrases": false,
        "mode": "value_domain",
        "phrase_count": 0,
        "phrases": [],
        "projection": "value_hash_v1",
        "projection_method": "value_hash_v1",
        "value": 1963
      },
      "type": "Feature"
    },
    {
      "geometry": {
        "coordinates": [
          -44.784474,
          39.120635
        ],
        "type": "Point"
      },
      "properties": {
        "cipher": "nQWER",
        "has_phrases": false,
        "mode": "value_domain",
        "phrase_count": 0,
        "phrases": [],
        "projection": "value_hash_v1",
        "projection_method": "value_hash_v1",
        "value": 1964
      },
      "type": "Feature"
    },
    {
      "geometry": {
        "coordinates": [
          -119.636811,
          -22.349867
        ],
        "type": "Point"
      },
      "properties": {
        "cipher": "nQWER",
        "has_phrases": false,
        "mode": "value_domain",
        "phrase_count": 0,
        "phrases": [],
        "projection": "value_hash_v1",
        "projection_method": "value_hash_v1",
        "value": 1965
      },
      "type": "Feature"
    },
    {
      "geometry": {
        "coordinates": [
          -169.720155,
          -43.681063
        ],
        "type": "Point"
      },
      "properties": {
        "cipher": "nQWER",
        "has_phrases": false,
        "mode": "value_domain",
        "phrase_count": 0,
        "phrases": [],
        "projection": "value_hash_v1",
        "projection_method": "value_hash_v1",
        "value": 1966
      },
      "type": "Feature"
    },
    {
      "geometry": {
        "coordinates": [
          -83.064833,
          11.333647
        ],
        "type": "Point"
      },
      "properties": {
        "cipher": "nQWER",
        "has_phrases": false,
        "mode": "value_domain",
        "phrase_count": 0,
        "phrases": [],
        "projection": "value_hash_v1",
        "projection_method": "value_hash_v1",
        "value": 1967
      },
      "type": "Feature"
    },
    {
      "geometry": {
        "coordinates": [
          -80.942349,
          55.341368
        ],
        "type": "Point"
      },
      "properties": {
        "cipher": "nQWER",
        "has_phrases": false,
        "mode": "value_domain",
        "phrase_count": 0,
        "phrases": [],
        "projection": "value_hash_v1",
        "projection_method": "value_hash_v1",
        "value": 1968
      },
      "type": "Feature"
    },
    {
      "geometry": {
        "coordinates": [
          -133.423097,
          8.524481
        ],
        "type": "Point"
      },
      "properties": {
        "cipher": "nQWER",
        "has_phrases": false,
        "mode": "value_domain",
        "phrase_count": 0,
        "phrases": [],
        "projection": "value_hash_v1",
        "projection_method": "value_hash_v1",
        "value": 1969
      },
      "type": "Feature"
    },
    {
      "geometry": {
        "coordinates": [
          151.89179,
          -51.14619
        ],
        "type": "Point"
      },
      "properties": {
        "cipher": "nQWER",
        "has_phrases": false,
        "mode": "value_domain",
        "phrase_count": 0,
        "phrases": [],
        "projection": "value_hash_v1",
        "projection_method": "value_hash_v1",
        "value": 1970
      },
      "type": "Feature"
    },
    {
      "geometry": {
        "coordinates": [
          2.305267,
          -44.811606
        ],
        "type": "Point"
      },
      "properties": {
        "cipher": "nQWER",
        "has_phrases": false,
        "mode": "value_domain",
        "phrase_count": 0,
        "phrases": [],
        "projection": "value_hash_v1",
        "projection_method": "value_hash_v1",
        "value": 1971
      },
      "type": "Feature"
    },
    {
      "geometry": {
        "coordinates": [
          -67.978821,
          65.401913
        ],
        "type": "Point"
      },
      "properties": {
        "cipher": "nQWER",
        "has_phrases": false,
        "mode": "value_domain",
        "phrase_count": 0,
        "phrases": [],
        "projection": "value_hash_v1",
        "projection_method": "value_hash_v1",
        "value": 1972
      },
      "type": "Feature"
    },
    {
      "geometry": {
        "coordinates": [
          -40.844596,
          13.99189
        ],
        "type": "Point"
      },
      "properties": {
        "cipher": "nQWER",
        "has_phrases": false,
        "mode": "value_domain",
        "phrase_count": 0,
        "phrases": [],
        "projection": "value_hash_v1",
        "projection_method": "value_hash_v1",
        "value": 1973
      },
      "type": "Feature"
    },
    {
      "geometry": {
        "coordinates": [
          -45.546572,
          5.25104
        ],
        "type": "Point"
      },
      "properties": {
        "cipher": "nQWER",
        "has_phrases": false,
        "mode": "value_domain",
        "phrase_count": 0,
        "phrases": [],
        "projection": "value_hash_v1",
        "projection_method": "value_hash_v1",
        "value": 1974
      },
      "type": "Feature"
    },
    {
      "geometry": {
        "coordinates": [
          -151.714812,
          -52.068066
        ],
        "type": "Point"
      },
      "properties": {
        "cipher": "nQWER",
        "has_phrases": false,
        "mode": "value_domain",
        "phrase_count": 0,
        "phrases": [],
        "projection": "value_hash_v1",
        "projection_method": "value_hash_v1",
        "value": 1975
      },
      "type": "Feature"
    },
    {
      "geometry": {
        "coordinates": [
          137.960118,
          -36.894484
        ],
        "type": "Point"
      },
      "properties": {
        "cipher": "nQWER",
        "has_phrases": false,
        "mode": "value_domain",
        "phrase_count": 0,
        "phrases": [],
        "projection": "value_hash_v1",
        "projection_method": "value_hash_v1",
        "value": 1976
      },
      "type": "Feature"
    },
    {
      "geometry": {
        "coordinates": [
          -87.928577,
          -2.774196
        ],
        "type": "Point"
      },
      "properties": {
        "cipher": "nQWER",
        "has_phrases": false,
        "mode": "value_domain",
        "phrase_count": 0,
        "phrases": [],
        "projection": "value_hash_v1",
        "projection_method": "value_hash_v1",
        "value": 1977
      },
      "type": "Feature"
    },
    {
      "geometry": {
        "coordinates": [
          159.149278,
          45.207903
        ],
        "type": "Point"
      },
      "properties": {
        "cipher": "nQWER",
        "has_phrases": false,
        "mode": "value_domain",
        "phrase_count": 0,
        "phrases": [],
        "projection": "value_hash_v1",
        "projection_method": "value_hash_v1",
        "value": 1978
      },
      "type": "Feature"
    },
    {
      "geometry": {
        "coordinates": [
          -146.891076,
          -1.534431
        ],
        "type": "Point"
      },
      "properties": {
        "cipher": "nQWER",
        "has_phrases": false,
        "mode": "value_domain",
        "phrase_count": 0,
        "phrases": [],
        "projection": "value_hash_v1",
        "projection_method": "value_hash_v1",
        "value": 1979
      },
      "type": "Feature"
    },
    {
      "geometry": {
        "coordinates": [
          21.210569,
          88.445526
        ],
        "type": "Point"
      },
      "properties": {
        "cipher": "nQWER",
        "has_phrases": false,
        "mode": "value_domain",
        "phrase_count": 0,
        "phrases": [],
        "projection": "value_hash_v1",
        "projection_method": "value_hash_v1",
        "value": 1980
      },
      "type": "Feature"
    },
    {
      "geometry": {
        "coordinates": [
          111.13078,
          -26.98098
        ],
        "type": "Point"
      },
      "properties": {
        "cipher": "nQWER",
        "has_phrases": false,
        "mode": "value_domain",
        "phrase_count": 0,
        "phrases": [],
        "projection": "value_hash_v1",
        "projection_method": "value_hash_v1",
        "value": 1981
      },
      "type": "Feature"
    },
    {
      "geometry": {
        "coordinates": [
          136.033101,
          66.971064
        ],
        "type": "Point"
      },
      "properties": {
        "cipher": "nQWER",
        "has_phrases": false,
        "mode": "value_domain",
        "phrase_count": 0,
        "phrases": [],
        "projection": "value_hash_v1",
        "projection_method": "value_hash_v1",
        "value": 1982
      },
      "type": "Feature"
    },
    {
      "geometry": {
        "coordinates": [
          -89.941899,
          62.065664
        ],
        "type": "Point"
      },
      "properties": {
        "cipher": "nQWER",
        "has_phrases": false,
        "mode": "value_domain",
        "phrase_count": 0,
        "phrases": [],
        "projection": "value_hash_v1",
        "projection_method": "value_hash_v1",
        "value": 1983
      },
      "type": "Feature"
    },
    {
      "geometry": {
        "coordinates": [
          164.655676,
          -45.997502
        ],
        "type": "Point"
      },
      "properties": {
        "cipher": "nQWER",
        "has_phrases": false,
        "mode": "value_domain",
        "phrase_count": 0,
        "phrases": [],
        "projection": "value_hash_v1",
        "projection_method": "value_hash_v1",
        "value": 1984
      },
      "type": "Feature"
    },
    {
      "geometry": {
        "coordinates": [
          -155.12314,
          -51.785633
        ],
        "type": "Point"
      },
      "properties": {
        "cipher": "nQWER",
        "has_phrases": false,
        "mode": "value_domain",
        "phrase_count": 0,
        "phrases": [],
        "projection": "value_hash_v1",
        "projection_method": "value_hash_v1",
        "value": 1985
      },
      "type": "Feature"
    },
    {
      "geometry": {
        "coordinates": [
          23.50722,
          -64.956029
        ],
        "type": "Point"
      },
      "properties": {
        "cipher": "nQWER",
        "has_phrases": false,
        "mode": "value_domain",
        "phrase_count": 0,
        "phrases": [],
        "projection": "value_hash_v1",
        "projection_method": "value_hash_v1",
        "value": 1986
      },
      "type": "Feature"
    },
    {
      "geometry": {
        "coordinates": [
          -83.005572,
          -4.645231
        ],
        "type": "Point"
      },
      "properties": {
        "cipher": "nQWER",
        "has_phrases": false,
        "mode": "value_domain",
        "phrase_count": 0,
        "phrases": [],
        "projection": "value_hash_v1",
        "projection_method": "value_hash_v1",
        "value": 1987
      },
      "type": "Feature"
    },
    {
      "geometry": {
        "coordinates": [
          23.933871,
          58.160618
        ],
        "type": "Point"
      },
      "properties": {
        "cipher": "nQWER",
        "has_phrases": false,
        "mode": "value_domain",
        "phrase_count": 0,
        "phrases": [],
        "projection": "value_hash_v1",
        "projection_method": "value_hash_v1",
        "value": 1988
      },
      "type": "Feature"
    },
    {
      "geometry": {
        "coordinates": [
          23.515834,
          -45.300291
        ],
        "type": "Point"
      },
      "properties": {
        "cipher": "nQWER",
        "has_phrases": false,
        "mode": "value_domain",
        "phrase_count": 0,
        "phrases": [],
        "projection": "value_hash_v1",
        "projection_method": "value_hash_v1",
        "value": 1989
      },
      "type": "Feature"
    },
    {
      "geometry": {
        "coordinates": [
          165.676455,
          27.903357
        ],
        "type": "Point"
      },
      "properties": {
        "cipher": "nQWER",
        "has_phrases": false,
        "mode": "value_domain",
        "phrase_count": 0,
        "phrases": [],
        "projection": "value_hash_v1",
        "projection_method": "value_hash_v1",
        "value": 1990
      },
      "type": "Feature"
    },
    {
      "geometry": {
        "coordinates": [
          1.804591,
          -77.999243
        ],
        "type": "Point"
      },
      "properties": {
        "cipher": "nQWER",
        "has_phrases": false,
        "mode": "value_domain",
        "phrase_count": 0,
        "phrases": [],
        "projection": "value_hash_v1",
        "projection_method": "value_hash_v1",
        "value": 1991
      },
      "type": "Feature"
    },
    {
      "geometry": {
        "coordinates": [
          81.519116,
          33.766477
        ],
        "type": "Point"
      },
      "properties": {
        "cipher": "nQWER",
        "has_phrases": false,
        "mode": "value_domain",
        "phrase_count": 0,
        "phrases": [],
        "projection": "value_hash_v1",
        "projection_method": "value_hash_v1",
        "value": 1992
      },
      "type": "Feature"
    },
    {
      "geometry": {
        "coordinates": [
          34.936519,
          88.276103
        ],
        "type": "Point"
      },
      "properties": {
        "cipher": "nQWER",
        "has_phrases": false,
        "mode": "value_domain",
        "phrase_count": 0,
        "phrases": [],
        "projection": "value_hash_v1",
        "projection_method": "value_hash_v1",
        "value": 1993
      },
      "type": "Feature"
    },
    {
      "geometry": {
        "coordinates": [
          -179.883433,
          -74.81538
        ],
        "type": "Point"
      },
      "properties": {
        "cipher": "nQWER",
        "has_phrases": false,
        "mode": "value_domain",
        "phrase_count": 0,
        "phrases": [],
        "projection": "value_hash_v1",
        "projection_method": "value_hash_v1",
        "value": 1994
      },
      "type": "Feature"
    },
    {
      "geometry": {
        "coordinates": [
          -169.499319,
          -81.579344
        ],
        "type": "Point"
      },
      "properties": {
        "cipher": "nQWER",
        "has_phrases": false,
        "mode": "value_domain",
        "phrase_count": 0,
        "phrases": [],
        "projection": "value_hash_v1",
        "projection_method": "value_hash_v1",
        "value": 1995
      },
      "type": "Feature"
    },
    {
      "geometry": {
        "coordinates": [
          -19.34064,
          -16.385424
        ],
        "type": "Point"
      },
      "properties": {
        "cipher": "nQWER",
        "has_phrases": false,
        "mode": "value_domain",
        "phrase_count": 0,
        "phrases": [],
        "projection": "value_hash_v1",
        "projection_method": "value_hash_v1",
        "value": 1996
      },
      "type": "Feature"
    },
    {
      "geometry": {
        "coordinates": [
          -32.538087,
          -57.706035
        ],
        "type": "Point"
      },
      "properties": {
        "cipher": "nQWER",
        "has_phrases": false,
        "mode": "value_domain",
        "phrase_count": 0,
        "phrases": [],
        "projection": "value_hash_v1",
        "projection_method": "value_hash_v1",
        "value": 1997
      },
      "type": "Feature"
    },
    {
      "geometry": {
        "coordinates": [
          120.278034,
          -30.199932
        ],
        "type": "Point"
      },
      "properties": {
        "cipher": "nQWER",
        "has_phrases": false,
        "mode": "value_domain",
        "phrase_count": 0,
        "phrases": [],
        "projection": "value_hash_v1",
        "projection_method": "value_hash_v1",
        "value": 1998
      },
      "type": "Feature"
    },
    {
      "geometry": {
        "coordinates": [
          -69.232564,
          13.066657
        ],
        "type": "Point"
      },
      "properties": {
        "cipher": "nQWER",
        "has_phrases": false,
        "mode": "value_domain",
        "phrase_count": 0,
        "phrases": [],
        "projection": "value_hash_v1",
        "projection_method": "value_hash_v1",
        "value": 1999
      },
      "type": "Feature"
    },
    {
      "geometry": {
        "coordinates": [
          97.123001,
          -26.482321
        ],
        "type": "Point"
      },
      "properties": {
        "cipher": "nQWER",
        "has_phrases": false,
        "mode": "value_domain",
        "phrase_count": 0,
        "phrases": [],
        "projection": "value_hash_v1",
        "projection_method": "value_hash_v1",
        "value": 2000
      },
      "type": "Feature"
    }
  ],
  "metadata": {
    "cipher": "nQWER",
    "max_value": 2000,
    "min_value": 1,
    "mode": "value_domain",
    "projection_method": "value_hash_v1",
    "summary": {
      "domain_value_count": 2000,
      "projected_locus_count": 2000,
      "top_projected_loci_by_domain_values": [
        {
          "domain_value_count": 1,
          "latitude": -74.81538,
          "longitude": -179.883433,
          "projection_method": "value_hash_v1",
          "values": [
            1994
          ],
          "values_with_phrases": 0
        },
        {
          "domain_value_count": 1,
          "latitude": 83.41812,
          "longitude": -179.762042,
          "projection_method": "value_hash_v1",
          "values": [
            1867
          ],
          "values_with_phrases": 0
        },
        {
          "domain_value_count": 1,
          "latitude": -0.768795,
          "longitude": -179.319765,
          "projection_method": "value_hash_v1",
          "values": [
            1553
          ],
          "values_with_phrases": 0
        },
        {
          "domain_value_count": 1,
          "latitude": 82.372304,
          "longitude": -179.303349,
          "projection_method": "value_hash_v1",
          "values": [
            628
          ],
          "values_with_phrases": 1
        },
        {
          "domain_value_count": 1,
          "latitude": 3.38556,
          "longitude": -179.21218,
          "projection_method": "value_hash_v1",
          "values": [
            167
          ],
          "values_with_phrases": 1
        },
        {
          "domain_value_count": 1,
          "latitude": -76.40711,
          "longitude": -178.930696,
          "projection_method": "value_hash_v1",
          "values": [
            915
          ],
          "values_with_phrases": 0
        },
        {
          "domain_value_count": 1,
          "latitude": 23.946692,
          "longitude": -178.596912,
          "projection_method": "value_hash_v1",
          "values": [
            790
          ],
          "values_with_phrases": 0
        },
        {
          "domain_value_count": 1,
          "latitude": -85.62739,
          "longitude": -178.407637,
          "projection_method": "value_hash_v1",
          "values": [
            826
          ],
          "values_with_phrases": 0
        },
        {
          "domain_value_count": 1,
          "latitude": 29.594646,
          "longitude": -178.349305,
          "projection_method": "value_hash_v1",
          "values": [
            683
          ],
          "values_with_phrases": 0
        },
        {
          "domain_value_count": 1,
          "latitude": -73.079712,
          "longitude": -178.125334,
          "projection_method": "value_hash_v1",
          "values": [
            460
          ],
          "values_with_phrases": 1
        },
        {
          "domain_value_count": 1,
          "latitude": 84.8182,
          "longitude": -177.50116,
          "projection_method": "value_hash_v1",
          "values": [
            1362
          ],
          "values_with_phrases": 0
        },
        {
          "domain_value_count": 1,
          "latitude": -0.099286,
          "longitude": -177.397818,
          "projection_method": "value_hash_v1",
          "values": [
            119
          ],
          "values_with_phrases": 1
        },
        {
          "domain_value_count": 1,
          "latitude": 50.229336,
          "longitude": -177.387698,
          "projection_method": "value_hash_v1",
          "values": [
            107
          ],
          "values_with_phrases": 1
        },
        {
          "domain_value_count": 1,
          "latitude": -62.237299,
          "longitude": -177.319463,
          "projection_method": "value_hash_v1",
          "values": [
            1589
          ],
          "values_with_phrases": 0
        },
        {
          "domain_value_count": 1,
          "latitude": 69.606305,
          "longitude": -177.16624,
          "projection_method": "value_hash_v1",
          "values": [
            222
          ],
          "values_with_phrases": 1
        },
        {
          "domain_value_count": 1,
          "latitude": -68.181199,
          "longitude": -176.697928,
          "projection_method": "value_hash_v1",
          "values": [
            1172
          ],
          "values_with_phrases": 0
        },
        {
          "domain_value_count": 1,
          "latitude": 86.887512,
          "longitude": -176.548364,
          "projection_method": "value_hash_v1",
          "values": [
            1263
          ],
          "values_with_phrases": 0
        },
        {
          "domain_value_count": 1,
          "latitude": 64.225356,
          "longitude": -176.460712,
          "projection_method": "value_hash_v1",
          "values": [
            976
          ],
          "values_with_phrases": 0
        },
        {
          "domain_value_count": 1,
          "latitude": 34.750823,
          "longitude": -176.349249,
          "projection_method": "value_hash_v1",
          "values": [
            700
          ],
          "values_with_phrases": 0
        },
        {
          "domain_value_count": 1,
          "latitude": 89.080451,
          "longitude": -176.198161,
          "projection_method": "value_hash_v1",
          "values": [
            185
          ],
          "values_with_phrases": 1
        }
      ],
      "values_with_phrases": 572,
      "values_without_phrases": 1428
    }
  },
  "type": "FeatureCollection"
}
