{
  "features": [
    {
      "geometry": {
        "coordinates": [
          -133.600518,
          66.413305
        ],
        "type": "Point"
      },
      "properties": {
        "cipher": "Ordinal",
        "has_phrases": false,
        "mode": "value_domain",
        "phrase_count": 0,
        "phrases": [],
        "projection": "webmercator_hash_v1",
        "projection_method": "webmercator_hash_v1",
        "value": 1
      },
      "type": "Feature"
    },
    {
      "geometry": {
        "coordinates": [
          167.939775,
          50.129207
        ],
        "type": "Point"
      },
      "properties": {
        "cipher": "Ordinal",
        "has_phrases": false,
        "mode": "value_domain",
        "phrase_count": 0,
        "phrases": [],
        "projection": "webmercator_hash_v1",
        "projection_method": "webmercator_hash_v1",
        "value": 2
      },
      "type": "Feature"
    },
    {
      "geometry": {
        "coordinates": [
          -62.907911,
          20.796193
        ],
        "type": "Point"
      },
      "properties": {
        "cipher": "Ordinal",
        "has_phrases": false,
        "mode": "value_domain",
        "phrase_count": 0,
        "phrases": [],
        "projection": "webmercator_hash_v1",
        "projection_method": "webmercator_hash_v1",
        "value": 3
      },
      "type": "Feature"
    },
    {
      "geometry": {
        "coordinates": [
          93.40179,
          -63.174934
        ],
        "type": "Point"
      },
      "properties": {
        "cipher": "Ordinal",
        "has_phrases": false,
        "mode": "value_domain",
        "phrase_count": 0,
        "phrases": [],
        "projection": "webmercator_hash_v1",
        "projection_method": "webmercator_hash_v1",
        "value": 4
      },
      "type": "Feature"
    },
    {
      "geometry": {
        "coordinates": [
          -103.762066,
          24.767418
        ],
        "type": "Point"
      },
      "properties": {
        "cipher": "Ordinal",
        "has_phrases": false,
        "mode": "value_domain",
        "phrase_count": 0,
        "phrases": [],
        "projection": "webmercator_hash_v1",
        "projection_method": "webmercator_hash_v1",
        "value": 5
      },
      "type": "Feature"
    },
    {
      "geometry": {
        "coordinates": [
          165.22108,
          -20.376803
        ],
        "type": "Point"
      },
      "properties": {
        "cipher": "Ordinal",
        "has_phrases": false,
        "mode": "value_domain",
        "phrase_count": 0,
        "phrases": [],
        "projection": "webmercator_hash_v1",
        "projection_method": "webmercator_hash_v1",
        "value": 6
      },
      "type": "Feature"
    },
    {
      "geometry": {
        "coordinates": [
          -108.582139,
          34.190584
        ],
        "type": "Point"
      },
      "properties": {
        "cipher": "Ordinal",
        "has_phrases": false,
        "mode": "value_domain",
        "phrase_count": 0,
        "phrases": [],
        "projection": "webmercator_hash_v1",
        "projection_method": "webmercator_hash_v1",
        "value": 7
      },
      "type": "Feature"
    },
    {
      "geometry": {
        "coordinates": [
          3.318046,
          82.386917
        ],
        "type": "Point"
      },
      "properties": {
        "cipher": "Ordinal",
        "has_phrases": false,
        "mode": "value_domain",
        "phrase_count": 0,
        "phrases": [],
        "projection": "webmercator_hash_v1",
        "projection_method": "webmercator_hash_v1",
        "value": 8
      },
      "type": "Feature"
    },
    {
      "geometry": {
        "coordinates": [
          59.530091,
          -71.556539
        ],
        "type": "Point"
      },
      "properties": {
        "cipher": "Ordinal",
        "has_phrases": false,
        "mode": "value_domain",
        "phrase_count": 0,
        "phrases": [],
        "projection": "webmercator_hash_v1",
        "projection_method": "webmercator_hash_v1",
        "value": 9
      },
      "type": "Feature"
    },
    {
      "geometry": {
        "coordinates": [
          -88.837607,
          -65.81676
        ],
        "type": "Point"
      },
      "properties": {
        "cipher": "Ordinal",
        "has_phrases": false,
        "mode": "value_domain",
        "phrase_count": 0,
        "phrases": [],
        "projection": "webmercator_hash_v1",
        "projection_method": "webmercator_hash_v1",
        "value": 10
      },
      "type": "Feature"
    },
    {
      "geometry": {
        "coordinates": [
          -52.492059,
          -20.12983
        ],
        "type": "Point"
      },
      "properties": {
        "cipher": "Ordinal",
        "has_phrases": false,
        "mode": "value_domain",
        "phrase_count": 0,
        "phrases": [],
        "projection": "webmercator_hash_v1",
        "projection_method": "webmercator_hash_v1",
        "value": 11
      },
      "type": "Feature"
    },
    {
      "geometry": {
        "coordinates": [
          159.766676,
          32.975983
        ],
        "type": "Point"
      },
      "properties": {
        "cipher": "Ordinal",
        "has_phrases": false,
        "mode": "value_domain",
        "phrase_count": 0,
        "phrases": [],
        "projection": "webmercator_hash_v1",
        "projection_method": "webmercator_hash_v1",
        "value": 12
      },
      "type": "Feature"
    },
    {
      "geometry": {
        "coordinates": [
          -154.904821,
          64.858534
        ],
        "type": "Point"
      },
      "properties": {
        "cipher": "Ordinal",
        "has_phrases": false,
        "mode": "value_domain",
        "phrase_count": 0,
        "phrases": [],
        "projection": "webmercator_hash_v1",
        "projection_method": "webmercator_hash_v1",
        "value": 13
      },
      "type": "Feature"
    },
    {
      "geometry": {
        "coordinates": [
          147.57656,
          70.579909
        ],
        "type": "Point"
      },
      "properties": {
        "cipher": "Ordinal",
        "has_phrases": false,
        "mode": "value_domain",
        "phrase_count": 0,
        "phrases": [],
        "projection": "webmercator_hash_v1",
        "projection_method": "webmercator_hash_v1",
        "value": 14
      },
      "type": "Feature"
    },
    {
      "geometry": {
        "coordinates": [
          98.870976,
          55.263305
        ],
        "type": "Point"
      },
      "properties": {
        "cipher": "Ordinal",
        "has_phrases": false,
        "mode": "value_domain",
        "phrase_count": 0,
        "phrases": [],
        "projection": "webmercator_hash_v1",
        "projection_method": "webmercator_hash_v1",
        "value": 15
      },
      "type": "Feature"
    },
    {
      "geometry": {
        "coordinates": [
          -72.305344,
          -47.404927
        ],
        "type": "Point"
      },
      "properties": {
        "cipher": "Ordinal",
        "has_phrases": false,
        "mode": "value_domain",
        "phrase_count": 0,
        "phrases": [],
        "projection": "webmercator_hash_v1",
        "projection_method": "webmercator_hash_v1",
        "value": 16
      },
      "type": "Feature"
    },
    {
      "geometry": {
        "coordinates": [
          102.846045,
          -21.670199
        ],
        "type": "Point"
      },
      "properties": {
        "cipher": "Ordinal",
        "has_phrases": false,
        "mode": "value_domain",
        "phrase_count": 0,
        "phrases": [],
        "projection": "webmercator_hash_v1",
        "projection_method": "webmercator_hash_v1",
        "value": 17
      },
      "type": "Feature"
    },
    {
      "geometry": {
        "coordinates": [
          168.605055,
          16.696946
        ],
        "type": "Point"
      },
      "properties": {
        "cipher": "Ordinal",
        "has_phrases": false,
        "mode": "value_domain",
        "phrase_count": 0,
        "phrases": [],
        "projection": "webmercator_hash_v1",
        "projection_method": "webmercator_hash_v1",
        "value": 18
      },
      "type": "Feature"
    },
    {
      "geometry": {
        "coordinates": [
          -172.361195,
          60.907092
        ],
        "type": "Point"
      },
      "properties": {
        "cipher": "Ordinal",
        "has_phrases": false,
        "mode": "value_domain",
        "phrase_count": 0,
        "phrases": [],
        "projection": "webmercator_hash_v1",
        "projection_method": "webmercator_hash_v1",
        "value": 19
      },
      "type": "Feature"
    },
    {
      "geometry": {
        "coordinates": [
          13.539623,
          25.438402
        ],
        "type": "Point"
      },
      "properties": {
        "cipher": "Ordinal",
        "has_phrases": false,
        "mode": "value_domain",
        "phrase_count": 0,
        "phrases": [],
        "projection": "webmercator_hash_v1",
        "projection_method": "webmercator_hash_v1",
        "value": 20
      },
      "type": "Feature"
    },
    {
      "geometry": {
        "coordinates": [
          120.240779,
          -46.332029
        ],
        "type": "Point"
      },
      "properties": {
        "cipher": "Ordinal",
        "has_phrases": false,
        "mode": "value_domain",
        "phrase_count": 0,
        "phrases": [],
        "projection": "webmercator_hash_v1",
        "projection_method": "webmercator_hash_v1",
        "value": 21
      },
      "type": "Feature"
    },
    {
      "geometry": {
        "coordinates": [
          -60.547383,
          55.124558
        ],
        "type": "Point"
      },
      "properties": {
        "cipher": "Ordinal",
        "has_phrases": false,
        "mode": "value_domain",
        "phrase_count": 0,
        "phrases": [],
        "projection": "webmercator_hash_v1",
        "projection_method": "webmercator_hash_v1",
        "value": 22
      },
      "type": "Feature"
    },
    {
      "geometry": {
        "coordinates": [
          -167.139676,
          -17.873742
        ],
        "type": "Point"
      },
      "properties": {
        "cipher": "Ordinal",
        "has_phrases": false,
        "mode": "value_domain",
        "phrase_count": 0,
        "phrases": [],
        "projection": "webmercator_hash_v1",
        "projection_method": "webmercator_hash_v1",
        "value": 23
      },
      "type": "Feature"
    },
    {
      "geometry": {
        "coordinates": [
          177.162383,
          8.016759
        ],
        "type": "Point"
      },
      "properties": {
        "cipher": "Ordinal",
        "has_phrases": false,
        "mode": "value_domain",
        "phrase_count": 0,
        "phrases": [],
        "projection": "webmercator_hash_v1",
        "projection_method": "webmercator_hash_v1",
        "value": 24
      },
      "type": "Feature"
    },
    {
      "geometry": {
        "coordinates": [
          48.385679,
          -60.808681
        ],
        "type": "Point"
      },
      "properties": {
        "cipher": "Ordinal",
        "has_phrases": false,
        "mode": "value_domain",
        "phrase_count": 0,
        "phrases": [],
        "projection": "webmercator_hash_v1",
        "projection_method": "webmercator_hash_v1",
        "value": 25
      },
      "type": "Feature"
    },
    {
      "geometry": {
        "coordinates": [
          140.218642,
          19.920726
        ],
        "type": "Point"
      },
      "properties": {
        "cipher": "Ordinal",
        "has_phrases": false,
        "mode": "value_domain",
        "phrase_count": 0,
        "phrases": [],
        "projection": "webmercator_hash_v1",
        "projection_method": "webmercator_hash_v1",
        "value": 26
      },
      "type": "Feature"
    },
    {
      "geometry": {
        "coordinates": [
          65.098186,
          2.333754
        ],
        "type": "Point"
      },
      "properties": {
        "cipher": "Ordinal",
        "has_phrases": false,
        "mode": "value_domain",
        "phrase_count": 0,
        "phrases": [],
        "projection": "webmercator_hash_v1",
        "projection_method": "webmercator_hash_v1",
        "value": 27
      },
      "type": "Feature"
    },
    {
      "geometry": {
        "coordinates": [
          -140.513256,
          13.67935
        ],
        "type": "Point"
      },
      "properties": {
        "cipher": "Ordinal",
        "has_phrases": false,
        "mode": "value_domain",
        "phrase_count": 0,
        "phrases": [],
        "projection": "webmercator_hash_v1",
        "projection_method": "webmercator_hash_v1",
        "value": 28
      },
      "type": "Feature"
    },
    {
      "geometry": {
        "coordinates": [
          -10.388934,
          -76.250008
        ],
        "type": "Point"
      },
      "properties": {
        "cipher": "Ordinal",
        "has_phrases": false,
        "mode": "value_domain",
        "phrase_count": 0,
        "phrases": [],
        "projection": "webmercator_hash_v1",
        "projection_method": "webmercator_hash_v1",
        "value": 29
      },
      "type": "Feature"
    },
    {
      "geometry": {
        "coordinates": [
          -132.295012,
          -62.114188
        ],
        "type": "Point"
      },
      "properties": {
        "cipher": "Ordinal",
        "has_phrases": false,
        "mode": "value_domain",
        "phrase_count": 0,
        "phrases": [],
        "projection": "webmercator_hash_v1",
        "projection_method": "webmercator_hash_v1",
        "value": 30
      },
      "type": "Feature"
    },
    {
      "geometry": {
        "coordinates": [
          -172.305871,
          -19.455844
        ],
        "type": "Point"
      },
      "properties": {
        "cipher": "Ordinal",
        "has_phrases": false,
        "mode": "value_domain",
        "phrase_count": 0,
        "phrases": [],
        "projection": "webmercator_hash_v1",
        "projection_method": "webmercator_hash_v1",
        "value": 31
      },
      "type": "Feature"
    },
    {
      "geometry": {
        "coordinates": [
          33.227165,
          -25.3301
        ],
        "type": "Point"
      },
      "properties": {
        "cipher": "Ordinal",
        "has_phrases": false,
        "mode": "value_domain",
        "phrase_count": 0,
        "phrases": [],
        "projection": "webmercator_hash_v1",
        "projection_method": "webmercator_hash_v1",
        "value": 32
      },
      "type": "Feature"
    },
    {
      "geometry": {
        "coordinates": [
          6.544263,
          73.272951
        ],
        "type": "Point"
      },
      "properties": {
        "cipher": "Ordinal",
        "has_phrases": false,
        "mode": "value_domain",
        "phrase_count": 0,
        "phrases": [],
        "projection": "webmercator_hash_v1",
        "projection_method": "webmercator_hash_v1",
        "value": 33
      },
      "type": "Feature"
    },
    {
      "geometry": {
        "coordinates": [
          -46.009044,
          -26.368658
        ],
        "type": "Point"
      },
      "properties": {
        "cipher": "Ordinal",
        "has_phrases": false,
        "mode": "value_domain",
        "phrase_count": 0,
        "phrases": [],
        "projection": "webmercator_hash_v1",
        "projection_method": "webmercator_hash_v1",
        "value": 34
      },
      "type": "Feature"
    },
    {
      "geometry": {
        "coordinates": [
          36.328528,
          -72.767083
        ],
        "type": "Point"
      },
      "properties": {
        "cipher": "Ordinal",
        "has_phrases": false,
        "mode": "value_domain",
        "phrase_count": 0,
        "phrases": [],
        "projection": "webmercator_hash_v1",
        "projection_method": "webmercator_hash_v1",
        "value": 35
      },
      "type": "Feature"
    },
    {
      "geometry": {
        "coordinates": [
          -3.841433,
          -9.127246
        ],
        "type": "Point"
      },
      "properties": {
        "cipher": "Ordinal",
        "has_phrases": false,
        "mode": "value_domain",
        "phrase_count": 0,
        "phrases": [],
        "projection": "webmercator_hash_v1",
        "projection_method": "webmercator_hash_v1",
        "value": 36
      },
      "type": "Feature"
    },
    {
      "geometry": {
        "coordinates": [
          -117.449227,
          15.689166
        ],
        "type": "Point"
      },
      "properties": {
        "cipher": "Ordinal",
        "has_phrases": false,
        "mode": "value_domain",
        "phrase_count": 0,
        "phrases": [],
        "projection": "webmercator_hash_v1",
        "projection_method": "webmercator_hash_v1",
        "value": 37
      },
      "type": "Feature"
    },
    {
      "geometry": {
        "coordinates": [
          -50.792471,
          18.625063
        ],
        "type": "Point"
      },
      "properties": {
        "cipher": "Ordinal",
        "has_phrases": false,
        "mode": "value_domain",
        "phrase_count": 0,
        "phrases": [],
        "projection": "webmercator_hash_v1",
        "projection_method": "webmercator_hash_v1",
        "value": 38
      },
      "type": "Feature"
    },
    {
      "geometry": {
        "coordinates": [
          -177.637104,
          24.402583
        ],
        "type": "Point"
      },
      "properties": {
        "cipher": "Ordinal",
        "has_phrases": false,
        "mode": "value_domain",
        "phrase_count": 0,
        "phrases": [],
        "projection": "webmercator_hash_v1",
        "projection_method": "webmercator_hash_v1",
        "value": 39
      },
      "type": "Feature"
    },
    {
      "geometry": {
        "coordinates": [
          106.88492,
          -20.040208
        ],
        "type": "Point"
      },
      "properties": {
        "cipher": "Ordinal",
        "has_phrases": false,
        "mode": "value_domain",
        "phrase_count": 0,
        "phrases": [],
        "projection": "webmercator_hash_v1",
        "projection_method": "webmercator_hash_v1",
        "value": 40
      },
      "type": "Feature"
    },
    {
      "geometry": {
        "coordinates": [
          -94.953627,
          80.628521
        ],
        "type": "Point"
      },
      "properties": {
        "cipher": "Ordinal",
        "has_phrases": false,
        "mode": "value_domain",
        "phrase_count": 0,
        "phrases": [],
        "projection": "webmercator_hash_v1",
        "projection_method": "webmercator_hash_v1",
        "value": 41
      },
      "type": "Feature"
    },
    {
      "geometry": {
        "coordinates": [
          -12.501345,
          60.405564
        ],
        "type": "Point"
      },
      "properties": {
        "cipher": "Ordinal",
        "has_phrases": false,
        "mode": "value_domain",
        "phrase_count": 0,
        "phrases": [],
        "projection": "webmercator_hash_v1",
        "projection_method": "webmercator_hash_v1",
        "value": 42
      },
      "type": "Feature"
    },
    {
      "geometry": {
        "coordinates": [
          -177.921852,
          62.547628
        ],
        "type": "Point"
      },
      "properties": {
        "cipher": "Ordinal",
        "has_phrases": false,
        "mode": "value_domain",
        "phrase_count": 0,
        "phrases": [],
        "projection": "webmercator_hash_v1",
        "projection_method": "webmercator_hash_v1",
        "value": 43
      },
      "type": "Feature"
    },
    {
      "geometry": {
        "coordinates": [
          104.884683,
          34.8134
        ],
        "type": "Point"
      },
      "properties": {
        "cipher": "Ordinal",
        "has_phrases": false,
        "mode": "value_domain",
        "phrase_count": 0,
        "phrases": [],
        "projection": "webmercator_hash_v1",
        "projection_method": "webmercator_hash_v1",
        "value": 44
      },
      "type": "Feature"
    },
    {
      "geometry": {
        "coordinates": [
          -86.115786,
          -11.28472
        ],
        "type": "Point"
      },
      "properties": {
        "cipher": "Ordinal",
        "has_phrases": false,
        "mode": "value_domain",
        "phrase_count": 0,
        "phrases": [],
        "projection": "webmercator_hash_v1",
        "projection_method": "webmercator_hash_v1",
        "value": 45
      },
      "type": "Feature"
    },
    {
      "geometry": {
        "coordinates": [
          55.048167,
          33.349513
        ],
        "type": "Point"
      },
      "properties": {
        "cipher": "Ordinal",
        "has_phrases": false,
        "mode": "value_domain",
        "phrase_count": 0,
        "phrases": [],
        "projection": "webmercator_hash_v1",
        "projection_method": "webmercator_hash_v1",
        "value": 46
      },
      "type": "Feature"
    },
    {
      "geometry": {
        "coordinates": [
          -122.413773,
          67.10322
        ],
        "type": "Point"
      },
      "properties": {
        "cipher": "Ordinal",
        "has_phrases": false,
        "mode": "value_domain",
        "phrase_count": 0,
        "phrases": [],
        "projection": "webmercator_hash_v1",
        "projection_method": "webmercator_hash_v1",
        "value": 47
      },
      "type": "Feature"
    },
    {
      "geometry": {
        "coordinates": [
          -157.320761,
          66.408026
        ],
        "type": "Point"
      },
      "properties": {
        "cipher": "Ordinal",
        "has_phrases": false,
        "mode": "value_domain",
        "phrase_count": 0,
        "phrases": [],
        "projection": "webmercator_hash_v1",
        "projection_method": "webmercator_hash_v1",
        "value": 48
      },
      "type": "Feature"
    },
    {
      "geometry": {
        "coordinates": [
          -138.178639,
          -7.037593
        ],
        "type": "Point"
      },
      "properties": {
        "cipher": "Ordinal",
        "has_phrases": false,
        "mode": "value_domain",
        "phrase_count": 0,
        "phrases": [],
        "projection": "webmercator_hash_v1",
        "projection_method": "webmercator_hash_v1",
        "value": 49
      },
      "type": "Feature"
    },
    {
      "geometry": {
        "coordinates": [
          -103.612141,
          -45.813879
        ],
        "type": "Point"
      },
      "properties": {
        "cipher": "Ordinal",
        "has_phrases": false,
        "mode": "value_domain",
        "phrase_count": 0,
        "phrases": [],
        "projection": "webmercator_hash_v1",
        "projection_method": "webmercator_hash_v1",
        "value": 50
      },
      "type": "Feature"
    },
    {
      "geometry": {
        "coordinates": [
          -109.640637,
          -57.809654
        ],
        "type": "Point"
      },
      "properties": {
        "cipher": "Ordinal",
        "has_phrases": false,
        "mode": "value_domain",
        "phrase_count": 0,
        "phrases": [],
        "projection": "webmercator_hash_v1",
        "projection_method": "webmercator_hash_v1",
        "value": 51
      },
      "type": "Feature"
    },
    {
      "geometry": {
        "coordinates": [
          9.659383,
          -77.969757
        ],
        "type": "Point"
      },
      "properties": {
        "cipher": "Ordinal",
        "has_phrases": false,
        "mode": "value_domain",
        "phrase_count": 0,
        "phrases": [],
        "projection": "webmercator_hash_v1",
        "projection_method": "webmercator_hash_v1",
        "value": 52
      },
      "type": "Feature"
    },
    {
      "geometry": {
        "coordinates": [
          -173.029927,
          31.728898
        ],
        "type": "Point"
      },
      "properties": {
        "cipher": "Ordinal",
        "has_phrases": false,
        "mode": "value_domain",
        "phrase_count": 0,
        "phrases": [],
        "projection": "webmercator_hash_v1",
        "projection_method": "webmercator_hash_v1",
        "value": 53
      },
      "type": "Feature"
    },
    {
      "geometry": {
        "coordinates": [
          -116.501271,
          -7.82248
        ],
        "type": "Point"
      },
      "properties": {
        "cipher": "Ordinal",
        "has_phrases": false,
        "mode": "value_domain",
        "phrase_count": 0,
        "phrases": [],
        "projection": "webmercator_hash_v1",
        "projection_method": "webmercator_hash_v1",
        "value": 54
      },
      "type": "Feature"
    },
    {
      "geometry": {
        "coordinates": [
          -2.273959,
          57.921636
        ],
        "type": "Point"
      },
      "properties": {
        "cipher": "Ordinal",
        "has_phrases": false,
        "mode": "value_domain",
        "phrase_count": 0,
        "phrases": [],
        "projection": "webmercator_hash_v1",
        "projection_method": "webmercator_hash_v1",
        "value": 55
      },
      "type": "Feature"
    },
    {
      "geometry": {
        "coordinates": [
          -38.888379,
          -60.877235
        ],
        "type": "Point"
      },
      "properties": {
        "cipher": "Ordinal",
        "has_phrases": false,
        "mode": "value_domain",
        "phrase_count": 0,
        "phrases": [],
        "projection": "webmercator_hash_v1",
        "projection_method": "webmercator_hash_v1",
        "value": 56
      },
      "type": "Feature"
    },
    {
      "geometry": {
        "coordinates": [
          -124.31228,
          31.641061
        ],
        "type": "Point"
      },
      "properties": {
        "cipher": "Ordinal",
        "has_phrases": false,
        "mode": "value_domain",
        "phrase_count": 0,
        "phrases": [],
        "projection": "webmercator_hash_v1",
        "projection_method": "webmercator_hash_v1",
        "value": 57
      },
      "type": "Feature"
    },
    {
      "geometry": {
        "coordinates": [
          71.786631,
          -24.149787
        ],
        "type": "Point"
      },
      "properties": {
        "cipher": "Ordinal",
        "has_phrases": false,
        "mode": "value_domain",
        "phrase_count": 0,
        "phrases": [],
        "projection": "webmercator_hash_v1",
        "projection_method": "webmercator_hash_v1",
        "value": 58
      },
      "type": "Feature"
    },
    {
      "geometry": {
        "coordinates": [
          -14.656861,
          77.329458
        ],
        "type": "Point"
      },
      "properties": {
        "cipher": "Ordinal",
        "has_phrases": false,
        "mode": "value_domain",
        "phrase_count": 0,
        "phrases": [],
        "projection": "webmercator_hash_v1",
        "projection_method": "webmercator_hash_v1",
        "value": 59
      },
      "type": "Feature"
    },
    {
      "geometry": {
        "coordinates": [
          178.557113,
          63.750448
        ],
        "type": "Point"
      },
      "properties": {
        "cipher": "Ordinal",
        "has_phrases": false,
        "mode": "value_domain",
        "phrase_count": 0,
        "phrases": [],
        "projection": "webmercator_hash_v1",
        "projection_method": "webmercator_hash_v1",
        "value": 60
      },
      "type": "Feature"
    },
    {
      "geometry": {
        "coordinates": [
          -63.665464,
          -83.122699
        ],
        "type": "Point"
      },
      "properties": {
        "cipher": "Ordinal",
        "has_phrases": false,
        "mode": "value_domain",
        "phrase_count": 0,
        "phrases": [],
        "projection": "webmercator_hash_v1",
        "projection_method": "webmercator_hash_v1",
        "value": 61
      },
      "type": "Feature"
    },
    {
      "geometry": {
        "coordinates": [
          155.453263,
          -69.420789
        ],
        "type": "Point"
      },
      "properties": {
        "cipher": "Ordinal",
        "has_phrases": false,
        "mode": "value_domain",
        "phrase_count": 0,
        "phrases": [],
        "projection": "webmercator_hash_v1",
        "projection_method": "webmercator_hash_v1",
        "value": 62
      },
      "type": "Feature"
    },
    {
      "geometry": {
        "coordinates": [
          -132.600843,
          51.342145
        ],
        "type": "Point"
      },
      "properties": {
        "cipher": "Ordinal",
        "has_phrases": false,
        "mode": "value_domain",
        "phrase_count": 0,
        "phrases": [],
        "projection": "webmercator_hash_v1",
        "projection_method": "webmercator_hash_v1",
        "value": 63
      },
      "type": "Feature"
    },
    {
      "geometry": {
        "coordinates": [
          120.493457,
          18.584632
        ],
        "type": "Point"
      },
      "properties": {
        "cipher": "Ordinal",
        "has_phrases": false,
        "mode": "value_domain",
        "phrase_count": 0,
        "phrases": [],
        "projection": "webmercator_hash_v1",
        "projection_method": "webmercator_hash_v1",
        "value": 64
      },
      "type": "Feature"
    },
    {
      "geometry": {
        "coordinates": [
          -84.796746,
          80.704319
        ],
        "type": "Point"
      },
      "properties": {
        "cipher": "Ordinal",
        "has_phrases": false,
        "mode": "value_domain",
        "phrase_count": 0,
        "phrases": [],
        "projection": "webmercator_hash_v1",
        "projection_method": "webmercator_hash_v1",
        "value": 65
      },
      "type": "Feature"
    },
    {
      "geometry": {
        "coordinates": [
          88.879648,
          50.479742
        ],
        "type": "Point"
      },
      "properties": {
        "cipher": "Ordinal",
        "has_phrases": false,
        "mode": "value_domain",
        "phrase_count": 0,
        "phrases": [],
        "projection": "webmercator_hash_v1",
        "projection_method": "webmercator_hash_v1",
        "value": 66
      },
      "type": "Feature"
    },
    {
      "geometry": {
        "coordinates": [
          -170.056792,
          55.997061
        ],
        "type": "Point"
      },
      "properties": {
        "cipher": "Ordinal",
        "has_phrases": false,
        "mode": "value_domain",
        "phrase_count": 0,
        "phrases": [],
        "projection": "webmercator_hash_v1",
        "projection_method": "webmercator_hash_v1",
        "value": 67
      },
      "type": "Feature"
    },
    {
      "geometry": {
        "coordinates": [
          -164.393521,
          -14.549419
        ],
        "type": "Point"
      },
      "properties": {
        "cipher": "Ordinal",
        "has_phrases": false,
        "mode": "value_domain",
        "phrase_count": 0,
        "phrases": [],
        "projection": "webmercator_hash_v1",
        "projection_method": "webmercator_hash_v1",
        "value": 68
      },
      "type": "Feature"
    },
    {
      "geometry": {
        "coordinates": [
          175.230513,
          39.892787
        ],
        "type": "Point"
      },
      "properties": {
        "cipher": "Ordinal",
        "has_phrases": false,
        "mode": "value_domain",
        "phrase_count": 0,
        "phrases": [],
        "projection": "webmercator_hash_v1",
        "projection_method": "webmercator_hash_v1",
        "value": 69
      },
      "type": "Feature"
    },
    {
      "geometry": {
        "coordinates": [
          -86.531671,
          -10.046799
        ],
        "type": "Point"
      },
      "properties": {
        "cipher": "Ordinal",
        "has_phrases": false,
        "mode": "value_domain",
        "phrase_count": 0,
        "phrases": [],
        "projection": "webmercator_hash_v1",
        "projection_method": "webmercator_hash_v1",
        "value": 70
      },
      "type": "Feature"
    },
    {
      "geometry": {
        "coordinates": [
          123.934084,
          2.275662
        ],
        "type": "Point"
      },
      "properties": {
        "cipher": "Ordinal",
        "has_phrases": false,
        "mode": "value_domain",
        "phrase_count": 0,
        "phrases": [],
        "projection": "webmercator_hash_v1",
        "projection_method": "webmercator_hash_v1",
        "value": 71
      },
      "type": "Feature"
    },
    {
      "geometry": {
        "coordinates": [
          -170.214811,
          -81.819373
        ],
        "type": "Point"
      },
      "properties": {
        "cipher": "Ordinal",
        "has_phrases": false,
        "mode": "value_domain",
        "phrase_count": 0,
        "phrases": [],
        "projection": "webmercator_hash_v1",
        "projection_method": "webmercator_hash_v1",
        "value": 72
      },
      "type": "Feature"
    },
    {
      "geometry": {
        "coordinates": [
          62.828611,
          -15.355596
        ],
        "type": "Point"
      },
      "properties": {
        "cipher": "Ordinal",
        "has_phrases": false,
        "mode": "value_domain",
        "phrase_count": 0,
        "phrases": [],
        "projection": "webmercator_hash_v1",
        "projection_method": "webmercator_hash_v1",
        "value": 73
      },
      "type": "Feature"
    },
    {
      "geometry": {
        "coordinates": [
          -137.035937,
          14.617038
        ],
        "type": "Point"
      },
      "properties": {
        "cipher": "Ordinal",
        "has_phrases": false,
        "mode": "value_domain",
        "phrase_count": 0,
        "phrases": [],
        "projection": "webmercator_hash_v1",
        "projection_method": "webmercator_hash_v1",
        "value": 74
      },
      "type": "Feature"
    },
    {
      "geometry": {
        "coordinates": [
          -176.138473,
          -78.611351
        ],
        "type": "Point"
      },
      "properties": {
        "cipher": "Ordinal",
        "has_phrases": false,
        "mode": "value_domain",
        "phrase_count": 0,
        "phrases": [],
        "projection": "webmercator_hash_v1",
        "projection_method": "webmercator_hash_v1",
        "value": 75
      },
      "type": "Feature"
    },
    {
      "geometry": {
        "coordinates": [
          121.642464,
          -67.049317
        ],
        "type": "Point"
      },
      "properties": {
        "cipher": "Ordinal",
        "has_phrases": false,
        "mode": "value_domain",
        "phrase_count": 0,
        "phrases": [],
        "projection": "webmercator_hash_v1",
        "projection_method": "webmercator_hash_v1",
        "value": 76
      },
      "type": "Feature"
    },
    {
      "geometry": {
        "coordinates": [
          -152.270892,
          -62.658354
        ],
        "type": "Point"
      },
      "properties": {
        "cipher": "Ordinal",
        "has_phrases": false,
        "mode": "value_domain",
        "phrase_count": 0,
        "phrases": [],
        "projection": "webmercator_hash_v1",
        "projection_method": "webmercator_hash_v1",
        "value": 77
      },
      "type": "Feature"
    },
    {
      "geometry": {
        "coordinates": [
          131.446102,
          14.078222
        ],
        "type": "Point"
      },
      "properties": {
        "cipher": "Ordinal",
        "has_phrases": false,
        "mode": "value_domain",
        "phrase_count": 0,
        "phrases": [],
        "projection": "webmercator_hash_v1",
        "projection_method": "webmercator_hash_v1",
        "value": 78
      },
      "type": "Feature"
    },
    {
      "geometry": {
        "coordinates": [
          -154.100985,
          -0.115828
        ],
        "type": "Point"
      },
      "properties": {
        "cipher": "Ordinal",
        "has_phrases": false,
        "mode": "value_domain",
        "phrase_count": 0,
        "phrases": [],
        "projection": "webmercator_hash_v1",
        "projection_method": "webmercator_hash_v1",
        "value": 79
      },
      "type": "Feature"
    },
    {
      "geometry": {
        "coordinates": [
          -25.888747,
          -1.168772
        ],
        "type": "Point"
      },
      "properties": {
        "cipher": "Ordinal",
        "has_phrases": false,
        "mode": "value_domain",
        "phrase_count": 0,
        "phrases": [],
        "projection": "webmercator_hash_v1",
        "projection_method": "webmercator_hash_v1",
        "value": 80
      },
      "type": "Feature"
    },
    {
      "geometry": {
        "coordinates": [
          62.654603,
          -32.475428
        ],
        "type": "Point"
      },
      "properties": {
        "cipher": "Ordinal",
        "has_phrases": false,
        "mode": "value_domain",
        "phrase_count": 0,
        "phrases": [],
        "projection": "webmercator_hash_v1",
        "projection_method": "webmercator_hash_v1",
        "value": 81
      },
      "type": "Feature"
    },
    {
      "geometry": {
        "coordinates": [
          -34.320658,
          -56.134173
        ],
        "type": "Point"
      },
      "properties": {
        "cipher": "Ordinal",
        "has_phrases": false,
        "mode": "value_domain",
        "phrase_count": 0,
        "phrases": [],
        "projection": "webmercator_hash_v1",
        "projection_method": "webmercator_hash_v1",
        "value": 82
      },
      "type": "Feature"
    },
    {
      "geometry": {
        "coordinates": [
          80.804139,
          20.793105
        ],
        "type": "Point"
      },
      "properties": {
        "cipher": "Ordinal",
        "has_phrases": false,
        "mode": "value_domain",
        "phrase_count": 0,
        "phrases": [],
        "projection": "webmercator_hash_v1",
        "projection_method": "webmercator_hash_v1",
        "value": 83
      },
      "type": "Feature"
    },
    {
      "geometry": {
        "coordinates": [
          37.039256,
          -65.496282
        ],
        "type": "Point"
      },
      "properties": {
        "cipher": "Ordinal",
        "has_phrases": false,
        "mode": "value_domain",
        "phrase_count": 0,
        "phrases": [],
        "projection": "webmercator_hash_v1",
        "projection_method": "webmercator_hash_v1",
        "value": 84
      },
      "type": "Feature"
    },
    {
      "geometry": {
        "coordinates": [
          119.967364,
          -72.224788
        ],
        "type": "Point"
      },
      "properties": {
        "cipher": "Ordinal",
        "has_phrases": false,
        "mode": "value_domain",
        "phrase_count": 0,
        "phrases": [],
        "projection": "webmercator_hash_v1",
        "projection_method": "webmercator_hash_v1",
        "value": 85
      },
      "type": "Feature"
    },
    {
      "geometry": {
        "coordinates": [
          -20.495644,
          -2.252105
        ],
        "type": "Point"
      },
      "properties": {
        "cipher": "Ordinal",
        "has_phrases": false,
        "mode": "value_domain",
        "phrase_count": 0,
        "phrases": [],
        "projection": "webmercator_hash_v1",
        "projection_method": "webmercator_hash_v1",
        "value": 86
      },
      "type": "Feature"
    },
    {
      "geometry": {
        "coordinates": [
          68.266319,
          50.738902
        ],
        "type": "Point"
      },
      "properties": {
        "cipher": "Ordinal",
        "has_phrases": false,
        "mode": "value_domain",
        "phrase_count": 0,
        "phrases": [],
        "projection": "webmercator_hash_v1",
        "projection_method": "webmercator_hash_v1",
        "value": 87
      },
      "type": "Feature"
    },
    {
      "geometry": {
        "coordinates": [
          4.927345,
          -45.111204
        ],
        "type": "Point"
      },
      "properties": {
        "cipher": "Ordinal",
        "has_phrases": false,
        "mode": "value_domain",
        "phrase_count": 0,
        "phrases": [],
        "projection": "webmercator_hash_v1",
        "projection_method": "webmercator_hash_v1",
        "value": 88
      },
      "type": "Feature"
    },
    {
      "geometry": {
        "coordinates": [
          -144.029901,
          58.781757
        ],
        "type": "Point"
      },
      "properties": {
        "cipher": "Ordinal",
        "has_phrases": false,
        "mode": "value_domain",
        "phrase_count": 0,
        "phrases": [],
        "projection": "webmercator_hash_v1",
        "projection_method": "webmercator_hash_v1",
        "value": 89
      },
      "type": "Feature"
    },
    {
      "geometry": {
        "coordinates": [
          -96.681646,
          72.178134
        ],
        "type": "Point"
      },
      "properties": {
        "cipher": "Ordinal",
        "has_phrases": false,
        "mode": "value_domain",
        "phrase_count": 0,
        "phrases": [],
        "projection": "webmercator_hash_v1",
        "projection_method": "webmercator_hash_v1",
        "value": 90
      },
      "type": "Feature"
    },
    {
      "geometry": {
        "coordinates": [
          -169.726929,
          -45.534823
        ],
        "type": "Point"
      },
      "properties": {
        "cipher": "Ordinal",
        "has_phrases": false,
        "mode": "value_domain",
        "phrase_count": 0,
        "phrases": [],
        "projection": "webmercator_hash_v1",
        "projection_method": "webmercator_hash_v1",
        "value": 91
      },
      "type": "Feature"
    },
    {
      "geometry": {
        "coordinates": [
          20.38999,
          -41.390734
        ],
        "type": "Point"
      },
      "properties": {
        "cipher": "Ordinal",
        "has_phrases": false,
        "mode": "value_domain",
        "phrase_count": 0,
        "phrases": [],
        "projection": "webmercator_hash_v1",
        "projection_method": "webmercator_hash_v1",
        "value": 92
      },
      "type": "Feature"
    },
    {
      "geometry": {
        "coordinates": [
          50.946226,
          77.478003
        ],
        "type": "Point"
      },
      "properties": {
        "cipher": "Ordinal",
        "has_phrases": false,
        "mode": "value_domain",
        "phrase_count": 0,
        "phrases": [],
        "projection": "webmercator_hash_v1",
        "projection_method": "webmercator_hash_v1",
        "value": 93
      },
      "type": "Feature"
    },
    {
      "geometry": {
        "coordinates": [
          115.271795,
          -36.098761
        ],
        "type": "Point"
      },
      "properties": {
        "cipher": "Ordinal",
        "has_phrases": false,
        "mode": "value_domain",
        "phrase_count": 0,
        "phrases": [],
        "projection": "webmercator_hash_v1",
        "projection_method": "webmercator_hash_v1",
        "value": 94
      },
      "type": "Feature"
    },
    {
      "geometry": {
        "coordinates": [
          178.310819,
          6.283499
        ],
        "type": "Point"
      },
      "properties": {
        "cipher": "Ordinal",
        "has_phrases": false,
        "mode": "value_domain",
        "phrase_count": 0,
        "phrases": [],
        "projection": "webmercator_hash_v1",
        "projection_method": "webmercator_hash_v1",
        "value": 95
      },
      "type": "Feature"
    },
    {
      "geometry": {
        "coordinates": [
          -67.661055,
          -62.529798
        ],
        "type": "Point"
      },
      "properties": {
        "cipher": "Ordinal",
        "has_phrases": false,
        "mode": "value_domain",
        "phrase_count": 0,
        "phrases": [],
        "projection": "webmercator_hash_v1",
        "projection_method": "webmercator_hash_v1",
        "value": 96
      },
      "type": "Feature"
    },
    {
      "geometry": {
        "coordinates": [
          -164.115527,
          75.119973
        ],
        "type": "Point"
      },
      "properties": {
        "cipher": "Ordinal",
        "has_phrases": false,
        "mode": "value_domain",
        "phrase_count": 0,
        "phrases": [],
        "projection": "webmercator_hash_v1",
        "projection_method": "webmercator_hash_v1",
        "value": 97
      },
      "type": "Feature"
    },
    {
      "geometry": {
        "coordinates": [
          -146.145701,
          59.104396
        ],
        "type": "Point"
      },
      "properties": {
        "cipher": "Ordinal",
        "has_phrases": false,
        "mode": "value_domain",
        "phrase_count": 0,
        "phrases": [],
        "projection": "webmercator_hash_v1",
        "projection_method": "webmercator_hash_v1",
        "value": 98
      },
      "type": "Feature"
    },
    {
      "geometry": {
        "coordinates": [
          -41.181186,
          60.76496
        ],
        "type": "Point"
      },
      "properties": {
        "cipher": "Ordinal",
        "has_phrases": false,
        "mode": "value_domain",
        "phrase_count": 0,
        "phrases": [],
        "projection": "webmercator_hash_v1",
        "projection_method": "webmercator_hash_v1",
        "value": 99
      },
      "type": "Feature"
    },
    {
      "geometry": {
        "coordinates": [
          -147.238414,
          -68.005701
        ],
        "type": "Point"
      },
      "properties": {
        "cipher": "Ordinal",
        "has_phrases": false,
        "mode": "value_domain",
        "phrase_count": 0,
        "phrases": [],
        "projection": "webmercator_hash_v1",
        "projection_method": "webmercator_hash_v1",
        "value": 100
      },
      "type": "Feature"
    },
    {
      "geometry": {
        "coordinates": [
          99.25857,
          -25.387258
        ],
        "type": "Point"
      },
      "properties": {
        "cipher": "Ordinal",
        "has_phrases": false,
        "mode": "value_domain",
        "phrase_count": 0,
        "phrases": [],
        "projection": "webmercator_hash_v1",
        "projection_method": "webmercator_hash_v1",
        "value": 101
      },
      "type": "Feature"
    },
    {
      "geometry": {
        "coordinates": [
          158.887942,
          -78.012907
        ],
        "type": "Point"
      },
      "properties": {
        "cipher": "Ordinal",
        "has_phrases": false,
        "mode": "value_domain",
        "phrase_count": 0,
        "phrases": [],
        "projection": "webmercator_hash_v1",
        "projection_method": "webmercator_hash_v1",
        "value": 102
      },
      "type": "Feature"
    },
    {
      "geometry": {
        "coordinates": [
          1.96032,
          -14.336699
        ],
        "type": "Point"
      },
      "properties": {
        "cipher": "Ordinal",
        "has_phrases": false,
        "mode": "value_domain",
        "phrase_count": 0,
        "phrases": [],
        "projection": "webmercator_hash_v1",
        "projection_method": "webmercator_hash_v1",
        "value": 103
      },
      "type": "Feature"
    },
    {
      "geometry": {
        "coordinates": [
          25.897154,
          -27.111722
        ],
        "type": "Point"
      },
      "properties": {
        "cipher": "Ordinal",
        "has_phrases": false,
        "mode": "value_domain",
        "phrase_count": 0,
        "phrases": [],
        "projection": "webmercator_hash_v1",
        "projection_method": "webmercator_hash_v1",
        "value": 104
      },
      "type": "Feature"
    },
    {
      "geometry": {
        "coordinates": [
          63.621151,
          -26.985279
        ],
        "type": "Point"
      },
      "properties": {
        "cipher": "Ordinal",
        "has_phrases": false,
        "mode": "value_domain",
        "phrase_count": 0,
        "phrases": [],
        "projection": "webmercator_hash_v1",
        "projection_method": "webmercator_hash_v1",
        "value": 105
      },
      "type": "Feature"
    },
    {
      "geometry": {
        "coordinates": [
          -121.356313,
          -35.985748
        ],
        "type": "Point"
      },
      "properties": {
        "cipher": "Ordinal",
        "has_phrases": false,
        "mode": "value_domain",
        "phrase_count": 0,
        "phrases": [],
        "projection": "webmercator_hash_v1",
        "projection_method": "webmercator_hash_v1",
        "value": 106
      },
      "type": "Feature"
    },
    {
      "geometry": {
        "coordinates": [
          1.035505,
          16.844025
        ],
        "type": "Point"
      },
      "properties": {
        "cipher": "Ordinal",
        "has_phrases": false,
        "mode": "value_domain",
        "phrase_count": 0,
        "phrases": [],
        "projection": "webmercator_hash_v1",
        "projection_method": "webmercator_hash_v1",
        "value": 107
      },
      "type": "Feature"
    },
    {
      "geometry": {
        "coordinates": [
          -80.661511,
          -73.982311
        ],
        "type": "Point"
      },
      "properties": {
        "cipher": "Ordinal",
        "has_phrases": false,
        "mode": "value_domain",
        "phrase_count": 0,
        "phrases": [],
        "projection": "webmercator_hash_v1",
        "projection_method": "webmercator_hash_v1",
        "value": 108
      },
      "type": "Feature"
    },
    {
      "geometry": {
        "coordinates": [
          -119.264226,
          23.383864
        ],
        "type": "Point"
      },
      "properties": {
        "cipher": "Ordinal",
        "has_phrases": false,
        "mode": "value_domain",
        "phrase_count": 0,
        "phrases": [],
        "projection": "webmercator_hash_v1",
        "projection_method": "webmercator_hash_v1",
        "value": 109
      },
      "type": "Feature"
    },
    {
      "geometry": {
        "coordinates": [
          84.158286,
          57.811731
        ],
        "type": "Point"
      },
      "properties": {
        "cipher": "Ordinal",
        "has_phrases": false,
        "mode": "value_domain",
        "phrase_count": 0,
        "phrases": [],
        "projection": "webmercator_hash_v1",
        "projection_method": "webmercator_hash_v1",
        "value": 110
      },
      "type": "Feature"
    },
    {
      "geometry": {
        "coordinates": [
          -100.760307,
          -24.731004
        ],
        "type": "Point"
      },
      "properties": {
        "cipher": "Ordinal",
        "has_phrases": false,
        "mode": "value_domain",
        "phrase_count": 0,
        "phrases": [],
        "projection": "webmercator_hash_v1",
        "projection_method": "webmercator_hash_v1",
        "value": 111
      },
      "type": "Feature"
    },
    {
      "geometry": {
        "coordinates": [
          135.031863,
          49.788981
        ],
        "type": "Point"
      },
      "properties": {
        "cipher": "Ordinal",
        "has_phrases": false,
        "mode": "value_domain",
        "phrase_count": 0,
        "phrases": [],
        "projection": "webmercator_hash_v1",
        "projection_method": "webmercator_hash_v1",
        "value": 112
      },
      "type": "Feature"
    },
    {
      "geometry": {
        "coordinates": [
          75.258704,
          -52.376048
        ],
        "type": "Point"
      },
      "properties": {
        "cipher": "Ordinal",
        "has_phrases": false,
        "mode": "value_domain",
        "phrase_count": 0,
        "phrases": [],
        "projection": "webmercator_hash_v1",
        "projection_method": "webmercator_hash_v1",
        "value": 113
      },
      "type": "Feature"
    },
    {
      "geometry": {
        "coordinates": [
          -43.528419,
          42.347706
        ],
        "type": "Point"
      },
      "properties": {
        "cipher": "Ordinal",
        "has_phrases": false,
        "mode": "value_domain",
        "phrase_count": 0,
        "phrases": [],
        "projection": "webmercator_hash_v1",
        "projection_method": "webmercator_hash_v1",
        "value": 114
      },
      "type": "Feature"
    },
    {
      "geometry": {
        "coordinates": [
          42.399544,
          47.080067
        ],
        "type": "Point"
      },
      "properties": {
        "cipher": "Ordinal",
        "has_phrases": false,
        "mode": "value_domain",
        "phrase_count": 0,
        "phrases": [],
        "projection": "webmercator_hash_v1",
        "projection_method": "webmercator_hash_v1",
        "value": 115
      },
      "type": "Feature"
    },
    {
      "geometry": {
        "coordinates": [
          -65.343216,
          3.289911
        ],
        "type": "Point"
      },
      "properties": {
        "cipher": "Ordinal",
        "has_phrases": false,
        "mode": "value_domain",
        "phrase_count": 0,
        "phrases": [],
        "projection": "webmercator_hash_v1",
        "projection_method": "webmercator_hash_v1",
        "value": 116
      },
      "type": "Feature"
    },
    {
      "geometry": {
        "coordinates": [
          -4.800539,
          13.99326
        ],
        "type": "Point"
      },
      "properties": {
        "cipher": "Ordinal",
        "has_phrases": false,
        "mode": "value_domain",
        "phrase_count": 0,
        "phrases": [],
        "projection": "webmercator_hash_v1",
        "projection_method": "webmercator_hash_v1",
        "value": 117
      },
      "type": "Feature"
    },
    {
      "geometry": {
        "coordinates": [
          12.23768,
          -40.851551
        ],
        "type": "Point"
      },
      "properties": {
        "cipher": "Ordinal",
        "has_phrases": false,
        "mode": "value_domain",
        "phrase_count": 0,
        "phrases": [],
        "projection": "webmercator_hash_v1",
        "projection_method": "webmercator_hash_v1",
        "value": 118
      },
      "type": "Feature"
    },
    {
      "geometry": {
        "coordinates": [
          58.455988,
          -1.415614
        ],
        "type": "Point"
      },
      "properties": {
        "cipher": "Ordinal",
        "has_phrases": false,
        "mode": "value_domain",
        "phrase_count": 0,
        "phrases": [],
        "projection": "webmercator_hash_v1",
        "projection_method": "webmercator_hash_v1",
        "value": 119
      },
      "type": "Feature"
    },
    {
      "geometry": {
        "coordinates": [
          128.949866,
          -65.354405
        ],
        "type": "Point"
      },
      "properties": {
        "cipher": "Ordinal",
        "has_phrases": false,
        "mode": "value_domain",
        "phrase_count": 0,
        "phrases": [],
        "projection": "webmercator_hash_v1",
        "projection_method": "webmercator_hash_v1",
        "value": 120
      },
      "type": "Feature"
    },
    {
      "geometry": {
        "coordinates": [
          105.225088,
          -41.013666
        ],
        "type": "Point"
      },
      "properties": {
        "cipher": "Ordinal",
        "has_phrases": false,
        "mode": "value_domain",
        "phrase_count": 0,
        "phrases": [],
        "projection": "webmercator_hash_v1",
        "projection_method": "webmercator_hash_v1",
        "value": 121
      },
      "type": "Feature"
    },
    {
      "geometry": {
        "coordinates": [
          -128.597363,
          -81.460048
        ],
        "type": "Point"
      },
      "properties": {
        "cipher": "Ordinal",
        "has_phrases": false,
        "mode": "value_domain",
        "phrase_count": 0,
        "phrases": [],
        "projection": "webmercator_hash_v1",
        "projection_method": "webmercator_hash_v1",
        "value": 122
      },
      "type": "Feature"
    },
    {
      "geometry": {
        "coordinates": [
          137.963786,
          49.725652
        ],
        "type": "Point"
      },
      "properties": {
        "cipher": "Ordinal",
        "has_phrases": false,
        "mode": "value_domain",
        "phrase_count": 0,
        "phrases": [],
        "projection": "webmercator_hash_v1",
        "projection_method": "webmercator_hash_v1",
        "value": 123
      },
      "type": "Feature"
    },
    {
      "geometry": {
        "coordinates": [
          80.891138,
          20.119624
        ],
        "type": "Point"
      },
      "properties": {
        "cipher": "Ordinal",
        "has_phrases": false,
        "mode": "value_domain",
        "phrase_count": 0,
        "phrases": [],
        "projection": "webmercator_hash_v1",
        "projection_method": "webmercator_hash_v1",
        "value": 124
      },
      "type": "Feature"
    },
    {
      "geometry": {
        "coordinates": [
          176.29344,
          -57.231902
        ],
        "type": "Point"
      },
      "properties": {
        "cipher": "Ordinal",
        "has_phrases": false,
        "mode": "value_domain",
        "phrase_count": 0,
        "phrases": [],
        "projection": "webmercator_hash_v1",
        "projection_method": "webmercator_hash_v1",
        "value": 125
      },
      "type": "Feature"
    },
    {
      "geometry": {
        "coordinates": [
          161.551355,
          12.301544
        ],
        "type": "Point"
      },
      "properties": {
        "cipher": "Ordinal",
        "has_phrases": false,
        "mode": "value_domain",
        "phrase_count": 0,
        "phrases": [],
        "projection": "webmercator_hash_v1",
        "projection_method": "webmercator_hash_v1",
        "value": 126
      },
      "type": "Feature"
    },
    {
      "geometry": {
        "coordinates": [
          79.22825,
          44.305999
        ],
        "type": "Point"
      },
      "properties": {
        "cipher": "Ordinal",
        "has_phrases": false,
        "mode": "value_domain",
        "phrase_count": 0,
        "phrases": [],
        "projection": "webmercator_hash_v1",
        "projection_method": "webmercator_hash_v1",
        "value": 127
      },
      "type": "Feature"
    },
    {
      "geometry": {
        "coordinates": [
          -174.338244,
          73.545267
        ],
        "type": "Point"
      },
      "properties": {
        "cipher": "Ordinal",
        "has_phrases": false,
        "mode": "value_domain",
        "phrase_count": 0,
        "phrases": [],
        "projection": "webmercator_hash_v1",
        "projection_method": "webmercator_hash_v1",
        "value": 128
      },
      "type": "Feature"
    },
    {
      "geometry": {
        "coordinates": [
          -107.411464,
          -80.780596
        ],
        "type": "Point"
      },
      "properties": {
        "cipher": "Ordinal",
        "has_phrases": false,
        "mode": "value_domain",
        "phrase_count": 0,
        "phrases": [],
        "projection": "webmercator_hash_v1",
        "projection_method": "webmercator_hash_v1",
        "value": 129
      },
      "type": "Feature"
    },
    {
      "geometry": {
        "coordinates": [
          -25.950025,
          -58.104492
        ],
        "type": "Point"
      },
      "properties": {
        "cipher": "Ordinal",
        "has_phrases": false,
        "mode": "value_domain",
        "phrase_count": 0,
        "phrases": [],
        "projection": "webmercator_hash_v1",
        "projection_method": "webmercator_hash_v1",
        "value": 130
      },
      "type": "Feature"
    },
    {
      "geometry": {
        "coordinates": [
          -10.274865,
          -60.074177
        ],
        "type": "Point"
      },
      "properties": {
        "cipher": "Ordinal",
        "has_phrases": false,
        "mode": "value_domain",
        "phrase_count": 0,
        "phrases": [],
        "projection": "webmercator_hash_v1",
        "projection_method": "webmercator_hash_v1",
        "value": 131
      },
      "type": "Feature"
    },
    {
      "geometry": {
        "coordinates": [
          160.222689,
          15.51158
        ],
        "type": "Point"
      },
      "properties": {
        "cipher": "Ordinal",
        "has_phrases": false,
        "mode": "value_domain",
        "phrase_count": 0,
        "phrases": [],
        "projection": "webmercator_hash_v1",
        "projection_method": "webmercator_hash_v1",
        "value": 132
      },
      "type": "Feature"
    },
    {
      "geometry": {
        "coordinates": [
          -172.317272,
          -10.820762
        ],
        "type": "Point"
      },
      "properties": {
        "cipher": "Ordinal",
        "has_phrases": false,
        "mode": "value_domain",
        "phrase_count": 0,
        "phrases": [],
        "projection": "webmercator_hash_v1",
        "projection_method": "webmercator_hash_v1",
        "value": 133
      },
      "type": "Feature"
    },
    {
      "geometry": {
        "coordinates": [
          -18.401213,
          23.95332
        ],
        "type": "Point"
      },
      "properties": {
        "cipher": "Ordinal",
        "has_phrases": false,
        "mode": "value_domain",
        "phrase_count": 0,
        "phrases": [],
        "projection": "webmercator_hash_v1",
        "projection_method": "webmercator_hash_v1",
        "value": 134
      },
      "type": "Feature"
    },
    {
      "geometry": {
        "coordinates": [
          114.692081,
          -83.037546
        ],
        "type": "Point"
      },
      "properties": {
        "cipher": "Ordinal",
        "has_phrases": false,
        "mode": "value_domain",
        "phrase_count": 0,
        "phrases": [],
        "projection": "webmercator_hash_v1",
        "projection_method": "webmercator_hash_v1",
        "value": 135
      },
      "type": "Feature"
    },
    {
      "geometry": {
        "coordinates": [
          49.046132,
          76.678645
        ],
        "type": "Point"
      },
      "properties": {
        "cipher": "Ordinal",
        "has_phrases": false,
        "mode": "value_domain",
        "phrase_count": 0,
        "phrases": [],
        "projection": "webmercator_hash_v1",
        "projection_method": "webmercator_hash_v1",
        "value": 136
      },
      "type": "Feature"
    },
    {
      "geometry": {
        "coordinates": [
          -175.047757,
          -38.593
        ],
        "type": "Point"
      },
      "properties": {
        "cipher": "Ordinal",
        "has_phrases": false,
        "mode": "value_domain",
        "phrase_count": 0,
        "phrases": [],
        "projection": "webmercator_hash_v1",
        "projection_method": "webmercator_hash_v1",
        "value": 137
      },
      "type": "Feature"
    },
    {
      "geometry": {
        "coordinates": [
          -136.684598,
          13.856225
        ],
        "type": "Point"
      },
      "properties": {
        "cipher": "Ordinal",
        "has_phrases": false,
        "mode": "value_domain",
        "phrase_count": 0,
        "phrases": [],
        "projection": "webmercator_hash_v1",
        "projection_method": "webmercator_hash_v1",
        "value": 138
      },
      "type": "Feature"
    },
    {
      "geometry": {
        "coordinates": [
          -50.821608,
          46.417834
        ],
        "type": "Point"
      },
      "properties": {
        "cipher": "Ordinal",
        "has_phrases": false,
        "mode": "value_domain",
        "phrase_count": 0,
        "phrases": [],
        "projection": "webmercator_hash_v1",
        "projection_method": "webmercator_hash_v1",
        "value": 139
      },
      "type": "Feature"
    },
    {
      "geometry": {
        "coordinates": [
          129.092304,
          -75.879966
        ],
        "type": "Point"
      },
      "properties": {
        "cipher": "Ordinal",
        "has_phrases": false,
        "mode": "value_domain",
        "phrase_count": 0,
        "phrases": [],
        "projection": "webmercator_hash_v1",
        "projection_method": "webmercator_hash_v1",
        "value": 140
      },
      "type": "Feature"
    },
    {
      "geometry": {
        "coordinates": [
          73.465098,
          6.71394
        ],
        "type": "Point"
      },
      "properties": {
        "cipher": "Ordinal",
        "has_phrases": false,
        "mode": "value_domain",
        "phrase_count": 0,
        "phrases": [],
        "projection": "webmercator_hash_v1",
        "projection_method": "webmercator_hash_v1",
        "value": 141
      },
      "type": "Feature"
    },
    {
      "geometry": {
        "coordinates": [
          59.864868,
          36.282594
        ],
        "type": "Point"
      },
      "properties": {
        "cipher": "Ordinal",
        "has_phrases": false,
        "mode": "value_domain",
        "phrase_count": 0,
        "phrases": [],
        "projection": "webmercator_hash_v1",
        "projection_method": "webmercator_hash_v1",
        "value": 142
      },
      "type": "Feature"
    },
    {
      "geometry": {
        "coordinates": [
          -136.328708,
          -45.268595
        ],
        "type": "Point"
      },
      "properties": {
        "cipher": "Ordinal",
        "has_phrases": false,
        "mode": "value_domain",
        "phrase_count": 0,
        "phrases": [],
        "projection": "webmercator_hash_v1",
        "projection_method": "webmercator_hash_v1",
        "value": 143
      },
      "type": "Feature"
    },
    {
      "geometry": {
        "coordinates": [
          -26.716493,
          35.206401
        ],
        "type": "Point"
      },
      "properties": {
        "cipher": "Ordinal",
        "has_phrases": false,
        "mode": "value_domain",
        "phrase_count": 0,
        "phrases": [],
        "projection": "webmercator_hash_v1",
        "projection_method": "webmercator_hash_v1",
        "value": 144
      },
      "type": "Feature"
    },
    {
      "geometry": {
        "coordinates": [
          -103.110999,
          -4.530675
        ],
        "type": "Point"
      },
      "properties": {
        "cipher": "Ordinal",
        "has_phrases": false,
        "mode": "value_domain",
        "phrase_count": 0,
        "phrases": [],
        "projection": "webmercator_hash_v1",
        "projection_method": "webmercator_hash_v1",
        "value": 145
      },
      "type": "Feature"
    },
    {
      "geometry": {
        "coordinates": [
          168.792162,
          -84.23765
        ],
        "type": "Point"
      },
      "properties": {
        "cipher": "Ordinal",
        "has_phrases": false,
        "mode": "value_domain",
        "phrase_count": 0,
        "phrases": [],
        "projection": "webmercator_hash_v1",
        "projection_method": "webmercator_hash_v1",
        "value": 146
      },
      "type": "Feature"
    },
    {
      "geometry": {
        "coordinates": [
          100.294706,
          81.469166
        ],
        "type": "Point"
      },
      "properties": {
        "cipher": "Ordinal",
        "has_phrases": false,
        "mode": "value_domain",
        "phrase_count": 0,
        "phrases": [],
        "projection": "webmercator_hash_v1",
        "projection_method": "webmercator_hash_v1",
        "value": 147
      },
      "type": "Feature"
    },
    {
      "geometry": {
        "coordinates": [
          -157.842907,
          -74.180176
        ],
        "type": "Point"
      },
      "properties": {
        "cipher": "Ordinal",
        "has_phrases": false,
        "mode": "value_domain",
        "phrase_count": 0,
        "phrases": [],
        "projection": "webmercator_hash_v1",
        "projection_method": "webmercator_hash_v1",
        "value": 148
      },
      "type": "Feature"
    },
    {
      "geometry": {
        "coordinates": [
          75.364758,
          -44.255477
        ],
        "type": "Point"
      },
      "properties": {
        "cipher": "Ordinal",
        "has_phrases": false,
        "mode": "value_domain",
        "phrase_count": 0,
        "phrases": [],
        "projection": "webmercator_hash_v1",
        "projection_method": "webmercator_hash_v1",
        "value": 149
      },
      "type": "Feature"
    },
    {
      "geometry": {
        "coordinates": [
          142.7931,
          -43.754122
        ],
        "type": "Point"
      },
      "properties": {
        "cipher": "Ordinal",
        "has_phrases": false,
        "mode": "value_domain",
        "phrase_count": 0,
        "phrases": [],
        "projection": "webmercator_hash_v1",
        "projection_method": "webmercator_hash_v1",
        "value": 150
      },
      "type": "Feature"
    },
    {
      "geometry": {
        "coordinates": [
          60.865718,
          -68.794822
        ],
        "type": "Point"
      },
      "properties": {
        "cipher": "Ordinal",
        "has_phrases": false,
        "mode": "value_domain",
        "phrase_count": 0,
        "phrases": [],
        "projection": "webmercator_hash_v1",
        "projection_method": "webmercator_hash_v1",
        "value": 151
      },
      "type": "Feature"
    },
    {
      "geometry": {
        "coordinates": [
          -153.574779,
          -36.105757
        ],
        "type": "Point"
      },
      "properties": {
        "cipher": "Ordinal",
        "has_phrases": false,
        "mode": "value_domain",
        "phrase_count": 0,
        "phrases": [],
        "projection": "webmercator_hash_v1",
        "projection_method": "webmercator_hash_v1",
        "value": 152
      },
      "type": "Feature"
    },
    {
      "geometry": {
        "coordinates": [
          -16.538635,
          -40.292172
        ],
        "type": "Point"
      },
      "properties": {
        "cipher": "Ordinal",
        "has_phrases": false,
        "mode": "value_domain",
        "phrase_count": 0,
        "phrases": [],
        "projection": "webmercator_hash_v1",
        "projection_method": "webmercator_hash_v1",
        "value": 153
      },
      "type": "Feature"
    },
    {
      "geometry": {
        "coordinates": [
          70.940589,
          68.192104
        ],
        "type": "Point"
      },
      "properties": {
        "cipher": "Ordinal",
        "has_phrases": false,
        "mode": "value_domain",
        "phrase_count": 0,
        "phrases": [],
        "projection": "webmercator_hash_v1",
        "projection_method": "webmercator_hash_v1",
        "value": 154
      },
      "type": "Feature"
    },
    {
      "geometry": {
        "coordinates": [
          -113.38568,
          13.430158
        ],
        "type": "Point"
      },
      "properties": {
        "cipher": "Ordinal",
        "has_phrases": false,
        "mode": "value_domain",
        "phrase_count": 0,
        "phrases": [],
        "projection": "webmercator_hash_v1",
        "projection_method": "webmercator_hash_v1",
        "value": 155
      },
      "type": "Feature"
    },
    {
      "geometry": {
        "coordinates": [
          57.53578,
          -74.280824
        ],
        "type": "Point"
      },
      "properties": {
        "cipher": "Ordinal",
        "has_phrases": false,
        "mode": "value_domain",
        "phrase_count": 0,
        "phrases": [],
        "projection": "webmercator_hash_v1",
        "projection_method": "webmercator_hash_v1",
        "value": 156
      },
      "type": "Feature"
    },
    {
      "geometry": {
        "coordinates": [
          38.699768,
          -10.5615
        ],
        "type": "Point"
      },
      "properties": {
        "cipher": "Ordinal",
        "has_phrases": false,
        "mode": "value_domain",
        "phrase_count": 0,
        "phrases": [],
        "projection": "webmercator_hash_v1",
        "projection_method": "webmercator_hash_v1",
        "value": 157
      },
      "type": "Feature"
    },
    {
      "geometry": {
        "coordinates": [
          152.561321,
          -58.746786
        ],
        "type": "Point"
      },
      "properties": {
        "cipher": "Ordinal",
        "has_phrases": false,
        "mode": "value_domain",
        "phrase_count": 0,
        "phrases": [],
        "projection": "webmercator_hash_v1",
        "projection_method": "webmercator_hash_v1",
        "value": 158
      },
      "type": "Feature"
    },
    {
      "geometry": {
        "coordinates": [
          -161.174604,
          -64.691965
        ],
        "type": "Point"
      },
      "properties": {
        "cipher": "Ordinal",
        "has_phrases": false,
        "mode": "value_domain",
        "phrase_count": 0,
        "phrases": [],
        "projection": "webmercator_hash_v1",
        "projection_method": "webmercator_hash_v1",
        "value": 159
      },
      "type": "Feature"
    },
    {
      "geometry": {
        "coordinates": [
          -142.312334,
          48.26695
        ],
        "type": "Point"
      },
      "properties": {
        "cipher": "Ordinal",
        "has_phrases": false,
        "mode": "value_domain",
        "phrase_count": 0,
        "phrases": [],
        "projection": "webmercator_hash_v1",
        "projection_method": "webmercator_hash_v1",
        "value": 160
      },
      "type": "Feature"
    },
    {
      "geometry": {
        "coordinates": [
          -40.863608,
          73.556674
        ],
        "type": "Point"
      },
      "properties": {
        "cipher": "Ordinal",
        "has_phrases": false,
        "mode": "value_domain",
        "phrase_count": 0,
        "phrases": [],
        "projection": "webmercator_hash_v1",
        "projection_method": "webmercator_hash_v1",
        "value": 161
      },
      "type": "Feature"
    },
    {
      "geometry": {
        "coordinates": [
          119.568367,
          53.653476
        ],
        "type": "Point"
      },
      "properties": {
        "cipher": "Ordinal",
        "has_phrases": false,
        "mode": "value_domain",
        "phrase_count": 0,
        "phrases": [],
        "projection": "webmercator_hash_v1",
        "projection_method": "webmercator_hash_v1",
        "value": 162
      },
      "type": "Feature"
    },
    {
      "geometry": {
        "coordinates": [
          -139.673911,
          55.356594
        ],
        "type": "Point"
      },
      "properties": {
        "cipher": "Ordinal",
        "has_phrases": false,
        "mode": "value_domain",
        "phrase_count": 0,
        "phrases": [],
        "projection": "webmercator_hash_v1",
        "projection_method": "webmercator_hash_v1",
        "value": 163
      },
      "type": "Feature"
    },
    {
      "geometry": {
        "coordinates": [
          103.827641,
          24.303871
        ],
        "type": "Point"
      },
      "properties": {
        "cipher": "Ordinal",
        "has_phrases": false,
        "mode": "value_domain",
        "phrase_count": 0,
        "phrases": [],
        "projection": "webmercator_hash_v1",
        "projection_method": "webmercator_hash_v1",
        "value": 164
      },
      "type": "Feature"
    },
    {
      "geometry": {
        "coordinates": [
          72.87357,
          47.442246
        ],
        "type": "Point"
      },
      "properties": {
        "cipher": "Ordinal",
        "has_phrases": false,
        "mode": "value_domain",
        "phrase_count": 0,
        "phrases": [],
        "projection": "webmercator_hash_v1",
        "projection_method": "webmercator_hash_v1",
        "value": 165
      },
      "type": "Feature"
    },
    {
      "geometry": {
        "coordinates": [
          -65.093436,
          -18.078999
        ],
        "type": "Point"
      },
      "properties": {
        "cipher": "Ordinal",
        "has_phrases": false,
        "mode": "value_domain",
        "phrase_count": 0,
        "phrases": [],
        "projection": "webmercator_hash_v1",
        "projection_method": "webmercator_hash_v1",
        "value": 166
      },
      "type": "Feature"
    },
    {
      "geometry": {
        "coordinates": [
          -172.456652,
          11.872895
        ],
        "type": "Point"
      },
      "properties": {
        "cipher": "Ordinal",
        "has_phrases": false,
        "mode": "value_domain",
        "phrase_count": 0,
        "phrases": [],
        "projection": "webmercator_hash_v1",
        "projection_method": "webmercator_hash_v1",
        "value": 167
      },
      "type": "Feature"
    },
    {
      "geometry": {
        "coordinates": [
          -178.098191,
          -74.857872
        ],
        "type": "Point"
      },
      "properties": {
        "cipher": "Ordinal",
        "has_phrases": false,
        "mode": "value_domain",
        "phrase_count": 0,
        "phrases": [],
        "projection": "webmercator_hash_v1",
        "projection_method": "webmercator_hash_v1",
        "value": 168
      },
      "type": "Feature"
    },
    {
      "geometry": {
        "coordinates": [
          -60.404301,
          -2.240793
        ],
        "type": "Point"
      },
      "properties": {
        "cipher": "Ordinal",
        "has_phrases": false,
        "mode": "value_domain",
        "phrase_count": 0,
        "phrases": [],
        "projection": "webmercator_hash_v1",
        "projection_method": "webmercator_hash_v1",
        "value": 169
      },
      "type": "Feature"
    },
    {
      "geometry": {
        "coordinates": [
          43.891013,
          -43.287584
        ],
        "type": "Point"
      },
      "properties": {
        "cipher": "Ordinal",
        "has_phrases": false,
        "mode": "value_domain",
        "phrase_count": 0,
        "phrases": [],
        "projection": "webmercator_hash_v1",
        "projection_method": "webmercator_hash_v1",
        "value": 170
      },
      "type": "Feature"
    },
    {
      "geometry": {
        "coordinates": [
          160.192461,
          -28.673791
        ],
        "type": "Point"
      },
      "properties": {
        "cipher": "Ordinal",
        "has_phrases": false,
        "mode": "value_domain",
        "phrase_count": 0,
        "phrases": [],
        "projection": "webmercator_hash_v1",
        "projection_method": "webmercator_hash_v1",
        "value": 171
      },
      "type": "Feature"
    },
    {
      "geometry": {
        "coordinates": [
          100.542646,
          -36.680986
        ],
        "type": "Point"
      },
      "properties": {
        "cipher": "Ordinal",
        "has_phrases": false,
        "mode": "value_domain",
        "phrase_count": 0,
        "phrases": [],
        "projection": "webmercator_hash_v1",
        "projection_method": "webmercator_hash_v1",
        "value": 172
      },
      "type": "Feature"
    },
    {
      "geometry": {
        "coordinates": [
          -70.126328,
          5.641525
        ],
        "type": "Point"
      },
      "properties": {
        "cipher": "Ordinal",
        "has_phrases": false,
        "mode": "value_domain",
        "phrase_count": 0,
        "phrases": [],
        "projection": "webmercator_hash_v1",
        "projection_method": "webmercator_hash_v1",
        "value": 173
      },
      "type": "Feature"
    },
    {
      "geometry": {
        "coordinates": [
          178.764245,
          66.025835
        ],
        "type": "Point"
      },
      "properties": {
        "cipher": "Ordinal",
        "has_phrases": false,
        "mode": "value_domain",
        "phrase_count": 0,
        "phrases": [],
        "projection": "webmercator_hash_v1",
        "projection_method": "webmercator_hash_v1",
        "value": 174
      },
      "type": "Feature"
    },
    {
      "geometry": {
        "coordinates": [
          57.950609,
          -71.029651
        ],
        "type": "Point"
      },
      "properties": {
        "cipher": "Ordinal",
        "has_phrases": false,
        "mode": "value_domain",
        "phrase_count": 0,
        "phrases": [],
        "projection": "webmercator_hash_v1",
        "projection_method": "webmercator_hash_v1",
        "value": 175
      },
      "type": "Feature"
    },
    {
      "geometry": {
        "coordinates": [
          61.477362,
          82.829272
        ],
        "type": "Point"
      },
      "properties": {
        "cipher": "Ordinal",
        "has_phrases": false,
        "mode": "value_domain",
        "phrase_count": 0,
        "phrases": [],
        "projection": "webmercator_hash_v1",
        "projection_method": "webmercator_hash_v1",
        "value": 176
      },
      "type": "Feature"
    },
    {
      "geometry": {
        "coordinates": [
          166.854006,
          43.582021
        ],
        "type": "Point"
      },
      "properties": {
        "cipher": "Ordinal",
        "has_phrases": false,
        "mode": "value_domain",
        "phrase_count": 0,
        "phrases": [],
        "projection": "webmercator_hash_v1",
        "projection_method": "webmercator_hash_v1",
        "value": 177
      },
      "type": "Feature"
    },
    {
      "geometry": {
        "coordinates": [
          -16.87997,
          -10.89659
        ],
        "type": "Point"
      },
      "properties": {
        "cipher": "Ordinal",
        "has_phrases": false,
        "mode": "value_domain",
        "phrase_count": 0,
        "phrases": [],
        "projection": "webmercator_hash_v1",
        "projection_method": "webmercator_hash_v1",
        "value": 178
      },
      "type": "Feature"
    },
    {
      "geometry": {
        "coordinates": [
          -45.740756,
          -22.333733
        ],
        "type": "Point"
      },
      "properties": {
        "cipher": "Ordinal",
        "has_phrases": false,
        "mode": "value_domain",
        "phrase_count": 0,
        "phrases": [],
        "projection": "webmercator_hash_v1",
        "projection_method": "webmercator_hash_v1",
        "value": 179
      },
      "type": "Feature"
    },
    {
      "geometry": {
        "coordinates": [
          108.279208,
          47.958937
        ],
        "type": "Point"
      },
      "properties": {
        "cipher": "Ordinal",
        "has_phrases": false,
        "mode": "value_domain",
        "phrase_count": 0,
        "phrases": [],
        "projection": "webmercator_hash_v1",
        "projection_method": "webmercator_hash_v1",
        "value": 180
      },
      "type": "Feature"
    },
    {
      "geometry": {
        "coordinates": [
          138.917443,
          23.414766
        ],
        "type": "Point"
      },
      "properties": {
        "cipher": "Ordinal",
        "has_phrases": false,
        "mode": "value_domain",
        "phrase_count": 0,
        "phrases": [],
        "projection": "webmercator_hash_v1",
        "projection_method": "webmercator_hash_v1",
        "value": 181
      },
      "type": "Feature"
    },
    {
      "geometry": {
        "coordinates": [
          69.748916,
          -83.276533
        ],
        "type": "Point"
      },
      "properties": {
        "cipher": "Ordinal",
        "has_phrases": false,
        "mode": "value_domain",
        "phrase_count": 0,
        "phrases": [],
        "projection": "webmercator_hash_v1",
        "projection_method": "webmercator_hash_v1",
        "value": 182
      },
      "type": "Feature"
    },
    {
      "geometry": {
        "coordinates": [
          109.105728,
          22.123255
        ],
        "type": "Point"
      },
      "properties": {
        "cipher": "Ordinal",
        "has_phrases": false,
        "mode": "value_domain",
        "phrase_count": 0,
        "phrases": [],
        "projection": "webmercator_hash_v1",
        "projection_method": "webmercator_hash_v1",
        "value": 183
      },
      "type": "Feature"
    },
    {
      "geometry": {
        "coordinates": [
          58.021936,
          39.457115
        ],
        "type": "Point"
      },
      "properties": {
        "cipher": "Ordinal",
        "has_phrases": false,
        "mode": "value_domain",
        "phrase_count": 0,
        "phrases": [],
        "projection": "webmercator_hash_v1",
        "projection_method": "webmercator_hash_v1",
        "value": 184
      },
      "type": "Feature"
    },
    {
      "geometry": {
        "coordinates": [
          -28.169118,
          -31.391572
        ],
        "type": "Point"
      },
      "properties": {
        "cipher": "Ordinal",
        "has_phrases": false,
        "mode": "value_domain",
        "phrase_count": 0,
        "phrases": [],
        "projection": "webmercator_hash_v1",
        "projection_method": "webmercator_hash_v1",
        "value": 185
      },
      "type": "Feature"
    },
    {
      "geometry": {
        "coordinates": [
          -134.849766,
          -59.066719
        ],
        "type": "Point"
      },
      "properties": {
        "cipher": "Ordinal",
        "has_phrases": false,
        "mode": "value_domain",
        "phrase_count": 0,
        "phrases": [],
        "projection": "webmercator_hash_v1",
        "projection_method": "webmercator_hash_v1",
        "value": 186
      },
      "type": "Feature"
    },
    {
      "geometry": {
        "coordinates": [
          -26.840092,
          -23.943422
        ],
        "type": "Point"
      },
      "properties": {
        "cipher": "Ordinal",
        "has_phrases": false,
        "mode": "value_domain",
        "phrase_count": 0,
        "phrases": [],
        "projection": "webmercator_hash_v1",
        "projection_method": "webmercator_hash_v1",
        "value": 187
      },
      "type": "Feature"
    },
    {
      "geometry": {
        "coordinates": [
          154.656812,
          -66.281369
        ],
        "type": "Point"
      },
      "properties": {
        "cipher": "Ordinal",
        "has_phrases": false,
        "mode": "value_domain",
        "phrase_count": 0,
        "phrases": [],
        "projection": "webmercator_hash_v1",
        "projection_method": "webmercator_hash_v1",
        "value": 188
      },
      "type": "Feature"
    },
    {
      "geometry": {
        "coordinates": [
          -35.13845,
          81.551288
        ],
        "type": "Point"
      },
      "properties": {
        "cipher": "Ordinal",
        "has_phrases": false,
        "mode": "value_domain",
        "phrase_count": 0,
        "phrases": [],
        "projection": "webmercator_hash_v1",
        "projection_method": "webmercator_hash_v1",
        "value": 189
      },
      "type": "Feature"
    },
    {
      "geometry": {
        "coordinates": [
          105.285129,
          -80.160155
        ],
        "type": "Point"
      },
      "properties": {
        "cipher": "Ordinal",
        "has_phrases": false,
        "mode": "value_domain",
        "phrase_count": 0,
        "phrases": [],
        "projection": "webmercator_hash_v1",
        "projection_method": "webmercator_hash_v1",
        "value": 190
      },
      "type": "Feature"
    },
    {
      "geometry": {
        "coordinates": [
          120.546813,
          30.788037
        ],
        "type": "Point"
      },
      "properties": {
        "cipher": "Ordinal",
        "has_phrases": false,
        "mode": "value_domain",
        "phrase_count": 0,
        "phrases": [],
        "projection": "webmercator_hash_v1",
        "projection_method": "webmercator_hash_v1",
        "value": 191
      },
      "type": "Feature"
    },
    {
      "geometry": {
        "coordinates": [
          -39.69249,
          68.428295
        ],
        "type": "Point"
      },
      "properties": {
        "cipher": "Ordinal",
        "has_phrases": false,
        "mode": "value_domain",
        "phrase_count": 0,
        "phrases": [],
        "projection": "webmercator_hash_v1",
        "projection_method": "webmercator_hash_v1",
        "value": 192
      },
      "type": "Feature"
    },
    {
      "geometry": {
        "coordinates": [
          -13.00097,
          -45.78536
        ],
        "type": "Point"
      },
      "properties": {
        "cipher": "Ordinal",
        "has_phrases": false,
        "mode": "value_domain",
        "phrase_count": 0,
        "phrases": [],
        "projection": "webmercator_hash_v1",
        "projection_method": "webmercator_hash_v1",
        "value": 193
      },
      "type": "Feature"
    },
    {
      "geometry": {
        "coordinates": [
          89.126475,
          -77.372339
        ],
        "type": "Point"
      },
      "properties": {
        "cipher": "Ordinal",
        "has_phrases": false,
        "mode": "value_domain",
        "phrase_count": 0,
        "phrases": [],
        "projection": "webmercator_hash_v1",
        "projection_method": "webmercator_hash_v1",
        "value": 194
      },
      "type": "Feature"
    },
    {
      "geometry": {
        "coordinates": [
          -99.084347,
          -38.332714
        ],
        "type": "Point"
      },
      "properties": {
        "cipher": "Ordinal",
        "has_phrases": false,
        "mode": "value_domain",
        "phrase_count": 0,
        "phrases": [],
        "projection": "webmercator_hash_v1",
        "projection_method": "webmercator_hash_v1",
        "value": 195
      },
      "type": "Feature"
    },
    {
      "geometry": {
        "coordinates": [
          -20.429385,
          -9.857603
        ],
        "type": "Point"
      },
      "properties": {
        "cipher": "Ordinal",
        "has_phrases": false,
        "mode": "value_domain",
        "phrase_count": 0,
        "phrases": [],
        "projection": "webmercator_hash_v1",
        "projection_method": "webmercator_hash_v1",
        "value": 196
      },
      "type": "Feature"
    },
    {
      "geometry": {
        "coordinates": [
          114.521212,
          67.830642
        ],
        "type": "Point"
      },
      "properties": {
        "cipher": "Ordinal",
        "has_phrases": false,
        "mode": "value_domain",
        "phrase_count": 0,
        "phrases": [],
        "projection": "webmercator_hash_v1",
        "projection_method": "webmercator_hash_v1",
        "value": 197
      },
      "type": "Feature"
    },
    {
      "geometry": {
        "coordinates": [
          -9.436255,
          4.353197
        ],
        "type": "Point"
      },
      "properties": {
        "cipher": "Ordinal",
        "has_phrases": false,
        "mode": "value_domain",
        "phrase_count": 0,
        "phrases": [],
        "projection": "webmercator_hash_v1",
        "projection_method": "webmercator_hash_v1",
        "value": 198
      },
      "type": "Feature"
    },
    {
      "geometry": {
        "coordinates": [
          58.355882,
          -36.041603
        ],
        "type": "Point"
      },
      "properties": {
        "cipher": "Ordinal",
        "has_phrases": false,
        "mode": "value_domain",
        "phrase_count": 0,
        "phrases": [],
        "projection": "webmercator_hash_v1",
        "projection_method": "webmercator_hash_v1",
        "value": 199
      },
      "type": "Feature"
    },
    {
      "geometry": {
        "coordinates": [
          -18.57926,
          -17.189803
        ],
        "type": "Point"
      },
      "properties": {
        "cipher": "Ordinal",
        "has_phrases": false,
        "mode": "value_domain",
        "phrase_count": 0,
        "phrases": [],
        "projection": "webmercator_hash_v1",
        "projection_method": "webmercator_hash_v1",
        "value": 200
      },
      "type": "Feature"
    },
    {
      "geometry": {
        "coordinates": [
          -105.683508,
          49.452576
        ],
        "type": "Point"
      },
      "properties": {
        "cipher": "Ordinal",
        "has_phrases": false,
        "mode": "value_domain",
        "phrase_count": 0,
        "phrases": [],
        "projection": "webmercator_hash_v1",
        "projection_method": "webmercator_hash_v1",
        "value": 201
      },
      "type": "Feature"
    },
    {
      "geometry": {
        "coordinates": [
          149.254139,
          66.028026
        ],
        "type": "Point"
      },
      "properties": {
        "cipher": "Ordinal",
        "has_phrases": false,
        "mode": "value_domain",
        "phrase_count": 0,
        "phrases": [],
        "projection": "webmercator_hash_v1",
        "projection_method": "webmercator_hash_v1",
        "value": 202
      },
      "type": "Feature"
    },
    {
      "geometry": {
        "coordinates": [
          33.423154,
          63.470179
        ],
        "type": "Point"
      },
      "properties": {
        "cipher": "Ordinal",
        "has_phrases": false,
        "mode": "value_domain",
        "phrase_count": 0,
        "phrases": [],
        "projection": "webmercator_hash_v1",
        "projection_method": "webmercator_hash_v1",
        "value": 203
      },
      "type": "Feature"
    },
    {
      "geometry": {
        "coordinates": [
          133.175802,
          46.125586
        ],
        "type": "Point"
      },
      "properties": {
        "cipher": "Ordinal",
        "has_phrases": false,
        "mode": "value_domain",
        "phrase_count": 0,
        "phrases": [],
        "projection": "webmercator_hash_v1",
        "projection_method": "webmercator_hash_v1",
        "value": 204
      },
      "type": "Feature"
    },
    {
      "geometry": {
        "coordinates": [
          -36.254737,
          43.747104
        ],
        "type": "Point"
      },
      "properties": {
        "cipher": "Ordinal",
        "has_phrases": false,
        "mode": "value_domain",
        "phrase_count": 0,
        "phrases": [],
        "projection": "webmercator_hash_v1",
        "projection_method": "webmercator_hash_v1",
        "value": 205
      },
      "type": "Feature"
    },
    {
      "geometry": {
        "coordinates": [
          -63.555505,
          13.217468
        ],
        "type": "Point"
      },
      "properties": {
        "cipher": "Ordinal",
        "has_phrases": false,
        "mode": "value_domain",
        "phrase_count": 0,
        "phrases": [],
        "projection": "webmercator_hash_v1",
        "projection_method": "webmercator_hash_v1",
        "value": 206
      },
      "type": "Feature"
    },
    {
      "geometry": {
        "coordinates": [
          152.726257,
          7.396971
        ],
        "type": "Point"
      },
      "properties": {
        "cipher": "Ordinal",
        "has_phrases": false,
        "mode": "value_domain",
        "phrase_count": 0,
        "phrases": [],
        "projection": "webmercator_hash_v1",
        "projection_method": "webmercator_hash_v1",
        "value": 207
      },
      "type": "Feature"
    },
    {
      "geometry": {
        "coordinates": [
          -105.754949,
          -29.383521
        ],
        "type": "Point"
      },
      "properties": {
        "cipher": "Ordinal",
        "has_phrases": false,
        "mode": "value_domain",
        "phrase_count": 0,
        "phrases": [],
        "projection": "webmercator_hash_v1",
        "projection_method": "webmercator_hash_v1",
        "value": 208
      },
      "type": "Feature"
    },
    {
      "geometry": {
        "coordinates": [
          -147.987409,
          -82.383411
        ],
        "type": "Point"
      },
      "properties": {
        "cipher": "Ordinal",
        "has_phrases": false,
        "mode": "value_domain",
        "phrase_count": 0,
        "phrases": [],
        "projection": "webmercator_hash_v1",
        "projection_method": "webmercator_hash_v1",
        "value": 209
      },
      "type": "Feature"
    },
    {
      "geometry": {
        "coordinates": [
          -2.01513,
          62.159621
        ],
        "type": "Point"
      },
      "properties": {
        "cipher": "Ordinal",
        "has_phrases": false,
        "mode": "value_domain",
        "phrase_count": 0,
        "phrases": [],
        "projection": "webmercator_hash_v1",
        "projection_method": "webmercator_hash_v1",
        "value": 210
      },
      "type": "Feature"
    },
    {
      "geometry": {
        "coordinates": [
          -18.988787,
          42.612345
        ],
        "type": "Point"
      },
      "properties": {
        "cipher": "Ordinal",
        "has_phrases": false,
        "mode": "value_domain",
        "phrase_count": 0,
        "phrases": [],
        "projection": "webmercator_hash_v1",
        "projection_method": "webmercator_hash_v1",
        "value": 211
      },
      "type": "Feature"
    },
    {
      "geometry": {
        "coordinates": [
          83.763604,
          -58.854794
        ],
        "type": "Point"
      },
      "properties": {
        "cipher": "Ordinal",
        "has_phrases": false,
        "mode": "value_domain",
        "phrase_count": 0,
        "phrases": [],
        "projection": "webmercator_hash_v1",
        "projection_method": "webmercator_hash_v1",
        "value": 212
      },
      "type": "Feature"
    },
    {
      "geometry": {
        "coordinates": [
          120.606886,
          -6.863437
        ],
        "type": "Point"
      },
      "properties": {
        "cipher": "Ordinal",
        "has_phrases": false,
        "mode": "value_domain",
        "phrase_count": 0,
        "phrases": [],
        "projection": "webmercator_hash_v1",
        "projection_method": "webmercator_hash_v1",
        "value": 213
      },
      "type": "Feature"
    },
    {
      "geometry": {
        "coordinates": [
          91.81308,
          -42.596142
        ],
        "type": "Point"
      },
      "properties": {
        "cipher": "Ordinal",
        "has_phrases": false,
        "mode": "value_domain",
        "phrase_count": 0,
        "phrases": [],
        "projection": "webmercator_hash_v1",
        "projection_method": "webmercator_hash_v1",
        "value": 214
      },
      "type": "Feature"
    },
    {
      "geometry": {
        "coordinates": [
          171.983894,
          22.078822
        ],
        "type": "Point"
      },
      "properties": {
        "cipher": "Ordinal",
        "has_phrases": false,
        "mode": "value_domain",
        "phrase_count": 0,
        "phrases": [],
        "projection": "webmercator_hash_v1",
        "projection_method": "webmercator_hash_v1",
        "value": 215
      },
      "type": "Feature"
    },
    {
      "geometry": {
        "coordinates": [
          -164.924337,
          -25.541068
        ],
        "type": "Point"
      },
      "properties": {
        "cipher": "Ordinal",
        "has_phrases": false,
        "mode": "value_domain",
        "phrase_count": 0,
        "phrases": [],
        "projection": "webmercator_hash_v1",
        "projection_method": "webmercator_hash_v1",
        "value": 216
      },
      "type": "Feature"
    },
    {
      "geometry": {
        "coordinates": [
          -152.702262,
          36.763737
        ],
        "type": "Point"
      },
      "properties": {
        "cipher": "Ordinal",
        "has_phrases": false,
        "mode": "value_domain",
        "phrase_count": 0,
        "phrases": [],
        "projection": "webmercator_hash_v1",
        "projection_method": "webmercator_hash_v1",
        "value": 217
      },
      "type": "Feature"
    },
    {
      "geometry": {
        "coordinates": [
          -62.120845,
          -60.724244
        ],
        "type": "Point"
      },
      "properties": {
        "cipher": "Ordinal",
        "has_phrases": false,
        "mode": "value_domain",
        "phrase_count": 0,
        "phrases": [],
        "projection": "webmercator_hash_v1",
        "projection_method": "webmercator_hash_v1",
        "value": 218
      },
      "type": "Feature"
    },
    {
      "geometry": {
        "coordinates": [
          116.84143,
          54.723909
        ],
        "type": "Point"
      },
      "properties": {
        "cipher": "Ordinal",
        "has_phrases": false,
        "mode": "value_domain",
        "phrase_count": 0,
        "phrases": [],
        "projection": "webmercator_hash_v1",
        "projection_method": "webmercator_hash_v1",
        "value": 219
      },
      "type": "Feature"
    },
    {
      "geometry": {
        "coordinates": [
          122.613794,
          51.727237
        ],
        "type": "Point"
      },
      "properties": {
        "cipher": "Ordinal",
        "has_phrases": false,
        "mode": "value_domain",
        "phrase_count": 0,
        "phrases": [],
        "projection": "webmercator_hash_v1",
        "projection_method": "webmercator_hash_v1",
        "value": 220
      },
      "type": "Feature"
    },
    {
      "geometry": {
        "coordinates": [
          -154.875739,
          -52.959365
        ],
        "type": "Point"
      },
      "properties": {
        "cipher": "Ordinal",
        "has_phrases": false,
        "mode": "value_domain",
        "phrase_count": 0,
        "phrases": [],
        "projection": "webmercator_hash_v1",
        "projection_method": "webmercator_hash_v1",
        "value": 221
      },
      "type": "Feature"
    },
    {
      "geometry": {
        "coordinates": [
          -150.828747,
          -56.173893
        ],
        "type": "Point"
      },
      "properties": {
        "cipher": "Ordinal",
        "has_phrases": false,
        "mode": "value_domain",
        "phrase_count": 0,
        "phrases": [],
        "projection": "webmercator_hash_v1",
        "projection_method": "webmercator_hash_v1",
        "value": 222
      },
      "type": "Feature"
    },
    {
      "geometry": {
        "coordinates": [
          170.570422,
          7.039568
        ],
        "type": "Point"
      },
      "properties": {
        "cipher": "Ordinal",
        "has_phrases": false,
        "mode": "value_domain",
        "phrase_count": 0,
        "phrases": [],
        "projection": "webmercator_hash_v1",
        "projection_method": "webmercator_hash_v1",
        "value": 223
      },
      "type": "Feature"
    },
    {
      "geometry": {
        "coordinates": [
          -8.451246,
          8.861285
        ],
        "type": "Point"
      },
      "properties": {
        "cipher": "Ordinal",
        "has_phrases": false,
        "mode": "value_domain",
        "phrase_count": 0,
        "phrases": [],
        "projection": "webmercator_hash_v1",
        "projection_method": "webmercator_hash_v1",
        "value": 224
      },
      "type": "Feature"
    },
    {
      "geometry": {
        "coordinates": [
          -4.850957,
          -4.251197
        ],
        "type": "Point"
      },
      "properties": {
        "cipher": "Ordinal",
        "has_phrases": false,
        "mode": "value_domain",
        "phrase_count": 0,
        "phrases": [],
        "projection": "webmercator_hash_v1",
        "projection_method": "webmercator_hash_v1",
        "value": 225
      },
      "type": "Feature"
    },
    {
      "geometry": {
        "coordinates": [
          113.877558,
          -53.501873
        ],
        "type": "Point"
      },
      "properties": {
        "cipher": "Ordinal",
        "has_phrases": false,
        "mode": "value_domain",
        "phrase_count": 0,
        "phrases": [],
        "projection": "webmercator_hash_v1",
        "projection_method": "webmercator_hash_v1",
        "value": 226
      },
      "type": "Feature"
    },
    {
      "geometry": {
        "coordinates": [
          -35.018117,
          62.921664
        ],
        "type": "Point"
      },
      "properties": {
        "cipher": "Ordinal",
        "has_phrases": false,
        "mode": "value_domain",
        "phrase_count": 0,
        "phrases": [],
        "projection": "webmercator_hash_v1",
        "projection_method": "webmercator_hash_v1",
        "value": 227
      },
      "type": "Feature"
    },
    {
      "geometry": {
        "coordinates": [
          24.456384,
          36.251944
        ],
        "type": "Point"
      },
      "properties": {
        "cipher": "Ordinal",
        "has_phrases": false,
        "mode": "value_domain",
        "phrase_count": 0,
        "phrases": [],
        "projection": "webmercator_hash_v1",
        "projection_method": "webmercator_hash_v1",
        "value": 228
      },
      "type": "Feature"
    },
    {
      "geometry": {
        "coordinates": [
          -49.524009,
          -34.703539
        ],
        "type": "Point"
      },
      "properties": {
        "cipher": "Ordinal",
        "has_phrases": false,
        "mode": "value_domain",
        "phrase_count": 0,
        "phrases": [],
        "projection": "webmercator_hash_v1",
        "projection_method": "webmercator_hash_v1",
        "value": 229
      },
      "type": "Feature"
    },
    {
      "geometry": {
        "coordinates": [
          114.608019,
          70.975355
        ],
        "type": "Point"
      },
      "properties": {
        "cipher": "Ordinal",
        "has_phrases": false,
        "mode": "value_domain",
        "phrase_count": 0,
        "phrases": [],
        "projection": "webmercator_hash_v1",
        "projection_method": "webmercator_hash_v1",
        "value": 230
      },
      "type": "Feature"
    },
    {
      "geometry": {
        "coordinates": [
          52.455235,
          -34.972603
        ],
        "type": "Point"
      },
      "properties": {
        "cipher": "Ordinal",
        "has_phrases": false,
        "mode": "value_domain",
        "phrase_count": 0,
        "phrases": [],
        "projection": "webmercator_hash_v1",
        "projection_method": "webmercator_hash_v1",
        "value": 231
      },
      "type": "Feature"
    },
    {
      "geometry": {
        "coordinates": [
          164.706117,
          82.258916
        ],
        "type": "Point"
      },
      "properties": {
        "cipher": "Ordinal",
        "has_phrases": false,
        "mode": "value_domain",
        "phrase_count": 0,
        "phrases": [],
        "projection": "webmercator_hash_v1",
        "projection_method": "webmercator_hash_v1",
        "value": 232
      },
      "type": "Feature"
    },
    {
      "geometry": {
        "coordinates": [
          4.471942,
          22.341701
        ],
        "type": "Point"
      },
      "properties": {
        "cipher": "Ordinal",
        "has_phrases": false,
        "mode": "value_domain",
        "phrase_count": 0,
        "phrases": [],
        "projection": "webmercator_hash_v1",
        "projection_method": "webmercator_hash_v1",
        "value": 233
      },
      "type": "Feature"
    },
    {
      "geometry": {
        "coordinates": [
          -3.372258,
          48.17455
        ],
        "type": "Point"
      },
      "properties": {
        "cipher": "Ordinal",
        "has_phrases": false,
        "mode": "value_domain",
        "phrase_count": 0,
        "phrases": [],
        "projection": "webmercator_hash_v1",
        "projection_method": "webmercator_hash_v1",
        "value": 234
      },
      "type": "Feature"
    },
    {
      "geometry": {
        "coordinates": [
          101.491012,
          65.842177
        ],
        "type": "Point"
      },
      "properties": {
        "cipher": "Ordinal",
        "has_phrases": false,
        "mode": "value_domain",
        "phrase_count": 0,
        "phrases": [],
        "projection": "webmercator_hash_v1",
        "projection_method": "webmercator_hash_v1",
        "value": 235
      },
      "type": "Feature"
    },
    {
      "geometry": {
        "coordinates": [
          10.701567,
          -0.6126
        ],
        "type": "Point"
      },
      "properties": {
        "cipher": "Ordinal",
        "has_phrases": false,
        "mode": "value_domain",
        "phrase_count": 0,
        "phrases": [],
        "projection": "webmercator_hash_v1",
        "projection_method": "webmercator_hash_v1",
        "value": 236
      },
      "type": "Feature"
    },
    {
      "geometry": {
        "coordinates": [
          -159.985147,
          -83.669077
        ],
        "type": "Point"
      },
      "properties": {
        "cipher": "Ordinal",
        "has_phrases": false,
        "mode": "value_domain",
        "phrase_count": 0,
        "phrases": [],
        "projection": "webmercator_hash_v1",
        "projection_method": "webmercator_hash_v1",
        "value": 237
      },
      "type": "Feature"
    },
    {
      "geometry": {
        "coordinates": [
          -54.317429,
          79.18793
        ],
        "type": "Point"
      },
      "properties": {
        "cipher": "Ordinal",
        "has_phrases": false,
        "mode": "value_domain",
        "phrase_count": 0,
        "phrases": [],
        "projection": "webmercator_hash_v1",
        "projection_method": "webmercator_hash_v1",
        "value": 238
      },
      "type": "Feature"
    },
    {
      "geometry": {
        "coordinates": [
          -114.998234,
          67.487472
        ],
        "type": "Point"
      },
      "properties": {
        "cipher": "Ordinal",
        "has_phrases": false,
        "mode": "value_domain",
        "phrase_count": 0,
        "phrases": [],
        "projection": "webmercator_hash_v1",
        "projection_method": "webmercator_hash_v1",
        "value": 239
      },
      "type": "Feature"
    },
    {
      "geometry": {
        "coordinates": [
          162.163719,
          15.133748
        ],
        "type": "Point"
      },
      "properties": {
        "cipher": "Ordinal",
        "has_phrases": false,
        "mode": "value_domain",
        "phrase_count": 0,
        "phrases": [],
        "projection": "webmercator_hash_v1",
        "projection_method": "webmercator_hash_v1",
        "value": 240
      },
      "type": "Feature"
    },
    {
      "geometry": {
        "coordinates": [
          149.676159,
          50.811175
        ],
        "type": "Point"
      },
      "properties": {
        "cipher": "Ordinal",
        "has_phrases": false,
        "mode": "value_domain",
        "phrase_count": 0,
        "phrases": [],
        "projection": "webmercator_hash_v1",
        "projection_method": "webmercator_hash_v1",
        "value": 241
      },
      "type": "Feature"
    },
    {
      "geometry": {
        "coordinates": [
          27.406723,
          53.800881
        ],
        "type": "Point"
      },
      "properties": {
        "cipher": "Ordinal",
        "has_phrases": false,
        "mode": "value_domain",
        "phrase_count": 0,
        "phrases": [],
        "projection": "webmercator_hash_v1",
        "projection_method": "webmercator_hash_v1",
        "value": 242
      },
      "type": "Feature"
    },
    {
      "geometry": {
        "coordinates": [
          140.684682,
          0.237779
        ],
        "type": "Point"
      },
      "properties": {
        "cipher": "Ordinal",
        "has_phrases": false,
        "mode": "value_domain",
        "phrase_count": 0,
        "phrases": [],
        "projection": "webmercator_hash_v1",
        "projection_method": "webmercator_hash_v1",
        "value": 243
      },
      "type": "Feature"
    },
    {
      "geometry": {
        "coordinates": [
          -94.334903,
          71.111738
        ],
        "type": "Point"
      },
      "properties": {
        "cipher": "Ordinal",
        "has_phrases": false,
        "mode": "value_domain",
        "phrase_count": 0,
        "phrases": [],
        "projection": "webmercator_hash_v1",
        "projection_method": "webmercator_hash_v1",
        "value": 244
      },
      "type": "Feature"
    },
    {
      "geometry": {
        "coordinates": [
          -57.916561,
          -10.746878
        ],
        "type": "Point"
      },
      "properties": {
        "cipher": "Ordinal",
        "has_phrases": false,
        "mode": "value_domain",
        "phrase_count": 0,
        "phrases": [],
        "projection": "webmercator_hash_v1",
        "projection_method": "webmercator_hash_v1",
        "value": 245
      },
      "type": "Feature"
    },
    {
      "geometry": {
        "coordinates": [
          67.106477,
          -0.713415
        ],
        "type": "Point"
      },
      "properties": {
        "cipher": "Ordinal",
        "has_phrases": false,
        "mode": "value_domain",
        "phrase_count": 0,
        "phrases": [],
        "projection": "webmercator_hash_v1",
        "projection_method": "webmercator_hash_v1",
        "value": 246
      },
      "type": "Feature"
    },
    {
      "geometry": {
        "coordinates": [
          134.824867,
          -78.48814
        ],
        "type": "Point"
      },
      "properties": {
        "cipher": "Ordinal",
        "has_phrases": false,
        "mode": "value_domain",
        "phrase_count": 0,
        "phrases": [],
        "projection": "webmercator_hash_v1",
        "projection_method": "webmercator_hash_v1",
        "value": 247
      },
      "type": "Feature"
    },
    {
      "geometry": {
        "coordinates": [
          118.569286,
          -9.185882
        ],
        "type": "Point"
      },
      "properties": {
        "cipher": "Ordinal",
        "has_phrases": false,
        "mode": "value_domain",
        "phrase_count": 0,
        "phrases": [],
        "projection": "webmercator_hash_v1",
        "projection_method": "webmercator_hash_v1",
        "value": 248
      },
      "type": "Feature"
    },
    {
      "geometry": {
        "coordinates": [
          110.74503,
          -19.75528
        ],
        "type": "Point"
      },
      "properties": {
        "cipher": "Ordinal",
        "has_phrases": false,
        "mode": "value_domain",
        "phrase_count": 0,
        "phrases": [],
        "projection": "webmercator_hash_v1",
        "projection_method": "webmercator_hash_v1",
        "value": 249
      },
      "type": "Feature"
    },
    {
      "geometry": {
        "coordinates": [
          93.080204,
          77.888866
        ],
        "type": "Point"
      },
      "properties": {
        "cipher": "Ordinal",
        "has_phrases": false,
        "mode": "value_domain",
        "phrase_count": 0,
        "phrases": [],
        "projection": "webmercator_hash_v1",
        "projection_method": "webmercator_hash_v1",
        "value": 250
      },
      "type": "Feature"
    },
    {
      "geometry": {
        "coordinates": [
          132.386133,
          38.037809
        ],
        "type": "Point"
      },
      "properties": {
        "cipher": "Ordinal",
        "has_phrases": false,
        "mode": "value_domain",
        "phrase_count": 0,
        "phrases": [],
        "projection": "webmercator_hash_v1",
        "projection_method": "webmercator_hash_v1",
        "value": 251
      },
      "type": "Feature"
    },
    {
      "geometry": {
        "coordinates": [
          58.063961,
          30.619168
        ],
        "type": "Point"
      },
      "properties": {
        "cipher": "Ordinal",
        "has_phrases": false,
        "mode": "value_domain",
        "phrase_count": 0,
        "phrases": [],
        "projection": "webmercator_hash_v1",
        "projection_method": "webmercator_hash_v1",
        "value": 252
      },
      "type": "Feature"
    },
    {
      "geometry": {
        "coordinates": [
          -147.485598,
          82.522574
        ],
        "type": "Point"
      },
      "properties": {
        "cipher": "Ordinal",
        "has_phrases": false,
        "mode": "value_domain",
        "phrase_count": 0,
        "phrases": [],
        "projection": "webmercator_hash_v1",
        "projection_method": "webmercator_hash_v1",
        "value": 253
      },
      "type": "Feature"
    },
    {
      "geometry": {
        "coordinates": [
          -56.726552,
          -58.178594
        ],
        "type": "Point"
      },
      "properties": {
        "cipher": "Ordinal",
        "has_phrases": false,
        "mode": "value_domain",
        "phrase_count": 0,
        "phrases": [],
        "projection": "webmercator_hash_v1",
        "projection_method": "webmercator_hash_v1",
        "value": 254
      },
      "type": "Feature"
    },
    {
      "geometry": {
        "coordinates": [
          -21.709631,
          69.300378
        ],
        "type": "Point"
      },
      "properties": {
        "cipher": "Ordinal",
        "has_phrases": false,
        "mode": "value_domain",
        "phrase_count": 0,
        "phrases": [],
        "projection": "webmercator_hash_v1",
        "projection_method": "webmercator_hash_v1",
        "value": 255
      },
      "type": "Feature"
    },
    {
      "geometry": {
        "coordinates": [
          -8.061283,
          -4.691609
        ],
        "type": "Point"
      },
      "properties": {
        "cipher": "Ordinal",
        "has_phrases": false,
        "mode": "value_domain",
        "phrase_count": 0,
        "phrases": [],
        "projection": "webmercator_hash_v1",
        "projection_method": "webmercator_hash_v1",
        "value": 256
      },
      "type": "Feature"
    },
    {
      "geometry": {
        "coordinates": [
          22.65304,
          77.789513
        ],
        "type": "Point"
      },
      "properties": {
        "cipher": "Ordinal",
        "has_phrases": false,
        "mode": "value_domain",
        "phrase_count": 0,
        "phrases": [],
        "projection": "webmercator_hash_v1",
        "projection_method": "webmercator_hash_v1",
        "value": 257
      },
      "type": "Feature"
    },
    {
      "geometry": {
        "coordinates": [
          119.932137,
          -50.665942
        ],
        "type": "Point"
      },
      "properties": {
        "cipher": "Ordinal",
        "has_phrases": false,
        "mode": "value_domain",
        "phrase_count": 0,
        "phrases": [],
        "projection": "webmercator_hash_v1",
        "projection_method": "webmercator_hash_v1",
        "value": 258
      },
      "type": "Feature"
    },
    {
      "geometry": {
        "coordinates": [
          67.088187,
          -37.885741
        ],
        "type": "Point"
      },
      "properties": {
        "cipher": "Ordinal",
        "has_phrases": false,
        "mode": "value_domain",
        "phrase_count": 0,
        "phrases": [],
        "projection": "webmercator_hash_v1",
        "projection_method": "webmercator_hash_v1",
        "value": 259
      },
      "type": "Feature"
    },
    {
      "geometry": {
        "coordinates": [
          105.623515,
          -30.92651
        ],
        "type": "Point"
      },
      "properties": {
        "cipher": "Ordinal",
        "has_phrases": false,
        "mode": "value_domain",
        "phrase_count": 0,
        "phrases": [],
        "projection": "webmercator_hash_v1",
        "projection_method": "webmercator_hash_v1",
        "value": 260
      },
      "type": "Feature"
    },
    {
      "geometry": {
        "coordinates": [
          -165.459957,
          -4.540637
        ],
        "type": "Point"
      },
      "properties": {
        "cipher": "Ordinal",
        "has_phrases": false,
        "mode": "value_domain",
        "phrase_count": 0,
        "phrases": [],
        "projection": "webmercator_hash_v1",
        "projection_method": "webmercator_hash_v1",
        "value": 261
      },
      "type": "Feature"
    },
    {
      "geometry": {
        "coordinates": [
          56.949725,
          33.560523
        ],
        "type": "Point"
      },
      "properties": {
        "cipher": "Ordinal",
        "has_phrases": false,
        "mode": "value_domain",
        "phrase_count": 0,
        "phrases": [],
        "projection": "webmercator_hash_v1",
        "projection_method": "webmercator_hash_v1",
        "value": 262
      },
      "type": "Feature"
    },
    {
      "geometry": {
        "coordinates": [
          -2.933946,
          -7.526645
        ],
        "type": "Point"
      },
      "properties": {
        "cipher": "Ordinal",
        "has_phrases": false,
        "mode": "value_domain",
        "phrase_count": 0,
        "phrases": [],
        "projection": "webmercator_hash_v1",
        "projection_method": "webmercator_hash_v1",
        "value": 263
      },
      "type": "Feature"
    },
    {
      "geometry": {
        "coordinates": [
          -3.83686,
          70.62666
        ],
        "type": "Point"
      },
      "properties": {
        "cipher": "Ordinal",
        "has_phrases": false,
        "mode": "value_domain",
        "phrase_count": 0,
        "phrases": [],
        "projection": "webmercator_hash_v1",
        "projection_method": "webmercator_hash_v1",
        "value": 264
      },
      "type": "Feature"
    },
    {
      "geometry": {
        "coordinates": [
          69.820983,
          -48.159554
        ],
        "type": "Point"
      },
      "properties": {
        "cipher": "Ordinal",
        "has_phrases": false,
        "mode": "value_domain",
        "phrase_count": 0,
        "phrases": [],
        "projection": "webmercator_hash_v1",
        "projection_method": "webmercator_hash_v1",
        "value": 265
      },
      "type": "Feature"
    },
    {
      "geometry": {
        "coordinates": [
          84.768171,
          48.106031
        ],
        "type": "Point"
      },
      "properties": {
        "cipher": "Ordinal",
        "has_phrases": false,
        "mode": "value_domain",
        "phrase_count": 0,
        "phrases": [],
        "projection": "webmercator_hash_v1",
        "projection_method": "webmercator_hash_v1",
        "value": 266
      },
      "type": "Feature"
    },
    {
      "geometry": {
        "coordinates": [
          11.999286,
          79.575102
        ],
        "type": "Point"
      },
      "properties": {
        "cipher": "Ordinal",
        "has_phrases": false,
        "mode": "value_domain",
        "phrase_count": 0,
        "phrases": [],
        "projection": "webmercator_hash_v1",
        "projection_method": "webmercator_hash_v1",
        "value": 267
      },
      "type": "Feature"
    },
    {
      "geometry": {
        "coordinates": [
          111.899415,
          -3.992153
        ],
        "type": "Point"
      },
      "properties": {
        "cipher": "Ordinal",
        "has_phrases": false,
        "mode": "value_domain",
        "phrase_count": 0,
        "phrases": [],
        "projection": "webmercator_hash_v1",
        "projection_method": "webmercator_hash_v1",
        "value": 268
      },
      "type": "Feature"
    },
    {
      "geometry": {
        "coordinates": [
          -114.148528,
          -24.060145
        ],
        "type": "Point"
      },
      "properties": {
        "cipher": "Ordinal",
        "has_phrases": false,
        "mode": "value_domain",
        "phrase_count": 0,
        "phrases": [],
        "projection": "webmercator_hash_v1",
        "projection_method": "webmercator_hash_v1",
        "value": 269
      },
      "type": "Feature"
    },
    {
      "geometry": {
        "coordinates": [
          151.090486,
          27.590903
        ],
        "type": "Point"
      },
      "properties": {
        "cipher": "Ordinal",
        "has_phrases": false,
        "mode": "value_domain",
        "phrase_count": 0,
        "phrases": [],
        "projection": "webmercator_hash_v1",
        "projection_method": "webmercator_hash_v1",
        "value": 270
      },
      "type": "Feature"
    },
    {
      "geometry": {
        "coordinates": [
          -133.297724,
          21.644887
        ],
        "type": "Point"
      },
      "properties": {
        "cipher": "Ordinal",
        "has_phrases": false,
        "mode": "value_domain",
        "phrase_count": 0,
        "phrases": [],
        "projection": "webmercator_hash_v1",
        "projection_method": "webmercator_hash_v1",
        "value": 271
      },
      "type": "Feature"
    },
    {
      "geometry": {
        "coordinates": [
          122.198436,
          -29.744719
        ],
        "type": "Point"
      },
      "properties": {
        "cipher": "Ordinal",
        "has_phrases": false,
        "mode": "value_domain",
        "phrase_count": 0,
        "phrases": [],
        "projection": "webmercator_hash_v1",
        "projection_method": "webmercator_hash_v1",
        "value": 272
      },
      "type": "Feature"
    },
    {
      "geometry": {
        "coordinates": [
          66.474753,
          18.37878
        ],
        "type": "Point"
      },
      "properties": {
        "cipher": "Ordinal",
        "has_phrases": false,
        "mode": "value_domain",
        "phrase_count": 0,
        "phrases": [],
        "projection": "webmercator_hash_v1",
        "projection_method": "webmercator_hash_v1",
        "value": 273
      },
      "type": "Feature"
    },
    {
      "geometry": {
        "coordinates": [
          -17.169038,
          -36.869583
        ],
        "type": "Point"
      },
      "properties": {
        "cipher": "Ordinal",
        "has_phrases": false,
        "mode": "value_domain",
        "phrase_count": 0,
        "phrases": [],
        "projection": "webmercator_hash_v1",
        "projection_method": "webmercator_hash_v1",
        "value": 274
      },
      "type": "Feature"
    },
    {
      "geometry": {
        "coordinates": [
          75.782483,
          -81.111841
        ],
        "type": "Point"
      },
      "properties": {
        "cipher": "Ordinal",
        "has_phrases": false,
        "mode": "value_domain",
        "phrase_count": 0,
        "phrases": [],
        "projection": "webmercator_hash_v1",
        "projection_method": "webmercator_hash_v1",
        "value": 275
      },
      "type": "Feature"
    },
    {
      "geometry": {
        "coordinates": [
          -159.564257,
          76.371655
        ],
        "type": "Point"
      },
      "properties": {
        "cipher": "Ordinal",
        "has_phrases": false,
        "mode": "value_domain",
        "phrase_count": 0,
        "phrases": [],
        "projection": "webmercator_hash_v1",
        "projection_method": "webmercator_hash_v1",
        "value": 276
      },
      "type": "Feature"
    },
    {
      "geometry": {
        "coordinates": [
          -31.285478,
          -69.560441
        ],
        "type": "Point"
      },
      "properties": {
        "cipher": "Ordinal",
        "has_phrases": false,
        "mode": "value_domain",
        "phrase_count": 0,
        "phrases": [],
        "projection": "webmercator_hash_v1",
        "projection_method": "webmercator_hash_v1",
        "value": 277
      },
      "type": "Feature"
    },
    {
      "geometry": {
        "coordinates": [
          152.432057,
          -62.033895
        ],
        "type": "Point"
      },
      "properties": {
        "cipher": "Ordinal",
        "has_phrases": false,
        "mode": "value_domain",
        "phrase_count": 0,
        "phrases": [],
        "projection": "webmercator_hash_v1",
        "projection_method": "webmercator_hash_v1",
        "value": 278
      },
      "type": "Feature"
    },
    {
      "geometry": {
        "coordinates": [
          -108.985921,
          9.367707
        ],
        "type": "Point"
      },
      "properties": {
        "cipher": "Ordinal",
        "has_phrases": false,
        "mode": "value_domain",
        "phrase_count": 0,
        "phrases": [],
        "projection": "webmercator_hash_v1",
        "projection_method": "webmercator_hash_v1",
        "value": 279
      },
      "type": "Feature"
    },
    {
      "geometry": {
        "coordinates": [
          16.394514,
          79.392345
        ],
        "type": "Point"
      },
      "properties": {
        "cipher": "Ordinal",
        "has_phrases": false,
        "mode": "value_domain",
        "phrase_count": 0,
        "phrases": [],
        "projection": "webmercator_hash_v1",
        "projection_method": "webmercator_hash_v1",
        "value": 280
      },
      "type": "Feature"
    },
    {
      "geometry": {
        "coordinates": [
          136.16614,
          -62.91304
        ],
        "type": "Point"
      },
      "properties": {
        "cipher": "Ordinal",
        "has_phrases": false,
        "mode": "value_domain",
        "phrase_count": 0,
        "phrases": [],
        "projection": "webmercator_hash_v1",
        "projection_method": "webmercator_hash_v1",
        "value": 281
      },
      "type": "Feature"
    },
    {
      "geometry": {
        "coordinates": [
          90.807163,
          64.432356
        ],
        "type": "Point"
      },
      "properties": {
        "cipher": "Ordinal",
        "has_phrases": false,
        "mode": "value_domain",
        "phrase_count": 0,
        "phrases": [],
        "projection": "webmercator_hash_v1",
        "projection_method": "webmercator_hash_v1",
        "value": 282
      },
      "type": "Feature"
    },
    {
      "geometry": {
        "coordinates": [
          -151.057954,
          -20.9352
        ],
        "type": "Point"
      },
      "properties": {
        "cipher": "Ordinal",
        "has_phrases": false,
        "mode": "value_domain",
        "phrase_count": 0,
        "phrases": [],
        "projection": "webmercator_hash_v1",
        "projection_method": "webmercator_hash_v1",
        "value": 283
      },
      "type": "Feature"
    },
    {
      "geometry": {
        "coordinates": [
          -152.979638,
          -76.381838
        ],
        "type": "Point"
      },
      "properties": {
        "cipher": "Ordinal",
        "has_phrases": false,
        "mode": "value_domain",
        "phrase_count": 0,
        "phrases": [],
        "projection": "webmercator_hash_v1",
        "projection_method": "webmercator_hash_v1",
        "value": 284
      },
      "type": "Feature"
    },
    {
      "geometry": {
        "coordinates": [
          64.930341,
          -32.926369
        ],
        "type": "Point"
      },
      "properties": {
        "cipher": "Ordinal",
        "has_phrases": false,
        "mode": "value_domain",
        "phrase_count": 0,
        "phrases": [],
        "projection": "webmercator_hash_v1",
        "projection_method": "webmercator_hash_v1",
        "value": 285
      },
      "type": "Feature"
    },
    {
      "geometry": {
        "coordinates": [
          55.317547,
          24.323797
        ],
        "type": "Point"
      },
      "properties": {
        "cipher": "Ordinal",
        "has_phrases": false,
        "mode": "value_domain",
        "phrase_count": 0,
        "phrases": [],
        "projection": "webmercator_hash_v1",
        "projection_method": "webmercator_hash_v1",
        "value": 286
      },
      "type": "Feature"
    },
    {
      "geometry": {
        "coordinates": [
          58.736733,
          34.456795
        ],
        "type": "Point"
      },
      "properties": {
        "cipher": "Ordinal",
        "has_phrases": false,
        "mode": "value_domain",
        "phrase_count": 0,
        "phrases": [],
        "projection": "webmercator_hash_v1",
        "projection_method": "webmercator_hash_v1",
        "value": 287
      },
      "type": "Feature"
    },
    {
      "geometry": {
        "coordinates": [
          -139.646034,
          72.694078
        ],
        "type": "Point"
      },
      "properties": {
        "cipher": "Ordinal",
        "has_phrases": false,
        "mode": "value_domain",
        "phrase_count": 0,
        "phrases": [],
        "projection": "webmercator_hash_v1",
        "projection_method": "webmercator_hash_v1",
        "value": 288
      },
      "type": "Feature"
    },
    {
      "geometry": {
        "coordinates": [
          -86.568317,
          1.913013
        ],
        "type": "Point"
      },
      "properties": {
        "cipher": "Ordinal",
        "has_phrases": false,
        "mode": "value_domain",
        "phrase_count": 0,
        "phrases": [],
        "projection": "webmercator_hash_v1",
        "projection_method": "webmercator_hash_v1",
        "value": 289
      },
      "type": "Feature"
    },
    {
      "geometry": {
        "coordinates": [
          30.646053,
          67.547042
        ],
        "type": "Point"
      },
      "properties": {
        "cipher": "Ordinal",
        "has_phrases": false,
        "mode": "value_domain",
        "phrase_count": 0,
        "phrases": [],
        "projection": "webmercator_hash_v1",
        "projection_method": "webmercator_hash_v1",
        "value": 290
      },
      "type": "Feature"
    },
    {
      "geometry": {
        "coordinates": [
          132.138231,
          -25.304073
        ],
        "type": "Point"
      },
      "properties": {
        "cipher": "Ordinal",
        "has_phrases": false,
        "mode": "value_domain",
        "phrase_count": 0,
        "phrases": [],
        "projection": "webmercator_hash_v1",
        "projection_method": "webmercator_hash_v1",
        "value": 291
      },
      "type": "Feature"
    },
    {
      "geometry": {
        "coordinates": [
          15.582491,
          38.117891
        ],
        "type": "Point"
      },
      "properties": {
        "cipher": "Ordinal",
        "has_phrases": false,
        "mode": "value_domain",
        "phrase_count": 0,
        "phrases": [],
        "projection": "webmercator_hash_v1",
        "projection_method": "webmercator_hash_v1",
        "value": 292
      },
      "type": "Feature"
    },
    {
      "geometry": {
        "coordinates": [
          59.387696,
          -17.61325
        ],
        "type": "Point"
      },
      "properties": {
        "cipher": "Ordinal",
        "has_phrases": false,
        "mode": "value_domain",
        "phrase_count": 0,
        "phrases": [],
        "projection": "webmercator_hash_v1",
        "projection_method": "webmercator_hash_v1",
        "value": 293
      },
      "type": "Feature"
    },
    {
      "geometry": {
        "coordinates": [
          -135.434986,
          44.425553
        ],
        "type": "Point"
      },
      "properties": {
        "cipher": "Ordinal",
        "has_phrases": false,
        "mode": "value_domain",
        "phrase_count": 0,
        "phrases": [],
        "projection": "webmercator_hash_v1",
        "projection_method": "webmercator_hash_v1",
        "value": 294
      },
      "type": "Feature"
    },
    {
      "geometry": {
        "coordinates": [
          -59.297957,
          34.597518
        ],
        "type": "Point"
      },
      "properties": {
        "cipher": "Ordinal",
        "has_phrases": false,
        "mode": "value_domain",
        "phrase_count": 0,
        "phrases": [],
        "projection": "webmercator_hash_v1",
        "projection_method": "webmercator_hash_v1",
        "value": 295
      },
      "type": "Feature"
    },
    {
      "geometry": {
        "coordinates": [
          115.752243,
          -26.08751
        ],
        "type": "Point"
      },
      "properties": {
        "cipher": "Ordinal",
        "has_phrases": false,
        "mode": "value_domain",
        "phrase_count": 0,
        "phrases": [],
        "projection": "webmercator_hash_v1",
        "projection_method": "webmercator_hash_v1",
        "value": 296
      },
      "type": "Feature"
    },
    {
      "geometry": {
        "coordinates": [
          -104.822682,
          -14.750229
        ],
        "type": "Point"
      },
      "properties": {
        "cipher": "Ordinal",
        "has_phrases": false,
        "mode": "value_domain",
        "phrase_count": 0,
        "phrases": [],
        "projection": "webmercator_hash_v1",
        "projection_method": "webmercator_hash_v1",
        "value": 297
      },
      "type": "Feature"
    },
    {
      "geometry": {
        "coordinates": [
          -81.260685,
          47.087276
        ],
        "type": "Point"
      },
      "properties": {
        "cipher": "Ordinal",
        "has_phrases": false,
        "mode": "value_domain",
        "phrase_count": 0,
        "phrases": [],
        "projection": "webmercator_hash_v1",
        "projection_method": "webmercator_hash_v1",
        "value": 298
      },
      "type": "Feature"
    },
    {
      "geometry": {
        "coordinates": [
          -85.947209,
          -50.788187
        ],
        "type": "Point"
      },
      "properties": {
        "cipher": "Ordinal",
        "has_phrases": false,
        "mode": "value_domain",
        "phrase_count": 0,
        "phrases": [],
        "projection": "webmercator_hash_v1",
        "projection_method": "webmercator_hash_v1",
        "value": 299
      },
      "type": "Feature"
    },
    {
      "geometry": {
        "coordinates": [
          164.317499,
          76.807185
        ],
        "type": "Point"
      },
      "properties": {
        "cipher": "Ordinal",
        "has_phrases": false,
        "mode": "value_domain",
        "phrase_count": 0,
        "phrases": [],
        "projection": "webmercator_hash_v1",
        "projection_method": "webmercator_hash_v1",
        "value": 300
      },
      "type": "Feature"
    },
    {
      "geometry": {
        "coordinates": [
          153.88133,
          1.921314
        ],
        "type": "Point"
      },
      "properties": {
        "cipher": "Ordinal",
        "has_phrases": false,
        "mode": "value_domain",
        "phrase_count": 0,
        "phrases": [],
        "projection": "webmercator_hash_v1",
        "projection_method": "webmercator_hash_v1",
        "value": 301
      },
      "type": "Feature"
    },
    {
      "geometry": {
        "coordinates": [
          6.303685,
          44.074986
        ],
        "type": "Point"
      },
      "properties": {
        "cipher": "Ordinal",
        "has_phrases": false,
        "mode": "value_domain",
        "phrase_count": 0,
        "phrases": [],
        "projection": "webmercator_hash_v1",
        "projection_method": "webmercator_hash_v1",
        "value": 302
      },
      "type": "Feature"
    },
    {
      "geometry": {
        "coordinates": [
          141.849275,
          53.033446
        ],
        "type": "Point"
      },
      "properties": {
        "cipher": "Ordinal",
        "has_phrases": false,
        "mode": "value_domain",
        "phrase_count": 0,
        "phrases": [],
        "projection": "webmercator_hash_v1",
        "projection_method": "webmercator_hash_v1",
        "value": 303
      },
      "type": "Feature"
    },
    {
      "geometry": {
        "coordinates": [
          77.708203,
          -10.015473
        ],
        "type": "Point"
      },
      "properties": {
        "cipher": "Ordinal",
        "has_phrases": false,
        "mode": "value_domain",
        "phrase_count": 0,
        "phrases": [],
        "projection": "webmercator_hash_v1",
        "projection_method": "webmercator_hash_v1",
        "value": 304
      },
      "type": "Feature"
    },
    {
      "geometry": {
        "coordinates": [
          70.382748,
          23.704378
        ],
        "type": "Point"
      },
      "properties": {
        "cipher": "Ordinal",
        "has_phrases": false,
        "mode": "value_domain",
        "phrase_count": 0,
        "phrases": [],
        "projection": "webmercator_hash_v1",
        "projection_method": "webmercator_hash_v1",
        "value": 305
      },
      "type": "Feature"
    },
    {
      "geometry": {
        "coordinates": [
          85.242224,
          -65.964357
        ],
        "type": "Point"
      },
      "properties": {
        "cipher": "Ordinal",
        "has_phrases": false,
        "mode": "value_domain",
        "phrase_count": 0,
        "phrases": [],
        "projection": "webmercator_hash_v1",
        "projection_method": "webmercator_hash_v1",
        "value": 306
      },
      "type": "Feature"
    },
    {
      "geometry": {
        "coordinates": [
          -146.359639,
          -76.948937
        ],
        "type": "Point"
      },
      "properties": {
        "cipher": "Ordinal",
        "has_phrases": false,
        "mode": "value_domain",
        "phrase_count": 0,
        "phrases": [],
        "projection": "webmercator_hash_v1",
        "projection_method": "webmercator_hash_v1",
        "value": 307
      },
      "type": "Feature"
    },
    {
      "geometry": {
        "coordinates": [
          -27.543763,
          -27.276263
        ],
        "type": "Point"
      },
      "properties": {
        "cipher": "Ordinal",
        "has_phrases": false,
        "mode": "value_domain",
        "phrase_count": 0,
        "phrases": [],
        "projection": "webmercator_hash_v1",
        "projection_method": "webmercator_hash_v1",
        "value": 308
      },
      "type": "Feature"
    },
    {
      "geometry": {
        "coordinates": [
          30.936963,
          -61.786463
        ],
        "type": "Point"
      },
      "properties": {
        "cipher": "Ordinal",
        "has_phrases": false,
        "mode": "value_domain",
        "phrase_count": 0,
        "phrases": [],
        "projection": "webmercator_hash_v1",
        "projection_method": "webmercator_hash_v1",
        "value": 309
      },
      "type": "Feature"
    },
    {
      "geometry": {
        "coordinates": [
          -29.934376,
          19.676484
        ],
        "type": "Point"
      },
      "properties": {
        "cipher": "Ordinal",
        "has_phrases": false,
        "mode": "value_domain",
        "phrase_count": 0,
        "phrases": [],
        "projection": "webmercator_hash_v1",
        "projection_method": "webmercator_hash_v1",
        "value": 310
      },
      "type": "Feature"
    },
    {
      "geometry": {
        "coordinates": [
          144.307956,
          0.49612
        ],
        "type": "Point"
      },
      "properties": {
        "cipher": "Ordinal",
        "has_phrases": false,
        "mode": "value_domain",
        "phrase_count": 0,
        "phrases": [],
        "projection": "webmercator_hash_v1",
        "projection_method": "webmercator_hash_v1",
        "value": 311
      },
      "type": "Feature"
    },
    {
      "geometry": {
        "coordinates": [
          97.940954,
          77.710223
        ],
        "type": "Point"
      },
      "properties": {
        "cipher": "Ordinal",
        "has_phrases": false,
        "mode": "value_domain",
        "phrase_count": 0,
        "phrases": [],
        "projection": "webmercator_hash_v1",
        "projection_method": "webmercator_hash_v1",
        "value": 312
      },
      "type": "Feature"
    },
    {
      "geometry": {
        "coordinates": [
          123.859216,
          -83.795912
        ],
        "type": "Point"
      },
      "properties": {
        "cipher": "Ordinal",
        "has_phrases": false,
        "mode": "value_domain",
        "phrase_count": 0,
        "phrases": [],
        "projection": "webmercator_hash_v1",
        "projection_method": "webmercator_hash_v1",
        "value": 313
      },
      "type": "Feature"
    },
    {
      "geometry": {
        "coordinates": [
          49.276979,
          -70.328547
        ],
        "type": "Point"
      },
      "properties": {
        "cipher": "Ordinal",
        "has_phrases": false,
        "mode": "value_domain",
        "phrase_count": 0,
        "phrases": [],
        "projection": "webmercator_hash_v1",
        "projection_method": "webmercator_hash_v1",
        "value": 314
      },
      "type": "Feature"
    },
    {
      "geometry": {
        "coordinates": [
          28.108389,
          30.802367
        ],
        "type": "Point"
      },
      "properties": {
        "cipher": "Ordinal",
        "has_phrases": false,
        "mode": "value_domain",
        "phrase_count": 0,
        "phrases": [],
        "projection": "webmercator_hash_v1",
        "projection_method": "webmercator_hash_v1",
        "value": 315
      },
      "type": "Feature"
    },
    {
      "geometry": {
        "coordinates": [
          -32.178348,
          51.416802
        ],
        "type": "Point"
      },
      "properties": {
        "cipher": "Ordinal",
        "has_phrases": false,
        "mode": "value_domain",
        "phrase_count": 0,
        "phrases": [],
        "projection": "webmercator_hash_v1",
        "projection_method": "webmercator_hash_v1",
        "value": 316
      },
      "type": "Feature"
    },
    {
      "geometry": {
        "coordinates": [
          -115.698526,
          47.762453
        ],
        "type": "Point"
      },
      "properties": {
        "cipher": "Ordinal",
        "has_phrases": false,
        "mode": "value_domain",
        "phrase_count": 0,
        "phrases": [],
        "projection": "webmercator_hash_v1",
        "projection_method": "webmercator_hash_v1",
        "value": 317
      },
      "type": "Feature"
    },
    {
      "geometry": {
        "coordinates": [
          96.076145,
          -5.619225
        ],
        "type": "Point"
      },
      "properties": {
        "cipher": "Ordinal",
        "has_phrases": false,
        "mode": "value_domain",
        "phrase_count": 0,
        "phrases": [],
        "projection": "webmercator_hash_v1",
        "projection_method": "webmercator_hash_v1",
        "value": 318
      },
      "type": "Feature"
    },
    {
      "geometry": {
        "coordinates": [
          -43.917636,
          51.27218
        ],
        "type": "Point"
      },
      "properties": {
        "cipher": "Ordinal",
        "has_phrases": false,
        "mode": "value_domain",
        "phrase_count": 0,
        "phrases": [],
        "projection": "webmercator_hash_v1",
        "projection_method": "webmercator_hash_v1",
        "value": 319
      },
      "type": "Feature"
    },
    {
      "geometry": {
        "coordinates": [
          -108.35256,
          70.660732
        ],
        "type": "Point"
      },
      "properties": {
        "cipher": "Ordinal",
        "has_phrases": false,
        "mode": "value_domain",
        "phrase_count": 0,
        "phrases": [],
        "projection": "webmercator_hash_v1",
        "projection_method": "webmercator_hash_v1",
        "value": 320
      },
      "type": "Feature"
    },
    {
      "geometry": {
        "coordinates": [
          178.479779,
          -11.852844
        ],
        "type": "Point"
      },
      "properties": {
        "cipher": "Ordinal",
        "has_phrases": false,
        "mode": "value_domain",
        "phrase_count": 0,
        "phrases": [],
        "projection": "webmercator_hash_v1",
        "projection_method": "webmercator_hash_v1",
        "value": 321
      },
      "type": "Feature"
    },
    {
      "geometry": {
        "coordinates": [
          153.877026,
          33.427675
        ],
        "type": "Point"
      },
      "properties": {
        "cipher": "Ordinal",
        "has_phrases": false,
        "mode": "value_domain",
        "phrase_count": 0,
        "phrases": [],
        "projection": "webmercator_hash_v1",
        "projection_method": "webmercator_hash_v1",
        "value": 322
      },
      "type": "Feature"
    },
    {
      "geometry": {
        "coordinates": [
          -82.776703,
          -68.446524
        ],
        "type": "Point"
      },
      "properties": {
        "cipher": "Ordinal",
        "has_phrases": false,
        "mode": "value_domain",
        "phrase_count": 0,
        "phrases": [],
        "projection": "webmercator_hash_v1",
        "projection_method": "webmercator_hash_v1",
        "value": 323
      },
      "type": "Feature"
    },
    {
      "geometry": {
        "coordinates": [
          109.714084,
          -11.401279
        ],
        "type": "Point"
      },
      "properties": {
        "cipher": "Ordinal",
        "has_phrases": false,
        "mode": "value_domain",
        "phrase_count": 0,
        "phrases": [],
        "projection": "webmercator_hash_v1",
        "projection_method": "webmercator_hash_v1",
        "value": 324
      },
      "type": "Feature"
    },
    {
      "geometry": {
        "coordinates": [
          24.341761,
          -25.327128
        ],
        "type": "Point"
      },
      "properties": {
        "cipher": "Ordinal",
        "has_phrases": false,
        "mode": "value_domain",
        "phrase_count": 0,
        "phrases": [],
        "projection": "webmercator_hash_v1",
        "projection_method": "webmercator_hash_v1",
        "value": 325
      },
      "type": "Feature"
    },
    {
      "geometry": {
        "coordinates": [
          93.770051,
          -57.437244
        ],
        "type": "Point"
      },
      "properties": {
        "cipher": "Ordinal",
        "has_phrases": false,
        "mode": "value_domain",
        "phrase_count": 0,
        "phrases": [],
        "projection": "webmercator_hash_v1",
        "projection_method": "webmercator_hash_v1",
        "value": 326
      },
      "type": "Feature"
    },
    {
      "geometry": {
        "coordinates": [
          97.859671,
          62.640492
        ],
        "type": "Point"
      },
      "properties": {
        "cipher": "Ordinal",
        "has_phrases": false,
        "mode": "value_domain",
        "phrase_count": 0,
        "phrases": [],
        "projection": "webmercator_hash_v1",
        "projection_method": "webmercator_hash_v1",
        "value": 327
      },
      "type": "Feature"
    },
    {
      "geometry": {
        "coordinates": [
          -69.396671,
          85.036583
        ],
        "type": "Point"
      },
      "properties": {
        "cipher": "Ordinal",
        "has_phrases": false,
        "mode": "value_domain",
        "phrase_count": 0,
        "phrases": [],
        "projection": "webmercator_hash_v1",
        "projection_method": "webmercator_hash_v1",
        "value": 328
      },
      "type": "Feature"
    },
    {
      "geometry": {
        "coordinates": [
          56.944231,
          -8.45698
        ],
        "type": "Point"
      },
      "properties": {
        "cipher": "Ordinal",
        "has_phrases": false,
        "mode": "value_domain",
        "phrase_count": 0,
        "phrases": [],
        "projection": "webmercator_hash_v1",
        "projection_method": "webmercator_hash_v1",
        "value": 329
      },
      "type": "Feature"
    },
    {
      "geometry": {
        "coordinates": [
          -29.14231,
          -31.765395
        ],
        "type": "Point"
      },
      "properties": {
        "cipher": "Ordinal",
        "has_phrases": false,
        "mode": "value_domain",
        "phrase_count": 0,
        "phrases": [],
        "projection": "webmercator_hash_v1",
        "projection_method": "webmercator_hash_v1",
        "value": 330
      },
      "type": "Feature"
    },
    {
      "geometry": {
        "coordinates": [
          132.773084,
          71.02561
        ],
        "type": "Point"
      },
      "properties": {
        "cipher": "Ordinal",
        "has_phrases": false,
        "mode": "value_domain",
        "phrase_count": 0,
        "phrases": [],
        "projection": "webmercator_hash_v1",
        "projection_method": "webmercator_hash_v1",
        "value": 331
      },
      "type": "Feature"
    },
    {
      "geometry": {
        "coordinates": [
          -102.884761,
          49.948414
        ],
        "type": "Point"
      },
      "properties": {
        "cipher": "Ordinal",
        "has_phrases": false,
        "mode": "value_domain",
        "phrase_count": 0,
        "phrases": [],
        "projection": "webmercator_hash_v1",
        "projection_method": "webmercator_hash_v1",
        "value": 332
      },
      "type": "Feature"
    },
    {
      "geometry": {
        "coordinates": [
          16.074125,
          13.298605
        ],
        "type": "Point"
      },
      "properties": {
        "cipher": "Ordinal",
        "has_phrases": false,
        "mode": "value_domain",
        "phrase_count": 0,
        "phrases": [],
        "projection": "webmercator_hash_v1",
        "projection_method": "webmercator_hash_v1",
        "value": 333
      },
      "type": "Feature"
    },
    {
      "geometry": {
        "coordinates": [
          -7.446353,
          79.183059
        ],
        "type": "Point"
      },
      "properties": {
        "cipher": "Ordinal",
        "has_phrases": false,
        "mode": "value_domain",
        "phrase_count": 0,
        "phrases": [],
        "projection": "webmercator_hash_v1",
        "projection_method": "webmercator_hash_v1",
        "value": 334
      },
      "type": "Feature"
    },
    {
      "geometry": {
        "coordinates": [
          137.641848,
          -62.773218
        ],
        "type": "Point"
      },
      "properties": {
        "cipher": "Ordinal",
        "has_phrases": false,
        "mode": "value_domain",
        "phrase_count": 0,
        "phrases": [],
        "projection": "webmercator_hash_v1",
        "projection_method": "webmercator_hash_v1",
        "value": 335
      },
      "type": "Feature"
    },
    {
      "geometry": {
        "coordinates": [
          66.983668,
          -62.891098
        ],
        "type": "Point"
      },
      "properties": {
        "cipher": "Ordinal",
        "has_phrases": false,
        "mode": "value_domain",
        "phrase_count": 0,
        "phrases": [],
        "projection": "webmercator_hash_v1",
        "projection_method": "webmercator_hash_v1",
        "value": 336
      },
      "type": "Feature"
    },
    {
      "geometry": {
        "coordinates": [
          -43.307765,
          -70.868992
        ],
        "type": "Point"
      },
      "properties": {
        "cipher": "Ordinal",
        "has_phrases": false,
        "mode": "value_domain",
        "phrase_count": 0,
        "phrases": [],
        "projection": "webmercator_hash_v1",
        "projection_method": "webmercator_hash_v1",
        "value": 337
      },
      "type": "Feature"
    },
    {
      "geometry": {
        "coordinates": [
          -19.429128,
          -35.201984
        ],
        "type": "Point"
      },
      "properties": {
        "cipher": "Ordinal",
        "has_phrases": false,
        "mode": "value_domain",
        "phrase_count": 0,
        "phrases": [],
        "projection": "webmercator_hash_v1",
        "projection_method": "webmercator_hash_v1",
        "value": 338
      },
      "type": "Feature"
    },
    {
      "geometry": {
        "coordinates": [
          27.883631,
          -46.471332
        ],
        "type": "Point"
      },
      "properties": {
        "cipher": "Ordinal",
        "has_phrases": false,
        "mode": "value_domain",
        "phrase_count": 0,
        "phrases": [],
        "projection": "webmercator_hash_v1",
        "projection_method": "webmercator_hash_v1",
        "value": 339
      },
      "type": "Feature"
    },
    {
      "geometry": {
        "coordinates": [
          60.28989,
          -58.081064
        ],
        "type": "Point"
      },
      "properties": {
        "cipher": "Ordinal",
        "has_phrases": false,
        "mode": "value_domain",
        "phrase_count": 0,
        "phrases": [],
        "projection": "webmercator_hash_v1",
        "projection_method": "webmercator_hash_v1",
        "value": 340
      },
      "type": "Feature"
    },
    {
      "geometry": {
        "coordinates": [
          39.664033,
          -60.414727
        ],
        "type": "Point"
      },
      "properties": {
        "cipher": "Ordinal",
        "has_phrases": false,
        "mode": "value_domain",
        "phrase_count": 0,
        "phrases": [],
        "projection": "webmercator_hash_v1",
        "projection_method": "webmercator_hash_v1",
        "value": 341
      },
      "type": "Feature"
    },
    {
      "geometry": {
        "coordinates": [
          4.595983,
          82.490567
        ],
        "type": "Point"
      },
      "properties": {
        "cipher": "Ordinal",
        "has_phrases": false,
        "mode": "value_domain",
        "phrase_count": 0,
        "phrases": [],
        "projection": "webmercator_hash_v1",
        "projection_method": "webmercator_hash_v1",
        "value": 342
      },
      "type": "Feature"
    },
    {
      "geometry": {
        "coordinates": [
          54.656121,
          -44.459687
        ],
        "type": "Point"
      },
      "properties": {
        "cipher": "Ordinal",
        "has_phrases": false,
        "mode": "value_domain",
        "phrase_count": 0,
        "phrases": [],
        "projection": "webmercator_hash_v1",
        "projection_method": "webmercator_hash_v1",
        "value": 343
      },
      "type": "Feature"
    },
    {
      "geometry": {
        "coordinates": [
          16.503138,
          -49.818395
        ],
        "type": "Point"
      },
      "properties": {
        "cipher": "Ordinal",
        "has_phrases": false,
        "mode": "value_domain",
        "phrase_count": 0,
        "phrases": [],
        "projection": "webmercator_hash_v1",
        "projection_method": "webmercator_hash_v1",
        "value": 344
      },
      "type": "Feature"
    },
    {
      "geometry": {
        "coordinates": [
          99.534221,
          55.682157
        ],
        "type": "Point"
      },
      "properties": {
        "cipher": "Ordinal",
        "has_phrases": false,
        "mode": "value_domain",
        "phrase_count": 0,
        "phrases": [],
        "projection": "webmercator_hash_v1",
        "projection_method": "webmercator_hash_v1",
        "value": 345
      },
      "type": "Feature"
    },
    {
      "geometry": {
        "coordinates": [
          -114.418826,
          -58.013712
        ],
        "type": "Point"
      },
      "properties": {
        "cipher": "Ordinal",
        "has_phrases": false,
        "mode": "value_domain",
        "phrase_count": 0,
        "phrases": [],
        "projection": "webmercator_hash_v1",
        "projection_method": "webmercator_hash_v1",
        "value": 346
      },
      "type": "Feature"
    },
    {
      "geometry": {
        "coordinates": [
          42.513493,
          -35.978991
        ],
        "type": "Point"
      },
      "properties": {
        "cipher": "Ordinal",
        "has_phrases": false,
        "mode": "value_domain",
        "phrase_count": 0,
        "phrases": [],
        "projection": "webmercator_hash_v1",
        "projection_method": "webmercator_hash_v1",
        "value": 347
      },
      "type": "Feature"
    },
    {
      "geometry": {
        "coordinates": [
          133.738725,
          81.373383
        ],
        "type": "Point"
      },
      "properties": {
        "cipher": "Ordinal",
        "has_phrases": false,
        "mode": "value_domain",
        "phrase_count": 0,
        "phrases": [],
        "projection": "webmercator_hash_v1",
        "projection_method": "webmercator_hash_v1",
        "value": 348
      },
      "type": "Feature"
    },
    {
      "geometry": {
        "coordinates": [
          79.569301,
          70.171927
        ],
        "type": "Point"
      },
      "properties": {
        "cipher": "Ordinal",
        "has_phrases": false,
        "mode": "value_domain",
        "phrase_count": 0,
        "phrases": [],
        "projection": "webmercator_hash_v1",
        "projection_method": "webmercator_hash_v1",
        "value": 349
      },
      "type": "Feature"
    },
    {
      "geometry": {
        "coordinates": [
          -177.673172,
          -1.826146
        ],
        "type": "Point"
      },
      "properties": {
        "cipher": "Ordinal",
        "has_phrases": false,
        "mode": "value_domain",
        "phrase_count": 0,
        "phrases": [],
        "projection": "webmercator_hash_v1",
        "projection_method": "webmercator_hash_v1",
        "value": 350
      },
      "type": "Feature"
    },
    {
      "geometry": {
        "coordinates": [
          -88.153984,
          2.725315
        ],
        "type": "Point"
      },
      "properties": {
        "cipher": "Ordinal",
        "has_phrases": false,
        "mode": "value_domain",
        "phrase_count": 0,
        "phrases": [],
        "projection": "webmercator_hash_v1",
        "projection_method": "webmercator_hash_v1",
        "value": 351
      },
      "type": "Feature"
    },
    {
      "geometry": {
        "coordinates": [
          68.23587,
          -71.076063
        ],
        "type": "Point"
      },
      "properties": {
        "cipher": "Ordinal",
        "has_phrases": false,
        "mode": "value_domain",
        "phrase_count": 0,
        "phrases": [],
        "projection": "webmercator_hash_v1",
        "projection_method": "webmercator_hash_v1",
        "value": 352
      },
      "type": "Feature"
    },
    {
      "geometry": {
        "coordinates": [
          164.121569,
          16.809697
        ],
        "type": "Point"
      },
      "properties": {
        "cipher": "Ordinal",
        "has_phrases": false,
        "mode": "value_domain",
        "phrase_count": 0,
        "phrases": [],
        "projection": "webmercator_hash_v1",
        "projection_method": "webmercator_hash_v1",
        "value": 353
      },
      "type": "Feature"
    },
    {
      "geometry": {
        "coordinates": [
          -74.719802,
          -24.317559
        ],
        "type": "Point"
      },
      "properties": {
        "cipher": "Ordinal",
        "has_phrases": false,
        "mode": "value_domain",
        "phrase_count": 0,
        "phrases": [],
        "projection": "webmercator_hash_v1",
        "projection_method": "webmercator_hash_v1",
        "value": 354
      },
      "type": "Feature"
    },
    {
      "geometry": {
        "coordinates": [
          144.674293,
          -30.584821
        ],
        "type": "Point"
      },
      "properties": {
        "cipher": "Ordinal",
        "has_phrases": false,
        "mode": "value_domain",
        "phrase_count": 0,
        "phrases": [],
        "projection": "webmercator_hash_v1",
        "projection_method": "webmercator_hash_v1",
        "value": 355
      },
      "type": "Feature"
    },
    {
      "geometry": {
        "coordinates": [
          165.431148,
          61.574985
        ],
        "type": "Point"
      },
      "properties": {
        "cipher": "Ordinal",
        "has_phrases": false,
        "mode": "value_domain",
        "phrase_count": 0,
        "phrases": [],
        "projection": "webmercator_hash_v1",
        "projection_method": "webmercator_hash_v1",
        "value": 356
      },
      "type": "Feature"
    },
    {
      "geometry": {
        "coordinates": [
          -64.046488,
          79.331595
        ],
        "type": "Point"
      },
      "properties": {
        "cipher": "Ordinal",
        "has_phrases": false,
        "mode": "value_domain",
        "phrase_count": 0,
        "phrases": [],
        "projection": "webmercator_hash_v1",
        "projection_method": "webmercator_hash_v1",
        "value": 357
      },
      "type": "Feature"
    },
    {
      "geometry": {
        "coordinates": [
          -48.669514,
          12.563913
        ],
        "type": "Point"
      },
      "properties": {
        "cipher": "Ordinal",
        "has_phrases": false,
        "mode": "value_domain",
        "phrase_count": 0,
        "phrases": [],
        "projection": "webmercator_hash_v1",
        "projection_method": "webmercator_hash_v1",
        "value": 358
      },
      "type": "Feature"
    },
    {
      "geometry": {
        "coordinates": [
          64.368866,
          45.46498
        ],
        "type": "Point"
      },
      "properties": {
        "cipher": "Ordinal",
        "has_phrases": false,
        "mode": "value_domain",
        "phrase_count": 0,
        "phrases": [],
        "projection": "webmercator_hash_v1",
        "projection_method": "webmercator_hash_v1",
        "value": 359
      },
      "type": "Feature"
    },
    {
      "geometry": {
        "coordinates": [
          140.252666,
          -69.287397
        ],
        "type": "Point"
      },
      "properties": {
        "cipher": "Ordinal",
        "has_phrases": false,
        "mode": "value_domain",
        "phrase_count": 0,
        "phrases": [],
        "projection": "webmercator_hash_v1",
        "projection_method": "webmercator_hash_v1",
        "value": 360
      },
      "type": "Feature"
    },
    {
      "geometry": {
        "coordinates": [
          -85.528365,
          -18.588186
        ],
        "type": "Point"
      },
      "properties": {
        "cipher": "Ordinal",
        "has_phrases": false,
        "mode": "value_domain",
        "phrase_count": 0,
        "phrases": [],
        "projection": "webmercator_hash_v1",
        "projection_method": "webmercator_hash_v1",
        "value": 361
      },
      "type": "Feature"
    },
    {
      "geometry": {
        "coordinates": [
          -7.223833,
          38.909255
        ],
        "type": "Point"
      },
      "properties": {
        "cipher": "Ordinal",
        "has_phrases": false,
        "mode": "value_domain",
        "phrase_count": 0,
        "phrases": [],
        "projection": "webmercator_hash_v1",
        "projection_method": "webmercator_hash_v1",
        "value": 362
      },
      "type": "Feature"
    },
    {
      "geometry": {
        "coordinates": [
          -158.208676,
          17.721035
        ],
        "type": "Point"
      },
      "properties": {
        "cipher": "Ordinal",
        "has_phrases": false,
        "mode": "value_domain",
        "phrase_count": 0,
        "phrases": [],
        "projection": "webmercator_hash_v1",
        "projection_method": "webmercator_hash_v1",
        "value": 363
      },
      "type": "Feature"
    },
    {
      "geometry": {
        "coordinates": [
          175.351011,
          -79.447838
        ],
        "type": "Point"
      },
      "properties": {
        "cipher": "Ordinal",
        "has_phrases": false,
        "mode": "value_domain",
        "phrase_count": 0,
        "phrases": [],
        "projection": "webmercator_hash_v1",
        "projection_method": "webmercator_hash_v1",
        "value": 364
      },
      "type": "Feature"
    },
    {
      "geometry": {
        "coordinates": [
          68.912259,
          17.766757
        ],
        "type": "Point"
      },
      "properties": {
        "cipher": "Ordinal",
        "has_phrases": false,
        "mode": "value_domain",
        "phrase_count": 0,
        "phrases": [],
        "projection": "webmercator_hash_v1",
        "projection_method": "webmercator_hash_v1",
        "value": 365
      },
      "type": "Feature"
    },
    {
      "geometry": {
        "coordinates": [
          -84.726676,
          36.827897
        ],
        "type": "Point"
      },
      "properties": {
        "cipher": "Ordinal",
        "has_phrases": false,
        "mode": "value_domain",
        "phrase_count": 0,
        "phrases": [],
        "projection": "webmercator_hash_v1",
        "projection_method": "webmercator_hash_v1",
        "value": 366
      },
      "type": "Feature"
    },
    {
      "geometry": {
        "coordinates": [
          6.730991,
          -56.531934
        ],
        "type": "Point"
      },
      "properties": {
        "cipher": "Ordinal",
        "has_phrases": false,
        "mode": "value_domain",
        "phrase_count": 0,
        "phrases": [],
        "projection": "webmercator_hash_v1",
        "projection_method": "webmercator_hash_v1",
        "value": 367
      },
      "type": "Feature"
    },
    {
      "geometry": {
        "coordinates": [
          65.967918,
          -1.101123
        ],
        "type": "Point"
      },
      "properties": {
        "cipher": "Ordinal",
        "has_phrases": false,
        "mode": "value_domain",
        "phrase_count": 0,
        "phrases": [],
        "projection": "webmercator_hash_v1",
        "projection_method": "webmercator_hash_v1",
        "value": 368
      },
      "type": "Feature"
    },
    {
      "geometry": {
        "coordinates": [
          12.243951,
          -16.602945
        ],
        "type": "Point"
      },
      "properties": {
        "cipher": "Ordinal",
        "has_phrases": false,
        "mode": "value_domain",
        "phrase_count": 0,
        "phrases": [],
        "projection": "webmercator_hash_v1",
        "projection_method": "webmercator_hash_v1",
        "value": 369
      },
      "type": "Feature"
    },
    {
      "geometry": {
        "coordinates": [
          97.299865,
          73.96226
        ],
        "type": "Point"
      },
      "properties": {
        "cipher": "Ordinal",
        "has_phrases": false,
        "mode": "value_domain",
        "phrase_count": 0,
        "phrases": [],
        "projection": "webmercator_hash_v1",
        "projection_method": "webmercator_hash_v1",
        "value": 370
      },
      "type": "Feature"
    },
    {
      "geometry": {
        "coordinates": [
          139.682414,
          82.566303
        ],
        "type": "Point"
      },
      "properties": {
        "cipher": "Ordinal",
        "has_phrases": false,
        "mode": "value_domain",
        "phrase_count": 0,
        "phrases": [],
        "projection": "webmercator_hash_v1",
        "projection_method": "webmercator_hash_v1",
        "value": 371
      },
      "type": "Feature"
    },
    {
      "geometry": {
        "coordinates": [
          -114.833086,
          55.917771
        ],
        "type": "Point"
      },
      "properties": {
        "cipher": "Ordinal",
        "has_phrases": false,
        "mode": "value_domain",
        "phrase_count": 0,
        "phrases": [],
        "projection": "webmercator_hash_v1",
        "projection_method": "webmercator_hash_v1",
        "value": 372
      },
      "type": "Feature"
    },
    {
      "geometry": {
        "coordinates": [
          -128.416288,
          -57.678478
        ],
        "type": "Point"
      },
      "properties": {
        "cipher": "Ordinal",
        "has_phrases": false,
        "mode": "value_domain",
        "phrase_count": 0,
        "phrases": [],
        "projection": "webmercator_hash_v1",
        "projection_method": "webmercator_hash_v1",
        "value": 373
      },
      "type": "Feature"
    },
    {
      "geometry": {
        "coordinates": [
          95.314632,
          -72.141163
        ],
        "type": "Point"
      },
      "properties": {
        "cipher": "Ordinal",
        "has_phrases": false,
        "mode": "value_domain",
        "phrase_count": 0,
        "phrases": [],
        "projection": "webmercator_hash_v1",
        "projection_method": "webmercator_hash_v1",
        "value": 374
      },
      "type": "Feature"
    },
    {
      "geometry": {
        "coordinates": [
          -105.71161,
          -77.682239
        ],
        "type": "Point"
      },
      "properties": {
        "cipher": "Ordinal",
        "has_phrases": false,
        "mode": "value_domain",
        "phrase_count": 0,
        "phrases": [],
        "projection": "webmercator_hash_v1",
        "projection_method": "webmercator_hash_v1",
        "value": 375
      },
      "type": "Feature"
    },
    {
      "geometry": {
        "coordinates": [
          87.843077,
          -13.237759
        ],
        "type": "Point"
      },
      "properties": {
        "cipher": "Ordinal",
        "has_phrases": false,
        "mode": "value_domain",
        "phrase_count": 0,
        "phrases": [],
        "projection": "webmercator_hash_v1",
        "projection_method": "webmercator_hash_v1",
        "value": 376
      },
      "type": "Feature"
    },
    {
      "geometry": {
        "coordinates": [
          129.479871,
          45.563027
        ],
        "type": "Point"
      },
      "properties": {
        "cipher": "Ordinal",
        "has_phrases": false,
        "mode": "value_domain",
        "phrase_count": 0,
        "phrases": [],
        "projection": "webmercator_hash_v1",
        "projection_method": "webmercator_hash_v1",
        "value": 377
      },
      "type": "Feature"
    },
    {
      "geometry": {
        "coordinates": [
          122.445269,
          5.813494
        ],
        "type": "Point"
      },
      "properties": {
        "cipher": "Ordinal",
        "has_phrases": false,
        "mode": "value_domain",
        "phrase_count": 0,
        "phrases": [],
        "projection": "webmercator_hash_v1",
        "projection_method": "webmercator_hash_v1",
        "value": 378
      },
      "type": "Feature"
    },
    {
      "geometry": {
        "coordinates": [
          156.383915,
          -24.548633
        ],
        "type": "Point"
      },
      "properties": {
        "cipher": "Ordinal",
        "has_phrases": false,
        "mode": "value_domain",
        "phrase_count": 0,
        "phrases": [],
        "projection": "webmercator_hash_v1",
        "projection_method": "webmercator_hash_v1",
        "value": 379
      },
      "type": "Feature"
    },
    {
      "geometry": {
        "coordinates": [
          -174.831538,
          75.991383
        ],
        "type": "Point"
      },
      "properties": {
        "cipher": "Ordinal",
        "has_phrases": false,
        "mode": "value_domain",
        "phrase_count": 0,
        "phrases": [],
        "projection": "webmercator_hash_v1",
        "projection_method": "webmercator_hash_v1",
        "value": 380
      },
      "type": "Feature"
    },
    {
      "geometry": {
        "coordinates": [
          117.643231,
          9.179473
        ],
        "type": "Point"
      },
      "properties": {
        "cipher": "Ordinal",
        "has_phrases": false,
        "mode": "value_domain",
        "phrase_count": 0,
        "phrases": [],
        "projection": "webmercator_hash_v1",
        "projection_method": "webmercator_hash_v1",
        "value": 381
      },
      "type": "Feature"
    },
    {
      "geometry": {
        "coordinates": [
          57.266218,
          -22.98603
        ],
        "type": "Point"
      },
      "properties": {
        "cipher": "Ordinal",
        "has_phrases": false,
        "mode": "value_domain",
        "phrase_count": 0,
        "phrases": [],
        "projection": "webmercator_hash_v1",
        "projection_method": "webmercator_hash_v1",
        "value": 382
      },
      "type": "Feature"
    },
    {
      "geometry": {
        "coordinates": [
          155.440317,
          12.466354
        ],
        "type": "Point"
      },
      "properties": {
        "cipher": "Ordinal",
        "has_phrases": false,
        "mode": "value_domain",
        "phrase_count": 0,
        "phrases": [],
        "projection": "webmercator_hash_v1",
        "projection_method": "webmercator_hash_v1",
        "value": 383
      },
      "type": "Feature"
    },
    {
      "geometry": {
        "coordinates": [
          -170.654719,
          42.353889
        ],
        "type": "Point"
      },
      "properties": {
        "cipher": "Ordinal",
        "has_phrases": false,
        "mode": "value_domain",
        "phrase_count": 0,
        "phrases": [],
        "projection": "webmercator_hash_v1",
        "projection_method": "webmercator_hash_v1",
        "value": 384
      },
      "type": "Feature"
    },
    {
      "geometry": {
        "coordinates": [
          -169.247649,
          -33.177079
        ],
        "type": "Point"
      },
      "properties": {
        "cipher": "Ordinal",
        "has_phrases": false,
        "mode": "value_domain",
        "phrase_count": 0,
        "phrases": [],
        "projection": "webmercator_hash_v1",
        "projection_method": "webmercator_hash_v1",
        "value": 385
      },
      "type": "Feature"
    },
    {
      "geometry": {
        "coordinates": [
          25.721601,
          -77.203927
        ],
        "type": "Point"
      },
      "properties": {
        "cipher": "Ordinal",
        "has_phrases": false,
        "mode": "value_domain",
        "phrase_count": 0,
        "phrases": [],
        "projection": "webmercator_hash_v1",
        "projection_method": "webmercator_hash_v1",
        "value": 386
      },
      "type": "Feature"
    },
    {
      "geometry": {
        "coordinates": [
          -40.885332,
          61.447117
        ],
        "type": "Point"
      },
      "properties": {
        "cipher": "Ordinal",
        "has_phrases": false,
        "mode": "value_domain",
        "phrase_count": 0,
        "phrases": [],
        "projection": "webmercator_hash_v1",
        "projection_method": "webmercator_hash_v1",
        "value": 387
      },
      "type": "Feature"
    },
    {
      "geometry": {
        "coordinates": [
          -176.376198,
          -62.185261
        ],
        "type": "Point"
      },
      "properties": {
        "cipher": "Ordinal",
        "has_phrases": false,
        "mode": "value_domain",
        "phrase_count": 0,
        "phrases": [],
        "projection": "webmercator_hash_v1",
        "projection_method": "webmercator_hash_v1",
        "value": 388
      },
      "type": "Feature"
    },
    {
      "geometry": {
        "coordinates": [
          -125.51199,
          61.424742
        ],
        "type": "Point"
      },
      "properties": {
        "cipher": "Ordinal",
        "has_phrases": false,
        "mode": "value_domain",
        "phrase_count": 0,
        "phrases": [],
        "projection": "webmercator_hash_v1",
        "projection_method": "webmercator_hash_v1",
        "value": 389
      },
      "type": "Feature"
    },
    {
      "geometry": {
        "coordinates": [
          125.438135,
          -0.959008
        ],
        "type": "Point"
      },
      "properties": {
        "cipher": "Ordinal",
        "has_phrases": false,
        "mode": "value_domain",
        "phrase_count": 0,
        "phrases": [],
        "projection": "webmercator_hash_v1",
        "projection_method": "webmercator_hash_v1",
        "value": 390
      },
      "type": "Feature"
    },
    {
      "geometry": {
        "coordinates": [
          -55.514422,
          75.464261
        ],
        "type": "Point"
      },
      "properties": {
        "cipher": "Ordinal",
        "has_phrases": false,
        "mode": "value_domain",
        "phrase_count": 0,
        "phrases": [],
        "projection": "webmercator_hash_v1",
        "projection_method": "webmercator_hash_v1",
        "value": 391
      },
      "type": "Feature"
    },
    {
      "geometry": {
        "coordinates": [
          116.929274,
          -70.543105
        ],
        "type": "Point"
      },
      "properties": {
        "cipher": "Ordinal",
        "has_phrases": false,
        "mode": "value_domain",
        "phrase_count": 0,
        "phrases": [],
        "projection": "webmercator_hash_v1",
        "projection_method": "webmercator_hash_v1",
        "value": 392
      },
      "type": "Feature"
    },
    {
      "geometry": {
        "coordinates": [
          143.257532,
          -69.236893
        ],
        "type": "Point"
      },
      "properties": {
        "cipher": "Ordinal",
        "has_phrases": false,
        "mode": "value_domain",
        "phrase_count": 0,
        "phrases": [],
        "projection": "webmercator_hash_v1",
        "projection_method": "webmercator_hash_v1",
        "value": 393
      },
      "type": "Feature"
    },
    {
      "geometry": {
        "coordinates": [
          3.977151,
          63.022063
        ],
        "type": "Point"
      },
      "properties": {
        "cipher": "Ordinal",
        "has_phrases": false,
        "mode": "value_domain",
        "phrase_count": 0,
        "phrases": [],
        "projection": "webmercator_hash_v1",
        "projection_method": "webmercator_hash_v1",
        "value": 394
      },
      "type": "Feature"
    },
    {
      "geometry": {
        "coordinates": [
          50.311685,
          41.584572
        ],
        "type": "Point"
      },
      "properties": {
        "cipher": "Ordinal",
        "has_phrases": false,
        "mode": "value_domain",
        "phrase_count": 0,
        "phrases": [],
        "projection": "webmercator_hash_v1",
        "projection_method": "webmercator_hash_v1",
        "value": 395
      },
      "type": "Feature"
    },
    {
      "geometry": {
        "coordinates": [
          95.762986,
          -19.021939
        ],
        "type": "Point"
      },
      "properties": {
        "cipher": "Ordinal",
        "has_phrases": false,
        "mode": "value_domain",
        "phrase_count": 0,
        "phrases": [],
        "projection": "webmercator_hash_v1",
        "projection_method": "webmercator_hash_v1",
        "value": 396
      },
      "type": "Feature"
    },
    {
      "geometry": {
        "coordinates": [
          17.873512,
          -73.210642
        ],
        "type": "Point"
      },
      "properties": {
        "cipher": "Ordinal",
        "has_phrases": false,
        "mode": "value_domain",
        "phrase_count": 0,
        "phrases": [],
        "projection": "webmercator_hash_v1",
        "projection_method": "webmercator_hash_v1",
        "value": 397
      },
      "type": "Feature"
    },
    {
      "geometry": {
        "coordinates": [
          -34.811498,
          24.183707
        ],
        "type": "Point"
      },
      "properties": {
        "cipher": "Ordinal",
        "has_phrases": false,
        "mode": "value_domain",
        "phrase_count": 0,
        "phrases": [],
        "projection": "webmercator_hash_v1",
        "projection_method": "webmercator_hash_v1",
        "value": 398
      },
      "type": "Feature"
    },
    {
      "geometry": {
        "coordinates": [
          145.421442,
          -64.785978
        ],
        "type": "Point"
      },
      "properties": {
        "cipher": "Ordinal",
        "has_phrases": false,
        "mode": "value_domain",
        "phrase_count": 0,
        "phrases": [],
        "projection": "webmercator_hash_v1",
        "projection_method": "webmercator_hash_v1",
        "value": 399
      },
      "type": "Feature"
    },
    {
      "geometry": {
        "coordinates": [
          153.326553,
          -19.949113
        ],
        "type": "Point"
      },
      "properties": {
        "cipher": "Ordinal",
        "has_phrases": false,
        "mode": "value_domain",
        "phrase_count": 0,
        "phrases": [],
        "projection": "webmercator_hash_v1",
        "projection_method": "webmercator_hash_v1",
        "value": 400
      },
      "type": "Feature"
    },
    {
      "geometry": {
        "coordinates": [
          154.295127,
          -2.87342
        ],
        "type": "Point"
      },
      "properties": {
        "cipher": "Ordinal",
        "has_phrases": false,
        "mode": "value_domain",
        "phrase_count": 0,
        "phrases": [],
        "projection": "webmercator_hash_v1",
        "projection_method": "webmercator_hash_v1",
        "value": 401
      },
      "type": "Feature"
    },
    {
      "geometry": {
        "coordinates": [
          -104.527514,
          -50.003452
        ],
        "type": "Point"
      },
      "properties": {
        "cipher": "Ordinal",
        "has_phrases": false,
        "mode": "value_domain",
        "phrase_count": 0,
        "phrases": [],
        "projection": "webmercator_hash_v1",
        "projection_method": "webmercator_hash_v1",
        "value": 402
      },
      "type": "Feature"
    },
    {
      "geometry": {
        "coordinates": [
          -131.658289,
          38.708271
        ],
        "type": "Point"
      },
      "properties": {
        "cipher": "Ordinal",
        "has_phrases": false,
        "mode": "value_domain",
        "phrase_count": 0,
        "phrases": [],
        "projection": "webmercator_hash_v1",
        "projection_method": "webmercator_hash_v1",
        "value": 403
      },
      "type": "Feature"
    },
    {
      "geometry": {
        "coordinates": [
          -73.624168,
          46.397091
        ],
        "type": "Point"
      },
      "properties": {
        "cipher": "Ordinal",
        "has_phrases": false,
        "mode": "value_domain",
        "phrase_count": 0,
        "phrases": [],
        "projection": "webmercator_hash_v1",
        "projection_method": "webmercator_hash_v1",
        "value": 404
      },
      "type": "Feature"
    },
    {
      "geometry": {
        "coordinates": [
          52.846641,
          33.577251
        ],
        "type": "Point"
      },
      "properties": {
        "cipher": "Ordinal",
        "has_phrases": false,
        "mode": "value_domain",
        "phrase_count": 0,
        "phrases": [],
        "projection": "webmercator_hash_v1",
        "projection_method": "webmercator_hash_v1",
        "value": 405
      },
      "type": "Feature"
    },
    {
      "geometry": {
        "coordinates": [
          -80.984544,
          -68.815765
        ],
        "type": "Point"
      },
      "properties": {
        "cipher": "Ordinal",
        "has_phrases": false,
        "mode": "value_domain",
        "phrase_count": 0,
        "phrases": [],
        "projection": "webmercator_hash_v1",
        "projection_method": "webmercator_hash_v1",
        "value": 406
      },
      "type": "Feature"
    },
    {
      "geometry": {
        "coordinates": [
          169.865218,
          42.319977
        ],
        "type": "Point"
      },
      "properties": {
        "cipher": "Ordinal",
        "has_phrases": false,
        "mode": "value_domain",
        "phrase_count": 0,
        "phrases": [],
        "projection": "webmercator_hash_v1",
        "projection_method": "webmercator_hash_v1",
        "value": 407
      },
      "type": "Feature"
    },
    {
      "geometry": {
        "coordinates": [
          -103.22654,
          60.35883
        ],
        "type": "Point"
      },
      "properties": {
        "cipher": "Ordinal",
        "has_phrases": false,
        "mode": "value_domain",
        "phrase_count": 0,
        "phrases": [],
        "projection": "webmercator_hash_v1",
        "projection_method": "webmercator_hash_v1",
        "value": 408
      },
      "type": "Feature"
    },
    {
      "geometry": {
        "coordinates": [
          136.773588,
          73.177826
        ],
        "type": "Point"
      },
      "properties": {
        "cipher": "Ordinal",
        "has_phrases": false,
        "mode": "value_domain",
        "phrase_count": 0,
        "phrases": [],
        "projection": "webmercator_hash_v1",
        "projection_method": "webmercator_hash_v1",
        "value": 409
      },
      "type": "Feature"
    },
    {
      "geometry": {
        "coordinates": [
          -9.864242,
          50.189086
        ],
        "type": "Point"
      },
      "properties": {
        "cipher": "Ordinal",
        "has_phrases": false,
        "mode": "value_domain",
        "phrase_count": 0,
        "phrases": [],
        "projection": "webmercator_hash_v1",
        "projection_method": "webmercator_hash_v1",
        "value": 410
      },
      "type": "Feature"
    },
    {
      "geometry": {
        "coordinates": [
          -13.538256,
          -68.596937
        ],
        "type": "Point"
      },
      "properties": {
        "cipher": "Ordinal",
        "has_phrases": false,
        "mode": "value_domain",
        "phrase_count": 0,
        "phrases": [],
        "projection": "webmercator_hash_v1",
        "projection_method": "webmercator_hash_v1",
        "value": 411
      },
      "type": "Feature"
    },
    {
      "geometry": {
        "coordinates": [
          -84.764183,
          84.48633
        ],
        "type": "Point"
      },
      "properties": {
        "cipher": "Ordinal",
        "has_phrases": false,
        "mode": "value_domain",
        "phrase_count": 0,
        "phrases": [],
        "projection": "webmercator_hash_v1",
        "projection_method": "webmercator_hash_v1",
        "value": 412
      },
      "type": "Feature"
    },
    {
      "geometry": {
        "coordinates": [
          45.929557,
          -4.306068
        ],
        "type": "Point"
      },
      "properties": {
        "cipher": "Ordinal",
        "has_phrases": false,
        "mode": "value_domain",
        "phrase_count": 0,
        "phrases": [],
        "projection": "webmercator_hash_v1",
        "projection_method": "webmercator_hash_v1",
        "value": 413
      },
      "type": "Feature"
    },
    {
      "geometry": {
        "coordinates": [
          -154.775117,
          83.597
        ],
        "type": "Point"
      },
      "properties": {
        "cipher": "Ordinal",
        "has_phrases": false,
        "mode": "value_domain",
        "phrase_count": 0,
        "phrases": [],
        "projection": "webmercator_hash_v1",
        "projection_method": "webmercator_hash_v1",
        "value": 414
      },
      "type": "Feature"
    },
    {
      "geometry": {
        "coordinates": [
          89.668865,
          -67.174902
        ],
        "type": "Point"
      },
      "properties": {
        "cipher": "Ordinal",
        "has_phrases": false,
        "mode": "value_domain",
        "phrase_count": 0,
        "phrases": [],
        "projection": "webmercator_hash_v1",
        "projection_method": "webmercator_hash_v1",
        "value": 415
      },
      "type": "Feature"
    },
    {
      "geometry": {
        "coordinates": [
          39.616792,
          -18.161483
        ],
        "type": "Point"
      },
      "properties": {
        "cipher": "Ordinal",
        "has_phrases": false,
        "mode": "value_domain",
        "phrase_count": 0,
        "phrases": [],
        "projection": "webmercator_hash_v1",
        "projection_method": "webmercator_hash_v1",
        "value": 416
      },
      "type": "Feature"
    },
    {
      "geometry": {
        "coordinates": [
          159.738669,
          -73.517557
        ],
        "type": "Point"
      },
      "properties": {
        "cipher": "Ordinal",
        "has_phrases": false,
        "mode": "value_domain",
        "phrase_count": 0,
        "phrases": [],
        "projection": "webmercator_hash_v1",
        "projection_method": "webmercator_hash_v1",
        "value": 417
      },
      "type": "Feature"
    },
    {
      "geometry": {
        "coordinates": [
          151.902259,
          -37.337131
        ],
        "type": "Point"
      },
      "properties": {
        "cipher": "Ordinal",
        "has_phrases": false,
        "mode": "value_domain",
        "phrase_count": 0,
        "phrases": [],
        "projection": "webmercator_hash_v1",
        "projection_method": "webmercator_hash_v1",
        "value": 418
      },
      "type": "Feature"
    },
    {
      "geometry": {
        "coordinates": [
          -175.605424,
          8.311085
        ],
        "type": "Point"
      },
      "properties": {
        "cipher": "Ordinal",
        "has_phrases": false,
        "mode": "value_domain",
        "phrase_count": 0,
        "phrases": [],
        "projection": "webmercator_hash_v1",
        "projection_method": "webmercator_hash_v1",
        "value": 419
      },
      "type": "Feature"
    },
    {
      "geometry": {
        "coordinates": [
          -44.230614,
          -28.154443
        ],
        "type": "Point"
      },
      "properties": {
        "cipher": "Ordinal",
        "has_phrases": false,
        "mode": "value_domain",
        "phrase_count": 0,
        "phrases": [],
        "projection": "webmercator_hash_v1",
        "projection_method": "webmercator_hash_v1",
        "value": 420
      },
      "type": "Feature"
    },
    {
      "geometry": {
        "coordinates": [
          85.582713,
          15.170568
        ],
        "type": "Point"
      },
      "properties": {
        "cipher": "Ordinal",
        "has_phrases": false,
        "mode": "value_domain",
        "phrase_count": 0,
        "phrases": [],
        "projection": "webmercator_hash_v1",
        "projection_method": "webmercator_hash_v1",
        "value": 421
      },
      "type": "Feature"
    },
    {
      "geometry": {
        "coordinates": [
          -69.65323,
          -15.511537
        ],
        "type": "Point"
      },
      "properties": {
        "cipher": "Ordinal",
        "has_phrases": false,
        "mode": "value_domain",
        "phrase_count": 0,
        "phrases": [],
        "projection": "webmercator_hash_v1",
        "projection_method": "webmercator_hash_v1",
        "value": 422
      },
      "type": "Feature"
    },
    {
      "geometry": {
        "coordinates": [
          -68.403101,
          -23.13845
        ],
        "type": "Point"
      },
      "properties": {
        "cipher": "Ordinal",
        "has_phrases": false,
        "mode": "value_domain",
        "phrase_count": 0,
        "phrases": [],
        "projection": "webmercator_hash_v1",
        "projection_method": "webmercator_hash_v1",
        "value": 423
      },
      "type": "Feature"
    },
    {
      "geometry": {
        "coordinates": [
          29.287628,
          -38.277694
        ],
        "type": "Point"
      },
      "properties": {
        "cipher": "Ordinal",
        "has_phrases": false,
        "mode": "value_domain",
        "phrase_count": 0,
        "phrases": [],
        "projection": "webmercator_hash_v1",
        "projection_method": "webmercator_hash_v1",
        "value": 424
      },
      "type": "Feature"
    },
    {
      "geometry": {
        "coordinates": [
          5.646702,
          -7.583475
        ],
        "type": "Point"
      },
      "properties": {
        "cipher": "Ordinal",
        "has_phrases": false,
        "mode": "value_domain",
        "phrase_count": 0,
        "phrases": [],
        "projection": "webmercator_hash_v1",
        "projection_method": "webmercator_hash_v1",
        "value": 425
      },
      "type": "Feature"
    },
    {
      "geometry": {
        "coordinates": [
          -59.183356,
          15.05857
        ],
        "type": "Point"
      },
      "properties": {
        "cipher": "Ordinal",
        "has_phrases": false,
        "mode": "value_domain",
        "phrase_count": 0,
        "phrases": [],
        "projection": "webmercator_hash_v1",
        "projection_method": "webmercator_hash_v1",
        "value": 426
      },
      "type": "Feature"
    },
    {
      "geometry": {
        "coordinates": [
          -22.51284,
          -15.610021
        ],
        "type": "Point"
      },
      "properties": {
        "cipher": "Ordinal",
        "has_phrases": false,
        "mode": "value_domain",
        "phrase_count": 0,
        "phrases": [],
        "projection": "webmercator_hash_v1",
        "projection_method": "webmercator_hash_v1",
        "value": 427
      },
      "type": "Feature"
    },
    {
      "geometry": {
        "coordinates": [
          112.310698,
          32.896155
        ],
        "type": "Point"
      },
      "properties": {
        "cipher": "Ordinal",
        "has_phrases": false,
        "mode": "value_domain",
        "phrase_count": 0,
        "phrases": [],
        "projection": "webmercator_hash_v1",
        "projection_method": "webmercator_hash_v1",
        "value": 428
      },
      "type": "Feature"
    },
    {
      "geometry": {
        "coordinates": [
          171.280254,
          10.49731
        ],
        "type": "Point"
      },
      "properties": {
        "cipher": "Ordinal",
        "has_phrases": false,
        "mode": "value_domain",
        "phrase_count": 0,
        "phrases": [],
        "projection": "webmercator_hash_v1",
        "projection_method": "webmercator_hash_v1",
        "value": 429
      },
      "type": "Feature"
    },
    {
      "geometry": {
        "coordinates": [
          56.90719,
          -14.420613
        ],
        "type": "Point"
      },
      "properties": {
        "cipher": "Ordinal",
        "has_phrases": false,
        "mode": "value_domain",
        "phrase_count": 0,
        "phrases": [],
        "projection": "webmercator_hash_v1",
        "projection_method": "webmercator_hash_v1",
        "value": 430
      },
      "type": "Feature"
    },
    {
      "geometry": {
        "coordinates": [
          86.40358,
          -46.364122
        ],
        "type": "Point"
      },
      "properties": {
        "cipher": "Ordinal",
        "has_phrases": false,
        "mode": "value_domain",
        "phrase_count": 0,
        "phrases": [],
        "projection": "webmercator_hash_v1",
        "projection_method": "webmercator_hash_v1",
        "value": 431
      },
      "type": "Feature"
    },
    {
      "geometry": {
        "coordinates": [
          -93.460537,
          72.96187
        ],
        "type": "Point"
      },
      "properties": {
        "cipher": "Ordinal",
        "has_phrases": false,
        "mode": "value_domain",
        "phrase_count": 0,
        "phrases": [],
        "projection": "webmercator_hash_v1",
        "projection_method": "webmercator_hash_v1",
        "value": 432
      },
      "type": "Feature"
    },
    {
      "geometry": {
        "coordinates": [
          -173.08773,
          -15.95807
        ],
        "type": "Point"
      },
      "properties": {
        "cipher": "Ordinal",
        "has_phrases": false,
        "mode": "value_domain",
        "phrase_count": 0,
        "phrases": [],
        "projection": "webmercator_hash_v1",
        "projection_method": "webmercator_hash_v1",
        "value": 433
      },
      "type": "Feature"
    },
    {
      "geometry": {
        "coordinates": [
          61.2192,
          -64.167665
        ],
        "type": "Point"
      },
      "properties": {
        "cipher": "Ordinal",
        "has_phrases": false,
        "mode": "value_domain",
        "phrase_count": 0,
        "phrases": [],
        "projection": "webmercator_hash_v1",
        "projection_method": "webmercator_hash_v1",
        "value": 434
      },
      "type": "Feature"
    },
    {
      "geometry": {
        "coordinates": [
          91.421962,
          -72.847425
        ],
        "type": "Point"
      },
      "properties": {
        "cipher": "Ordinal",
        "has_phrases": false,
        "mode": "value_domain",
        "phrase_count": 0,
        "phrases": [],
        "projection": "webmercator_hash_v1",
        "projection_method": "webmercator_hash_v1",
        "value": 435
      },
      "type": "Feature"
    },
    {
      "geometry": {
        "coordinates": [
          -103.389999,
          73.66685
        ],
        "type": "Point"
      },
      "properties": {
        "cipher": "Ordinal",
        "has_phrases": false,
        "mode": "value_domain",
        "phrase_count": 0,
        "phrases": [],
        "projection": "webmercator_hash_v1",
        "projection_method": "webmercator_hash_v1",
        "value": 436
      },
      "type": "Feature"
    },
    {
      "geometry": {
        "coordinates": [
          138.776853,
          -59.281357
        ],
        "type": "Point"
      },
      "properties": {
        "cipher": "Ordinal",
        "has_phrases": false,
        "mode": "value_domain",
        "phrase_count": 0,
        "phrases": [],
        "projection": "webmercator_hash_v1",
        "projection_method": "webmercator_hash_v1",
        "value": 437
      },
      "type": "Feature"
    },
    {
      "geometry": {
        "coordinates": [
          -165.964287,
          64.041907
        ],
        "type": "Point"
      },
      "properties": {
        "cipher": "Ordinal",
        "has_phrases": false,
        "mode": "value_domain",
        "phrase_count": 0,
        "phrases": [],
        "projection": "webmercator_hash_v1",
        "projection_method": "webmercator_hash_v1",
        "value": 438
      },
      "type": "Feature"
    },
    {
      "geometry": {
        "coordinates": [
          -72.605032,
          80.138597
        ],
        "type": "Point"
      },
      "properties": {
        "cipher": "Ordinal",
        "has_phrases": false,
        "mode": "value_domain",
        "phrase_count": 0,
        "phrases": [],
        "projection": "webmercator_hash_v1",
        "projection_method": "webmercator_hash_v1",
        "value": 439
      },
      "type": "Feature"
    },
    {
      "geometry": {
        "coordinates": [
          -95.654327,
          -82.076803
        ],
        "type": "Point"
      },
      "properties": {
        "cipher": "Ordinal",
        "has_phrases": false,
        "mode": "value_domain",
        "phrase_count": 0,
        "phrases": [],
        "projection": "webmercator_hash_v1",
        "projection_method": "webmercator_hash_v1",
        "value": 440
      },
      "type": "Feature"
    },
    {
      "geometry": {
        "coordinates": [
          -174.078683,
          84.199868
        ],
        "type": "Point"
      },
      "properties": {
        "cipher": "Ordinal",
        "has_phrases": false,
        "mode": "value_domain",
        "phrase_count": 0,
        "phrases": [],
        "projection": "webmercator_hash_v1",
        "projection_method": "webmercator_hash_v1",
        "value": 441
      },
      "type": "Feature"
    },
    {
      "geometry": {
        "coordinates": [
          -147.866536,
          -68.032998
        ],
        "type": "Point"
      },
      "properties": {
        "cipher": "Ordinal",
        "has_phrases": false,
        "mode": "value_domain",
        "phrase_count": 0,
        "phrases": [],
        "projection": "webmercator_hash_v1",
        "projection_method": "webmercator_hash_v1",
        "value": 442
      },
      "type": "Feature"
    },
    {
      "geometry": {
        "coordinates": [
          84.720474,
          5.759629
        ],
        "type": "Point"
      },
      "properties": {
        "cipher": "Ordinal",
        "has_phrases": false,
        "mode": "value_domain",
        "phrase_count": 0,
        "phrases": [],
        "projection": "webmercator_hash_v1",
        "projection_method": "webmercator_hash_v1",
        "value": 443
      },
      "type": "Feature"
    },
    {
      "geometry": {
        "coordinates": [
          78.837976,
          46.343286
        ],
        "type": "Point"
      },
      "properties": {
        "cipher": "Ordinal",
        "has_phrases": false,
        "mode": "value_domain",
        "phrase_count": 0,
        "phrases": [],
        "projection": "webmercator_hash_v1",
        "projection_method": "webmercator_hash_v1",
        "value": 444
      },
      "type": "Feature"
    },
    {
      "geometry": {
        "coordinates": [
          -97.958108,
          60.139757
        ],
        "type": "Point"
      },
      "properties": {
        "cipher": "Ordinal",
        "has_phrases": false,
        "mode": "value_domain",
        "phrase_count": 0,
        "phrases": [],
        "projection": "webmercator_hash_v1",
        "projection_method": "webmercator_hash_v1",
        "value": 445
      },
      "type": "Feature"
    },
    {
      "geometry": {
        "coordinates": [
          -103.491783,
          -30.353976
        ],
        "type": "Point"
      },
      "properties": {
        "cipher": "Ordinal",
        "has_phrases": false,
        "mode": "value_domain",
        "phrase_count": 0,
        "phrases": [],
        "projection": "webmercator_hash_v1",
        "projection_method": "webmercator_hash_v1",
        "value": 446
      },
      "type": "Feature"
    },
    {
      "geometry": {
        "coordinates": [
          -103.699522,
          9.480469
        ],
        "type": "Point"
      },
      "properties": {
        "cipher": "Ordinal",
        "has_phrases": false,
        "mode": "value_domain",
        "phrase_count": 0,
        "phrases": [],
        "projection": "webmercator_hash_v1",
        "projection_method": "webmercator_hash_v1",
        "value": 447
      },
      "type": "Feature"
    },
    {
      "geometry": {
        "coordinates": [
          -141.963109,
          -39.092894
        ],
        "type": "Point"
      },
      "properties": {
        "cipher": "Ordinal",
        "has_phrases": false,
        "mode": "value_domain",
        "phrase_count": 0,
        "phrases": [],
        "projection": "webmercator_hash_v1",
        "projection_method": "webmercator_hash_v1",
        "value": 448
      },
      "type": "Feature"
    },
    {
      "geometry": {
        "coordinates": [
          -6.267771,
          -64.957865
        ],
        "type": "Point"
      },
      "properties": {
        "cipher": "Ordinal",
        "has_phrases": false,
        "mode": "value_domain",
        "phrase_count": 0,
        "phrases": [],
        "projection": "webmercator_hash_v1",
        "projection_method": "webmercator_hash_v1",
        "value": 449
      },
      "type": "Feature"
    },
    {
      "geometry": {
        "coordinates": [
          94.544854,
          22.306921
        ],
        "type": "Point"
      },
      "properties": {
        "cipher": "Ordinal",
        "has_phrases": false,
        "mode": "value_domain",
        "phrase_count": 0,
        "phrases": [],
        "projection": "webmercator_hash_v1",
        "projection_method": "webmercator_hash_v1",
        "value": 450
      },
      "type": "Feature"
    },
    {
      "geometry": {
        "coordinates": [
          -124.571586,
          69.304373
        ],
        "type": "Point"
      },
      "properties": {
        "cipher": "Ordinal",
        "has_phrases": false,
        "mode": "value_domain",
        "phrase_count": 0,
        "phrases": [],
        "projection": "webmercator_hash_v1",
        "projection_method": "webmercator_hash_v1",
        "value": 451
      },
      "type": "Feature"
    },
    {
      "geometry": {
        "coordinates": [
          -13.246809,
          -13.317597
        ],
        "type": "Point"
      },
      "properties": {
        "cipher": "Ordinal",
        "has_phrases": false,
        "mode": "value_domain",
        "phrase_count": 0,
        "phrases": [],
        "projection": "webmercator_hash_v1",
        "projection_method": "webmercator_hash_v1",
        "value": 452
      },
      "type": "Feature"
    },
    {
      "geometry": {
        "coordinates": [
          -26.229151,
          39.425557
        ],
        "type": "Point"
      },
      "properties": {
        "cipher": "Ordinal",
        "has_phrases": false,
        "mode": "value_domain",
        "phrase_count": 0,
        "phrases": [],
        "projection": "webmercator_hash_v1",
        "projection_method": "webmercator_hash_v1",
        "value": 453
      },
      "type": "Feature"
    },
    {
      "geometry": {
        "coordinates": [
          -129.518736,
          69.069591
        ],
        "type": "Point"
      },
      "properties": {
        "cipher": "Ordinal",
        "has_phrases": false,
        "mode": "value_domain",
        "phrase_count": 0,
        "phrases": [],
        "projection": "webmercator_hash_v1",
        "projection_method": "webmercator_hash_v1",
        "value": 454
      },
      "type": "Feature"
    },
    {
      "geometry": {
        "coordinates": [
          -168.197457,
          7.295649
        ],
        "type": "Point"
      },
      "properties": {
        "cipher": "Ordinal",
        "has_phrases": false,
        "mode": "value_domain",
        "phrase_count": 0,
        "phrases": [],
        "projection": "webmercator_hash_v1",
        "projection_method": "webmercator_hash_v1",
        "value": 455
      },
      "type": "Feature"
    },
    {
      "geometry": {
        "coordinates": [
          75.365059,
          -3.446334
        ],
        "type": "Point"
      },
      "properties": {
        "cipher": "Ordinal",
        "has_phrases": false,
        "mode": "value_domain",
        "phrase_count": 0,
        "phrases": [],
        "projection": "webmercator_hash_v1",
        "projection_method": "webmercator_hash_v1",
        "value": 456
      },
      "type": "Feature"
    },
    {
      "geometry": {
        "coordinates": [
          -139.114563,
          -58.35762
        ],
        "type": "Point"
      },
      "properties": {
        "cipher": "Ordinal",
        "has_phrases": false,
        "mode": "value_domain",
        "phrase_count": 0,
        "phrases": [],
        "projection": "webmercator_hash_v1",
        "projection_method": "webmercator_hash_v1",
        "value": 457
      },
      "type": "Feature"
    },
    {
      "geometry": {
        "coordinates": [
          8.090621,
          62.226641
        ],
        "type": "Point"
      },
      "properties": {
        "cipher": "Ordinal",
        "has_phrases": false,
        "mode": "value_domain",
        "phrase_count": 0,
        "phrases": [],
        "projection": "webmercator_hash_v1",
        "projection_method": "webmercator_hash_v1",
        "value": 458
      },
      "type": "Feature"
    },
    {
      "geometry": {
        "coordinates": [
          154.048432,
          79.52314
        ],
        "type": "Point"
      },
      "properties": {
        "cipher": "Ordinal",
        "has_phrases": false,
        "mode": "value_domain",
        "phrase_count": 0,
        "phrases": [],
        "projection": "webmercator_hash_v1",
        "projection_method": "webmercator_hash_v1",
        "value": 459
      },
      "type": "Feature"
    },
    {
      "geometry": {
        "coordinates": [
          -88.557286,
          81.013843
        ],
        "type": "Point"
      },
      "properties": {
        "cipher": "Ordinal",
        "has_phrases": false,
        "mode": "value_domain",
        "phrase_count": 0,
        "phrases": [],
        "projection": "webmercator_hash_v1",
        "projection_method": "webmercator_hash_v1",
        "value": 460
      },
      "type": "Feature"
    },
    {
      "geometry": {
        "coordinates": [
          101.094162,
          -74.207303
        ],
        "type": "Point"
      },
      "properties": {
        "cipher": "Ordinal",
        "has_phrases": false,
        "mode": "value_domain",
        "phrase_count": 0,
        "phrases": [],
        "projection": "webmercator_hash_v1",
        "projection_method": "webmercator_hash_v1",
        "value": 461
      },
      "type": "Feature"
    },
    {
      "geometry": {
        "coordinates": [
          -47.37369,
          -1.568961
        ],
        "type": "Point"
      },
      "properties": {
        "cipher": "Ordinal",
        "has_phrases": false,
        "mode": "value_domain",
        "phrase_count": 0,
        "phrases": [],
        "projection": "webmercator_hash_v1",
        "projection_method": "webmercator_hash_v1",
        "value": 462
      },
      "type": "Feature"
    },
    {
      "geometry": {
        "coordinates": [
          100.921762,
          26.015219
        ],
        "type": "Point"
      },
      "properties": {
        "cipher": "Ordinal",
        "has_phrases": false,
        "mode": "value_domain",
        "phrase_count": 0,
        "phrases": [],
        "projection": "webmercator_hash_v1",
        "projection_method": "webmercator_hash_v1",
        "value": 463
      },
      "type": "Feature"
    },
    {
      "geometry": {
        "coordinates": [
          79.256931,
          -40.69879
        ],
        "type": "Point"
      },
      "properties": {
        "cipher": "Ordinal",
        "has_phrases": false,
        "mode": "value_domain",
        "phrase_count": 0,
        "phrases": [],
        "projection": "webmercator_hash_v1",
        "projection_method": "webmercator_hash_v1",
        "value": 464
      },
      "type": "Feature"
    },
    {
      "geometry": {
        "coordinates": [
          130.462144,
          54.0605
        ],
        "type": "Point"
      },
      "properties": {
        "cipher": "Ordinal",
        "has_phrases": false,
        "mode": "value_domain",
        "phrase_count": 0,
        "phrases": [],
        "projection": "webmercator_hash_v1",
        "projection_method": "webmercator_hash_v1",
        "value": 465
      },
      "type": "Feature"
    },
    {
      "geometry": {
        "coordinates": [
          -130.906922,
          39.739913
        ],
        "type": "Point"
      },
      "properties": {
        "cipher": "Ordinal",
        "has_phrases": false,
        "mode": "value_domain",
        "phrase_count": 0,
        "phrases": [],
        "projection": "webmercator_hash_v1",
        "projection_method": "webmercator_hash_v1",
        "value": 466
      },
      "type": "Feature"
    },
    {
      "geometry": {
        "coordinates": [
          -52.673909,
          55.602051
        ],
        "type": "Point"
      },
      "properties": {
        "cipher": "Ordinal",
        "has_phrases": false,
        "mode": "value_domain",
        "phrase_count": 0,
        "phrases": [],
        "projection": "webmercator_hash_v1",
        "projection_method": "webmercator_hash_v1",
        "value": 467
      },
      "type": "Feature"
    },
    {
      "geometry": {
        "coordinates": [
          83.580914,
          58.903226
        ],
        "type": "Point"
      },
      "properties": {
        "cipher": "Ordinal",
        "has_phrases": false,
        "mode": "value_domain",
        "phrase_count": 0,
        "phrases": [],
        "projection": "webmercator_hash_v1",
        "projection_method": "webmercator_hash_v1",
        "value": 468
      },
      "type": "Feature"
    },
    {
      "geometry": {
        "coordinates": [
          -133.135362,
          19.788898
        ],
        "type": "Point"
      },
      "properties": {
        "cipher": "Ordinal",
        "has_phrases": false,
        "mode": "value_domain",
        "phrase_count": 0,
        "phrases": [],
        "projection": "webmercator_hash_v1",
        "projection_method": "webmercator_hash_v1",
        "value": 469
      },
      "type": "Feature"
    },
    {
      "geometry": {
        "coordinates": [
          -79.469149,
          -66.182808
        ],
        "type": "Point"
      },
      "properties": {
        "cipher": "Ordinal",
        "has_phrases": false,
        "mode": "value_domain",
        "phrase_count": 0,
        "phrases": [],
        "projection": "webmercator_hash_v1",
        "projection_method": "webmercator_hash_v1",
        "value": 470
      },
      "type": "Feature"
    },
    {
      "geometry": {
        "coordinates": [
          169.976471,
          -36.274002
        ],
        "type": "Point"
      },
      "properties": {
        "cipher": "Ordinal",
        "has_phrases": false,
        "mode": "value_domain",
        "phrase_count": 0,
        "phrases": [],
        "projection": "webmercator_hash_v1",
        "projection_method": "webmercator_hash_v1",
        "value": 471
      },
      "type": "Feature"
    },
    {
      "geometry": {
        "coordinates": [
          -24.707572,
          31.269156
        ],
        "type": "Point"
      },
      "properties": {
        "cipher": "Ordinal",
        "has_phrases": false,
        "mode": "value_domain",
        "phrase_count": 0,
        "phrases": [],
        "projection": "webmercator_hash_v1",
        "projection_method": "webmercator_hash_v1",
        "value": 472
      },
      "type": "Feature"
    },
    {
      "geometry": {
        "coordinates": [
          133.421937,
          -42.078905
        ],
        "type": "Point"
      },
      "properties": {
        "cipher": "Ordinal",
        "has_phrases": false,
        "mode": "value_domain",
        "phrase_count": 0,
        "phrases": [],
        "projection": "webmercator_hash_v1",
        "projection_method": "webmercator_hash_v1",
        "value": 473
      },
      "type": "Feature"
    },
    {
      "geometry": {
        "coordinates": [
          127.447773,
          18.047711
        ],
        "type": "Point"
      },
      "properties": {
        "cipher": "Ordinal",
        "has_phrases": false,
        "mode": "value_domain",
        "phrase_count": 0,
        "phrases": [],
        "projection": "webmercator_hash_v1",
        "projection_method": "webmercator_hash_v1",
        "value": 474
      },
      "type": "Feature"
    },
    {
      "geometry": {
        "coordinates": [
          -127.328011,
          -24.967868
        ],
        "type": "Point"
      },
      "properties": {
        "cipher": "Ordinal",
        "has_phrases": false,
        "mode": "value_domain",
        "phrase_count": 0,
        "phrases": [],
        "projection": "webmercator_hash_v1",
        "projection_method": "webmercator_hash_v1",
        "value": 475
      },
      "type": "Feature"
    },
    {
      "geometry": {
        "coordinates": [
          -172.268979,
          4.188275
        ],
        "type": "Point"
      },
      "properties": {
        "cipher": "Ordinal",
        "has_phrases": false,
        "mode": "value_domain",
        "phrase_count": 0,
        "phrases": [],
        "projection": "webmercator_hash_v1",
        "projection_method": "webmercator_hash_v1",
        "value": 476
      },
      "type": "Feature"
    },
    {
      "geometry": {
        "coordinates": [
          -118.342698,
          -78.817934
        ],
        "type": "Point"
      },
      "properties": {
        "cipher": "Ordinal",
        "has_phrases": false,
        "mode": "value_domain",
        "phrase_count": 0,
        "phrases": [],
        "projection": "webmercator_hash_v1",
        "projection_method": "webmercator_hash_v1",
        "value": 477
      },
      "type": "Feature"
    },
    {
      "geometry": {
        "coordinates": [
          -169.75732,
          14.265662
        ],
        "type": "Point"
      },
      "properties": {
        "cipher": "Ordinal",
        "has_phrases": false,
        "mode": "value_domain",
        "phrase_count": 0,
        "phrases": [],
        "projection": "webmercator_hash_v1",
        "projection_method": "webmercator_hash_v1",
        "value": 478
      },
      "type": "Feature"
    },
    {
      "geometry": {
        "coordinates": [
          -119.140996,
          4.015809
        ],
        "type": "Point"
      },
      "properties": {
        "cipher": "Ordinal",
        "has_phrases": false,
        "mode": "value_domain",
        "phrase_count": 0,
        "phrases": [],
        "projection": "webmercator_hash_v1",
        "projection_method": "webmercator_hash_v1",
        "value": 479
      },
      "type": "Feature"
    },
    {
      "geometry": {
        "coordinates": [
          140.672642,
          15.868885
        ],
        "type": "Point"
      },
      "properties": {
        "cipher": "Ordinal",
        "has_phrases": false,
        "mode": "value_domain",
        "phrase_count": 0,
        "phrases": [],
        "projection": "webmercator_hash_v1",
        "projection_method": "webmercator_hash_v1",
        "value": 480
      },
      "type": "Feature"
    },
    {
      "geometry": {
        "coordinates": [
          -28.901083,
          39.029267
        ],
        "type": "Point"
      },
      "properties": {
        "cipher": "Ordinal",
        "has_phrases": false,
        "mode": "value_domain",
        "phrase_count": 0,
        "phrases": [],
        "projection": "webmercator_hash_v1",
        "projection_method": "webmercator_hash_v1",
        "value": 481
      },
      "type": "Feature"
    },
    {
      "geometry": {
        "coordinates": [
          171.19692,
          12.545318
        ],
        "type": "Point"
      },
      "properties": {
        "cipher": "Ordinal",
        "has_phrases": false,
        "mode": "value_domain",
        "phrase_count": 0,
        "phrases": [],
        "projection": "webmercator_hash_v1",
        "projection_method": "webmercator_hash_v1",
        "value": 482
      },
      "type": "Feature"
    },
    {
      "geometry": {
        "coordinates": [
          -85.678856,
          -59.750187
        ],
        "type": "Point"
      },
      "properties": {
        "cipher": "Ordinal",
        "has_phrases": false,
        "mode": "value_domain",
        "phrase_count": 0,
        "phrases": [],
        "projection": "webmercator_hash_v1",
        "projection_method": "webmercator_hash_v1",
        "value": 483
      },
      "type": "Feature"
    },
    {
      "geometry": {
        "coordinates": [
          -123.74884,
          66.113223
        ],
        "type": "Point"
      },
      "properties": {
        "cipher": "Ordinal",
        "has_phrases": false,
        "mode": "value_domain",
        "phrase_count": 0,
        "phrases": [],
        "projection": "webmercator_hash_v1",
        "projection_method": "webmercator_hash_v1",
        "value": 484
      },
      "type": "Feature"
    },
    {
      "geometry": {
        "coordinates": [
          44.646781,
          -60.169821
        ],
        "type": "Point"
      },
      "properties": {
        "cipher": "Ordinal",
        "has_phrases": false,
        "mode": "value_domain",
        "phrase_count": 0,
        "phrases": [],
        "projection": "webmercator_hash_v1",
        "projection_method": "webmercator_hash_v1",
        "value": 485
      },
      "type": "Feature"
    },
    {
      "geometry": {
        "coordinates": [
          108.013932,
          23.05552
        ],
        "type": "Point"
      },
      "properties": {
        "cipher": "Ordinal",
        "has_phrases": false,
        "mode": "value_domain",
        "phrase_count": 0,
        "phrases": [],
        "projection": "webmercator_hash_v1",
        "projection_method": "webmercator_hash_v1",
        "value": 486
      },
      "type": "Feature"
    },
    {
      "geometry": {
        "coordinates": [
          -13.420459,
          49.146884
        ],
        "type": "Point"
      },
      "properties": {
        "cipher": "Ordinal",
        "has_phrases": false,
        "mode": "value_domain",
        "phrase_count": 0,
        "phrases": [],
        "projection": "webmercator_hash_v1",
        "projection_method": "webmercator_hash_v1",
        "value": 487
      },
      "type": "Feature"
    },
    {
      "geometry": {
        "coordinates": [
          47.062251,
          3.44768
        ],
        "type": "Point"
      },
      "properties": {
        "cipher": "Ordinal",
        "has_phrases": false,
        "mode": "value_domain",
        "phrase_count": 0,
        "phrases": [],
        "projection": "webmercator_hash_v1",
        "projection_method": "webmercator_hash_v1",
        "value": 488
      },
      "type": "Feature"
    },
    {
      "geometry": {
        "coordinates": [
          122.128259,
          -29.327647
        ],
        "type": "Point"
      },
      "properties": {
        "cipher": "Ordinal",
        "has_phrases": false,
        "mode": "value_domain",
        "phrase_count": 0,
        "phrases": [],
        "projection": "webmercator_hash_v1",
        "projection_method": "webmercator_hash_v1",
        "value": 489
      },
      "type": "Feature"
    },
    {
      "geometry": {
        "coordinates": [
          -159.505806,
          44.274556
        ],
        "type": "Point"
      },
      "properties": {
        "cipher": "Ordinal",
        "has_phrases": false,
        "mode": "value_domain",
        "phrase_count": 0,
        "phrases": [],
        "projection": "webmercator_hash_v1",
        "projection_method": "webmercator_hash_v1",
        "value": 490
      },
      "type": "Feature"
    },
    {
      "geometry": {
        "coordinates": [
          -87.550384,
          -72.840453
        ],
        "type": "Point"
      },
      "properties": {
        "cipher": "Ordinal",
        "has_phrases": false,
        "mode": "value_domain",
        "phrase_count": 0,
        "phrases": [],
        "projection": "webmercator_hash_v1",
        "projection_method": "webmercator_hash_v1",
        "value": 491
      },
      "type": "Feature"
    },
    {
      "geometry": {
        "coordinates": [
          -104.071629,
          75.604125
        ],
        "type": "Point"
      },
      "properties": {
        "cipher": "Ordinal",
        "has_phrases": false,
        "mode": "value_domain",
        "phrase_count": 0,
        "phrases": [],
        "projection": "webmercator_hash_v1",
        "projection_method": "webmercator_hash_v1",
        "value": 492
      },
      "type": "Feature"
    },
    {
      "geometry": {
        "coordinates": [
          -132.459984,
          -22.994776
        ],
        "type": "Point"
      },
      "properties": {
        "cipher": "Ordinal",
        "has_phrases": false,
        "mode": "value_domain",
        "phrase_count": 0,
        "phrases": [],
        "projection": "webmercator_hash_v1",
        "projection_method": "webmercator_hash_v1",
        "value": 493
      },
      "type": "Feature"
    },
    {
      "geometry": {
        "coordinates": [
          53.529647,
          -59.450659
        ],
        "type": "Point"
      },
      "properties": {
        "cipher": "Ordinal",
        "has_phrases": false,
        "mode": "value_domain",
        "phrase_count": 0,
        "phrases": [],
        "projection": "webmercator_hash_v1",
        "projection_method": "webmercator_hash_v1",
        "value": 494
      },
      "type": "Feature"
    },
    {
      "geometry": {
        "coordinates": [
          175.760187,
          -79.403693
        ],
        "type": "Point"
      },
      "properties": {
        "cipher": "Ordinal",
        "has_phrases": false,
        "mode": "value_domain",
        "phrase_count": 0,
        "phrases": [],
        "projection": "webmercator_hash_v1",
        "projection_method": "webmercator_hash_v1",
        "value": 495
      },
      "type": "Feature"
    },
    {
      "geometry": {
        "coordinates": [
          177.572851,
          19.155612
        ],
        "type": "Point"
      },
      "properties": {
        "cipher": "Ordinal",
        "has_phrases": false,
        "mode": "value_domain",
        "phrase_count": 0,
        "phrases": [],
        "projection": "webmercator_hash_v1",
        "projection_method": "webmercator_hash_v1",
        "value": 496
      },
      "type": "Feature"
    },
    {
      "geometry": {
        "coordinates": [
          72.757179,
          -47.954402
        ],
        "type": "Point"
      },
      "properties": {
        "cipher": "Ordinal",
        "has_phrases": false,
        "mode": "value_domain",
        "phrase_count": 0,
        "phrases": [],
        "projection": "webmercator_hash_v1",
        "projection_method": "webmercator_hash_v1",
        "value": 497
      },
      "type": "Feature"
    },
    {
      "geometry": {
        "coordinates": [
          -179.930723,
          7.722028
        ],
        "type": "Point"
      },
      "properties": {
        "cipher": "Ordinal",
        "has_phrases": false,
        "mode": "value_domain",
        "phrase_count": 0,
        "phrases": [],
        "projection": "webmercator_hash_v1",
        "projection_method": "webmercator_hash_v1",
        "value": 498
      },
      "type": "Feature"
    },
    {
      "geometry": {
        "coordinates": [
          63.031276,
          -7.019604
        ],
        "type": "Point"
      },
      "properties": {
        "cipher": "Ordinal",
        "has_phrases": false,
        "mode": "value_domain",
        "phrase_count": 0,
        "phrases": [],
        "projection": "webmercator_hash_v1",
        "projection_method": "webmercator_hash_v1",
        "value": 499
      },
      "type": "Feature"
    },
    {
      "geometry": {
        "coordinates": [
          77.410036,
          -78.998237
        ],
        "type": "Point"
      },
      "properties": {
        "cipher": "Ordinal",
        "has_phrases": false,
        "mode": "value_domain",
        "phrase_count": 0,
        "phrases": [],
        "projection": "webmercator_hash_v1",
        "projection_method": "webmercator_hash_v1",
        "value": 500
      },
      "type": "Feature"
    },
    {
      "geometry": {
        "coordinates": [
          -132.671302,
          -30.463883
        ],
        "type": "Point"
      },
      "properties": {
        "cipher": "Ordinal",
        "has_phrases": false,
        "mode": "value_domain",
        "phrase_count": 0,
        "phrases": [],
        "projection": "webmercator_hash_v1",
        "projection_method": "webmercator_hash_v1",
        "value": 501
      },
      "type": "Feature"
    },
    {
      "geometry": {
        "coordinates": [
          126.484973,
          39.180991
        ],
        "type": "Point"
      },
      "properties": {
        "cipher": "Ordinal",
        "has_phrases": false,
        "mode": "value_domain",
        "phrase_count": 0,
        "phrases": [],
        "projection": "webmercator_hash_v1",
        "projection_method": "webmercator_hash_v1",
        "value": 502
      },
      "type": "Feature"
    },
    {
      "geometry": {
        "coordinates": [
          -47.367827,
          56.867015
        ],
        "type": "Point"
      },
      "properties": {
        "cipher": "Ordinal",
        "has_phrases": false,
        "mode": "value_domain",
        "phrase_count": 0,
        "phrases": [],
        "projection": "webmercator_hash_v1",
        "projection_method": "webmercator_hash_v1",
        "value": 503
      },
      "type": "Feature"
    },
    {
      "geometry": {
        "coordinates": [
          64.975432,
          -48.491577
        ],
        "type": "Point"
      },
      "properties": {
        "cipher": "Ordinal",
        "has_phrases": false,
        "mode": "value_domain",
        "phrase_count": 0,
        "phrases": [],
        "projection": "webmercator_hash_v1",
        "projection_method": "webmercator_hash_v1",
        "value": 504
      },
      "type": "Feature"
    },
    {
      "geometry": {
        "coordinates": [
          31.603678,
          54.557152
        ],
        "type": "Point"
      },
      "properties": {
        "cipher": "Ordinal",
        "has_phrases": false,
        "mode": "value_domain",
        "phrase_count": 0,
        "phrases": [],
        "projection": "webmercator_hash_v1",
        "projection_method": "webmercator_hash_v1",
        "value": 505
      },
      "type": "Feature"
    },
    {
      "geometry": {
        "coordinates": [
          165.796105,
          -16.197582
        ],
        "type": "Point"
      },
      "properties": {
        "cipher": "Ordinal",
        "has_phrases": false,
        "mode": "value_domain",
        "phrase_count": 0,
        "phrases": [],
        "projection": "webmercator_hash_v1",
        "projection_method": "webmercator_hash_v1",
        "value": 506
      },
      "type": "Feature"
    },
    {
      "geometry": {
        "coordinates": [
          125.794235,
          -10.095862
        ],
        "type": "Point"
      },
      "properties": {
        "cipher": "Ordinal",
        "has_phrases": false,
        "mode": "value_domain",
        "phrase_count": 0,
        "phrases": [],
        "projection": "webmercator_hash_v1",
        "projection_method": "webmercator_hash_v1",
        "value": 507
      },
      "type": "Feature"
    },
    {
      "geometry": {
        "coordinates": [
          118.32713,
          5.467071
        ],
        "type": "Point"
      },
      "properties": {
        "cipher": "Ordinal",
        "has_phrases": false,
        "mode": "value_domain",
        "phrase_count": 0,
        "phrases": [],
        "projection": "webmercator_hash_v1",
        "projection_method": "webmercator_hash_v1",
        "value": 508
      },
      "type": "Feature"
    },
    {
      "geometry": {
        "coordinates": [
          89.679114,
          -43.366011
        ],
        "type": "Point"
      },
      "properties": {
        "cipher": "Ordinal",
        "has_phrases": false,
        "mode": "value_domain",
        "phrase_count": 0,
        "phrases": [],
        "projection": "webmercator_hash_v1",
        "projection_method": "webmercator_hash_v1",
        "value": 509
      },
      "type": "Feature"
    },
    {
      "geometry": {
        "coordinates": [
          -44.87388,
          -34.386501
        ],
        "type": "Point"
      },
      "properties": {
        "cipher": "Ordinal",
        "has_phrases": false,
        "mode": "value_domain",
        "phrase_count": 0,
        "phrases": [],
        "projection": "webmercator_hash_v1",
        "projection_method": "webmercator_hash_v1",
        "value": 510
      },
      "type": "Feature"
    },
    {
      "geometry": {
        "coordinates": [
          -41.755343,
          16.093224
        ],
        "type": "Point"
      },
      "properties": {
        "cipher": "Ordinal",
        "has_phrases": false,
        "mode": "value_domain",
        "phrase_count": 0,
        "phrases": [],
        "projection": "webmercator_hash_v1",
        "projection_method": "webmercator_hash_v1",
        "value": 511
      },
      "type": "Feature"
    },
    {
      "geometry": {
        "coordinates": [
          89.795984,
          74.236101
        ],
        "type": "Point"
      },
      "properties": {
        "cipher": "Ordinal",
        "has_phrases": false,
        "mode": "value_domain",
        "phrase_count": 0,
        "phrases": [],
        "projection": "webmercator_hash_v1",
        "projection_method": "webmercator_hash_v1",
        "value": 512
      },
      "type": "Feature"
    },
    {
      "geometry": {
        "coordinates": [
          155.972197,
          84.874883
        ],
        "type": "Point"
      },
      "properties": {
        "cipher": "Ordinal",
        "has_phrases": false,
        "mode": "value_domain",
        "phrase_count": 0,
        "phrases": [],
        "projection": "webmercator_hash_v1",
        "projection_method": "webmercator_hash_v1",
        "value": 513
      },
      "type": "Feature"
    },
    {
      "geometry": {
        "coordinates": [
          145.257381,
          82.367529
        ],
        "type": "Point"
      },
      "properties": {
        "cipher": "Ordinal",
        "has_phrases": false,
        "mode": "value_domain",
        "phrase_count": 0,
        "phrases": [],
        "projection": "webmercator_hash_v1",
        "projection_method": "webmercator_hash_v1",
        "value": 514
      },
      "type": "Feature"
    },
    {
      "geometry": {
        "coordinates": [
          -175.498541,
          40.054616
        ],
        "type": "Point"
      },
      "properties": {
        "cipher": "Ordinal",
        "has_phrases": false,
        "mode": "value_domain",
        "phrase_count": 0,
        "phrases": [],
        "projection": "webmercator_hash_v1",
        "projection_method": "webmercator_hash_v1",
        "value": 515
      },
      "type": "Feature"
    },
    {
      "geometry": {
        "coordinates": [
          -141.798189,
          -59.193456
        ],
        "type": "Point"
      },
      "properties": {
        "cipher": "Ordinal",
        "has_phrases": false,
        "mode": "value_domain",
        "phrase_count": 0,
        "phrases": [],
        "projection": "webmercator_hash_v1",
        "projection_method": "webmercator_hash_v1",
        "value": 516
      },
      "type": "Feature"
    },
    {
      "geometry": {
        "coordinates": [
          58.781893,
          -10.582522
        ],
        "type": "Point"
      },
      "properties": {
        "cipher": "Ordinal",
        "has_phrases": false,
        "mode": "value_domain",
        "phrase_count": 0,
        "phrases": [],
        "projection": "webmercator_hash_v1",
        "projection_method": "webmercator_hash_v1",
        "value": 517
      },
      "type": "Feature"
    },
    {
      "geometry": {
        "coordinates": [
          -139.588795,
          19.044418
        ],
        "type": "Point"
      },
      "properties": {
        "cipher": "Ordinal",
        "has_phrases": false,
        "mode": "value_domain",
        "phrase_count": 0,
        "phrases": [],
        "projection": "webmercator_hash_v1",
        "projection_method": "webmercator_hash_v1",
        "value": 518
      },
      "type": "Feature"
    },
    {
      "geometry": {
        "coordinates": [
          -95.425219,
          -0.593647
        ],
        "type": "Point"
      },
      "properties": {
        "cipher": "Ordinal",
        "has_phrases": false,
        "mode": "value_domain",
        "phrase_count": 0,
        "phrases": [],
        "projection": "webmercator_hash_v1",
        "projection_method": "webmercator_hash_v1",
        "value": 519
      },
      "type": "Feature"
    },
    {
      "geometry": {
        "coordinates": [
          106.508177,
          -37.808106
        ],
        "type": "Point"
      },
      "properties": {
        "cipher": "Ordinal",
        "has_phrases": false,
        "mode": "value_domain",
        "phrase_count": 0,
        "phrases": [],
        "projection": "webmercator_hash_v1",
        "projection_method": "webmercator_hash_v1",
        "value": 520
      },
      "type": "Feature"
    },
    {
      "geometry": {
        "coordinates": [
          -76.238278,
          81.632207
        ],
        "type": "Point"
      },
      "properties": {
        "cipher": "Ordinal",
        "has_phrases": false,
        "mode": "value_domain",
        "phrase_count": 0,
        "phrases": [],
        "projection": "webmercator_hash_v1",
        "projection_method": "webmercator_hash_v1",
        "value": 521
      },
      "type": "Feature"
    },
    {
      "geometry": {
        "coordinates": [
          -72.591076,
          16.792146
        ],
        "type": "Point"
      },
      "properties": {
        "cipher": "Ordinal",
        "has_phrases": false,
        "mode": "value_domain",
        "phrase_count": 0,
        "phrases": [],
        "projection": "webmercator_hash_v1",
        "projection_method": "webmercator_hash_v1",
        "value": 522
      },
      "type": "Feature"
    },
    {
      "geometry": {
        "coordinates": [
          -56.713546,
          -55.191456
        ],
        "type": "Point"
      },
      "properties": {
        "cipher": "Ordinal",
        "has_phrases": false,
        "mode": "value_domain",
        "phrase_count": 0,
        "phrases": [],
        "projection": "webmercator_hash_v1",
        "projection_method": "webmercator_hash_v1",
        "value": 523
      },
      "type": "Feature"
    },
    {
      "geometry": {
        "coordinates": [
          30.837527,
          -8.616452
        ],
        "type": "Point"
      },
      "properties": {
        "cipher": "Ordinal",
        "has_phrases": false,
        "mode": "value_domain",
        "phrase_count": 0,
        "phrases": [],
        "projection": "webmercator_hash_v1",
        "projection_method": "webmercator_hash_v1",
        "value": 524
      },
      "type": "Feature"
    },
    {
      "geometry": {
        "coordinates": [
          -170.645091,
          39.076452
        ],
        "type": "Point"
      },
      "properties": {
        "cipher": "Ordinal",
        "has_phrases": false,
        "mode": "value_domain",
        "phrase_count": 0,
        "phrases": [],
        "projection": "webmercator_hash_v1",
        "projection_method": "webmercator_hash_v1",
        "value": 525
      },
      "type": "Feature"
    },
    {
      "geometry": {
        "coordinates": [
          117.62272,
          22.01154
        ],
        "type": "Point"
      },
      "properties": {
        "cipher": "Ordinal",
        "has_phrases": false,
        "mode": "value_domain",
        "phrase_count": 0,
        "phrases": [],
        "projection": "webmercator_hash_v1",
        "projection_method": "webmercator_hash_v1",
        "value": 526
      },
      "type": "Feature"
    },
    {
      "geometry": {
        "coordinates": [
          -12.182944,
          20.04204
        ],
        "type": "Point"
      },
      "properties": {
        "cipher": "Ordinal",
        "has_phrases": false,
        "mode": "value_domain",
        "phrase_count": 0,
        "phrases": [],
        "projection": "webmercator_hash_v1",
        "projection_method": "webmercator_hash_v1",
        "value": 527
      },
      "type": "Feature"
    },
    {
      "geometry": {
        "coordinates": [
          -118.716599,
          -52.706379
        ],
        "type": "Point"
      },
      "properties": {
        "cipher": "Ordinal",
        "has_phrases": false,
        "mode": "value_domain",
        "phrase_count": 0,
        "phrases": [],
        "projection": "webmercator_hash_v1",
        "projection_method": "webmercator_hash_v1",
        "value": 528
      },
      "type": "Feature"
    },
    {
      "geometry": {
        "coordinates": [
          143.24968,
          -18.451204
        ],
        "type": "Point"
      },
      "properties": {
        "cipher": "Ordinal",
        "has_phrases": false,
        "mode": "value_domain",
        "phrase_count": 0,
        "phrases": [],
        "projection": "webmercator_hash_v1",
        "projection_method": "webmercator_hash_v1",
        "value": 529
      },
      "type": "Feature"
    },
    {
      "geometry": {
        "coordinates": [
          -148.591678,
          11.775715
        ],
        "type": "Point"
      },
      "properties": {
        "cipher": "Ordinal",
        "has_phrases": false,
        "mode": "value_domain",
        "phrase_count": 0,
        "phrases": [],
        "projection": "webmercator_hash_v1",
        "projection_method": "webmercator_hash_v1",
        "value": 530
      },
      "type": "Feature"
    },
    {
      "geometry": {
        "coordinates": [
          171.103321,
          14.590297
        ],
        "type": "Point"
      },
      "properties": {
        "cipher": "Ordinal",
        "has_phrases": false,
        "mode": "value_domain",
        "phrase_count": 0,
        "phrases": [],
        "projection": "webmercator_hash_v1",
        "projection_method": "webmercator_hash_v1",
        "value": 531
      },
      "type": "Feature"
    },
    {
      "geometry": {
        "coordinates": [
          -105.298928,
          -68.194272
        ],
        "type": "Point"
      },
      "properties": {
        "cipher": "Ordinal",
        "has_phrases": false,
        "mode": "value_domain",
        "phrase_count": 0,
        "phrases": [],
        "projection": "webmercator_hash_v1",
        "projection_method": "webmercator_hash_v1",
        "value": 532
      },
      "type": "Feature"
    },
    {
      "geometry": {
        "coordinates": [
          -6.171664,
          52.222446
        ],
        "type": "Point"
      },
      "properties": {
        "cipher": "Ordinal",
        "has_phrases": false,
        "mode": "value_domain",
        "phrase_count": 0,
        "phrases": [],
        "projection": "webmercator_hash_v1",
        "projection_method": "webmercator_hash_v1",
        "value": 533
      },
      "type": "Feature"
    },
    {
      "geometry": {
        "coordinates": [
          -164.87485,
          82.189463
        ],
        "type": "Point"
      },
      "properties": {
        "cipher": "Ordinal",
        "has_phrases": false,
        "mode": "value_domain",
        "phrase_count": 0,
        "phrases": [],
        "projection": "webmercator_hash_v1",
        "projection_method": "webmercator_hash_v1",
        "value": 534
      },
      "type": "Feature"
    },
    {
      "geometry": {
        "coordinates": [
          177.607847,
          54.174917
        ],
        "type": "Point"
      },
      "properties": {
        "cipher": "Ordinal",
        "has_phrases": false,
        "mode": "value_domain",
        "phrase_count": 0,
        "phrases": [],
        "projection": "webmercator_hash_v1",
        "projection_method": "webmercator_hash_v1",
        "value": 535
      },
      "type": "Feature"
    },
    {
      "geometry": {
        "coordinates": [
          -117.150991,
          -78.121945
        ],
        "type": "Point"
      },
      "properties": {
        "cipher": "Ordinal",
        "has_phrases": false,
        "mode": "value_domain",
        "phrase_count": 0,
        "phrases": [],
        "projection": "webmercator_hash_v1",
        "projection_method": "webmercator_hash_v1",
        "value": 536
      },
      "type": "Feature"
    },
    {
      "geometry": {
        "coordinates": [
          24.04405,
          -45.397304
        ],
        "type": "Point"
      },
      "properties": {
        "cipher": "Ordinal",
        "has_phrases": false,
        "mode": "value_domain",
        "phrase_count": 0,
        "phrases": [],
        "projection": "webmercator_hash_v1",
        "projection_method": "webmercator_hash_v1",
        "value": 537
      },
      "type": "Feature"
    },
    {
      "geometry": {
        "coordinates": [
          102.116882,
          55.746904
        ],
        "type": "Point"
      },
      "properties": {
        "cipher": "Ordinal",
        "has_phrases": false,
        "mode": "value_domain",
        "phrase_count": 0,
        "phrases": [],
        "projection": "webmercator_hash_v1",
        "projection_method": "webmercator_hash_v1",
        "value": 538
      },
      "type": "Feature"
    },
    {
      "geometry": {
        "coordinates": [
          -85.172973,
          62.518283
        ],
        "type": "Point"
      },
      "properties": {
        "cipher": "Ordinal",
        "has_phrases": false,
        "mode": "value_domain",
        "phrase_count": 0,
        "phrases": [],
        "projection": "webmercator_hash_v1",
        "projection_method": "webmercator_hash_v1",
        "value": 539
      },
      "type": "Feature"
    },
    {
      "geometry": {
        "coordinates": [
          120.647938,
          67.434417
        ],
        "type": "Point"
      },
      "properties": {
        "cipher": "Ordinal",
        "has_phrases": false,
        "mode": "value_domain",
        "phrase_count": 0,
        "phrases": [],
        "projection": "webmercator_hash_v1",
        "projection_method": "webmercator_hash_v1",
        "value": 540
      },
      "type": "Feature"
    },
    {
      "geometry": {
        "coordinates": [
          -32.528484,
          -6.082231
        ],
        "type": "Point"
      },
      "properties": {
        "cipher": "Ordinal",
        "has_phrases": false,
        "mode": "value_domain",
        "phrase_count": 0,
        "phrases": [],
        "projection": "webmercator_hash_v1",
        "projection_method": "webmercator_hash_v1",
        "value": 541
      },
      "type": "Feature"
    },
    {
      "geometry": {
        "coordinates": [
          51.074452,
          27.257919
        ],
        "type": "Point"
      },
      "properties": {
        "cipher": "Ordinal",
        "has_phrases": false,
        "mode": "value_domain",
        "phrase_count": 0,
        "phrases": [],
        "projection": "webmercator_hash_v1",
        "projection_method": "webmercator_hash_v1",
        "value": 542
      },
      "type": "Feature"
    },
    {
      "geometry": {
        "coordinates": [
          166.073875,
          -81.111181
        ],
        "type": "Point"
      },
      "properties": {
        "cipher": "Ordinal",
        "has_phrases": false,
        "mode": "value_domain",
        "phrase_count": 0,
        "phrases": [],
        "projection": "webmercator_hash_v1",
        "projection_method": "webmercator_hash_v1",
        "value": 543
      },
      "type": "Feature"
    },
    {
      "geometry": {
        "coordinates": [
          -98.772774,
          6.82465
        ],
        "type": "Point"
      },
      "properties": {
        "cipher": "Ordinal",
        "has_phrases": false,
        "mode": "value_domain",
        "phrase_count": 0,
        "phrases": [],
        "projection": "webmercator_hash_v1",
        "projection_method": "webmercator_hash_v1",
        "value": 544
      },
      "type": "Feature"
    },
    {
      "geometry": {
        "coordinates": [
          -88.401483,
          -76.912299
        ],
        "type": "Point"
      },
      "properties": {
        "cipher": "Ordinal",
        "has_phrases": false,
        "mode": "value_domain",
        "phrase_count": 0,
        "phrases": [],
        "projection": "webmercator_hash_v1",
        "projection_method": "webmercator_hash_v1",
        "value": 545
      },
      "type": "Feature"
    },
    {
      "geometry": {
        "coordinates": [
          169.138029,
          -82.278475
        ],
        "type": "Point"
      },
      "properties": {
        "cipher": "Ordinal",
        "has_phrases": false,
        "mode": "value_domain",
        "phrase_count": 0,
        "phrases": [],
        "projection": "webmercator_hash_v1",
        "projection_method": "webmercator_hash_v1",
        "value": 546
      },
      "type": "Feature"
    },
    {
      "geometry": {
        "coordinates": [
          106.422026,
          0.488337
        ],
        "type": "Point"
      },
      "properties": {
        "cipher": "Ordinal",
        "has_phrases": false,
        "mode": "value_domain",
        "phrase_count": 0,
        "phrases": [],
        "projection": "webmercator_hash_v1",
        "projection_method": "webmercator_hash_v1",
        "value": 547
      },
      "type": "Feature"
    },
    {
      "geometry": {
        "coordinates": [
          93.759894,
          -67.214475
        ],
        "type": "Point"
      },
      "properties": {
        "cipher": "Ordinal",
        "has_phrases": false,
        "mode": "value_domain",
        "phrase_count": 0,
        "phrases": [],
        "projection": "webmercator_hash_v1",
        "projection_method": "webmercator_hash_v1",
        "value": 548
      },
      "type": "Feature"
    },
    {
      "geometry": {
        "coordinates": [
          -20.498906,
          18.743135
        ],
        "type": "Point"
      },
      "properties": {
        "cipher": "Ordinal",
        "has_phrases": false,
        "mode": "value_domain",
        "phrase_count": 0,
        "phrases": [],
        "projection": "webmercator_hash_v1",
        "projection_method": "webmercator_hash_v1",
        "value": 549
      },
      "type": "Feature"
    },
    {
      "geometry": {
        "coordinates": [
          30.722684,
          -16.201758
        ],
        "type": "Point"
      },
      "properties": {
        "cipher": "Ordinal",
        "has_phrases": false,
        "mode": "value_domain",
        "phrase_count": 0,
        "phrases": [],
        "projection": "webmercator_hash_v1",
        "projection_method": "webmercator_hash_v1",
        "value": 550
      },
      "type": "Feature"
    },
    {
      "geometry": {
        "coordinates": [
          -145.706908,
          -65.890067
        ],
        "type": "Point"
      },
      "properties": {
        "cipher": "Ordinal",
        "has_phrases": false,
        "mode": "value_domain",
        "phrase_count": 0,
        "phrases": [],
        "projection": "webmercator_hash_v1",
        "projection_method": "webmercator_hash_v1",
        "value": 551
      },
      "type": "Feature"
    },
    {
      "geometry": {
        "coordinates": [
          -33.238356,
          -20.301414
        ],
        "type": "Point"
      },
      "properties": {
        "cipher": "Ordinal",
        "has_phrases": false,
        "mode": "value_domain",
        "phrase_count": 0,
        "phrases": [],
        "projection": "webmercator_hash_v1",
        "projection_method": "webmercator_hash_v1",
        "value": 552
      },
      "type": "Feature"
    },
    {
      "geometry": {
        "coordinates": [
          111.050945,
          -53.72264
        ],
        "type": "Point"
      },
      "properties": {
        "cipher": "Ordinal",
        "has_phrases": false,
        "mode": "value_domain",
        "phrase_count": 0,
        "phrases": [],
        "projection": "webmercator_hash_v1",
        "projection_method": "webmercator_hash_v1",
        "value": 553
      },
      "type": "Feature"
    },
    {
      "geometry": {
        "coordinates": [
          -170.565766,
          4.239528
        ],
        "type": "Point"
      },
      "properties": {
        "cipher": "Ordinal",
        "has_phrases": false,
        "mode": "value_domain",
        "phrase_count": 0,
        "phrases": [],
        "projection": "webmercator_hash_v1",
        "projection_method": "webmercator_hash_v1",
        "value": 554
      },
      "type": "Feature"
    },
    {
      "geometry": {
        "coordinates": [
          -151.496608,
          -40.778945
        ],
        "type": "Point"
      },
      "properties": {
        "cipher": "Ordinal",
        "has_phrases": false,
        "mode": "value_domain",
        "phrase_count": 0,
        "phrases": [],
        "projection": "webmercator_hash_v1",
        "projection_method": "webmercator_hash_v1",
        "value": 555
      },
      "type": "Feature"
    },
    {
      "geometry": {
        "coordinates": [
          -122.943424,
          -63.316316
        ],
        "type": "Point"
      },
      "properties": {
        "cipher": "Ordinal",
        "has_phrases": false,
        "mode": "value_domain",
        "phrase_count": 0,
        "phrases": [],
        "projection": "webmercator_hash_v1",
        "projection_method": "webmercator_hash_v1",
        "value": 556
      },
      "type": "Feature"
    },
    {
      "geometry": {
        "coordinates": [
          -40.233432,
          50.618311
        ],
        "type": "Point"
      },
      "properties": {
        "cipher": "Ordinal",
        "has_phrases": false,
        "mode": "value_domain",
        "phrase_count": 0,
        "phrases": [],
        "projection": "webmercator_hash_v1",
        "projection_method": "webmercator_hash_v1",
        "value": 557
      },
      "type": "Feature"
    },
    {
      "geometry": {
        "coordinates": [
          -148.400708,
          -70.704692
        ],
        "type": "Point"
      },
      "properties": {
        "cipher": "Ordinal",
        "has_phrases": false,
        "mode": "value_domain",
        "phrase_count": 0,
        "phrases": [],
        "projection": "webmercator_hash_v1",
        "projection_method": "webmercator_hash_v1",
        "value": 558
      },
      "type": "Feature"
    },
    {
      "geometry": {
        "coordinates": [
          111.713493,
          25.20167
        ],
        "type": "Point"
      },
      "properties": {
        "cipher": "Ordinal",
        "has_phrases": false,
        "mode": "value_domain",
        "phrase_count": 0,
        "phrases": [],
        "projection": "webmercator_hash_v1",
        "projection_method": "webmercator_hash_v1",
        "value": 559
      },
      "type": "Feature"
    },
    {
      "geometry": {
        "coordinates": [
          -80.8693,
          44.331336
        ],
        "type": "Point"
      },
      "properties": {
        "cipher": "Ordinal",
        "has_phrases": false,
        "mode": "value_domain",
        "phrase_count": 0,
        "phrases": [],
        "projection": "webmercator_hash_v1",
        "projection_method": "webmercator_hash_v1",
        "value": 560
      },
      "type": "Feature"
    },
    {
      "geometry": {
        "coordinates": [
          119.688216,
          -79.747993
        ],
        "type": "Point"
      },
      "properties": {
        "cipher": "Ordinal",
        "has_phrases": false,
        "mode": "value_domain",
        "phrase_count": 0,
        "phrases": [],
        "projection": "webmercator_hash_v1",
        "projection_method": "webmercator_hash_v1",
        "value": 561
      },
      "type": "Feature"
    },
    {
      "geometry": {
        "coordinates": [
          -15.782423,
          -49.229888
        ],
        "type": "Point"
      },
      "properties": {
        "cipher": "Ordinal",
        "has_phrases": false,
        "mode": "value_domain",
        "phrase_count": 0,
        "phrases": [],
        "projection": "webmercator_hash_v1",
        "projection_method": "webmercator_hash_v1",
        "value": 562
      },
      "type": "Feature"
    },
    {
      "geometry": {
        "coordinates": [
          165.145931,
          -65.525435
        ],
        "type": "Point"
      },
      "properties": {
        "cipher": "Ordinal",
        "has_phrases": false,
        "mode": "value_domain",
        "phrase_count": 0,
        "phrases": [],
        "projection": "webmercator_hash_v1",
        "projection_method": "webmercator_hash_v1",
        "value": 563
      },
      "type": "Feature"
    },
    {
      "geometry": {
        "coordinates": [
          -161.580472,
          36.772773
        ],
        "type": "Point"
      },
      "properties": {
        "cipher": "Ordinal",
        "has_phrases": false,
        "mode": "value_domain",
        "phrase_count": 0,
        "phrases": [],
        "projection": "webmercator_hash_v1",
        "projection_method": "webmercator_hash_v1",
        "value": 564
      },
      "type": "Feature"
    },
    {
      "geometry": {
        "coordinates": [
          114.536316,
          -71.499686
        ],
        "type": "Point"
      },
      "properties": {
        "cipher": "Ordinal",
        "has_phrases": false,
        "mode": "value_domain",
        "phrase_count": 0,
        "phrases": [],
        "projection": "webmercator_hash_v1",
        "projection_method": "webmercator_hash_v1",
        "value": 565
      },
      "type": "Feature"
    },
    {
      "geometry": {
        "coordinates": [
          -11.651155,
          63.083745
        ],
        "type": "Point"
      },
      "properties": {
        "cipher": "Ordinal",
        "has_phrases": false,
        "mode": "value_domain",
        "phrase_count": 0,
        "phrases": [],
        "projection": "webmercator_hash_v1",
        "projection_method": "webmercator_hash_v1",
        "value": 566
      },
      "type": "Feature"
    },
    {
      "geometry": {
        "coordinates": [
          39.621455,
          75.290307
        ],
        "type": "Point"
      },
      "properties": {
        "cipher": "Ordinal",
        "has_phrases": false,
        "mode": "value_domain",
        "phrase_count": 0,
        "phrases": [],
        "projection": "webmercator_hash_v1",
        "projection_method": "webmercator_hash_v1",
        "value": 567
      },
      "type": "Feature"
    },
    {
      "geometry": {
        "coordinates": [
          -142.364005,
          -83.560538
        ],
        "type": "Point"
      },
      "properties": {
        "cipher": "Ordinal",
        "has_phrases": false,
        "mode": "value_domain",
        "phrase_count": 0,
        "phrases": [],
        "projection": "webmercator_hash_v1",
        "projection_method": "webmercator_hash_v1",
        "value": 568
      },
      "type": "Feature"
    },
    {
      "geometry": {
        "coordinates": [
          -140.628372,
          -45.82591
        ],
        "type": "Point"
      },
      "properties": {
        "cipher": "Ordinal",
        "has_phrases": false,
        "mode": "value_domain",
        "phrase_count": 0,
        "phrases": [],
        "projection": "webmercator_hash_v1",
        "projection_method": "webmercator_hash_v1",
        "value": 569
      },
      "type": "Feature"
    },
    {
      "geometry": {
        "coordinates": [
          -100.782195,
          -5.646877
        ],
        "type": "Point"
      },
      "properties": {
        "cipher": "Ordinal",
        "has_phrases": false,
        "mode": "value_domain",
        "phrase_count": 0,
        "phrases": [],
        "projection": "webmercator_hash_v1",
        "projection_method": "webmercator_hash_v1",
        "value": 570
      },
      "type": "Feature"
    },
    {
      "geometry": {
        "coordinates": [
          -107.136313,
          8.74044
        ],
        "type": "Point"
      },
      "properties": {
        "cipher": "Ordinal",
        "has_phrases": false,
        "mode": "value_domain",
        "phrase_count": 0,
        "phrases": [],
        "projection": "webmercator_hash_v1",
        "projection_method": "webmercator_hash_v1",
        "value": 571
      },
      "type": "Feature"
    },
    {
      "geometry": {
        "coordinates": [
          -12.146149,
          -77.407788
        ],
        "type": "Point"
      },
      "properties": {
        "cipher": "Ordinal",
        "has_phrases": false,
        "mode": "value_domain",
        "phrase_count": 0,
        "phrases": [],
        "projection": "webmercator_hash_v1",
        "projection_method": "webmercator_hash_v1",
        "value": 572
      },
      "type": "Feature"
    },
    {
      "geometry": {
        "coordinates": [
          36.248966,
          -77.480924
        ],
        "type": "Point"
      },
      "properties": {
        "cipher": "Ordinal",
        "has_phrases": false,
        "mode": "value_domain",
        "phrase_count": 0,
        "phrases": [],
        "projection": "webmercator_hash_v1",
        "projection_method": "webmercator_hash_v1",
        "value": 573
      },
      "type": "Feature"
    },
    {
      "geometry": {
        "coordinates": [
          57.351326,
          -62.386279
        ],
        "type": "Point"
      },
      "properties": {
        "cipher": "Ordinal",
        "has_phrases": false,
        "mode": "value_domain",
        "phrase_count": 0,
        "phrases": [],
        "projection": "webmercator_hash_v1",
        "projection_method": "webmercator_hash_v1",
        "value": 574
      },
      "type": "Feature"
    },
    {
      "geometry": {
        "coordinates": [
          39.076355,
          12.209517
        ],
        "type": "Point"
      },
      "properties": {
        "cipher": "Ordinal",
        "has_phrases": false,
        "mode": "value_domain",
        "phrase_count": 0,
        "phrases": [],
        "projection": "webmercator_hash_v1",
        "projection_method": "webmercator_hash_v1",
        "value": 575
      },
      "type": "Feature"
    },
    {
      "geometry": {
        "coordinates": [
          -143.133356,
          73.340119
        ],
        "type": "Point"
      },
      "properties": {
        "cipher": "Ordinal",
        "has_phrases": false,
        "mode": "value_domain",
        "phrase_count": 0,
        "phrases": [],
        "projection": "webmercator_hash_v1",
        "projection_method": "webmercator_hash_v1",
        "value": 576
      },
      "type": "Feature"
    },
    {
      "geometry": {
        "coordinates": [
          -65.149998,
          -30.138441
        ],
        "type": "Point"
      },
      "properties": {
        "cipher": "Ordinal",
        "has_phrases": false,
        "mode": "value_domain",
        "phrase_count": 0,
        "phrases": [],
        "projection": "webmercator_hash_v1",
        "projection_method": "webmercator_hash_v1",
        "value": 577
      },
      "type": "Feature"
    },
    {
      "geometry": {
        "coordinates": [
          -146.089312,
          -83.654231
        ],
        "type": "Point"
      },
      "properties": {
        "cipher": "Ordinal",
        "has_phrases": false,
        "mode": "value_domain",
        "phrase_count": 0,
        "phrases": [],
        "projection": "webmercator_hash_v1",
        "projection_method": "webmercator_hash_v1",
        "value": 578
      },
      "type": "Feature"
    },
    {
      "geometry": {
        "coordinates": [
          112.028247,
          59.526562
        ],
        "type": "Point"
      },
      "properties": {
        "cipher": "Ordinal",
        "has_phrases": false,
        "mode": "value_domain",
        "phrase_count": 0,
        "phrases": [],
        "projection": "webmercator_hash_v1",
        "projection_method": "webmercator_hash_v1",
        "value": 579
      },
      "type": "Feature"
    },
    {
      "geometry": {
        "coordinates": [
          -72.999635,
          -10.079251
        ],
        "type": "Point"
      },
      "properties": {
        "cipher": "Ordinal",
        "has_phrases": false,
        "mode": "value_domain",
        "phrase_count": 0,
        "phrases": [],
        "projection": "webmercator_hash_v1",
        "projection_method": "webmercator_hash_v1",
        "value": 580
      },
      "type": "Feature"
    },
    {
      "geometry": {
        "coordinates": [
          -44.90147,
          -50.884919
        ],
        "type": "Point"
      },
      "properties": {
        "cipher": "Ordinal",
        "has_phrases": false,
        "mode": "value_domain",
        "phrase_count": 0,
        "phrases": [],
        "projection": "webmercator_hash_v1",
        "projection_method": "webmercator_hash_v1",
        "value": 581
      },
      "type": "Feature"
    },
    {
      "geometry": {
        "coordinates": [
          -114.976742,
          -30.486237
        ],
        "type": "Point"
      },
      "properties": {
        "cipher": "Ordinal",
        "has_phrases": false,
        "mode": "value_domain",
        "phrase_count": 0,
        "phrases": [],
        "projection": "webmercator_hash_v1",
        "projection_method": "webmercator_hash_v1",
        "value": 582
      },
      "type": "Feature"
    },
    {
      "geometry": {
        "coordinates": [
          2.682026,
          -42.671523
        ],
        "type": "Point"
      },
      "properties": {
        "cipher": "Ordinal",
        "has_phrases": false,
        "mode": "value_domain",
        "phrase_count": 0,
        "phrases": [],
        "projection": "webmercator_hash_v1",
        "projection_method": "webmercator_hash_v1",
        "value": 583
      },
      "type": "Feature"
    },
    {
      "geometry": {
        "coordinates": [
          -133.926686,
          40.358926
        ],
        "type": "Point"
      },
      "properties": {
        "cipher": "Ordinal",
        "has_phrases": false,
        "mode": "value_domain",
        "phrase_count": 0,
        "phrases": [],
        "projection": "webmercator_hash_v1",
        "projection_method": "webmercator_hash_v1",
        "value": 584
      },
      "type": "Feature"
    },
    {
      "geometry": {
        "coordinates": [
          -58.990546,
          17.834669
        ],
        "type": "Point"
      },
      "properties": {
        "cipher": "Ordinal",
        "has_phrases": false,
        "mode": "value_domain",
        "phrase_count": 0,
        "phrases": [],
        "projection": "webmercator_hash_v1",
        "projection_method": "webmercator_hash_v1",
        "value": 585
      },
      "type": "Feature"
    },
    {
      "geometry": {
        "coordinates": [
          -18.811948,
          -76.193034
        ],
        "type": "Point"
      },
      "properties": {
        "cipher": "Ordinal",
        "has_phrases": false,
        "mode": "value_domain",
        "phrase_count": 0,
        "phrases": [],
        "projection": "webmercator_hash_v1",
        "projection_method": "webmercator_hash_v1",
        "value": 586
      },
      "type": "Feature"
    },
    {
      "geometry": {
        "coordinates": [
          60.773285,
          42.777772
        ],
        "type": "Point"
      },
      "properties": {
        "cipher": "Ordinal",
        "has_phrases": false,
        "mode": "value_domain",
        "phrase_count": 0,
        "phrases": [],
        "projection": "webmercator_hash_v1",
        "projection_method": "webmercator_hash_v1",
        "value": 587
      },
      "type": "Feature"
    },
    {
      "geometry": {
        "coordinates": [
          74.939102,
          67.852884
        ],
        "type": "Point"
      },
      "properties": {
        "cipher": "Ordinal",
        "has_phrases": false,
        "mode": "value_domain",
        "phrase_count": 0,
        "phrases": [],
        "projection": "webmercator_hash_v1",
        "projection_method": "webmercator_hash_v1",
        "value": 588
      },
      "type": "Feature"
    },
    {
      "geometry": {
        "coordinates": [
          38.374788,
          60.595228
        ],
        "type": "Point"
      },
      "properties": {
        "cipher": "Ordinal",
        "has_phrases": false,
        "mode": "value_domain",
        "phrase_count": 0,
        "phrases": [],
        "projection": "webmercator_hash_v1",
        "projection_method": "webmercator_hash_v1",
        "value": 589
      },
      "type": "Feature"
    },
    {
      "geometry": {
        "coordinates": [
          142.81042,
          78.433016
        ],
        "type": "Point"
      },
      "properties": {
        "cipher": "Ordinal",
        "has_phrases": false,
        "mode": "value_domain",
        "phrase_count": 0,
        "phrases": [],
        "projection": "webmercator_hash_v1",
        "projection_method": "webmercator_hash_v1",
        "value": 590
      },
      "type": "Feature"
    },
    {
      "geometry": {
        "coordinates": [
          -105.298232,
          -67.447474
        ],
        "type": "Point"
      },
      "properties": {
        "cipher": "Ordinal",
        "has_phrases": false,
        "mode": "value_domain",
        "phrase_count": 0,
        "phrases": [],
        "projection": "webmercator_hash_v1",
        "projection_method": "webmercator_hash_v1",
        "value": 591
      },
      "type": "Feature"
    },
    {
      "geometry": {
        "coordinates": [
          19.558204,
          62.779913
        ],
        "type": "Point"
      },
      "properties": {
        "cipher": "Ordinal",
        "has_phrases": false,
        "mode": "value_domain",
        "phrase_count": 0,
        "phrases": [],
        "projection": "webmercator_hash_v1",
        "projection_method": "webmercator_hash_v1",
        "value": 592
      },
      "type": "Feature"
    },
    {
      "geometry": {
        "coordinates": [
          -173.951599,
          60.164544
        ],
        "type": "Point"
      },
      "properties": {
        "cipher": "Ordinal",
        "has_phrases": false,
        "mode": "value_domain",
        "phrase_count": 0,
        "phrases": [],
        "projection": "webmercator_hash_v1",
        "projection_method": "webmercator_hash_v1",
        "value": 593
      },
      "type": "Feature"
    },
    {
      "geometry": {
        "coordinates": [
          -156.330986,
          53.641133
        ],
        "type": "Point"
      },
      "properties": {
        "cipher": "Ordinal",
        "has_phrases": false,
        "mode": "value_domain",
        "phrase_count": 0,
        "phrases": [],
        "projection": "webmercator_hash_v1",
        "projection_method": "webmercator_hash_v1",
        "value": 594
      },
      "type": "Feature"
    },
    {
      "geometry": {
        "coordinates": [
          -77.651702,
          52.978839
        ],
        "type": "Point"
      },
      "properties": {
        "cipher": "Ordinal",
        "has_phrases": false,
        "mode": "value_domain",
        "phrase_count": 0,
        "phrases": [],
        "projection": "webmercator_hash_v1",
        "projection_method": "webmercator_hash_v1",
        "value": 595
      },
      "type": "Feature"
    },
    {
      "geometry": {
        "coordinates": [
          33.202636,
          -2.275564
        ],
        "type": "Point"
      },
      "properties": {
        "cipher": "Ordinal",
        "has_phrases": false,
        "mode": "value_domain",
        "phrase_count": 0,
        "phrases": [],
        "projection": "webmercator_hash_v1",
        "projection_method": "webmercator_hash_v1",
        "value": 596
      },
      "type": "Feature"
    },
    {
      "geometry": {
        "coordinates": [
          137.269668,
          30.447412
        ],
        "type": "Point"
      },
      "properties": {
        "cipher": "Ordinal",
        "has_phrases": false,
        "mode": "value_domain",
        "phrase_count": 0,
        "phrases": [],
        "projection": "webmercator_hash_v1",
        "projection_method": "webmercator_hash_v1",
        "value": 597
      },
      "type": "Feature"
    },
    {
      "geometry": {
        "coordinates": [
          161.728295,
          61.550486
        ],
        "type": "Point"
      },
      "properties": {
        "cipher": "Ordinal",
        "has_phrases": false,
        "mode": "value_domain",
        "phrase_count": 0,
        "phrases": [],
        "projection": "webmercator_hash_v1",
        "projection_method": "webmercator_hash_v1",
        "value": 598
      },
      "type": "Feature"
    },
    {
      "geometry": {
        "coordinates": [
          -178.205394,
          8.09572
        ],
        "type": "Point"
      },
      "properties": {
        "cipher": "Ordinal",
        "has_phrases": false,
        "mode": "value_domain",
        "phrase_count": 0,
        "phrases": [],
        "projection": "webmercator_hash_v1",
        "projection_method": "webmercator_hash_v1",
        "value": 599
      },
      "type": "Feature"
    },
    {
      "geometry": {
        "coordinates": [
          169.914547,
          43.320365
        ],
        "type": "Point"
      },
      "properties": {
        "cipher": "Ordinal",
        "has_phrases": false,
        "mode": "value_domain",
        "phrase_count": 0,
        "phrases": [],
        "projection": "webmercator_hash_v1",
        "projection_method": "webmercator_hash_v1",
        "value": 600
      },
      "type": "Feature"
    },
    {
      "geometry": {
        "coordinates": [
          -20.582751,
          -44.259983
        ],
        "type": "Point"
      },
      "properties": {
        "cipher": "Ordinal",
        "has_phrases": false,
        "mode": "value_domain",
        "phrase_count": 0,
        "phrases": [],
        "projection": "webmercator_hash_v1",
        "projection_method": "webmercator_hash_v1",
        "value": 601
      },
      "type": "Feature"
    },
    {
      "geometry": {
        "coordinates": [
          -166.044172,
          -25.917485
        ],
        "type": "Point"
      },
      "properties": {
        "cipher": "Ordinal",
        "has_phrases": false,
        "mode": "value_domain",
        "phrase_count": 0,
        "phrases": [],
        "projection": "webmercator_hash_v1",
        "projection_method": "webmercator_hash_v1",
        "value": 602
      },
      "type": "Feature"
    },
    {
      "geometry": {
        "coordinates": [
          -125.783193,
          -15.156855
        ],
        "type": "Point"
      },
      "properties": {
        "cipher": "Ordinal",
        "has_phrases": false,
        "mode": "value_domain",
        "phrase_count": 0,
        "phrases": [],
        "projection": "webmercator_hash_v1",
        "projection_method": "webmercator_hash_v1",
        "value": 603
      },
      "type": "Feature"
    },
    {
      "geometry": {
        "coordinates": [
          -89.113002,
          39.8354
        ],
        "type": "Point"
      },
      "properties": {
        "cipher": "Ordinal",
        "has_phrases": false,
        "mode": "value_domain",
        "phrase_count": 0,
        "phrases": [],
        "projection": "webmercator_hash_v1",
        "projection_method": "webmercator_hash_v1",
        "value": 604
      },
      "type": "Feature"
    },
    {
      "geometry": {
        "coordinates": [
          132.979224,
          -26.449193
        ],
        "type": "Point"
      },
      "properties": {
        "cipher": "Ordinal",
        "has_phrases": false,
        "mode": "value_domain",
        "phrase_count": 0,
        "phrases": [],
        "projection": "webmercator_hash_v1",
        "projection_method": "webmercator_hash_v1",
        "value": 605
      },
      "type": "Feature"
    },
    {
      "geometry": {
        "coordinates": [
          -3.810201,
          -14.54571
        ],
        "type": "Point"
      },
      "properties": {
        "cipher": "Ordinal",
        "has_phrases": false,
        "mode": "value_domain",
        "phrase_count": 0,
        "phrases": [],
        "projection": "webmercator_hash_v1",
        "projection_method": "webmercator_hash_v1",
        "value": 606
      },
      "type": "Feature"
    },
    {
      "geometry": {
        "coordinates": [
          -135.035634,
          -62.346116
        ],
        "type": "Point"
      },
      "properties": {
        "cipher": "Ordinal",
        "has_phrases": false,
        "mode": "value_domain",
        "phrase_count": 0,
        "phrases": [],
        "projection": "webmercator_hash_v1",
        "projection_method": "webmercator_hash_v1",
        "value": 607
      },
      "type": "Feature"
    },
    {
      "geometry": {
        "coordinates": [
          -111.676356,
          11.094764
        ],
        "type": "Point"
      },
      "properties": {
        "cipher": "Ordinal",
        "has_phrases": false,
        "mode": "value_domain",
        "phrase_count": 0,
        "phrases": [],
        "projection": "webmercator_hash_v1",
        "projection_method": "webmercator_hash_v1",
        "value": 608
      },
      "type": "Feature"
    },
    {
      "geometry": {
        "coordinates": [
          -92.057112,
          -6.484
        ],
        "type": "Point"
      },
      "properties": {
        "cipher": "Ordinal",
        "has_phrases": false,
        "mode": "value_domain",
        "phrase_count": 0,
        "phrases": [],
        "projection": "webmercator_hash_v1",
        "projection_method": "webmercator_hash_v1",
        "value": 609
      },
      "type": "Feature"
    },
    {
      "geometry": {
        "coordinates": [
          -114.718912,
          -41.179617
        ],
        "type": "Point"
      },
      "properties": {
        "cipher": "Ordinal",
        "has_phrases": false,
        "mode": "value_domain",
        "phrase_count": 0,
        "phrases": [],
        "projection": "webmercator_hash_v1",
        "projection_method": "webmercator_hash_v1",
        "value": 610
      },
      "type": "Feature"
    },
    {
      "geometry": {
        "coordinates": [
          26.641594,
          45.605508
        ],
        "type": "Point"
      },
      "properties": {
        "cipher": "Ordinal",
        "has_phrases": false,
        "mode": "value_domain",
        "phrase_count": 0,
        "phrases": [],
        "projection": "webmercator_hash_v1",
        "projection_method": "webmercator_hash_v1",
        "value": 611
      },
      "type": "Feature"
    },
    {
      "geometry": {
        "coordinates": [
          137.34196,
          -20.845465
        ],
        "type": "Point"
      },
      "properties": {
        "cipher": "Ordinal",
        "has_phrases": false,
        "mode": "value_domain",
        "phrase_count": 0,
        "phrases": [],
        "projection": "webmercator_hash_v1",
        "projection_method": "webmercator_hash_v1",
        "value": 612
      },
      "type": "Feature"
    },
    {
      "geometry": {
        "coordinates": [
          113.085475,
          -70.712726
        ],
        "type": "Point"
      },
      "properties": {
        "cipher": "Ordinal",
        "has_phrases": false,
        "mode": "value_domain",
        "phrase_count": 0,
        "phrases": [],
        "projection": "webmercator_hash_v1",
        "projection_method": "webmercator_hash_v1",
        "value": 613
      },
      "type": "Feature"
    },
    {
      "geometry": {
        "coordinates": [
          37.042255,
          -47.117628
        ],
        "type": "Point"
      },
      "properties": {
        "cipher": "Ordinal",
        "has_phrases": false,
        "mode": "value_domain",
        "phrase_count": 0,
        "phrases": [],
        "projection": "webmercator_hash_v1",
        "projection_method": "webmercator_hash_v1",
        "value": 614
      },
      "type": "Feature"
    },
    {
      "geometry": {
        "coordinates": [
          -17.215418,
          0.115965
        ],
        "type": "Point"
      },
      "properties": {
        "cipher": "Ordinal",
        "has_phrases": false,
        "mode": "value_domain",
        "phrase_count": 0,
        "phrases": [],
        "projection": "webmercator_hash_v1",
        "projection_method": "webmercator_hash_v1",
        "value": 615
      },
      "type": "Feature"
    },
    {
      "geometry": {
        "coordinates": [
          -64.380243,
          62.234134
        ],
        "type": "Point"
      },
      "properties": {
        "cipher": "Ordinal",
        "has_phrases": false,
        "mode": "value_domain",
        "phrase_count": 0,
        "phrases": [],
        "projection": "webmercator_hash_v1",
        "projection_method": "webmercator_hash_v1",
        "value": 616
      },
      "type": "Feature"
    },
    {
      "geometry": {
        "coordinates": [
          -63.115256,
          46.860158
        ],
        "type": "Point"
      },
      "properties": {
        "cipher": "Ordinal",
        "has_phrases": false,
        "mode": "value_domain",
        "phrase_count": 0,
        "phrases": [],
        "projection": "webmercator_hash_v1",
        "projection_method": "webmercator_hash_v1",
        "value": 617
      },
      "type": "Feature"
    },
    {
      "geometry": {
        "coordinates": [
          -170.562088,
          65.211921
        ],
        "type": "Point"
      },
      "properties": {
        "cipher": "Ordinal",
        "has_phrases": false,
        "mode": "value_domain",
        "phrase_count": 0,
        "phrases": [],
        "projection": "webmercator_hash_v1",
        "projection_method": "webmercator_hash_v1",
        "value": 618
      },
      "type": "Feature"
    },
    {
      "geometry": {
        "coordinates": [
          106.689696,
          -39.977659
        ],
        "type": "Point"
      },
      "properties": {
        "cipher": "Ordinal",
        "has_phrases": false,
        "mode": "value_domain",
        "phrase_count": 0,
        "phrases": [],
        "projection": "webmercator_hash_v1",
        "projection_method": "webmercator_hash_v1",
        "value": 619
      },
      "type": "Feature"
    },
    {
      "geometry": {
        "coordinates": [
          -175.545051,
          5.535963
        ],
        "type": "Point"
      },
      "properties": {
        "cipher": "Ordinal",
        "has_phrases": false,
        "mode": "value_domain",
        "phrase_count": 0,
        "phrases": [],
        "projection": "webmercator_hash_v1",
        "projection_method": "webmercator_hash_v1",
        "value": 620
      },
      "type": "Feature"
    },
    {
      "geometry": {
        "coordinates": [
          107.888196,
          -13.497584
        ],
        "type": "Point"
      },
      "properties": {
        "cipher": "Ordinal",
        "has_phrases": false,
        "mode": "value_domain",
        "phrase_count": 0,
        "phrases": [],
        "projection": "webmercator_hash_v1",
        "projection_method": "webmercator_hash_v1",
        "value": 621
      },
      "type": "Feature"
    },
    {
      "geometry": {
        "coordinates": [
          123.623761,
          -5.73511
        ],
        "type": "Point"
      },
      "properties": {
        "cipher": "Ordinal",
        "has_phrases": false,
        "mode": "value_domain",
        "phrase_count": 0,
        "phrases": [],
        "projection": "webmercator_hash_v1",
        "projection_method": "webmercator_hash_v1",
        "value": 622
      },
      "type": "Feature"
    },
    {
      "geometry": {
        "coordinates": [
          -62.107086,
          5.483515
        ],
        "type": "Point"
      },
      "properties": {
        "cipher": "Ordinal",
        "has_phrases": false,
        "mode": "value_domain",
        "phrase_count": 0,
        "phrases": [],
        "projection": "webmercator_hash_v1",
        "projection_method": "webmercator_hash_v1",
        "value": 623
      },
      "type": "Feature"
    },
    {
      "geometry": {
        "coordinates": [
          69.095567,
          -8.524442
        ],
        "type": "Point"
      },
      "properties": {
        "cipher": "Ordinal",
        "has_phrases": false,
        "mode": "value_domain",
        "phrase_count": 0,
        "phrases": [],
        "projection": "webmercator_hash_v1",
        "projection_method": "webmercator_hash_v1",
        "value": 624
      },
      "type": "Feature"
    },
    {
      "geometry": {
        "coordinates": [
          -78.119104,
          67.004524
        ],
        "type": "Point"
      },
      "properties": {
        "cipher": "Ordinal",
        "has_phrases": false,
        "mode": "value_domain",
        "phrase_count": 0,
        "phrases": [],
        "projection": "webmercator_hash_v1",
        "projection_method": "webmercator_hash_v1",
        "value": 625
      },
      "type": "Feature"
    },
    {
      "geometry": {
        "coordinates": [
          168.923268,
          -56.097939
        ],
        "type": "Point"
      },
      "properties": {
        "cipher": "Ordinal",
        "has_phrases": false,
        "mode": "value_domain",
        "phrase_count": 0,
        "phrases": [],
        "projection": "webmercator_hash_v1",
        "projection_method": "webmercator_hash_v1",
        "value": 626
      },
      "type": "Feature"
    },
    {
      "geometry": {
        "coordinates": [
          -105.71944,
          -20.696813
        ],
        "type": "Point"
      },
      "properties": {
        "cipher": "Ordinal",
        "has_phrases": false,
        "mode": "value_domain",
        "phrase_count": 0,
        "phrases": [],
        "projection": "webmercator_hash_v1",
        "projection_method": "webmercator_hash_v1",
        "value": 627
      },
      "type": "Feature"
    },
    {
      "geometry": {
        "coordinates": [
          89.326822,
          -38.807359
        ],
        "type": "Point"
      },
      "properties": {
        "cipher": "Ordinal",
        "has_phrases": false,
        "mode": "value_domain",
        "phrase_count": 0,
        "phrases": [],
        "projection": "webmercator_hash_v1",
        "projection_method": "webmercator_hash_v1",
        "value": 628
      },
      "type": "Feature"
    },
    {
      "geometry": {
        "coordinates": [
          158.69782,
          54.913623
        ],
        "type": "Point"
      },
      "properties": {
        "cipher": "Ordinal",
        "has_phrases": false,
        "mode": "value_domain",
        "phrase_count": 0,
        "phrases": [],
        "projection": "webmercator_hash_v1",
        "projection_method": "webmercator_hash_v1",
        "value": 629
      },
      "type": "Feature"
    },
    {
      "geometry": {
        "coordinates": [
          166.586893,
          28.938698
        ],
        "type": "Point"
      },
      "properties": {
        "cipher": "Ordinal",
        "has_phrases": false,
        "mode": "value_domain",
        "phrase_count": 0,
        "phrases": [],
        "projection": "webmercator_hash_v1",
        "projection_method": "webmercator_hash_v1",
        "value": 630
      },
      "type": "Feature"
    },
    {
      "geometry": {
        "coordinates": [
          -68.153455,
          -76.090462
        ],
        "type": "Point"
      },
      "properties": {
        "cipher": "Ordinal",
        "has_phrases": false,
        "mode": "value_domain",
        "phrase_count": 0,
        "phrases": [],
        "projection": "webmercator_hash_v1",
        "projection_method": "webmercator_hash_v1",
        "value": 631
      },
      "type": "Feature"
    },
    {
      "geometry": {
        "coordinates": [
          163.732415,
          -26.529821
        ],
        "type": "Point"
      },
      "properties": {
        "cipher": "Ordinal",
        "has_phrases": false,
        "mode": "value_domain",
        "phrase_count": 0,
        "phrases": [],
        "projection": "webmercator_hash_v1",
        "projection_method": "webmercator_hash_v1",
        "value": 632
      },
      "type": "Feature"
    },
    {
      "geometry": {
        "coordinates": [
          -83.395679,
          29.778239
        ],
        "type": "Point"
      },
      "properties": {
        "cipher": "Ordinal",
        "has_phrases": false,
        "mode": "value_domain",
        "phrase_count": 0,
        "phrases": [],
        "projection": "webmercator_hash_v1",
        "projection_method": "webmercator_hash_v1",
        "value": 633
      },
      "type": "Feature"
    },
    {
      "geometry": {
        "coordinates": [
          58.74709,
          -14.596463
        ],
        "type": "Point"
      },
      "properties": {
        "cipher": "Ordinal",
        "has_phrases": false,
        "mode": "value_domain",
        "phrase_count": 0,
        "phrases": [],
        "projection": "webmercator_hash_v1",
        "projection_method": "webmercator_hash_v1",
        "value": 634
      },
      "type": "Feature"
    },
    {
      "geometry": {
        "coordinates": [
          24.912177,
          32.418331
        ],
        "type": "Point"
      },
      "properties": {
        "cipher": "Ordinal",
        "has_phrases": false,
        "mode": "value_domain",
        "phrase_count": 0,
        "phrases": [],
        "projection": "webmercator_hash_v1",
        "projection_method": "webmercator_hash_v1",
        "value": 635
      },
      "type": "Feature"
    },
    {
      "geometry": {
        "coordinates": [
          -147.141303,
          -0.335143
        ],
        "type": "Point"
      },
      "properties": {
        "cipher": "Ordinal",
        "has_phrases": false,
        "mode": "value_domain",
        "phrase_count": 0,
        "phrases": [],
        "projection": "webmercator_hash_v1",
        "projection_method": "webmercator_hash_v1",
        "value": 636
      },
      "type": "Feature"
    },
    {
      "geometry": {
        "coordinates": [
          147.714735,
          8.651957
        ],
        "type": "Point"
      },
      "properties": {
        "cipher": "Ordinal",
        "has_phrases": false,
        "mode": "value_domain",
        "phrase_count": 0,
        "phrases": [],
        "projection": "webmercator_hash_v1",
        "projection_method": "webmercator_hash_v1",
        "value": 637
      },
      "type": "Feature"
    },
    {
      "geometry": {
        "coordinates": [
          179.987852,
          5.011994
        ],
        "type": "Point"
      },
      "properties": {
        "cipher": "Ordinal",
        "has_phrases": false,
        "mode": "value_domain",
        "phrase_count": 0,
        "phrases": [],
        "projection": "webmercator_hash_v1",
        "projection_method": "webmercator_hash_v1",
        "value": 638
      },
      "type": "Feature"
    },
    {
      "geometry": {
        "coordinates": [
          -94.973677,
          65.870052
        ],
        "type": "Point"
      },
      "properties": {
        "cipher": "Ordinal",
        "has_phrases": false,
        "mode": "value_domain",
        "phrase_count": 0,
        "phrases": [],
        "projection": "webmercator_hash_v1",
        "projection_method": "webmercator_hash_v1",
        "value": 639
      },
      "type": "Feature"
    },
    {
      "geometry": {
        "coordinates": [
          -138.548001,
          45.834467
        ],
        "type": "Point"
      },
      "properties": {
        "cipher": "Ordinal",
        "has_phrases": false,
        "mode": "value_domain",
        "phrase_count": 0,
        "phrases": [],
        "projection": "webmercator_hash_v1",
        "projection_method": "webmercator_hash_v1",
        "value": 640
      },
      "type": "Feature"
    },
    {
      "geometry": {
        "coordinates": [
          25.201022,
          71.219568
        ],
        "type": "Point"
      },
      "properties": {
        "cipher": "Ordinal",
        "has_phrases": false,
        "mode": "value_domain",
        "phrase_count": 0,
        "phrases": [],
        "projection": "webmercator_hash_v1",
        "projection_method": "webmercator_hash_v1",
        "value": 641
      },
      "type": "Feature"
    },
    {
      "geometry": {
        "coordinates": [
          -33.637984,
          66.782705
        ],
        "type": "Point"
      },
      "properties": {
        "cipher": "Ordinal",
        "has_phrases": false,
        "mode": "value_domain",
        "phrase_count": 0,
        "phrases": [],
        "projection": "webmercator_hash_v1",
        "projection_method": "webmercator_hash_v1",
        "value": 642
      },
      "type": "Feature"
    },
    {
      "geometry": {
        "coordinates": [
          151.365933,
          -44.841825
        ],
        "type": "Point"
      },
      "properties": {
        "cipher": "Ordinal",
        "has_phrases": false,
        "mode": "value_domain",
        "phrase_count": 0,
        "phrases": [],
        "projection": "webmercator_hash_v1",
        "projection_method": "webmercator_hash_v1",
        "value": 643
      },
      "type": "Feature"
    },
    {
      "geometry": {
        "coordinates": [
          63.709013,
          -43.694461
        ],
        "type": "Point"
      },
      "properties": {
        "cipher": "Ordinal",
        "has_phrases": false,
        "mode": "value_domain",
        "phrase_count": 0,
        "phrases": [],
        "projection": "webmercator_hash_v1",
        "projection_method": "webmercator_hash_v1",
        "value": 644
      },
      "type": "Feature"
    },
    {
      "geometry": {
        "coordinates": [
          -110.210017,
          -70.765027
        ],
        "type": "Point"
      },
      "properties": {
        "cipher": "Ordinal",
        "has_phrases": false,
        "mode": "value_domain",
        "phrase_count": 0,
        "phrases": [],
        "projection": "webmercator_hash_v1",
        "projection_method": "webmercator_hash_v1",
        "value": 645
      },
      "type": "Feature"
    },
    {
      "geometry": {
        "coordinates": [
          -103.231177,
          -28.521337
        ],
        "type": "Point"
      },
      "properties": {
        "cipher": "Ordinal",
        "has_phrases": false,
        "mode": "value_domain",
        "phrase_count": 0,
        "phrases": [],
        "projection": "webmercator_hash_v1",
        "projection_method": "webmercator_hash_v1",
        "value": 646
      },
      "type": "Feature"
    },
    {
      "geometry": {
        "coordinates": [
          -148.710428,
          -62.865741
        ],
        "type": "Point"
      },
      "properties": {
        "cipher": "Ordinal",
        "has_phrases": false,
        "mode": "value_domain",
        "phrase_count": 0,
        "phrases": [],
        "projection": "webmercator_hash_v1",
        "projection_method": "webmercator_hash_v1",
        "value": 647
      },
      "type": "Feature"
    },
    {
      "geometry": {
        "coordinates": [
          34.819587,
          -38.566386
        ],
        "type": "Point"
      },
      "properties": {
        "cipher": "Ordinal",
        "has_phrases": false,
        "mode": "value_domain",
        "phrase_count": 0,
        "phrases": [],
        "projection": "webmercator_hash_v1",
        "projection_method": "webmercator_hash_v1",
        "value": 648
      },
      "type": "Feature"
    },
    {
      "geometry": {
        "coordinates": [
          -52.368785,
          -41.061865
        ],
        "type": "Point"
      },
      "properties": {
        "cipher": "Ordinal",
        "has_phrases": false,
        "mode": "value_domain",
        "phrase_count": 0,
        "phrases": [],
        "projection": "webmercator_hash_v1",
        "projection_method": "webmercator_hash_v1",
        "value": 649
      },
      "type": "Feature"
    },
    {
      "geometry": {
        "coordinates": [
          176.788732,
          -2.655581
        ],
        "type": "Point"
      },
      "properties": {
        "cipher": "Ordinal",
        "has_phrases": false,
        "mode": "value_domain",
        "phrase_count": 0,
        "phrases": [],
        "projection": "webmercator_hash_v1",
        "projection_method": "webmercator_hash_v1",
        "value": 650
      },
      "type": "Feature"
    },
    {
      "geometry": {
        "coordinates": [
          -125.884341,
          61.459999
        ],
        "type": "Point"
      },
      "properties": {
        "cipher": "Ordinal",
        "has_phrases": false,
        "mode": "value_domain",
        "phrase_count": 0,
        "phrases": [],
        "projection": "webmercator_hash_v1",
        "projection_method": "webmercator_hash_v1",
        "value": 651
      },
      "type": "Feature"
    },
    {
      "geometry": {
        "coordinates": [
          95.913202,
          -68.702521
        ],
        "type": "Point"
      },
      "properties": {
        "cipher": "Ordinal",
        "has_phrases": false,
        "mode": "value_domain",
        "phrase_count": 0,
        "phrases": [],
        "projection": "webmercator_hash_v1",
        "projection_method": "webmercator_hash_v1",
        "value": 652
      },
      "type": "Feature"
    },
    {
      "geometry": {
        "coordinates": [
          107.373295,
          -26.204149
        ],
        "type": "Point"
      },
      "properties": {
        "cipher": "Ordinal",
        "has_phrases": false,
        "mode": "value_domain",
        "phrase_count": 0,
        "phrases": [],
        "projection": "webmercator_hash_v1",
        "projection_method": "webmercator_hash_v1",
        "value": 653
      },
      "type": "Feature"
    },
    {
      "geometry": {
        "coordinates": [
          76.116076,
          -54.027767
        ],
        "type": "Point"
      },
      "properties": {
        "cipher": "Ordinal",
        "has_phrases": false,
        "mode": "value_domain",
        "phrase_count": 0,
        "phrases": [],
        "projection": "webmercator_hash_v1",
        "projection_method": "webmercator_hash_v1",
        "value": 654
      },
      "type": "Feature"
    },
    {
      "geometry": {
        "coordinates": [
          153.087925,
          -56.553841
        ],
        "type": "Point"
      },
      "properties": {
        "cipher": "Ordinal",
        "has_phrases": false,
        "mode": "value_domain",
        "phrase_count": 0,
        "phrases": [],
        "projection": "webmercator_hash_v1",
        "projection_method": "webmercator_hash_v1",
        "value": 655
      },
      "type": "Feature"
    },
    {
      "geometry": {
        "coordinates": [
          93.381226,
          -20.491806
        ],
        "type": "Point"
      },
      "properties": {
        "cipher": "Ordinal",
        "has_phrases": false,
        "mode": "value_domain",
        "phrase_count": 0,
        "phrases": [],
        "projection": "webmercator_hash_v1",
        "projection_method": "webmercator_hash_v1",
        "value": 656
      },
      "type": "Feature"
    },
    {
      "geometry": {
        "coordinates": [
          -32.283371,
          77.502397
        ],
        "type": "Point"
      },
      "properties": {
        "cipher": "Ordinal",
        "has_phrases": false,
        "mode": "value_domain",
        "phrase_count": 0,
        "phrases": [],
        "projection": "webmercator_hash_v1",
        "projection_method": "webmercator_hash_v1",
        "value": 657
      },
      "type": "Feature"
    },
    {
      "geometry": {
        "coordinates": [
          54.518049,
          1.798121
        ],
        "type": "Point"
      },
      "properties": {
        "cipher": "Ordinal",
        "has_phrases": false,
        "mode": "value_domain",
        "phrase_count": 0,
        "phrases": [],
        "projection": "webmercator_hash_v1",
        "projection_method": "webmercator_hash_v1",
        "value": 658
      },
      "type": "Feature"
    },
    {
      "geometry": {
        "coordinates": [
          25.922899,
          -83.416259
        ],
        "type": "Point"
      },
      "properties": {
        "cipher": "Ordinal",
        "has_phrases": false,
        "mode": "value_domain",
        "phrase_count": 0,
        "phrases": [],
        "projection": "webmercator_hash_v1",
        "projection_method": "webmercator_hash_v1",
        "value": 659
      },
      "type": "Feature"
    },
    {
      "geometry": {
        "coordinates": [
          -144.049511,
          -54.606193
        ],
        "type": "Point"
      },
      "properties": {
        "cipher": "Ordinal",
        "has_phrases": false,
        "mode": "value_domain",
        "phrase_count": 0,
        "phrases": [],
        "projection": "webmercator_hash_v1",
        "projection_method": "webmercator_hash_v1",
        "value": 660
      },
      "type": "Feature"
    },
    {
      "geometry": {
        "coordinates": [
          -116.289899,
          61.014392
        ],
        "type": "Point"
      },
      "properties": {
        "cipher": "Ordinal",
        "has_phrases": false,
        "mode": "value_domain",
        "phrase_count": 0,
        "phrases": [],
        "projection": "webmercator_hash_v1",
        "projection_method": "webmercator_hash_v1",
        "value": 661
      },
      "type": "Feature"
    },
    {
      "geometry": {
        "coordinates": [
          134.006197,
          37.404739
        ],
        "type": "Point"
      },
      "properties": {
        "cipher": "Ordinal",
        "has_phrases": false,
        "mode": "value_domain",
        "phrase_count": 0,
        "phrases": [],
        "projection": "webmercator_hash_v1",
        "projection_method": "webmercator_hash_v1",
        "value": 662
      },
      "type": "Feature"
    },
    {
      "geometry": {
        "coordinates": [
          -14.669237,
          -44.199039
        ],
        "type": "Point"
      },
      "properties": {
        "cipher": "Ordinal",
        "has_phrases": false,
        "mode": "value_domain",
        "phrase_count": 0,
        "phrases": [],
        "projection": "webmercator_hash_v1",
        "projection_method": "webmercator_hash_v1",
        "value": 663
      },
      "type": "Feature"
    },
    {
      "geometry": {
        "coordinates": [
          107.331485,
          -81.048885
        ],
        "type": "Point"
      },
      "properties": {
        "cipher": "Ordinal",
        "has_phrases": false,
        "mode": "value_domain",
        "phrase_count": 0,
        "phrases": [],
        "projection": "webmercator_hash_v1",
        "projection_method": "webmercator_hash_v1",
        "value": 664
      },
      "type": "Feature"
    },
    {
      "geometry": {
        "coordinates": [
          -75.351037,
          39.42673
        ],
        "type": "Point"
      },
      "properties": {
        "cipher": "Ordinal",
        "has_phrases": false,
        "mode": "value_domain",
        "phrase_count": 0,
        "phrases": [],
        "projection": "webmercator_hash_v1",
        "projection_method": "webmercator_hash_v1",
        "value": 665
      },
      "type": "Feature"
    },
    {
      "geometry": {
        "coordinates": [
          -92.557443,
          18.307989
        ],
        "type": "Point"
      },
      "properties": {
        "cipher": "Ordinal",
        "has_phrases": false,
        "mode": "value_domain",
        "phrase_count": 0,
        "phrases": [],
        "projection": "webmercator_hash_v1",
        "projection_method": "webmercator_hash_v1",
        "value": 666
      },
      "type": "Feature"
    },
    {
      "geometry": {
        "coordinates": [
          -136.466096,
          -4.67309
        ],
        "type": "Point"
      },
      "properties": {
        "cipher": "Ordinal",
        "has_phrases": false,
        "mode": "value_domain",
        "phrase_count": 0,
        "phrases": [],
        "projection": "webmercator_hash_v1",
        "projection_method": "webmercator_hash_v1",
        "value": 667
      },
      "type": "Feature"
    },
    {
      "geometry": {
        "coordinates": [
          -165.913333,
          -27.252683
        ],
        "type": "Point"
      },
      "properties": {
        "cipher": "Ordinal",
        "has_phrases": false,
        "mode": "value_domain",
        "phrase_count": 0,
        "phrases": [],
        "projection": "webmercator_hash_v1",
        "projection_method": "webmercator_hash_v1",
        "value": 668
      },
      "type": "Feature"
    },
    {
      "geometry": {
        "coordinates": [
          -166.380286,
          -28.391169
        ],
        "type": "Point"
      },
      "properties": {
        "cipher": "Ordinal",
        "has_phrases": false,
        "mode": "value_domain",
        "phrase_count": 0,
        "phrases": [],
        "projection": "webmercator_hash_v1",
        "projection_method": "webmercator_hash_v1",
        "value": 669
      },
      "type": "Feature"
    },
    {
      "geometry": {
        "coordinates": [
          -107.710473,
          -43.873714
        ],
        "type": "Point"
      },
      "properties": {
        "cipher": "Ordinal",
        "has_phrases": false,
        "mode": "value_domain",
        "phrase_count": 0,
        "phrases": [],
        "projection": "webmercator_hash_v1",
        "projection_method": "webmercator_hash_v1",
        "value": 670
      },
      "type": "Feature"
    },
    {
      "geometry": {
        "coordinates": [
          33.123214,
          42.442381
        ],
        "type": "Point"
      },
      "properties": {
        "cipher": "Ordinal",
        "has_phrases": false,
        "mode": "value_domain",
        "phrase_count": 0,
        "phrases": [],
        "projection": "webmercator_hash_v1",
        "projection_method": "webmercator_hash_v1",
        "value": 671
      },
      "type": "Feature"
    },
    {
      "geometry": {
        "coordinates": [
          25.675362,
          -10.503094
        ],
        "type": "Point"
      },
      "properties": {
        "cipher": "Ordinal",
        "has_phrases": false,
        "mode": "value_domain",
        "phrase_count": 0,
        "phrases": [],
        "projection": "webmercator_hash_v1",
        "projection_method": "webmercator_hash_v1",
        "value": 672
      },
      "type": "Feature"
    },
    {
      "geometry": {
        "coordinates": [
          -113.930727,
          53.731384
        ],
        "type": "Point"
      },
      "properties": {
        "cipher": "Ordinal",
        "has_phrases": false,
        "mode": "value_domain",
        "phrase_count": 0,
        "phrases": [],
        "projection": "webmercator_hash_v1",
        "projection_method": "webmercator_hash_v1",
        "value": 673
      },
      "type": "Feature"
    },
    {
      "geometry": {
        "coordinates": [
          -129.464267,
          74.367595
        ],
        "type": "Point"
      },
      "properties": {
        "cipher": "Ordinal",
        "has_phrases": false,
        "mode": "value_domain",
        "phrase_count": 0,
        "phrases": [],
        "projection": "webmercator_hash_v1",
        "projection_method": "webmercator_hash_v1",
        "value": 674
      },
      "type": "Feature"
    },
    {
      "geometry": {
        "coordinates": [
          179.162791,
          16.750868
        ],
        "type": "Point"
      },
      "properties": {
        "cipher": "Ordinal",
        "has_phrases": false,
        "mode": "value_domain",
        "phrase_count": 0,
        "phrases": [],
        "projection": "webmercator_hash_v1",
        "projection_method": "webmercator_hash_v1",
        "value": 675
      },
      "type": "Feature"
    },
    {
      "geometry": {
        "coordinates": [
          68.024338,
          -31.457657
        ],
        "type": "Point"
      },
      "properties": {
        "cipher": "Ordinal",
        "has_phrases": false,
        "mode": "value_domain",
        "phrase_count": 0,
        "phrases": [],
        "projection": "webmercator_hash_v1",
        "projection_method": "webmercator_hash_v1",
        "value": 676
      },
      "type": "Feature"
    },
    {
      "geometry": {
        "coordinates": [
          108.52579,
          -17.880071
        ],
        "type": "Point"
      },
      "properties": {
        "cipher": "Ordinal",
        "has_phrases": false,
        "mode": "value_domain",
        "phrase_count": 0,
        "phrases": [],
        "projection": "webmercator_hash_v1",
        "projection_method": "webmercator_hash_v1",
        "value": 677
      },
      "type": "Feature"
    },
    {
      "geometry": {
        "coordinates": [
          107.454636,
          60.29227
        ],
        "type": "Point"
      },
      "properties": {
        "cipher": "Ordinal",
        "has_phrases": false,
        "mode": "value_domain",
        "phrase_count": 0,
        "phrases": [],
        "projection": "webmercator_hash_v1",
        "projection_method": "webmercator_hash_v1",
        "value": 678
      },
      "type": "Feature"
    },
    {
      "geometry": {
        "coordinates": [
          -34.890131,
          -43.825686
        ],
        "type": "Point"
      },
      "properties": {
        "cipher": "Ordinal",
        "has_phrases": false,
        "mode": "value_domain",
        "phrase_count": 0,
        "phrases": [],
        "projection": "webmercator_hash_v1",
        "projection_method": "webmercator_hash_v1",
        "value": 679
      },
      "type": "Feature"
    },
    {
      "geometry": {
        "coordinates": [
          -167.574578,
          -70.312274
        ],
        "type": "Point"
      },
      "properties": {
        "cipher": "Ordinal",
        "has_phrases": false,
        "mode": "value_domain",
        "phrase_count": 0,
        "phrases": [],
        "projection": "webmercator_hash_v1",
        "projection_method": "webmercator_hash_v1",
        "value": 680
      },
      "type": "Feature"
    },
    {
      "geometry": {
        "coordinates": [
          -58.854072,
          -51.594827
        ],
        "type": "Point"
      },
      "properties": {
        "cipher": "Ordinal",
        "has_phrases": false,
        "mode": "value_domain",
        "phrase_count": 0,
        "phrases": [],
        "projection": "webmercator_hash_v1",
        "projection_method": "webmercator_hash_v1",
        "value": 681
      },
      "type": "Feature"
    },
    {
      "geometry": {
        "coordinates": [
          -41.050201,
          81.619909
        ],
        "type": "Point"
      },
      "properties": {
        "cipher": "Ordinal",
        "has_phrases": false,
        "mode": "value_domain",
        "phrase_count": 0,
        "phrases": [],
        "projection": "webmercator_hash_v1",
        "projection_method": "webmercator_hash_v1",
        "value": 682
      },
      "type": "Feature"
    },
    {
      "geometry": {
        "coordinates": [
          20.427357,
          7.489949
        ],
        "type": "Point"
      },
      "properties": {
        "cipher": "Ordinal",
        "has_phrases": false,
        "mode": "value_domain",
        "phrase_count": 0,
        "phrases": [],
        "projection": "webmercator_hash_v1",
        "projection_method": "webmercator_hash_v1",
        "value": 683
      },
      "type": "Feature"
    },
    {
      "geometry": {
        "coordinates": [
          -21.078483,
          -61.418405
        ],
        "type": "Point"
      },
      "properties": {
        "cipher": "Ordinal",
        "has_phrases": false,
        "mode": "value_domain",
        "phrase_count": 0,
        "phrases": [],
        "projection": "webmercator_hash_v1",
        "projection_method": "webmercator_hash_v1",
        "value": 684
      },
      "type": "Feature"
    },
    {
      "geometry": {
        "coordinates": [
          -128.703824,
          7.646292
        ],
        "type": "Point"
      },
      "properties": {
        "cipher": "Ordinal",
        "has_phrases": false,
        "mode": "value_domain",
        "phrase_count": 0,
        "phrases": [],
        "projection": "webmercator_hash_v1",
        "projection_method": "webmercator_hash_v1",
        "value": 685
      },
      "type": "Feature"
    },
    {
      "geometry": {
        "coordinates": [
          14.05079,
          -81.418251
        ],
        "type": "Point"
      },
      "properties": {
        "cipher": "Ordinal",
        "has_phrases": false,
        "mode": "value_domain",
        "phrase_count": 0,
        "phrases": [],
        "projection": "webmercator_hash_v1",
        "projection_method": "webmercator_hash_v1",
        "value": 686
      },
      "type": "Feature"
    },
    {
      "geometry": {
        "coordinates": [
          -116.199079,
          -36.626448
        ],
        "type": "Point"
      },
      "properties": {
        "cipher": "Ordinal",
        "has_phrases": false,
        "mode": "value_domain",
        "phrase_count": 0,
        "phrases": [],
        "projection": "webmercator_hash_v1",
        "projection_method": "webmercator_hash_v1",
        "value": 687
      },
      "type": "Feature"
    },
    {
      "geometry": {
        "coordinates": [
          -27.296547,
          71.691077
        ],
        "type": "Point"
      },
      "properties": {
        "cipher": "Ordinal",
        "has_phrases": false,
        "mode": "value_domain",
        "phrase_count": 0,
        "phrases": [],
        "projection": "webmercator_hash_v1",
        "projection_method": "webmercator_hash_v1",
        "value": 688
      },
      "type": "Feature"
    },
    {
      "geometry": {
        "coordinates": [
          65.526147,
          -64.580171
        ],
        "type": "Point"
      },
      "properties": {
        "cipher": "Ordinal",
        "has_phrases": false,
        "mode": "value_domain",
        "phrase_count": 0,
        "phrases": [],
        "projection": "webmercator_hash_v1",
        "projection_method": "webmercator_hash_v1",
        "value": 689
      },
      "type": "Feature"
    },
    {
      "geometry": {
        "coordinates": [
          -8.475628,
          47.139534
        ],
        "type": "Point"
      },
      "properties": {
        "cipher": "Ordinal",
        "has_phrases": false,
        "mode": "value_domain",
        "phrase_count": 0,
        "phrases": [],
        "projection": "webmercator_hash_v1",
        "projection_method": "webmercator_hash_v1",
        "value": 690
      },
      "type": "Feature"
    },
    {
      "geometry": {
        "coordinates": [
          139.547277,
          2.911483
        ],
        "type": "Point"
      },
      "properties": {
        "cipher": "Ordinal",
        "has_phrases": false,
        "mode": "value_domain",
        "phrase_count": 0,
        "phrases": [],
        "projection": "webmercator_hash_v1",
        "projection_method": "webmercator_hash_v1",
        "value": 691
      },
      "type": "Feature"
    },
    {
      "geometry": {
        "coordinates": [
          -91.123691,
          -41.989764
        ],
        "type": "Point"
      },
      "properties": {
        "cipher": "Ordinal",
        "has_phrases": false,
        "mode": "value_domain",
        "phrase_count": 0,
        "phrases": [],
        "projection": "webmercator_hash_v1",
        "projection_method": "webmercator_hash_v1",
        "value": 692
      },
      "type": "Feature"
    },
    {
      "geometry": {
        "coordinates": [
          46.909784,
          -24.95172
        ],
        "type": "Point"
      },
      "properties": {
        "cipher": "Ordinal",
        "has_phrases": false,
        "mode": "value_domain",
        "phrase_count": 0,
        "phrases": [],
        "projection": "webmercator_hash_v1",
        "projection_method": "webmercator_hash_v1",
        "value": 693
      },
      "type": "Feature"
    },
    {
      "geometry": {
        "coordinates": [
          -97.480587,
          -4.740207
        ],
        "type": "Point"
      },
      "properties": {
        "cipher": "Ordinal",
        "has_phrases": false,
        "mode": "value_domain",
        "phrase_count": 0,
        "phrases": [],
        "projection": "webmercator_hash_v1",
        "projection_method": "webmercator_hash_v1",
        "value": 694
      },
      "type": "Feature"
    },
    {
      "geometry": {
        "coordinates": [
          -62.010611,
          67.261116
        ],
        "type": "Point"
      },
      "properties": {
        "cipher": "Ordinal",
        "has_phrases": false,
        "mode": "value_domain",
        "phrase_count": 0,
        "phrases": [],
        "projection": "webmercator_hash_v1",
        "projection_method": "webmercator_hash_v1",
        "value": 695
      },
      "type": "Feature"
    },
    {
      "geometry": {
        "coordinates": [
          143.838391,
          62.619605
        ],
        "type": "Point"
      },
      "properties": {
        "cipher": "Ordinal",
        "has_phrases": false,
        "mode": "value_domain",
        "phrase_count": 0,
        "phrases": [],
        "projection": "webmercator_hash_v1",
        "projection_method": "webmercator_hash_v1",
        "value": 696
      },
      "type": "Feature"
    },
    {
      "geometry": {
        "coordinates": [
          147.025969,
          -73.194431
        ],
        "type": "Point"
      },
      "properties": {
        "cipher": "Ordinal",
        "has_phrases": false,
        "mode": "value_domain",
        "phrase_count": 0,
        "phrases": [],
        "projection": "webmercator_hash_v1",
        "projection_method": "webmercator_hash_v1",
        "value": 697
      },
      "type": "Feature"
    },
    {
      "geometry": {
        "coordinates": [
          32.129874,
          19.628646
        ],
        "type": "Point"
      },
      "properties": {
        "cipher": "Ordinal",
        "has_phrases": false,
        "mode": "value_domain",
        "phrase_count": 0,
        "phrases": [],
        "projection": "webmercator_hash_v1",
        "projection_method": "webmercator_hash_v1",
        "value": 698
      },
      "type": "Feature"
    },
    {
      "geometry": {
        "coordinates": [
          68.836383,
          59.296291
        ],
        "type": "Point"
      },
      "properties": {
        "cipher": "Ordinal",
        "has_phrases": false,
        "mode": "value_domain",
        "phrase_count": 0,
        "phrases": [],
        "projection": "webmercator_hash_v1",
        "projection_method": "webmercator_hash_v1",
        "value": 699
      },
      "type": "Feature"
    },
    {
      "geometry": {
        "coordinates": [
          88.272844,
          -60.222536
        ],
        "type": "Point"
      },
      "properties": {
        "cipher": "Ordinal",
        "has_phrases": false,
        "mode": "value_domain",
        "phrase_count": 0,
        "phrases": [],
        "projection": "webmercator_hash_v1",
        "projection_method": "webmercator_hash_v1",
        "value": 700
      },
      "type": "Feature"
    },
    {
      "geometry": {
        "coordinates": [
          123.772968,
          19.03837
        ],
        "type": "Point"
      },
      "properties": {
        "cipher": "Ordinal",
        "has_phrases": false,
        "mode": "value_domain",
        "phrase_count": 0,
        "phrases": [],
        "projection": "webmercator_hash_v1",
        "projection_method": "webmercator_hash_v1",
        "value": 701
      },
      "type": "Feature"
    },
    {
      "geometry": {
        "coordinates": [
          52.057895,
          42.163442
        ],
        "type": "Point"
      },
      "properties": {
        "cipher": "Ordinal",
        "has_phrases": false,
        "mode": "value_domain",
        "phrase_count": 0,
        "phrases": [],
        "projection": "webmercator_hash_v1",
        "projection_method": "webmercator_hash_v1",
        "value": 702
      },
      "type": "Feature"
    },
    {
      "geometry": {
        "coordinates": [
          6.460473,
          -36.075989
        ],
        "type": "Point"
      },
      "properties": {
        "cipher": "Ordinal",
        "has_phrases": false,
        "mode": "value_domain",
        "phrase_count": 0,
        "phrases": [],
        "projection": "webmercator_hash_v1",
        "projection_method": "webmercator_hash_v1",
        "value": 703
      },
      "type": "Feature"
    },
    {
      "geometry": {
        "coordinates": [
          31.878665,
          42.999766
        ],
        "type": "Point"
      },
      "properties": {
        "cipher": "Ordinal",
        "has_phrases": false,
        "mode": "value_domain",
        "phrase_count": 0,
        "phrases": [],
        "projection": "webmercator_hash_v1",
        "projection_method": "webmercator_hash_v1",
        "value": 704
      },
      "type": "Feature"
    },
    {
      "geometry": {
        "coordinates": [
          153.425942,
          -5.905662
        ],
        "type": "Point"
      },
      "properties": {
        "cipher": "Ordinal",
        "has_phrases": false,
        "mode": "value_domain",
        "phrase_count": 0,
        "phrases": [],
        "projection": "webmercator_hash_v1",
        "projection_method": "webmercator_hash_v1",
        "value": 705
      },
      "type": "Feature"
    },
    {
      "geometry": {
        "coordinates": [
          144.160309,
          -75.693858
        ],
        "type": "Point"
      },
      "properties": {
        "cipher": "Ordinal",
        "has_phrases": false,
        "mode": "value_domain",
        "phrase_count": 0,
        "phrases": [],
        "projection": "webmercator_hash_v1",
        "projection_method": "webmercator_hash_v1",
        "value": 706
      },
      "type": "Feature"
    },
    {
      "geometry": {
        "coordinates": [
          20.317008,
          -63.181403
        ],
        "type": "Point"
      },
      "properties": {
        "cipher": "Ordinal",
        "has_phrases": false,
        "mode": "value_domain",
        "phrase_count": 0,
        "phrases": [],
        "projection": "webmercator_hash_v1",
        "projection_method": "webmercator_hash_v1",
        "value": 707
      },
      "type": "Feature"
    },
    {
      "geometry": {
        "coordinates": [
          -128.993188,
          -23.05772
        ],
        "type": "Point"
      },
      "properties": {
        "cipher": "Ordinal",
        "has_phrases": false,
        "mode": "value_domain",
        "phrase_count": 0,
        "phrases": [],
        "projection": "webmercator_hash_v1",
        "projection_method": "webmercator_hash_v1",
        "value": 708
      },
      "type": "Feature"
    },
    {
      "geometry": {
        "coordinates": [
          106.878442,
          -68.073198
        ],
        "type": "Point"
      },
      "properties": {
        "cipher": "Ordinal",
        "has_phrases": false,
        "mode": "value_domain",
        "phrase_count": 0,
        "phrases": [],
        "projection": "webmercator_hash_v1",
        "projection_method": "webmercator_hash_v1",
        "value": 709
      },
      "type": "Feature"
    },
    {
      "geometry": {
        "coordinates": [
          74.557971,
          -54.895635
        ],
        "type": "Point"
      },
      "properties": {
        "cipher": "Ordinal",
        "has_phrases": false,
        "mode": "value_domain",
        "phrase_count": 0,
        "phrases": [],
        "projection": "webmercator_hash_v1",
        "projection_method": "webmercator_hash_v1",
        "value": 710
      },
      "type": "Feature"
    },
    {
      "geometry": {
        "coordinates": [
          -151.505346,
          -45.32676
        ],
        "type": "Point"
      },
      "properties": {
        "cipher": "Ordinal",
        "has_phrases": false,
        "mode": "value_domain",
        "phrase_count": 0,
        "phrases": [],
        "projection": "webmercator_hash_v1",
        "projection_method": "webmercator_hash_v1",
        "value": 711
      },
      "type": "Feature"
    },
    {
      "geometry": {
        "coordinates": [
          -135.029131,
          80.321225
        ],
        "type": "Point"
      },
      "properties": {
        "cipher": "Ordinal",
        "has_phrases": false,
        "mode": "value_domain",
        "phrase_count": 0,
        "phrases": [],
        "projection": "webmercator_hash_v1",
        "projection_method": "webmercator_hash_v1",
        "value": 712
      },
      "type": "Feature"
    },
    {
      "geometry": {
        "coordinates": [
          -126.06604,
          -84.664267
        ],
        "type": "Point"
      },
      "properties": {
        "cipher": "Ordinal",
        "has_phrases": false,
        "mode": "value_domain",
        "phrase_count": 0,
        "phrases": [],
        "projection": "webmercator_hash_v1",
        "projection_method": "webmercator_hash_v1",
        "value": 713
      },
      "type": "Feature"
    },
    {
      "geometry": {
        "coordinates": [
          76.831033,
          56.16957
        ],
        "type": "Point"
      },
      "properties": {
        "cipher": "Ordinal",
        "has_phrases": false,
        "mode": "value_domain",
        "phrase_count": 0,
        "phrases": [],
        "projection": "webmercator_hash_v1",
        "projection_method": "webmercator_hash_v1",
        "value": 714
      },
      "type": "Feature"
    },
    {
      "geometry": {
        "coordinates": [
          61.050065,
          45.529003
        ],
        "type": "Point"
      },
      "properties": {
        "cipher": "Ordinal",
        "has_phrases": false,
        "mode": "value_domain",
        "phrase_count": 0,
        "phrases": [],
        "projection": "webmercator_hash_v1",
        "projection_method": "webmercator_hash_v1",
        "value": 715
      },
      "type": "Feature"
    },
    {
      "geometry": {
        "coordinates": [
          -116.681841,
          -14.533551
        ],
        "type": "Point"
      },
      "properties": {
        "cipher": "Ordinal",
        "has_phrases": false,
        "mode": "value_domain",
        "phrase_count": 0,
        "phrases": [],
        "projection": "webmercator_hash_v1",
        "projection_method": "webmercator_hash_v1",
        "value": 716
      },
      "type": "Feature"
    },
    {
      "geometry": {
        "coordinates": [
          -138.981265,
          76.976192
        ],
        "type": "Point"
      },
      "properties": {
        "cipher": "Ordinal",
        "has_phrases": false,
        "mode": "value_domain",
        "phrase_count": 0,
        "phrases": [],
        "projection": "webmercator_hash_v1",
        "projection_method": "webmercator_hash_v1",
        "value": 717
      },
      "type": "Feature"
    },
    {
      "geometry": {
        "coordinates": [
          147.883627,
          26.137199
        ],
        "type": "Point"
      },
      "properties": {
        "cipher": "Ordinal",
        "has_phrases": false,
        "mode": "value_domain",
        "phrase_count": 0,
        "phrases": [],
        "projection": "webmercator_hash_v1",
        "projection_method": "webmercator_hash_v1",
        "value": 718
      },
      "type": "Feature"
    },
    {
      "geometry": {
        "coordinates": [
          31.945427,
          68.421724
        ],
        "type": "Point"
      },
      "properties": {
        "cipher": "Ordinal",
        "has_phrases": false,
        "mode": "value_domain",
        "phrase_count": 0,
        "phrases": [],
        "projection": "webmercator_hash_v1",
        "projection_method": "webmercator_hash_v1",
        "value": 719
      },
      "type": "Feature"
    },
    {
      "geometry": {
        "coordinates": [
          -40.862917,
          0.810905
        ],
        "type": "Point"
      },
      "properties": {
        "cipher": "Ordinal",
        "has_phrases": false,
        "mode": "value_domain",
        "phrase_count": 0,
        "phrases": [],
        "projection": "webmercator_hash_v1",
        "projection_method": "webmercator_hash_v1",
        "value": 720
      },
      "type": "Feature"
    },
    {
      "geometry": {
        "coordinates": [
          -98.38166,
          -48.854578
        ],
        "type": "Point"
      },
      "properties": {
        "cipher": "Ordinal",
        "has_phrases": false,
        "mode": "value_domain",
        "phrase_count": 0,
        "phrases": [],
        "projection": "webmercator_hash_v1",
        "projection_method": "webmercator_hash_v1",
        "value": 721
      },
      "type": "Feature"
    },
    {
      "geometry": {
        "coordinates": [
          -78.803412,
          63.545337
        ],
        "type": "Point"
      },
      "properties": {
        "cipher": "Ordinal",
        "has_phrases": false,
        "mode": "value_domain",
        "phrase_count": 0,
        "phrases": [],
        "projection": "webmercator_hash_v1",
        "projection_method": "webmercator_hash_v1",
        "value": 722
      },
      "type": "Feature"
    },
    {
      "geometry": {
        "coordinates": [
          150.899178,
          -81.436103
        ],
        "type": "Point"
      },
      "properties": {
        "cipher": "Ordinal",
        "has_phrases": false,
        "mode": "value_domain",
        "phrase_count": 0,
        "phrases": [],
        "projection": "webmercator_hash_v1",
        "projection_method": "webmercator_hash_v1",
        "value": 723
      },
      "type": "Feature"
    },
    {
      "geometry": {
        "coordinates": [
          15.13033,
          64.232776
        ],
        "type": "Point"
      },
      "properties": {
        "cipher": "Ordinal",
        "has_phrases": false,
        "mode": "value_domain",
        "phrase_count": 0,
        "phrases": [],
        "projection": "webmercator_hash_v1",
        "projection_method": "webmercator_hash_v1",
        "value": 724
      },
      "type": "Feature"
    },
    {
      "geometry": {
        "coordinates": [
          5.065175,
          66.889524
        ],
        "type": "Point"
      },
      "properties": {
        "cipher": "Ordinal",
        "has_phrases": false,
        "mode": "value_domain",
        "phrase_count": 0,
        "phrases": [],
        "projection": "webmercator_hash_v1",
        "projection_method": "webmercator_hash_v1",
        "value": 725
      },
      "type": "Feature"
    },
    {
      "geometry": {
        "coordinates": [
          -163.357837,
          -17.290542
        ],
        "type": "Point"
      },
      "properties": {
        "cipher": "Ordinal",
        "has_phrases": false,
        "mode": "value_domain",
        "phrase_count": 0,
        "phrases": [],
        "projection": "webmercator_hash_v1",
        "projection_method": "webmercator_hash_v1",
        "value": 726
      },
      "type": "Feature"
    },
    {
      "geometry": {
        "coordinates": [
          -6.616403,
          -53.516797
        ],
        "type": "Point"
      },
      "properties": {
        "cipher": "Ordinal",
        "has_phrases": false,
        "mode": "value_domain",
        "phrase_count": 0,
        "phrases": [],
        "projection": "webmercator_hash_v1",
        "projection_method": "webmercator_hash_v1",
        "value": 727
      },
      "type": "Feature"
    },
    {
      "geometry": {
        "coordinates": [
          -110.608366,
          59.374618
        ],
        "type": "Point"
      },
      "properties": {
        "cipher": "Ordinal",
        "has_phrases": false,
        "mode": "value_domain",
        "phrase_count": 0,
        "phrases": [],
        "projection": "webmercator_hash_v1",
        "projection_method": "webmercator_hash_v1",
        "value": 728
      },
      "type": "Feature"
    },
    {
      "geometry": {
        "coordinates": [
          81.550289,
          -65.569358
        ],
        "type": "Point"
      },
      "properties": {
        "cipher": "Ordinal",
        "has_phrases": false,
        "mode": "value_domain",
        "phrase_count": 0,
        "phrases": [],
        "projection": "webmercator_hash_v1",
        "projection_method": "webmercator_hash_v1",
        "value": 729
      },
      "type": "Feature"
    },
    {
      "geometry": {
        "coordinates": [
          -128.198245,
          -81.269001
        ],
        "type": "Point"
      },
      "properties": {
        "cipher": "Ordinal",
        "has_phrases": false,
        "mode": "value_domain",
        "phrase_count": 0,
        "phrases": [],
        "projection": "webmercator_hash_v1",
        "projection_method": "webmercator_hash_v1",
        "value": 730
      },
      "type": "Feature"
    },
    {
      "geometry": {
        "coordinates": [
          122.96219,
          16.378316
        ],
        "type": "Point"
      },
      "properties": {
        "cipher": "Ordinal",
        "has_phrases": false,
        "mode": "value_domain",
        "phrase_count": 0,
        "phrases": [],
        "projection": "webmercator_hash_v1",
        "projection_method": "webmercator_hash_v1",
        "value": 731
      },
      "type": "Feature"
    },
    {
      "geometry": {
        "coordinates": [
          36.471285,
          -50.495081
        ],
        "type": "Point"
      },
      "properties": {
        "cipher": "Ordinal",
        "has_phrases": false,
        "mode": "value_domain",
        "phrase_count": 0,
        "phrases": [],
        "projection": "webmercator_hash_v1",
        "projection_method": "webmercator_hash_v1",
        "value": 732
      },
      "type": "Feature"
    },
    {
      "geometry": {
        "coordinates": [
          177.300119,
          49.697149
        ],
        "type": "Point"
      },
      "properties": {
        "cipher": "Ordinal",
        "has_phrases": false,
        "mode": "value_domain",
        "phrase_count": 0,
        "phrases": [],
        "projection": "webmercator_hash_v1",
        "projection_method": "webmercator_hash_v1",
        "value": 733
      },
      "type": "Feature"
    },
    {
      "geometry": {
        "coordinates": [
          -135.237268,
          -49.000495
        ],
        "type": "Point"
      },
      "properties": {
        "cipher": "Ordinal",
        "has_phrases": false,
        "mode": "value_domain",
        "phrase_count": 0,
        "phrases": [],
        "projection": "webmercator_hash_v1",
        "projection_method": "webmercator_hash_v1",
        "value": 734
      },
      "type": "Feature"
    },
    {
      "geometry": {
        "coordinates": [
          60.830261,
          56.430763
        ],
        "type": "Point"
      },
      "properties": {
        "cipher": "Ordinal",
        "has_phrases": false,
        "mode": "value_domain",
        "phrase_count": 0,
        "phrases": [],
        "projection": "webmercator_hash_v1",
        "projection_method": "webmercator_hash_v1",
        "value": 735
      },
      "type": "Feature"
    },
    {
      "geometry": {
        "coordinates": [
          74.639522,
          -42.864994
        ],
        "type": "Point"
      },
      "properties": {
        "cipher": "Ordinal",
        "has_phrases": false,
        "mode": "value_domain",
        "phrase_count": 0,
        "phrases": [],
        "projection": "webmercator_hash_v1",
        "projection_method": "webmercator_hash_v1",
        "value": 736
      },
      "type": "Feature"
    },
    {
      "geometry": {
        "coordinates": [
          115.164862,
          35.098068
        ],
        "type": "Point"
      },
      "properties": {
        "cipher": "Ordinal",
        "has_phrases": false,
        "mode": "value_domain",
        "phrase_count": 0,
        "phrases": [],
        "projection": "webmercator_hash_v1",
        "projection_method": "webmercator_hash_v1",
        "value": 737
      },
      "type": "Feature"
    },
    {
      "geometry": {
        "coordinates": [
          23.790639,
          -54.160012
        ],
        "type": "Point"
      },
      "properties": {
        "cipher": "Ordinal",
        "has_phrases": false,
        "mode": "value_domain",
        "phrase_count": 0,
        "phrases": [],
        "projection": "webmercator_hash_v1",
        "projection_method": "webmercator_hash_v1",
        "value": 738
      },
      "type": "Feature"
    },
    {
      "geometry": {
        "coordinates": [
          65.495595,
          -47.651699
        ],
        "type": "Point"
      },
      "properties": {
        "cipher": "Ordinal",
        "has_phrases": false,
        "mode": "value_domain",
        "phrase_count": 0,
        "phrases": [],
        "projection": "webmercator_hash_v1",
        "projection_method": "webmercator_hash_v1",
        "value": 739
      },
      "type": "Feature"
    },
    {
      "geometry": {
        "coordinates": [
          41.131893,
          -13.263163
        ],
        "type": "Point"
      },
      "properties": {
        "cipher": "Ordinal",
        "has_phrases": false,
        "mode": "value_domain",
        "phrase_count": 0,
        "phrases": [],
        "projection": "webmercator_hash_v1",
        "projection_method": "webmercator_hash_v1",
        "value": 740
      },
      "type": "Feature"
    },
    {
      "geometry": {
        "coordinates": [
          34.94532,
          3.148976
        ],
        "type": "Point"
      },
      "properties": {
        "cipher": "Ordinal",
        "has_phrases": false,
        "mode": "value_domain",
        "phrase_count": 0,
        "phrases": [],
        "projection": "webmercator_hash_v1",
        "projection_method": "webmercator_hash_v1",
        "value": 741
      },
      "type": "Feature"
    },
    {
      "geometry": {
        "coordinates": [
          -55.853753,
          7.963392
        ],
        "type": "Point"
      },
      "properties": {
        "cipher": "Ordinal",
        "has_phrases": false,
        "mode": "value_domain",
        "phrase_count": 0,
        "phrases": [],
        "projection": "webmercator_hash_v1",
        "projection_method": "webmercator_hash_v1",
        "value": 742
      },
      "type": "Feature"
    },
    {
      "geometry": {
        "coordinates": [
          -171.661282,
          -81.174813
        ],
        "type": "Point"
      },
      "properties": {
        "cipher": "Ordinal",
        "has_phrases": false,
        "mode": "value_domain",
        "phrase_count": 0,
        "phrases": [],
        "projection": "webmercator_hash_v1",
        "projection_method": "webmercator_hash_v1",
        "value": 743
      },
      "type": "Feature"
    },
    {
      "geometry": {
        "coordinates": [
          -13.152318,
          81.694002
        ],
        "type": "Point"
      },
      "properties": {
        "cipher": "Ordinal",
        "has_phrases": false,
        "mode": "value_domain",
        "phrase_count": 0,
        "phrases": [],
        "projection": "webmercator_hash_v1",
        "projection_method": "webmercator_hash_v1",
        "value": 744
      },
      "type": "Feature"
    },
    {
      "geometry": {
        "coordinates": [
          -0.673458,
          -43.659691
        ],
        "type": "Point"
      },
      "properties": {
        "cipher": "Ordinal",
        "has_phrases": false,
        "mode": "value_domain",
        "phrase_count": 0,
        "phrases": [],
        "projection": "webmercator_hash_v1",
        "projection_method": "webmercator_hash_v1",
        "value": 745
      },
      "type": "Feature"
    },
    {
      "geometry": {
        "coordinates": [
          92.056001,
          -72.883926
        ],
        "type": "Point"
      },
      "properties": {
        "cipher": "Ordinal",
        "has_phrases": false,
        "mode": "value_domain",
        "phrase_count": 0,
        "phrases": [],
        "projection": "webmercator_hash_v1",
        "projection_method": "webmercator_hash_v1",
        "value": 746
      },
      "type": "Feature"
    },
    {
      "geometry": {
        "coordinates": [
          -41.344725,
          -18.307626
        ],
        "type": "Point"
      },
      "properties": {
        "cipher": "Ordinal",
        "has_phrases": false,
        "mode": "value_domain",
        "phrase_count": 0,
        "phrases": [],
        "projection": "webmercator_hash_v1",
        "projection_method": "webmercator_hash_v1",
        "value": 747
      },
      "type": "Feature"
    },
    {
      "geometry": {
        "coordinates": [
          152.640051,
          7.706259
        ],
        "type": "Point"
      },
      "properties": {
        "cipher": "Ordinal",
        "has_phrases": false,
        "mode": "value_domain",
        "phrase_count": 0,
        "phrases": [],
        "projection": "webmercator_hash_v1",
        "projection_method": "webmercator_hash_v1",
        "value": 748
      },
      "type": "Feature"
    },
    {
      "geometry": {
        "coordinates": [
          -75.512883,
          -66.536968
        ],
        "type": "Point"
      },
      "properties": {
        "cipher": "Ordinal",
        "has_phrases": false,
        "mode": "value_domain",
        "phrase_count": 0,
        "phrases": [],
        "projection": "webmercator_hash_v1",
        "projection_method": "webmercator_hash_v1",
        "value": 749
      },
      "type": "Feature"
    },
    {
      "geometry": {
        "coordinates": [
          92.197715,
          -75.114982
        ],
        "type": "Point"
      },
      "properties": {
        "cipher": "Ordinal",
        "has_phrases": false,
        "mode": "value_domain",
        "phrase_count": 0,
        "phrases": [],
        "projection": "webmercator_hash_v1",
        "projection_method": "webmercator_hash_v1",
        "value": 750
      },
      "type": "Feature"
    },
    {
      "geometry": {
        "coordinates": [
          16.973705,
          -0.427797
        ],
        "type": "Point"
      },
      "properties": {
        "cipher": "Ordinal",
        "has_phrases": false,
        "mode": "value_domain",
        "phrase_count": 0,
        "phrases": [],
        "projection": "webmercator_hash_v1",
        "projection_method": "webmercator_hash_v1",
        "value": 751
      },
      "type": "Feature"
    },
    {
      "geometry": {
        "coordinates": [
          -55.238845,
          -3.226189
        ],
        "type": "Point"
      },
      "properties": {
        "cipher": "Ordinal",
        "has_phrases": false,
        "mode": "value_domain",
        "phrase_count": 0,
        "phrases": [],
        "projection": "webmercator_hash_v1",
        "projection_method": "webmercator_hash_v1",
        "value": 752
      },
      "type": "Feature"
    },
    {
      "geometry": {
        "coordinates": [
          178.724804,
          30.997474
        ],
        "type": "Point"
      },
      "properties": {
        "cipher": "Ordinal",
        "has_phrases": false,
        "mode": "value_domain",
        "phrase_count": 0,
        "phrases": [],
        "projection": "webmercator_hash_v1",
        "projection_method": "webmercator_hash_v1",
        "value": 753
      },
      "type": "Feature"
    },
    {
      "geometry": {
        "coordinates": [
          -35.894483,
          -2.922782
        ],
        "type": "Point"
      },
      "properties": {
        "cipher": "Ordinal",
        "has_phrases": false,
        "mode": "value_domain",
        "phrase_count": 0,
        "phrases": [],
        "projection": "webmercator_hash_v1",
        "projection_method": "webmercator_hash_v1",
        "value": 754
      },
      "type": "Feature"
    },
    {
      "geometry": {
        "coordinates": [
          -17.132938,
          83.940864
        ],
        "type": "Point"
      },
      "properties": {
        "cipher": "Ordinal",
        "has_phrases": false,
        "mode": "value_domain",
        "phrase_count": 0,
        "phrases": [],
        "projection": "webmercator_hash_v1",
        "projection_method": "webmercator_hash_v1",
        "value": 755
      },
      "type": "Feature"
    },
    {
      "geometry": {
        "coordinates": [
          38.785995,
          80.552568
        ],
        "type": "Point"
      },
      "properties": {
        "cipher": "Ordinal",
        "has_phrases": false,
        "mode": "value_domain",
        "phrase_count": 0,
        "phrases": [],
        "projection": "webmercator_hash_v1",
        "projection_method": "webmercator_hash_v1",
        "value": 756
      },
      "type": "Feature"
    },
    {
      "geometry": {
        "coordinates": [
          38.735332,
          8.508677
        ],
        "type": "Point"
      },
      "properties": {
        "cipher": "Ordinal",
        "has_phrases": false,
        "mode": "value_domain",
        "phrase_count": 0,
        "phrases": [],
        "projection": "webmercator_hash_v1",
        "projection_method": "webmercator_hash_v1",
        "value": 757
      },
      "type": "Feature"
    },
    {
      "geometry": {
        "coordinates": [
          110.028208,
          72.163591
        ],
        "type": "Point"
      },
      "properties": {
        "cipher": "Ordinal",
        "has_phrases": false,
        "mode": "value_domain",
        "phrase_count": 0,
        "phrases": [],
        "projection": "webmercator_hash_v1",
        "projection_method": "webmercator_hash_v1",
        "value": 758
      },
      "type": "Feature"
    },
    {
      "geometry": {
        "coordinates": [
          -16.782494,
          8.45308
        ],
        "type": "Point"
      },
      "properties": {
        "cipher": "Ordinal",
        "has_phrases": false,
        "mode": "value_domain",
        "phrase_count": 0,
        "phrases": [],
        "projection": "webmercator_hash_v1",
        "projection_method": "webmercator_hash_v1",
        "value": 759
      },
      "type": "Feature"
    },
    {
      "geometry": {
        "coordinates": [
          -6.871808,
          18.708231
        ],
        "type": "Point"
      },
      "properties": {
        "cipher": "Ordinal",
        "has_phrases": false,
        "mode": "value_domain",
        "phrase_count": 0,
        "phrases": [],
        "projection": "webmercator_hash_v1",
        "projection_method": "webmercator_hash_v1",
        "value": 760
      },
      "type": "Feature"
    },
    {
      "geometry": {
        "coordinates": [
          -14.50666,
          49.668437
        ],
        "type": "Point"
      },
      "properties": {
        "cipher": "Ordinal",
        "has_phrases": false,
        "mode": "value_domain",
        "phrase_count": 0,
        "phrases": [],
        "projection": "webmercator_hash_v1",
        "projection_method": "webmercator_hash_v1",
        "value": 761
      },
      "type": "Feature"
    },
    {
      "geometry": {
        "coordinates": [
          -99.300738,
          49.290886
        ],
        "type": "Point"
      },
      "properties": {
        "cipher": "Ordinal",
        "has_phrases": false,
        "mode": "value_domain",
        "phrase_count": 0,
        "phrases": [],
        "projection": "webmercator_hash_v1",
        "projection_method": "webmercator_hash_v1",
        "value": 762
      },
      "type": "Feature"
    },
    {
      "geometry": {
        "coordinates": [
          59.536963,
          -9.192271
        ],
        "type": "Point"
      },
      "properties": {
        "cipher": "Ordinal",
        "has_phrases": false,
        "mode": "value_domain",
        "phrase_count": 0,
        "phrases": [],
        "projection": "webmercator_hash_v1",
        "projection_method": "webmercator_hash_v1",
        "value": 763
      },
      "type": "Feature"
    },
    {
      "geometry": {
        "coordinates": [
          -57.984147,
          72.84701
        ],
        "type": "Point"
      },
      "properties": {
        "cipher": "Ordinal",
        "has_phrases": false,
        "mode": "value_domain",
        "phrase_count": 0,
        "phrases": [],
        "projection": "webmercator_hash_v1",
        "projection_method": "webmercator_hash_v1",
        "value": 764
      },
      "type": "Feature"
    },
    {
      "geometry": {
        "coordinates": [
          -174.964751,
          -59.106458
        ],
        "type": "Point"
      },
      "properties": {
        "cipher": "Ordinal",
        "has_phrases": false,
        "mode": "value_domain",
        "phrase_count": 0,
        "phrases": [],
        "projection": "webmercator_hash_v1",
        "projection_method": "webmercator_hash_v1",
        "value": 765
      },
      "type": "Feature"
    },
    {
      "geometry": {
        "coordinates": [
          -127.097949,
          74.710861
        ],
        "type": "Point"
      },
      "properties": {
        "cipher": "Ordinal",
        "has_phrases": false,
        "mode": "value_domain",
        "phrase_count": 0,
        "phrases": [],
        "projection": "webmercator_hash_v1",
        "projection_method": "webmercator_hash_v1",
        "value": 766
      },
      "type": "Feature"
    },
    {
      "geometry": {
        "coordinates": [
          125.605112,
          16.118669
        ],
        "type": "Point"
      },
      "properties": {
        "cipher": "Ordinal",
        "has_phrases": false,
        "mode": "value_domain",
        "phrase_count": 0,
        "phrases": [],
        "projection": "webmercator_hash_v1",
        "projection_method": "webmercator_hash_v1",
        "value": 767
      },
      "type": "Feature"
    },
    {
      "geometry": {
        "coordinates": [
          -15.409636,
          53.520866
        ],
        "type": "Point"
      },
      "properties": {
        "cipher": "Ordinal",
        "has_phrases": false,
        "mode": "value_domain",
        "phrase_count": 0,
        "phrases": [],
        "projection": "webmercator_hash_v1",
        "projection_method": "webmercator_hash_v1",
        "value": 768
      },
      "type": "Feature"
    },
    {
      "geometry": {
        "coordinates": [
          120.900575,
          -21.369032
        ],
        "type": "Point"
      },
      "properties": {
        "cipher": "Ordinal",
        "has_phrases": false,
        "mode": "value_domain",
        "phrase_count": 0,
        "phrases": [],
        "projection": "webmercator_hash_v1",
        "projection_method": "webmercator_hash_v1",
        "value": 769
      },
      "type": "Feature"
    },
    {
      "geometry": {
        "coordinates": [
          -175.460766,
          21.062801
        ],
        "type": "Point"
      },
      "properties": {
        "cipher": "Ordinal",
        "has_phrases": false,
        "mode": "value_domain",
        "phrase_count": 0,
        "phrases": [],
        "projection": "webmercator_hash_v1",
        "projection_method": "webmercator_hash_v1",
        "value": 770
      },
      "type": "Feature"
    },
    {
      "geometry": {
        "coordinates": [
          -115.879575,
          -23.972279
        ],
        "type": "Point"
      },
      "properties": {
        "cipher": "Ordinal",
        "has_phrases": false,
        "mode": "value_domain",
        "phrase_count": 0,
        "phrases": [],
        "projection": "webmercator_hash_v1",
        "projection_method": "webmercator_hash_v1",
        "value": 771
      },
      "type": "Feature"
    },
    {
      "geometry": {
        "coordinates": [
          151.924209,
          63.983027
        ],
        "type": "Point"
      },
      "properties": {
        "cipher": "Ordinal",
        "has_phrases": false,
        "mode": "value_domain",
        "phrase_count": 0,
        "phrases": [],
        "projection": "webmercator_hash_v1",
        "projection_method": "webmercator_hash_v1",
        "value": 772
      },
      "type": "Feature"
    },
    {
      "geometry": {
        "coordinates": [
          150.433188,
          37.083828
        ],
        "type": "Point"
      },
      "properties": {
        "cipher": "Ordinal",
        "has_phrases": false,
        "mode": "value_domain",
        "phrase_count": 0,
        "phrases": [],
        "projection": "webmercator_hash_v1",
        "projection_method": "webmercator_hash_v1",
        "value": 773
      },
      "type": "Feature"
    },
    {
      "geometry": {
        "coordinates": [
          71.548454,
          -30.215271
        ],
        "type": "Point"
      },
      "properties": {
        "cipher": "Ordinal",
        "has_phrases": false,
        "mode": "value_domain",
        "phrase_count": 0,
        "phrases": [],
        "projection": "webmercator_hash_v1",
        "projection_method": "webmercator_hash_v1",
        "value": 774
      },
      "type": "Feature"
    },
    {
      "geometry": {
        "coordinates": [
          -125.808805,
          49.64686
        ],
        "type": "Point"
      },
      "properties": {
        "cipher": "Ordinal",
        "has_phrases": false,
        "mode": "value_domain",
        "phrase_count": 0,
        "phrases": [],
        "projection": "webmercator_hash_v1",
        "projection_method": "webmercator_hash_v1",
        "value": 775
      },
      "type": "Feature"
    },
    {
      "geometry": {
        "coordinates": [
          -110.943646,
          -62.615847
        ],
        "type": "Point"
      },
      "properties": {
        "cipher": "Ordinal",
        "has_phrases": false,
        "mode": "value_domain",
        "phrase_count": 0,
        "phrases": [],
        "projection": "webmercator_hash_v1",
        "projection_method": "webmercator_hash_v1",
        "value": 776
      },
      "type": "Feature"
    },
    {
      "geometry": {
        "coordinates": [
          -85.338986,
          68.865102
        ],
        "type": "Point"
      },
      "properties": {
        "cipher": "Ordinal",
        "has_phrases": false,
        "mode": "value_domain",
        "phrase_count": 0,
        "phrases": [],
        "projection": "webmercator_hash_v1",
        "projection_method": "webmercator_hash_v1",
        "value": 777
      },
      "type": "Feature"
    },
    {
      "geometry": {
        "coordinates": [
          -66.048204,
          49.128418
        ],
        "type": "Point"
      },
      "properties": {
        "cipher": "Ordinal",
        "has_phrases": false,
        "mode": "value_domain",
        "phrase_count": 0,
        "phrases": [],
        "projection": "webmercator_hash_v1",
        "projection_method": "webmercator_hash_v1",
        "value": 778
      },
      "type": "Feature"
    },
    {
      "geometry": {
        "coordinates": [
          -35.202262,
          16.137631
        ],
        "type": "Point"
      },
      "properties": {
        "cipher": "Ordinal",
        "has_phrases": false,
        "mode": "value_domain",
        "phrase_count": 0,
        "phrases": [],
        "projection": "webmercator_hash_v1",
        "projection_method": "webmercator_hash_v1",
        "value": 779
      },
      "type": "Feature"
    },
    {
      "geometry": {
        "coordinates": [
          1.969431,
          -78.402574
        ],
        "type": "Point"
      },
      "properties": {
        "cipher": "Ordinal",
        "has_phrases": false,
        "mode": "value_domain",
        "phrase_count": 0,
        "phrases": [],
        "projection": "webmercator_hash_v1",
        "projection_method": "webmercator_hash_v1",
        "value": 780
      },
      "type": "Feature"
    },
    {
      "geometry": {
        "coordinates": [
          47.281585,
          73.716818
        ],
        "type": "Point"
      },
      "properties": {
        "cipher": "Ordinal",
        "has_phrases": false,
        "mode": "value_domain",
        "phrase_count": 0,
        "phrases": [],
        "projection": "webmercator_hash_v1",
        "projection_method": "webmercator_hash_v1",
        "value": 781
      },
      "type": "Feature"
    },
    {
      "geometry": {
        "coordinates": [
          22.890493,
          -63.147795
        ],
        "type": "Point"
      },
      "properties": {
        "cipher": "Ordinal",
        "has_phrases": false,
        "mode": "value_domain",
        "phrase_count": 0,
        "phrases": [],
        "projection": "webmercator_hash_v1",
        "projection_method": "webmercator_hash_v1",
        "value": 782
      },
      "type": "Feature"
    },
    {
      "geometry": {
        "coordinates": [
          -83.344278,
          -11.91057
        ],
        "type": "Point"
      },
      "properties": {
        "cipher": "Ordinal",
        "has_phrases": false,
        "mode": "value_domain",
        "phrase_count": 0,
        "phrases": [],
        "projection": "webmercator_hash_v1",
        "projection_method": "webmercator_hash_v1",
        "value": 783
      },
      "type": "Feature"
    },
    {
      "geometry": {
        "coordinates": [
          -67.275558,
          59.819315
        ],
        "type": "Point"
      },
      "properties": {
        "cipher": "Ordinal",
        "has_phrases": false,
        "mode": "value_domain",
        "phrase_count": 0,
        "phrases": [],
        "projection": "webmercator_hash_v1",
        "projection_method": "webmercator_hash_v1",
        "value": 784
      },
      "type": "Feature"
    },
    {
      "geometry": {
        "coordinates": [
          119.080782,
          4.131209
        ],
        "type": "Point"
      },
      "properties": {
        "cipher": "Ordinal",
        "has_phrases": false,
        "mode": "value_domain",
        "phrase_count": 0,
        "phrases": [],
        "projection": "webmercator_hash_v1",
        "projection_method": "webmercator_hash_v1",
        "value": 785
      },
      "type": "Feature"
    },
    {
      "geometry": {
        "coordinates": [
          67.860535,
          38.587664
        ],
        "type": "Point"
      },
      "properties": {
        "cipher": "Ordinal",
        "has_phrases": false,
        "mode": "value_domain",
        "phrase_count": 0,
        "phrases": [],
        "projection": "webmercator_hash_v1",
        "projection_method": "webmercator_hash_v1",
        "value": 786
      },
      "type": "Feature"
    },
    {
      "geometry": {
        "coordinates": [
          167.71783,
          -50.294293
        ],
        "type": "Point"
      },
      "properties": {
        "cipher": "Ordinal",
        "has_phrases": false,
        "mode": "value_domain",
        "phrase_count": 0,
        "phrases": [],
        "projection": "webmercator_hash_v1",
        "projection_method": "webmercator_hash_v1",
        "value": 787
      },
      "type": "Feature"
    },
    {
      "geometry": {
        "coordinates": [
          -103.78001,
          -27.891337
        ],
        "type": "Point"
      },
      "properties": {
        "cipher": "Ordinal",
        "has_phrases": false,
        "mode": "value_domain",
        "phrase_count": 0,
        "phrases": [],
        "projection": "webmercator_hash_v1",
        "projection_method": "webmercator_hash_v1",
        "value": 788
      },
      "type": "Feature"
    },
    {
      "geometry": {
        "coordinates": [
          -145.62105,
          36.321499
        ],
        "type": "Point"
      },
      "properties": {
        "cipher": "Ordinal",
        "has_phrases": false,
        "mode": "value_domain",
        "phrase_count": 0,
        "phrases": [],
        "projection": "webmercator_hash_v1",
        "projection_method": "webmercator_hash_v1",
        "value": 789
      },
      "type": "Feature"
    },
    {
      "geometry": {
        "coordinates": [
          86.092354,
          -9.661685
        ],
        "type": "Point"
      },
      "properties": {
        "cipher": "Ordinal",
        "has_phrases": false,
        "mode": "value_domain",
        "phrase_count": 0,
        "phrases": [],
        "projection": "webmercator_hash_v1",
        "projection_method": "webmercator_hash_v1",
        "value": 790
      },
      "type": "Feature"
    },
    {
      "geometry": {
        "coordinates": [
          103.197666,
          -2.170641
        ],
        "type": "Point"
      },
      "properties": {
        "cipher": "Ordinal",
        "has_phrases": false,
        "mode": "value_domain",
        "phrase_count": 0,
        "phrases": [],
        "projection": "webmercator_hash_v1",
        "projection_method": "webmercator_hash_v1",
        "value": 791
      },
      "type": "Feature"
    },
    {
      "geometry": {
        "coordinates": [
          129.239809,
          80.916737
        ],
        "type": "Point"
      },
      "properties": {
        "cipher": "Ordinal",
        "has_phrases": false,
        "mode": "value_domain",
        "phrase_count": 0,
        "phrases": [],
        "projection": "webmercator_hash_v1",
        "projection_method": "webmercator_hash_v1",
        "value": 792
      },
      "type": "Feature"
    },
    {
      "geometry": {
        "coordinates": [
          146.49842,
          9.878077
        ],
        "type": "Point"
      },
      "properties": {
        "cipher": "Ordinal",
        "has_phrases": false,
        "mode": "value_domain",
        "phrase_count": 0,
        "phrases": [],
        "projection": "webmercator_hash_v1",
        "projection_method": "webmercator_hash_v1",
        "value": 793
      },
      "type": "Feature"
    },
    {
      "geometry": {
        "coordinates": [
          154.791054,
          -5.207194
        ],
        "type": "Point"
      },
      "properties": {
        "cipher": "Ordinal",
        "has_phrases": false,
        "mode": "value_domain",
        "phrase_count": 0,
        "phrases": [],
        "projection": "webmercator_hash_v1",
        "projection_method": "webmercator_hash_v1",
        "value": 794
      },
      "type": "Feature"
    },
    {
      "geometry": {
        "coordinates": [
          20.220891,
          17.492862
        ],
        "type": "Point"
      },
      "properties": {
        "cipher": "Ordinal",
        "has_phrases": false,
        "mode": "value_domain",
        "phrase_count": 0,
        "phrases": [],
        "projection": "webmercator_hash_v1",
        "projection_method": "webmercator_hash_v1",
        "value": 795
      },
      "type": "Feature"
    },
    {
      "geometry": {
        "coordinates": [
          88.498116,
          -42.209332
        ],
        "type": "Point"
      },
      "properties": {
        "cipher": "Ordinal",
        "has_phrases": false,
        "mode": "value_domain",
        "phrase_count": 0,
        "phrases": [],
        "projection": "webmercator_hash_v1",
        "projection_method": "webmercator_hash_v1",
        "value": 796
      },
      "type": "Feature"
    },
    {
      "geometry": {
        "coordinates": [
          -40.982705,
          21.32061
        ],
        "type": "Point"
      },
      "properties": {
        "cipher": "Ordinal",
        "has_phrases": false,
        "mode": "value_domain",
        "phrase_count": 0,
        "phrases": [],
        "projection": "webmercator_hash_v1",
        "projection_method": "webmercator_hash_v1",
        "value": 797
      },
      "type": "Feature"
    },
    {
      "geometry": {
        "coordinates": [
          30.742001,
          -58.366107
        ],
        "type": "Point"
      },
      "properties": {
        "cipher": "Ordinal",
        "has_phrases": false,
        "mode": "value_domain",
        "phrase_count": 0,
        "phrases": [],
        "projection": "webmercator_hash_v1",
        "projection_method": "webmercator_hash_v1",
        "value": 798
      },
      "type": "Feature"
    },
    {
      "geometry": {
        "coordinates": [
          -27.318197,
          -74.272405
        ],
        "type": "Point"
      },
      "properties": {
        "cipher": "Ordinal",
        "has_phrases": false,
        "mode": "value_domain",
        "phrase_count": 0,
        "phrases": [],
        "projection": "webmercator_hash_v1",
        "projection_method": "webmercator_hash_v1",
        "value": 799
      },
      "type": "Feature"
    },
    {
      "geometry": {
        "coordinates": [
          49.950841,
          -67.253759
        ],
        "type": "Point"
      },
      "properties": {
        "cipher": "Ordinal",
        "has_phrases": false,
        "mode": "value_domain",
        "phrase_count": 0,
        "phrases": [],
        "projection": "webmercator_hash_v1",
        "projection_method": "webmercator_hash_v1",
        "value": 800
      },
      "type": "Feature"
    },
    {
      "geometry": {
        "coordinates": [
          -99.497894,
          77.362305
        ],
        "type": "Point"
      },
      "properties": {
        "cipher": "Ordinal",
        "has_phrases": false,
        "mode": "value_domain",
        "phrase_count": 0,
        "phrases": [],
        "projection": "webmercator_hash_v1",
        "projection_method": "webmercator_hash_v1",
        "value": 801
      },
      "type": "Feature"
    },
    {
      "geometry": {
        "coordinates": [
          -19.974264,
          -39.741051
        ],
        "type": "Point"
      },
      "properties": {
        "cipher": "Ordinal",
        "has_phrases": false,
        "mode": "value_domain",
        "phrase_count": 0,
        "phrases": [],
        "projection": "webmercator_hash_v1",
        "projection_method": "webmercator_hash_v1",
        "value": 802
      },
      "type": "Feature"
    },
    {
      "geometry": {
        "coordinates": [
          -144.804847,
          79.698025
        ],
        "type": "Point"
      },
      "properties": {
        "cipher": "Ordinal",
        "has_phrases": false,
        "mode": "value_domain",
        "phrase_count": 0,
        "phrases": [],
        "projection": "webmercator_hash_v1",
        "projection_method": "webmercator_hash_v1",
        "value": 803
      },
      "type": "Feature"
    },
    {
      "geometry": {
        "coordinates": [
          11.683467,
          31.844477
        ],
        "type": "Point"
      },
      "properties": {
        "cipher": "Ordinal",
        "has_phrases": false,
        "mode": "value_domain",
        "phrase_count": 0,
        "phrases": [],
        "projection": "webmercator_hash_v1",
        "projection_method": "webmercator_hash_v1",
        "value": 804
      },
      "type": "Feature"
    },
    {
      "geometry": {
        "coordinates": [
          -5.293073,
          76.429505
        ],
        "type": "Point"
      },
      "properties": {
        "cipher": "Ordinal",
        "has_phrases": false,
        "mode": "value_domain",
        "phrase_count": 0,
        "phrases": [],
        "projection": "webmercator_hash_v1",
        "projection_method": "webmercator_hash_v1",
        "value": 805
      },
      "type": "Feature"
    },
    {
      "geometry": {
        "coordinates": [
          -106.810974,
          17.303883
        ],
        "type": "Point"
      },
      "properties": {
        "cipher": "Ordinal",
        "has_phrases": false,
        "mode": "value_domain",
        "phrase_count": 0,
        "phrases": [],
        "projection": "webmercator_hash_v1",
        "projection_method": "webmercator_hash_v1",
        "value": 806
      },
      "type": "Feature"
    },
    {
      "geometry": {
        "coordinates": [
          -145.908227,
          -73.900914
        ],
        "type": "Point"
      },
      "properties": {
        "cipher": "Ordinal",
        "has_phrases": false,
        "mode": "value_domain",
        "phrase_count": 0,
        "phrases": [],
        "projection": "webmercator_hash_v1",
        "projection_method": "webmercator_hash_v1",
        "value": 807
      },
      "type": "Feature"
    },
    {
      "geometry": {
        "coordinates": [
          -118.057975,
          -78.76274
        ],
        "type": "Point"
      },
      "properties": {
        "cipher": "Ordinal",
        "has_phrases": false,
        "mode": "value_domain",
        "phrase_count": 0,
        "phrases": [],
        "projection": "webmercator_hash_v1",
        "projection_method": "webmercator_hash_v1",
        "value": 808
      },
      "type": "Feature"
    },
    {
      "geometry": {
        "coordinates": [
          55.720164,
          -0.700625
        ],
        "type": "Point"
      },
      "properties": {
        "cipher": "Ordinal",
        "has_phrases": false,
        "mode": "value_domain",
        "phrase_count": 0,
        "phrases": [],
        "projection": "webmercator_hash_v1",
        "projection_method": "webmercator_hash_v1",
        "value": 809
      },
      "type": "Feature"
    },
    {
      "geometry": {
        "coordinates": [
          -64.306422,
          -16.075128
        ],
        "type": "Point"
      },
      "properties": {
        "cipher": "Ordinal",
        "has_phrases": false,
        "mode": "value_domain",
        "phrase_count": 0,
        "phrases": [],
        "projection": "webmercator_hash_v1",
        "projection_method": "webmercator_hash_v1",
        "value": 810
      },
      "type": "Feature"
    },
    {
      "geometry": {
        "coordinates": [
          101.202276,
          35.651811
        ],
        "type": "Point"
      },
      "properties": {
        "cipher": "Ordinal",
        "has_phrases": false,
        "mode": "value_domain",
        "phrase_count": 0,
        "phrases": [],
        "projection": "webmercator_hash_v1",
        "projection_method": "webmercator_hash_v1",
        "value": 811
      },
      "type": "Feature"
    },
    {
      "geometry": {
        "coordinates": [
          19.289587,
          -1.330508
        ],
        "type": "Point"
      },
      "properties": {
        "cipher": "Ordinal",
        "has_phrases": false,
        "mode": "value_domain",
        "phrase_count": 0,
        "phrases": [],
        "projection": "webmercator_hash_v1",
        "projection_method": "webmercator_hash_v1",
        "value": 812
      },
      "type": "Feature"
    },
    {
      "geometry": {
        "coordinates": [
          73.886211,
          -16.056963
        ],
        "type": "Point"
      },
      "properties": {
        "cipher": "Ordinal",
        "has_phrases": false,
        "mode": "value_domain",
        "phrase_count": 0,
        "phrases": [],
        "projection": "webmercator_hash_v1",
        "projection_method": "webmercator_hash_v1",
        "value": 813
      },
      "type": "Feature"
    },
    {
      "geometry": {
        "coordinates": [
          -106.387697,
          7.013933
        ],
        "type": "Point"
      },
      "properties": {
        "cipher": "Ordinal",
        "has_phrases": false,
        "mode": "value_domain",
        "phrase_count": 0,
        "phrases": [],
        "projection": "webmercator_hash_v1",
        "projection_method": "webmercator_hash_v1",
        "value": 814
      },
      "type": "Feature"
    },
    {
      "geometry": {
        "coordinates": [
          41.967725,
          19.362047
        ],
        "type": "Point"
      },
      "properties": {
        "cipher": "Ordinal",
        "has_phrases": false,
        "mode": "value_domain",
        "phrase_count": 0,
        "phrases": [],
        "projection": "webmercator_hash_v1",
        "projection_method": "webmercator_hash_v1",
        "value": 815
      },
      "type": "Feature"
    },
    {
      "geometry": {
        "coordinates": [
          -149.98959,
          -56.055621
        ],
        "type": "Point"
      },
      "properties": {
        "cipher": "Ordinal",
        "has_phrases": false,
        "mode": "value_domain",
        "phrase_count": 0,
        "phrases": [],
        "projection": "webmercator_hash_v1",
        "projection_method": "webmercator_hash_v1",
        "value": 816
      },
      "type": "Feature"
    },
    {
      "geometry": {
        "coordinates": [
          -18.530732,
          -51.224729
        ],
        "type": "Point"
      },
      "properties": {
        "cipher": "Ordinal",
        "has_phrases": false,
        "mode": "value_domain",
        "phrase_count": 0,
        "phrases": [],
        "projection": "webmercator_hash_v1",
        "projection_method": "webmercator_hash_v1",
        "value": 817
      },
      "type": "Feature"
    },
    {
      "geometry": {
        "coordinates": [
          -101.636739,
          -70.260401
        ],
        "type": "Point"
      },
      "properties": {
        "cipher": "Ordinal",
        "has_phrases": false,
        "mode": "value_domain",
        "phrase_count": 0,
        "phrases": [],
        "projection": "webmercator_hash_v1",
        "projection_method": "webmercator_hash_v1",
        "value": 818
      },
      "type": "Feature"
    },
    {
      "geometry": {
        "coordinates": [
          -133.496396,
          -5.766583
        ],
        "type": "Point"
      },
      "properties": {
        "cipher": "Ordinal",
        "has_phrases": false,
        "mode": "value_domain",
        "phrase_count": 0,
        "phrases": [],
        "projection": "webmercator_hash_v1",
        "projection_method": "webmercator_hash_v1",
        "value": 819
      },
      "type": "Feature"
    },
    {
      "geometry": {
        "coordinates": [
          29.567861,
          43.78879
        ],
        "type": "Point"
      },
      "properties": {
        "cipher": "Ordinal",
        "has_phrases": false,
        "mode": "value_domain",
        "phrase_count": 0,
        "phrases": [],
        "projection": "webmercator_hash_v1",
        "projection_method": "webmercator_hash_v1",
        "value": 820
      },
      "type": "Feature"
    },
    {
      "geometry": {
        "coordinates": [
          83.725529,
          39.727566
        ],
        "type": "Point"
      },
      "properties": {
        "cipher": "Ordinal",
        "has_phrases": false,
        "mode": "value_domain",
        "phrase_count": 0,
        "phrases": [],
        "projection": "webmercator_hash_v1",
        "projection_method": "webmercator_hash_v1",
        "value": 821
      },
      "type": "Feature"
    },
    {
      "geometry": {
        "coordinates": [
          57.280733,
          -51.728112
        ],
        "type": "Point"
      },
      "properties": {
        "cipher": "Ordinal",
        "has_phrases": false,
        "mode": "value_domain",
        "phrase_count": 0,
        "phrases": [],
        "projection": "webmercator_hash_v1",
        "projection_method": "webmercator_hash_v1",
        "value": 822
      },
      "type": "Feature"
    },
    {
      "geometry": {
        "coordinates": [
          -78.214899,
          -62.429092
        ],
        "type": "Point"
      },
      "properties": {
        "cipher": "Ordinal",
        "has_phrases": false,
        "mode": "value_domain",
        "phrase_count": 0,
        "phrases": [],
        "projection": "webmercator_hash_v1",
        "projection_method": "webmercator_hash_v1",
        "value": 823
      },
      "type": "Feature"
    },
    {
      "geometry": {
        "coordinates": [
          28.848345,
          -71.756597
        ],
        "type": "Point"
      },
      "properties": {
        "cipher": "Ordinal",
        "has_phrases": false,
        "mode": "value_domain",
        "phrase_count": 0,
        "phrases": [],
        "projection": "webmercator_hash_v1",
        "projection_method": "webmercator_hash_v1",
        "value": 824
      },
      "type": "Feature"
    },
    {
      "geometry": {
        "coordinates": [
          -170.677985,
          47.93505
        ],
        "type": "Point"
      },
      "properties": {
        "cipher": "Ordinal",
        "has_phrases": false,
        "mode": "value_domain",
        "phrase_count": 0,
        "phrases": [],
        "projection": "webmercator_hash_v1",
        "projection_method": "webmercator_hash_v1",
        "value": 825
      },
      "type": "Feature"
    },
    {
      "geometry": {
        "coordinates": [
          75.133302,
          -55.224905
        ],
        "type": "Point"
      },
      "properties": {
        "cipher": "Ordinal",
        "has_phrases": false,
        "mode": "value_domain",
        "phrase_count": 0,
        "phrases": [],
        "projection": "webmercator_hash_v1",
        "projection_method": "webmercator_hash_v1",
        "value": 826
      },
      "type": "Feature"
    },
    {
      "geometry": {
        "coordinates": [
          47.016314,
          30.589245
        ],
        "type": "Point"
      },
      "properties": {
        "cipher": "Ordinal",
        "has_phrases": false,
        "mode": "value_domain",
        "phrase_count": 0,
        "phrases": [],
        "projection": "webmercator_hash_v1",
        "projection_method": "webmercator_hash_v1",
        "value": 827
      },
      "type": "Feature"
    },
    {
      "geometry": {
        "coordinates": [
          14.97993,
          -17.785113
        ],
        "type": "Point"
      },
      "properties": {
        "cipher": "Ordinal",
        "has_phrases": false,
        "mode": "value_domain",
        "phrase_count": 0,
        "phrases": [],
        "projection": "webmercator_hash_v1",
        "projection_method": "webmercator_hash_v1",
        "value": 828
      },
      "type": "Feature"
    },
    {
      "geometry": {
        "coordinates": [
          53.212548,
          -43.432258
        ],
        "type": "Point"
      },
      "properties": {
        "cipher": "Ordinal",
        "has_phrases": false,
        "mode": "value_domain",
        "phrase_count": 0,
        "phrases": [],
        "projection": "webmercator_hash_v1",
        "projection_method": "webmercator_hash_v1",
        "value": 829
      },
      "type": "Feature"
    },
    {
      "geometry": {
        "coordinates": [
          -21.157029,
          41.287573
        ],
        "type": "Point"
      },
      "properties": {
        "cipher": "Ordinal",
        "has_phrases": false,
        "mode": "value_domain",
        "phrase_count": 0,
        "phrases": [],
        "projection": "webmercator_hash_v1",
        "projection_method": "webmercator_hash_v1",
        "value": 830
      },
      "type": "Feature"
    },
    {
      "geometry": {
        "coordinates": [
          43.850981,
          -14.894807
        ],
        "type": "Point"
      },
      "properties": {
        "cipher": "Ordinal",
        "has_phrases": false,
        "mode": "value_domain",
        "phrase_count": 0,
        "phrases": [],
        "projection": "webmercator_hash_v1",
        "projection_method": "webmercator_hash_v1",
        "value": 831
      },
      "type": "Feature"
    },
    {
      "geometry": {
        "coordinates": [
          123.489532,
          -73.405805
        ],
        "type": "Point"
      },
      "properties": {
        "cipher": "Ordinal",
        "has_phrases": false,
        "mode": "value_domain",
        "phrase_count": 0,
        "phrases": [],
        "projection": "webmercator_hash_v1",
        "projection_method": "webmercator_hash_v1",
        "value": 832
      },
      "type": "Feature"
    },
    {
      "geometry": {
        "coordinates": [
          -140.765808,
          -71.644146
        ],
        "type": "Point"
      },
      "properties": {
        "cipher": "Ordinal",
        "has_phrases": false,
        "mode": "value_domain",
        "phrase_count": 0,
        "phrases": [],
        "projection": "webmercator_hash_v1",
        "projection_method": "webmercator_hash_v1",
        "value": 833
      },
      "type": "Feature"
    },
    {
      "geometry": {
        "coordinates": [
          -176.803619,
          -7.439794
        ],
        "type": "Point"
      },
      "properties": {
        "cipher": "Ordinal",
        "has_phrases": false,
        "mode": "value_domain",
        "phrase_count": 0,
        "phrases": [],
        "projection": "webmercator_hash_v1",
        "projection_method": "webmercator_hash_v1",
        "value": 834
      },
      "type": "Feature"
    },
    {
      "geometry": {
        "coordinates": [
          -86.587138,
          -71.564563
        ],
        "type": "Point"
      },
      "properties": {
        "cipher": "Ordinal",
        "has_phrases": false,
        "mode": "value_domain",
        "phrase_count": 0,
        "phrases": [],
        "projection": "webmercator_hash_v1",
        "projection_method": "webmercator_hash_v1",
        "value": 835
      },
      "type": "Feature"
    },
    {
      "geometry": {
        "coordinates": [
          -30.894843,
          -81.521284
        ],
        "type": "Point"
      },
      "properties": {
        "cipher": "Ordinal",
        "has_phrases": false,
        "mode": "value_domain",
        "phrase_count": 0,
        "phrases": [],
        "projection": "webmercator_hash_v1",
        "projection_method": "webmercator_hash_v1",
        "value": 836
      },
      "type": "Feature"
    },
    {
      "geometry": {
        "coordinates": [
          -38.655596,
          -65.076773
        ],
        "type": "Point"
      },
      "properties": {
        "cipher": "Ordinal",
        "has_phrases": false,
        "mode": "value_domain",
        "phrase_count": 0,
        "phrases": [],
        "projection": "webmercator_hash_v1",
        "projection_method": "webmercator_hash_v1",
        "value": 837
      },
      "type": "Feature"
    },
    {
      "geometry": {
        "coordinates": [
          -128.290487,
          41.237194
        ],
        "type": "Point"
      },
      "properties": {
        "cipher": "Ordinal",
        "has_phrases": false,
        "mode": "value_domain",
        "phrase_count": 0,
        "phrases": [],
        "projection": "webmercator_hash_v1",
        "projection_method": "webmercator_hash_v1",
        "value": 838
      },
      "type": "Feature"
    },
    {
      "geometry": {
        "coordinates": [
          147.673686,
          -83.306239
        ],
        "type": "Point"
      },
      "properties": {
        "cipher": "Ordinal",
        "has_phrases": false,
        "mode": "value_domain",
        "phrase_count": 0,
        "phrases": [],
        "projection": "webmercator_hash_v1",
        "projection_method": "webmercator_hash_v1",
        "value": 839
      },
      "type": "Feature"
    },
    {
      "geometry": {
        "coordinates": [
          173.355462,
          73.263826
        ],
        "type": "Point"
      },
      "properties": {
        "cipher": "Ordinal",
        "has_phrases": false,
        "mode": "value_domain",
        "phrase_count": 0,
        "phrases": [],
        "projection": "webmercator_hash_v1",
        "projection_method": "webmercator_hash_v1",
        "value": 840
      },
      "type": "Feature"
    },
    {
      "geometry": {
        "coordinates": [
          -107.612497,
          64.597812
        ],
        "type": "Point"
      },
      "properties": {
        "cipher": "Ordinal",
        "has_phrases": false,
        "mode": "value_domain",
        "phrase_count": 0,
        "phrases": [],
        "projection": "webmercator_hash_v1",
        "projection_method": "webmercator_hash_v1",
        "value": 841
      },
      "type": "Feature"
    },
    {
      "geometry": {
        "coordinates": [
          -124.707351,
          -70.745363
        ],
        "type": "Point"
      },
      "properties": {
        "cipher": "Ordinal",
        "has_phrases": false,
        "mode": "value_domain",
        "phrase_count": 0,
        "phrases": [],
        "projection": "webmercator_hash_v1",
        "projection_method": "webmercator_hash_v1",
        "value": 842
      },
      "type": "Feature"
    },
    {
      "geometry": {
        "coordinates": [
          122.007889,
          84.618416
        ],
        "type": "Point"
      },
      "properties": {
        "cipher": "Ordinal",
        "has_phrases": false,
        "mode": "value_domain",
        "phrase_count": 0,
        "phrases": [],
        "projection": "webmercator_hash_v1",
        "projection_method": "webmercator_hash_v1",
        "value": 843
      },
      "type": "Feature"
    },
    {
      "geometry": {
        "coordinates": [
          -10.296555,
          -82.815804
        ],
        "type": "Point"
      },
      "properties": {
        "cipher": "Ordinal",
        "has_phrases": false,
        "mode": "value_domain",
        "phrase_count": 0,
        "phrases": [],
        "projection": "webmercator_hash_v1",
        "projection_method": "webmercator_hash_v1",
        "value": 844
      },
      "type": "Feature"
    },
    {
      "geometry": {
        "coordinates": [
          27.782418,
          -6.279443
        ],
        "type": "Point"
      },
      "properties": {
        "cipher": "Ordinal",
        "has_phrases": false,
        "mode": "value_domain",
        "phrase_count": 0,
        "phrases": [],
        "projection": "webmercator_hash_v1",
        "projection_method": "webmercator_hash_v1",
        "value": 845
      },
      "type": "Feature"
    },
    {
      "geometry": {
        "coordinates": [
          -171.137728,
          -63.752262
        ],
        "type": "Point"
      },
      "properties": {
        "cipher": "Ordinal",
        "has_phrases": false,
        "mode": "value_domain",
        "phrase_count": 0,
        "phrases": [],
        "projection": "webmercator_hash_v1",
        "projection_method": "webmercator_hash_v1",
        "value": 846
      },
      "type": "Feature"
    },
    {
      "geometry": {
        "coordinates": [
          -49.59196,
          40.611002
        ],
        "type": "Point"
      },
      "properties": {
        "cipher": "Ordinal",
        "has_phrases": false,
        "mode": "value_domain",
        "phrase_count": 0,
        "phrases": [],
        "projection": "webmercator_hash_v1",
        "projection_method": "webmercator_hash_v1",
        "value": 847
      },
      "type": "Feature"
    },
    {
      "geometry": {
        "coordinates": [
          -99.969667,
          -51.30872
        ],
        "type": "Point"
      },
      "properties": {
        "cipher": "Ordinal",
        "has_phrases": false,
        "mode": "value_domain",
        "phrase_count": 0,
        "phrases": [],
        "projection": "webmercator_hash_v1",
        "projection_method": "webmercator_hash_v1",
        "value": 848
      },
      "type": "Feature"
    },
    {
      "geometry": {
        "coordinates": [
          140.021953,
          -69.064583
        ],
        "type": "Point"
      },
      "properties": {
        "cipher": "Ordinal",
        "has_phrases": false,
        "mode": "value_domain",
        "phrase_count": 0,
        "phrases": [],
        "projection": "webmercator_hash_v1",
        "projection_method": "webmercator_hash_v1",
        "value": 849
      },
      "type": "Feature"
    },
    {
      "geometry": {
        "coordinates": [
          141.136715,
          50.353963
        ],
        "type": "Point"
      },
      "properties": {
        "cipher": "Ordinal",
        "has_phrases": false,
        "mode": "value_domain",
        "phrase_count": 0,
        "phrases": [],
        "projection": "webmercator_hash_v1",
        "projection_method": "webmercator_hash_v1",
        "value": 850
      },
      "type": "Feature"
    },
    {
      "geometry": {
        "coordinates": [
          39.066282,
          -70.336846
        ],
        "type": "Point"
      },
      "properties": {
        "cipher": "Ordinal",
        "has_phrases": false,
        "mode": "value_domain",
        "phrase_count": 0,
        "phrases": [],
        "projection": "webmercator_hash_v1",
        "projection_method": "webmercator_hash_v1",
        "value": 851
      },
      "type": "Feature"
    },
    {
      "geometry": {
        "coordinates": [
          59.904769,
          82.46409
        ],
        "type": "Point"
      },
      "properties": {
        "cipher": "Ordinal",
        "has_phrases": false,
        "mode": "value_domain",
        "phrase_count": 0,
        "phrases": [],
        "projection": "webmercator_hash_v1",
        "projection_method": "webmercator_hash_v1",
        "value": 852
      },
      "type": "Feature"
    },
    {
      "geometry": {
        "coordinates": [
          -16.300775,
          49.253905
        ],
        "type": "Point"
      },
      "properties": {
        "cipher": "Ordinal",
        "has_phrases": false,
        "mode": "value_domain",
        "phrase_count": 0,
        "phrases": [],
        "projection": "webmercator_hash_v1",
        "projection_method": "webmercator_hash_v1",
        "value": 853
      },
      "type": "Feature"
    },
    {
      "geometry": {
        "coordinates": [
          99.656143,
          -6.302884
        ],
        "type": "Point"
      },
      "properties": {
        "cipher": "Ordinal",
        "has_phrases": false,
        "mode": "value_domain",
        "phrase_count": 0,
        "phrases": [],
        "projection": "webmercator_hash_v1",
        "projection_method": "webmercator_hash_v1",
        "value": 854
      },
      "type": "Feature"
    },
    {
      "geometry": {
        "coordinates": [
          -60.6188,
          -33.037665
        ],
        "type": "Point"
      },
      "properties": {
        "cipher": "Ordinal",
        "has_phrases": false,
        "mode": "value_domain",
        "phrase_count": 0,
        "phrases": [],
        "projection": "webmercator_hash_v1",
        "projection_method": "webmercator_hash_v1",
        "value": 855
      },
      "type": "Feature"
    },
    {
      "geometry": {
        "coordinates": [
          -70.424189,
          13.472892
        ],
        "type": "Point"
      },
      "properties": {
        "cipher": "Ordinal",
        "has_phrases": false,
        "mode": "value_domain",
        "phrase_count": 0,
        "phrases": [],
        "projection": "webmercator_hash_v1",
        "projection_method": "webmercator_hash_v1",
        "value": 856
      },
      "type": "Feature"
    },
    {
      "geometry": {
        "coordinates": [
          59.943299,
          33.881361
        ],
        "type": "Point"
      },
      "properties": {
        "cipher": "Ordinal",
        "has_phrases": false,
        "mode": "value_domain",
        "phrase_count": 0,
        "phrases": [],
        "projection": "webmercator_hash_v1",
        "projection_method": "webmercator_hash_v1",
        "value": 857
      },
      "type": "Feature"
    },
    {
      "geometry": {
        "coordinates": [
          50.825092,
          -7.15757
        ],
        "type": "Point"
      },
      "properties": {
        "cipher": "Ordinal",
        "has_phrases": false,
        "mode": "value_domain",
        "phrase_count": 0,
        "phrases": [],
        "projection": "webmercator_hash_v1",
        "projection_method": "webmercator_hash_v1",
        "value": 858
      },
      "type": "Feature"
    },
    {
      "geometry": {
        "coordinates": [
          -18.837093,
          -3.709853
        ],
        "type": "Point"
      },
      "properties": {
        "cipher": "Ordinal",
        "has_phrases": false,
        "mode": "value_domain",
        "phrase_count": 0,
        "phrases": [],
        "projection": "webmercator_hash_v1",
        "projection_method": "webmercator_hash_v1",
        "value": 859
      },
      "type": "Feature"
    },
    {
      "geometry": {
        "coordinates": [
          99.722137,
          43.608047
        ],
        "type": "Point"
      },
      "properties": {
        "cipher": "Ordinal",
        "has_phrases": false,
        "mode": "value_domain",
        "phrase_count": 0,
        "phrases": [],
        "projection": "webmercator_hash_v1",
        "projection_method": "webmercator_hash_v1",
        "value": 860
      },
      "type": "Feature"
    },
    {
      "geometry": {
        "coordinates": [
          -89.439031,
          46.669149
        ],
        "type": "Point"
      },
      "properties": {
        "cipher": "Ordinal",
        "has_phrases": false,
        "mode": "value_domain",
        "phrase_count": 0,
        "phrases": [],
        "projection": "webmercator_hash_v1",
        "projection_method": "webmercator_hash_v1",
        "value": 861
      },
      "type": "Feature"
    },
    {
      "geometry": {
        "coordinates": [
          54.681215,
          73.404077
        ],
        "type": "Point"
      },
      "properties": {
        "cipher": "Ordinal",
        "has_phrases": false,
        "mode": "value_domain",
        "phrase_count": 0,
        "phrases": [],
        "projection": "webmercator_hash_v1",
        "projection_method": "webmercator_hash_v1",
        "value": 862
      },
      "type": "Feature"
    },
    {
      "geometry": {
        "coordinates": [
          151.263508,
          77.323873
        ],
        "type": "Point"
      },
      "properties": {
        "cipher": "Ordinal",
        "has_phrases": false,
        "mode": "value_domain",
        "phrase_count": 0,
        "phrases": [],
        "projection": "webmercator_hash_v1",
        "projection_method": "webmercator_hash_v1",
        "value": 863
      },
      "type": "Feature"
    },
    {
      "geometry": {
        "coordinates": [
          36.721317,
          -83.841603
        ],
        "type": "Point"
      },
      "properties": {
        "cipher": "Ordinal",
        "has_phrases": false,
        "mode": "value_domain",
        "phrase_count": 0,
        "phrases": [],
        "projection": "webmercator_hash_v1",
        "projection_method": "webmercator_hash_v1",
        "value": 864
      },
      "type": "Feature"
    },
    {
      "geometry": {
        "coordinates": [
          157.839944,
          66.953342
        ],
        "type": "Point"
      },
      "properties": {
        "cipher": "Ordinal",
        "has_phrases": false,
        "mode": "value_domain",
        "phrase_count": 0,
        "phrases": [],
        "projection": "webmercator_hash_v1",
        "projection_method": "webmercator_hash_v1",
        "value": 865
      },
      "type": "Feature"
    },
    {
      "geometry": {
        "coordinates": [
          175.773756,
          24.612677
        ],
        "type": "Point"
      },
      "properties": {
        "cipher": "Ordinal",
        "has_phrases": false,
        "mode": "value_domain",
        "phrase_count": 0,
        "phrases": [],
        "projection": "webmercator_hash_v1",
        "projection_method": "webmercator_hash_v1",
        "value": 866
      },
      "type": "Feature"
    },
    {
      "geometry": {
        "coordinates": [
          -92.028681,
          -61.342685
        ],
        "type": "Point"
      },
      "properties": {
        "cipher": "Ordinal",
        "has_phrases": false,
        "mode": "value_domain",
        "phrase_count": 0,
        "phrases": [],
        "projection": "webmercator_hash_v1",
        "projection_method": "webmercator_hash_v1",
        "value": 867
      },
      "type": "Feature"
    },
    {
      "geometry": {
        "coordinates": [
          39.936328,
          66.038084
        ],
        "type": "Point"
      },
      "properties": {
        "cipher": "Ordinal",
        "has_phrases": false,
        "mode": "value_domain",
        "phrase_count": 0,
        "phrases": [],
        "projection": "webmercator_hash_v1",
        "projection_method": "webmercator_hash_v1",
        "value": 868
      },
      "type": "Feature"
    },
    {
      "geometry": {
        "coordinates": [
          31.52872,
          -36.493438
        ],
        "type": "Point"
      },
      "properties": {
        "cipher": "Ordinal",
        "has_phrases": false,
        "mode": "value_domain",
        "phrase_count": 0,
        "phrases": [],
        "projection": "webmercator_hash_v1",
        "projection_method": "webmercator_hash_v1",
        "value": 869
      },
      "type": "Feature"
    },
    {
      "geometry": {
        "coordinates": [
          -60.539467,
          13.327999
        ],
        "type": "Point"
      },
      "properties": {
        "cipher": "Ordinal",
        "has_phrases": false,
        "mode": "value_domain",
        "phrase_count": 0,
        "phrases": [],
        "projection": "webmercator_hash_v1",
        "projection_method": "webmercator_hash_v1",
        "value": 870
      },
      "type": "Feature"
    },
    {
      "geometry": {
        "coordinates": [
          -93.94741,
          21.184267
        ],
        "type": "Point"
      },
      "properties": {
        "cipher": "Ordinal",
        "has_phrases": false,
        "mode": "value_domain",
        "phrase_count": 0,
        "phrases": [],
        "projection": "webmercator_hash_v1",
        "projection_method": "webmercator_hash_v1",
        "value": 871
      },
      "type": "Feature"
    },
    {
      "geometry": {
        "coordinates": [
          -5.947177,
          -19.66023
        ],
        "type": "Point"
      },
      "properties": {
        "cipher": "Ordinal",
        "has_phrases": false,
        "mode": "value_domain",
        "phrase_count": 0,
        "phrases": [],
        "projection": "webmercator_hash_v1",
        "projection_method": "webmercator_hash_v1",
        "value": 872
      },
      "type": "Feature"
    },
    {
      "geometry": {
        "coordinates": [
          -64.754832,
          -75.753504
        ],
        "type": "Point"
      },
      "properties": {
        "cipher": "Ordinal",
        "has_phrases": false,
        "mode": "value_domain",
        "phrase_count": 0,
        "phrases": [],
        "projection": "webmercator_hash_v1",
        "projection_method": "webmercator_hash_v1",
        "value": 873
      },
      "type": "Feature"
    },
    {
      "geometry": {
        "coordinates": [
          79.208046,
          76.327784
        ],
        "type": "Point"
      },
      "properties": {
        "cipher": "Ordinal",
        "has_phrases": false,
        "mode": "value_domain",
        "phrase_count": 0,
        "phrases": [],
        "projection": "webmercator_hash_v1",
        "projection_method": "webmercator_hash_v1",
        "value": 874
      },
      "type": "Feature"
    },
    {
      "geometry": {
        "coordinates": [
          -140.941384,
          67.809803
        ],
        "type": "Point"
      },
      "properties": {
        "cipher": "Ordinal",
        "has_phrases": false,
        "mode": "value_domain",
        "phrase_count": 0,
        "phrases": [],
        "projection": "webmercator_hash_v1",
        "projection_method": "webmercator_hash_v1",
        "value": 875
      },
      "type": "Feature"
    },
    {
      "geometry": {
        "coordinates": [
          -11.21355,
          53.667199
        ],
        "type": "Point"
      },
      "properties": {
        "cipher": "Ordinal",
        "has_phrases": false,
        "mode": "value_domain",
        "phrase_count": 0,
        "phrases": [],
        "projection": "webmercator_hash_v1",
        "projection_method": "webmercator_hash_v1",
        "value": 876
      },
      "type": "Feature"
    },
    {
      "geometry": {
        "coordinates": [
          1.070917,
          -1.448984
        ],
        "type": "Point"
      },
      "properties": {
        "cipher": "Ordinal",
        "has_phrases": false,
        "mode": "value_domain",
        "phrase_count": 0,
        "phrases": [],
        "projection": "webmercator_hash_v1",
        "projection_method": "webmercator_hash_v1",
        "value": 877
      },
      "type": "Feature"
    },
    {
      "geometry": {
        "coordinates": [
          -126.971822,
          -54.938205
        ],
        "type": "Point"
      },
      "properties": {
        "cipher": "Ordinal",
        "has_phrases": false,
        "mode": "value_domain",
        "phrase_count": 0,
        "phrases": [],
        "projection": "webmercator_hash_v1",
        "projection_method": "webmercator_hash_v1",
        "value": 878
      },
      "type": "Feature"
    },
    {
      "geometry": {
        "coordinates": [
          -48.150349,
          5.429048
        ],
        "type": "Point"
      },
      "properties": {
        "cipher": "Ordinal",
        "has_phrases": false,
        "mode": "value_domain",
        "phrase_count": 0,
        "phrases": [],
        "projection": "webmercator_hash_v1",
        "projection_method": "webmercator_hash_v1",
        "value": 879
      },
      "type": "Feature"
    },
    {
      "geometry": {
        "coordinates": [
          94.897364,
          -66.9193
        ],
        "type": "Point"
      },
      "properties": {
        "cipher": "Ordinal",
        "has_phrases": false,
        "mode": "value_domain",
        "phrase_count": 0,
        "phrases": [],
        "projection": "webmercator_hash_v1",
        "projection_method": "webmercator_hash_v1",
        "value": 880
      },
      "type": "Feature"
    },
    {
      "geometry": {
        "coordinates": [
          -79.325422,
          -19.511387
        ],
        "type": "Point"
      },
      "properties": {
        "cipher": "Ordinal",
        "has_phrases": false,
        "mode": "value_domain",
        "phrase_count": 0,
        "phrases": [],
        "projection": "webmercator_hash_v1",
        "projection_method": "webmercator_hash_v1",
        "value": 881
      },
      "type": "Feature"
    },
    {
      "geometry": {
        "coordinates": [
          55.934564,
          -35.130334
        ],
        "type": "Point"
      },
      "properties": {
        "cipher": "Ordinal",
        "has_phrases": false,
        "mode": "value_domain",
        "phrase_count": 0,
        "phrases": [],
        "projection": "webmercator_hash_v1",
        "projection_method": "webmercator_hash_v1",
        "value": 882
      },
      "type": "Feature"
    },
    {
      "geometry": {
        "coordinates": [
          30.458009,
          -77.259937
        ],
        "type": "Point"
      },
      "properties": {
        "cipher": "Ordinal",
        "has_phrases": false,
        "mode": "value_domain",
        "phrase_count": 0,
        "phrases": [],
        "projection": "webmercator_hash_v1",
        "projection_method": "webmercator_hash_v1",
        "value": 883
      },
      "type": "Feature"
    },
    {
      "geometry": {
        "coordinates": [
          92.665989,
          -59.889802
        ],
        "type": "Point"
      },
      "properties": {
        "cipher": "Ordinal",
        "has_phrases": false,
        "mode": "value_domain",
        "phrase_count": 0,
        "phrases": [],
        "projection": "webmercator_hash_v1",
        "projection_method": "webmercator_hash_v1",
        "value": 884
      },
      "type": "Feature"
    },
    {
      "geometry": {
        "coordinates": [
          32.793373,
          -55.994997
        ],
        "type": "Point"
      },
      "properties": {
        "cipher": "Ordinal",
        "has_phrases": false,
        "mode": "value_domain",
        "phrase_count": 0,
        "phrases": [],
        "projection": "webmercator_hash_v1",
        "projection_method": "webmercator_hash_v1",
        "value": 885
      },
      "type": "Feature"
    },
    {
      "geometry": {
        "coordinates": [
          -92.96807,
          0.881448
        ],
        "type": "Point"
      },
      "properties": {
        "cipher": "Ordinal",
        "has_phrases": false,
        "mode": "value_domain",
        "phrase_count": 0,
        "phrases": [],
        "projection": "webmercator_hash_v1",
        "projection_method": "webmercator_hash_v1",
        "value": 886
      },
      "type": "Feature"
    },
    {
      "geometry": {
        "coordinates": [
          27.541865,
          -69.664111
        ],
        "type": "Point"
      },
      "properties": {
        "cipher": "Ordinal",
        "has_phrases": false,
        "mode": "value_domain",
        "phrase_count": 0,
        "phrases": [],
        "projection": "webmercator_hash_v1",
        "projection_method": "webmercator_hash_v1",
        "value": 887
      },
      "type": "Feature"
    },
    {
      "geometry": {
        "coordinates": [
          -171.846644,
          83.062573
        ],
        "type": "Point"
      },
      "properties": {
        "cipher": "Ordinal",
        "has_phrases": false,
        "mode": "value_domain",
        "phrase_count": 0,
        "phrases": [],
        "projection": "webmercator_hash_v1",
        "projection_method": "webmercator_hash_v1",
        "value": 888
      },
      "type": "Feature"
    },
    {
      "geometry": {
        "coordinates": [
          1.755434,
          39.748739
        ],
        "type": "Point"
      },
      "properties": {
        "cipher": "Ordinal",
        "has_phrases": false,
        "mode": "value_domain",
        "phrase_count": 0,
        "phrases": [],
        "projection": "webmercator_hash_v1",
        "projection_method": "webmercator_hash_v1",
        "value": 889
      },
      "type": "Feature"
    },
    {
      "geometry": {
        "coordinates": [
          -105.347481,
          -28.269507
        ],
        "type": "Point"
      },
      "properties": {
        "cipher": "Ordinal",
        "has_phrases": false,
        "mode": "value_domain",
        "phrase_count": 0,
        "phrases": [],
        "projection": "webmercator_hash_v1",
        "projection_method": "webmercator_hash_v1",
        "value": 890
      },
      "type": "Feature"
    },
    {
      "geometry": {
        "coordinates": [
          -40.763887,
          -34.279632
        ],
        "type": "Point"
      },
      "properties": {
        "cipher": "Ordinal",
        "has_phrases": false,
        "mode": "value_domain",
        "phrase_count": 0,
        "phrases": [],
        "projection": "webmercator_hash_v1",
        "projection_method": "webmercator_hash_v1",
        "value": 891
      },
      "type": "Feature"
    },
    {
      "geometry": {
        "coordinates": [
          -39.214809,
          -3.733211
        ],
        "type": "Point"
      },
      "properties": {
        "cipher": "Ordinal",
        "has_phrases": false,
        "mode": "value_domain",
        "phrase_count": 0,
        "phrases": [],
        "projection": "webmercator_hash_v1",
        "projection_method": "webmercator_hash_v1",
        "value": 892
      },
      "type": "Feature"
    },
    {
      "geometry": {
        "coordinates": [
          -1.095431,
          21.476946
        ],
        "type": "Point"
      },
      "properties": {
        "cipher": "Ordinal",
        "has_phrases": false,
        "mode": "value_domain",
        "phrase_count": 0,
        "phrases": [],
        "projection": "webmercator_hash_v1",
        "projection_method": "webmercator_hash_v1",
        "value": 893
      },
      "type": "Feature"
    },
    {
      "geometry": {
        "coordinates": [
          115.938139,
          -77.604684
        ],
        "type": "Point"
      },
      "properties": {
        "cipher": "Ordinal",
        "has_phrases": false,
        "mode": "value_domain",
        "phrase_count": 0,
        "phrases": [],
        "projection": "webmercator_hash_v1",
        "projection_method": "webmercator_hash_v1",
        "value": 894
      },
      "type": "Feature"
    },
    {
      "geometry": {
        "coordinates": [
          -84.385774,
          79.767956
        ],
        "type": "Point"
      },
      "properties": {
        "cipher": "Ordinal",
        "has_phrases": false,
        "mode": "value_domain",
        "phrase_count": 0,
        "phrases": [],
        "projection": "webmercator_hash_v1",
        "projection_method": "webmercator_hash_v1",
        "value": 895
      },
      "type": "Feature"
    },
    {
      "geometry": {
        "coordinates": [
          -60.397889,
          -59.518607
        ],
        "type": "Point"
      },
      "properties": {
        "cipher": "Ordinal",
        "has_phrases": false,
        "mode": "value_domain",
        "phrase_count": 0,
        "phrases": [],
        "projection": "webmercator_hash_v1",
        "projection_method": "webmercator_hash_v1",
        "value": 896
      },
      "type": "Feature"
    },
    {
      "geometry": {
        "coordinates": [
          -162.969486,
          -82.158768
        ],
        "type": "Point"
      },
      "properties": {
        "cipher": "Ordinal",
        "has_phrases": false,
        "mode": "value_domain",
        "phrase_count": 0,
        "phrases": [],
        "projection": "webmercator_hash_v1",
        "projection_method": "webmercator_hash_v1",
        "value": 897
      },
      "type": "Feature"
    },
    {
      "geometry": {
        "coordinates": [
          14.770121,
          32.431186
        ],
        "type": "Point"
      },
      "properties": {
        "cipher": "Ordinal",
        "has_phrases": false,
        "mode": "value_domain",
        "phrase_count": 0,
        "phrases": [],
        "projection": "webmercator_hash_v1",
        "projection_method": "webmercator_hash_v1",
        "value": 898
      },
      "type": "Feature"
    },
    {
      "geometry": {
        "coordinates": [
          173.665369,
          15.154561
        ],
        "type": "Point"
      },
      "properties": {
        "cipher": "Ordinal",
        "has_phrases": false,
        "mode": "value_domain",
        "phrase_count": 0,
        "phrases": [],
        "projection": "webmercator_hash_v1",
        "projection_method": "webmercator_hash_v1",
        "value": 899
      },
      "type": "Feature"
    },
    {
      "geometry": {
        "coordinates": [
          -110.317772,
          -4.180216
        ],
        "type": "Point"
      },
      "properties": {
        "cipher": "Ordinal",
        "has_phrases": false,
        "mode": "value_domain",
        "phrase_count": 0,
        "phrases": [],
        "projection": "webmercator_hash_v1",
        "projection_method": "webmercator_hash_v1",
        "value": 900
      },
      "type": "Feature"
    },
    {
      "geometry": {
        "coordinates": [
          159.735028,
          81.035198
        ],
        "type": "Point"
      },
      "properties": {
        "cipher": "Ordinal",
        "has_phrases": false,
        "mode": "value_domain",
        "phrase_count": 0,
        "phrases": [],
        "projection": "webmercator_hash_v1",
        "projection_method": "webmercator_hash_v1",
        "value": 901
      },
      "type": "Feature"
    },
    {
      "geometry": {
        "coordinates": [
          3.679979,
          39.116116
        ],
        "type": "Point"
      },
      "properties": {
        "cipher": "Ordinal",
        "has_phrases": false,
        "mode": "value_domain",
        "phrase_count": 0,
        "phrases": [],
        "projection": "webmercator_hash_v1",
        "projection_method": "webmercator_hash_v1",
        "value": 902
      },
      "type": "Feature"
    },
    {
      "geometry": {
        "coordinates": [
          -7.139252,
          -2.579328
        ],
        "type": "Point"
      },
      "properties": {
        "cipher": "Ordinal",
        "has_phrases": false,
        "mode": "value_domain",
        "phrase_count": 0,
        "phrases": [],
        "projection": "webmercator_hash_v1",
        "projection_method": "webmercator_hash_v1",
        "value": 903
      },
      "type": "Feature"
    },
    {
      "geometry": {
        "coordinates": [
          -10.492971,
          33.715283
        ],
        "type": "Point"
      },
      "properties": {
        "cipher": "Ordinal",
        "has_phrases": false,
        "mode": "value_domain",
        "phrase_count": 0,
        "phrases": [],
        "projection": "webmercator_hash_v1",
        "projection_method": "webmercator_hash_v1",
        "value": 904
      },
      "type": "Feature"
    },
    {
      "geometry": {
        "coordinates": [
          1.334926,
          68.343426
        ],
        "type": "Point"
      },
      "properties": {
        "cipher": "Ordinal",
        "has_phrases": false,
        "mode": "value_domain",
        "phrase_count": 0,
        "phrases": [],
        "projection": "webmercator_hash_v1",
        "projection_method": "webmercator_hash_v1",
        "value": 905
      },
      "type": "Feature"
    },
    {
      "geometry": {
        "coordinates": [
          -151.133655,
          -77.136463
        ],
        "type": "Point"
      },
      "properties": {
        "cipher": "Ordinal",
        "has_phrases": false,
        "mode": "value_domain",
        "phrase_count": 0,
        "phrases": [],
        "projection": "webmercator_hash_v1",
        "projection_method": "webmercator_hash_v1",
        "value": 906
      },
      "type": "Feature"
    },
    {
      "geometry": {
        "coordinates": [
          -128.55592,
          -60.319901
        ],
        "type": "Point"
      },
      "properties": {
        "cipher": "Ordinal",
        "has_phrases": false,
        "mode": "value_domain",
        "phrase_count": 0,
        "phrases": [],
        "projection": "webmercator_hash_v1",
        "projection_method": "webmercator_hash_v1",
        "value": 907
      },
      "type": "Feature"
    },
    {
      "geometry": {
        "coordinates": [
          17.655425,
          62.62967
        ],
        "type": "Point"
      },
      "properties": {
        "cipher": "Ordinal",
        "has_phrases": false,
        "mode": "value_domain",
        "phrase_count": 0,
        "phrases": [],
        "projection": "webmercator_hash_v1",
        "projection_method": "webmercator_hash_v1",
        "value": 908
      },
      "type": "Feature"
    },
    {
      "geometry": {
        "coordinates": [
          -63.26041,
          -46.506995
        ],
        "type": "Point"
      },
      "properties": {
        "cipher": "Ordinal",
        "has_phrases": false,
        "mode": "value_domain",
        "phrase_count": 0,
        "phrases": [],
        "projection": "webmercator_hash_v1",
        "projection_method": "webmercator_hash_v1",
        "value": 909
      },
      "type": "Feature"
    },
    {
      "geometry": {
        "coordinates": [
          132.158664,
          -40.668489
        ],
        "type": "Point"
      },
      "properties": {
        "cipher": "Ordinal",
        "has_phrases": false,
        "mode": "value_domain",
        "phrase_count": 0,
        "phrases": [],
        "projection": "webmercator_hash_v1",
        "projection_method": "webmercator_hash_v1",
        "value": 910
      },
      "type": "Feature"
    },
    {
      "geometry": {
        "coordinates": [
          -79.124402,
          50.78423
        ],
        "type": "Point"
      },
      "properties": {
        "cipher": "Ordinal",
        "has_phrases": false,
        "mode": "value_domain",
        "phrase_count": 0,
        "phrases": [],
        "projection": "webmercator_hash_v1",
        "projection_method": "webmercator_hash_v1",
        "value": 911
      },
      "type": "Feature"
    },
    {
      "geometry": {
        "coordinates": [
          94.047582,
          15.79462
        ],
        "type": "Point"
      },
      "properties": {
        "cipher": "Ordinal",
        "has_phrases": false,
        "mode": "value_domain",
        "phrase_count": 0,
        "phrases": [],
        "projection": "webmercator_hash_v1",
        "projection_method": "webmercator_hash_v1",
        "value": 912
      },
      "type": "Feature"
    },
    {
      "geometry": {
        "coordinates": [
          -170.820636,
          9.581352
        ],
        "type": "Point"
      },
      "properties": {
        "cipher": "Ordinal",
        "has_phrases": false,
        "mode": "value_domain",
        "phrase_count": 0,
        "phrases": [],
        "projection": "webmercator_hash_v1",
        "projection_method": "webmercator_hash_v1",
        "value": 913
      },
      "type": "Feature"
    },
    {
      "geometry": {
        "coordinates": [
          8.996682,
          24.067252
        ],
        "type": "Point"
      },
      "properties": {
        "cipher": "Ordinal",
        "has_phrases": false,
        "mode": "value_domain",
        "phrase_count": 0,
        "phrases": [],
        "projection": "webmercator_hash_v1",
        "projection_method": "webmercator_hash_v1",
        "value": 914
      },
      "type": "Feature"
    },
    {
      "geometry": {
        "coordinates": [
          97.989753,
          -12.864382
        ],
        "type": "Point"
      },
      "properties": {
        "cipher": "Ordinal",
        "has_phrases": false,
        "mode": "value_domain",
        "phrase_count": 0,
        "phrases": [],
        "projection": "webmercator_hash_v1",
        "projection_method": "webmercator_hash_v1",
        "value": 915
      },
      "type": "Feature"
    },
    {
      "geometry": {
        "coordinates": [
          -5.424109,
          66.992381
        ],
        "type": "Point"
      },
      "properties": {
        "cipher": "Ordinal",
        "has_phrases": false,
        "mode": "value_domain",
        "phrase_count": 0,
        "phrases": [],
        "projection": "webmercator_hash_v1",
        "projection_method": "webmercator_hash_v1",
        "value": 916
      },
      "type": "Feature"
    },
    {
      "geometry": {
        "coordinates": [
          83.570409,
          78.553492
        ],
        "type": "Point"
      },
      "properties": {
        "cipher": "Ordinal",
        "has_phrases": false,
        "mode": "value_domain",
        "phrase_count": 0,
        "phrases": [],
        "projection": "webmercator_hash_v1",
        "projection_method": "webmercator_hash_v1",
        "value": 917
      },
      "type": "Feature"
    },
    {
      "geometry": {
        "coordinates": [
          178.073024,
          -75.374987
        ],
        "type": "Point"
      },
      "properties": {
        "cipher": "Ordinal",
        "has_phrases": false,
        "mode": "value_domain",
        "phrase_count": 0,
        "phrases": [],
        "projection": "webmercator_hash_v1",
        "projection_method": "webmercator_hash_v1",
        "value": 918
      },
      "type": "Feature"
    },
    {
      "geometry": {
        "coordinates": [
          -3.948898,
          17.966398
        ],
        "type": "Point"
      },
      "properties": {
        "cipher": "Ordinal",
        "has_phrases": false,
        "mode": "value_domain",
        "phrase_count": 0,
        "phrases": [],
        "projection": "webmercator_hash_v1",
        "projection_method": "webmercator_hash_v1",
        "value": 919
      },
      "type": "Feature"
    },
    {
      "geometry": {
        "coordinates": [
          -128.80061,
          2.64264
        ],
        "type": "Point"
      },
      "properties": {
        "cipher": "Ordinal",
        "has_phrases": false,
        "mode": "value_domain",
        "phrase_count": 0,
        "phrases": [],
        "projection": "webmercator_hash_v1",
        "projection_method": "webmercator_hash_v1",
        "value": 920
      },
      "type": "Feature"
    },
    {
      "geometry": {
        "coordinates": [
          -82.646967,
          68.778361
        ],
        "type": "Point"
      },
      "properties": {
        "cipher": "Ordinal",
        "has_phrases": false,
        "mode": "value_domain",
        "phrase_count": 0,
        "phrases": [],
        "projection": "webmercator_hash_v1",
        "projection_method": "webmercator_hash_v1",
        "value": 921
      },
      "type": "Feature"
    },
    {
      "geometry": {
        "coordinates": [
          -68.309622,
          -6.551295
        ],
        "type": "Point"
      },
      "properties": {
        "cipher": "Ordinal",
        "has_phrases": false,
        "mode": "value_domain",
        "phrase_count": 0,
        "phrases": [],
        "projection": "webmercator_hash_v1",
        "projection_method": "webmercator_hash_v1",
        "value": 922
      },
      "type": "Feature"
    },
    {
      "geometry": {
        "coordinates": [
          63.484368,
          -54.735376
        ],
        "type": "Point"
      },
      "properties": {
        "cipher": "Ordinal",
        "has_phrases": false,
        "mode": "value_domain",
        "phrase_count": 0,
        "phrases": [],
        "projection": "webmercator_hash_v1",
        "projection_method": "webmercator_hash_v1",
        "value": 923
      },
      "type": "Feature"
    },
    {
      "geometry": {
        "coordinates": [
          146.718089,
          48.853426
        ],
        "type": "Point"
      },
      "properties": {
        "cipher": "Ordinal",
        "has_phrases": false,
        "mode": "value_domain",
        "phrase_count": 0,
        "phrases": [],
        "projection": "webmercator_hash_v1",
        "projection_method": "webmercator_hash_v1",
        "value": 924
      },
      "type": "Feature"
    },
    {
      "geometry": {
        "coordinates": [
          -13.077293,
          -52.70815
        ],
        "type": "Point"
      },
      "properties": {
        "cipher": "Ordinal",
        "has_phrases": false,
        "mode": "value_domain",
        "phrase_count": 0,
        "phrases": [],
        "projection": "webmercator_hash_v1",
        "projection_method": "webmercator_hash_v1",
        "value": 925
      },
      "type": "Feature"
    },
    {
      "geometry": {
        "coordinates": [
          -41.634503,
          -38.765455
        ],
        "type": "Point"
      },
      "properties": {
        "cipher": "Ordinal",
        "has_phrases": false,
        "mode": "value_domain",
        "phrase_count": 0,
        "phrases": [],
        "projection": "webmercator_hash_v1",
        "projection_method": "webmercator_hash_v1",
        "value": 926
      },
      "type": "Feature"
    },
    {
      "geometry": {
        "coordinates": [
          -42.463841,
          43.809609
        ],
        "type": "Point"
      },
      "properties": {
        "cipher": "Ordinal",
        "has_phrases": false,
        "mode": "value_domain",
        "phrase_count": 0,
        "phrases": [],
        "projection": "webmercator_hash_v1",
        "projection_method": "webmercator_hash_v1",
        "value": 927
      },
      "type": "Feature"
    },
    {
      "geometry": {
        "coordinates": [
          -30.748142,
          30.5089
        ],
        "type": "Point"
      },
      "properties": {
        "cipher": "Ordinal",
        "has_phrases": false,
        "mode": "value_domain",
        "phrase_count": 0,
        "phrases": [],
        "projection": "webmercator_hash_v1",
        "projection_method": "webmercator_hash_v1",
        "value": 928
      },
      "type": "Feature"
    },
    {
      "geometry": {
        "coordinates": [
          -135.102274,
          71.800812
        ],
        "type": "Point"
      },
      "properties": {
        "cipher": "Ordinal",
        "has_phrases": false,
        "mode": "value_domain",
        "phrase_count": 0,
        "phrases": [],
        "projection": "webmercator_hash_v1",
        "projection_method": "webmercator_hash_v1",
        "value": 929
      },
      "type": "Feature"
    },
    {
      "geometry": {
        "coordinates": [
          -59.310037,
          -20.156572
        ],
        "type": "Point"
      },
      "properties": {
        "cipher": "Ordinal",
        "has_phrases": false,
        "mode": "value_domain",
        "phrase_count": 0,
        "phrases": [],
        "projection": "webmercator_hash_v1",
        "projection_method": "webmercator_hash_v1",
        "value": 930
      },
      "type": "Feature"
    },
    {
      "geometry": {
        "coordinates": [
          48.355411,
          82.683505
        ],
        "type": "Point"
      },
      "properties": {
        "cipher": "Ordinal",
        "has_phrases": false,
        "mode": "value_domain",
        "phrase_count": 0,
        "phrases": [],
        "projection": "webmercator_hash_v1",
        "projection_method": "webmercator_hash_v1",
        "value": 931
      },
      "type": "Feature"
    },
    {
      "geometry": {
        "coordinates": [
          158.763662,
          28.672827
        ],
        "type": "Point"
      },
      "properties": {
        "cipher": "Ordinal",
        "has_phrases": false,
        "mode": "value_domain",
        "phrase_count": 0,
        "phrases": [],
        "projection": "webmercator_hash_v1",
        "projection_method": "webmercator_hash_v1",
        "value": 932
      },
      "type": "Feature"
    },
    {
      "geometry": {
        "coordinates": [
          26.637678,
          26.427042
        ],
        "type": "Point"
      },
      "properties": {
        "cipher": "Ordinal",
        "has_phrases": false,
        "mode": "value_domain",
        "phrase_count": 0,
        "phrases": [],
        "projection": "webmercator_hash_v1",
        "projection_method": "webmercator_hash_v1",
        "value": 933
      },
      "type": "Feature"
    },
    {
      "geometry": {
        "coordinates": [
          -39.56165,
          66.900366
        ],
        "type": "Point"
      },
      "properties": {
        "cipher": "Ordinal",
        "has_phrases": false,
        "mode": "value_domain",
        "phrase_count": 0,
        "phrases": [],
        "projection": "webmercator_hash_v1",
        "projection_method": "webmercator_hash_v1",
        "value": 934
      },
      "type": "Feature"
    },
    {
      "geometry": {
        "coordinates": [
          118.135741,
          46.667389
        ],
        "type": "Point"
      },
      "properties": {
        "cipher": "Ordinal",
        "has_phrases": false,
        "mode": "value_domain",
        "phrase_count": 0,
        "phrases": [],
        "projection": "webmercator_hash_v1",
        "projection_method": "webmercator_hash_v1",
        "value": 935
      },
      "type": "Feature"
    },
    {
      "geometry": {
        "coordinates": [
          -141.864713,
          25.252456
        ],
        "type": "Point"
      },
      "properties": {
        "cipher": "Ordinal",
        "has_phrases": false,
        "mode": "value_domain",
        "phrase_count": 0,
        "phrases": [],
        "projection": "webmercator_hash_v1",
        "projection_method": "webmercator_hash_v1",
        "value": 936
      },
      "type": "Feature"
    },
    {
      "geometry": {
        "coordinates": [
          -55.172356,
          28.261693
        ],
        "type": "Point"
      },
      "properties": {
        "cipher": "Ordinal",
        "has_phrases": false,
        "mode": "value_domain",
        "phrase_count": 0,
        "phrases": [],
        "projection": "webmercator_hash_v1",
        "projection_method": "webmercator_hash_v1",
        "value": 937
      },
      "type": "Feature"
    },
    {
      "geometry": {
        "coordinates": [
          -8.670342,
          13.59246
        ],
        "type": "Point"
      },
      "properties": {
        "cipher": "Ordinal",
        "has_phrases": false,
        "mode": "value_domain",
        "phrase_count": 0,
        "phrases": [],
        "projection": "webmercator_hash_v1",
        "projection_method": "webmercator_hash_v1",
        "value": 938
      },
      "type": "Feature"
    },
    {
      "geometry": {
        "coordinates": [
          -69.754941,
          -68.178212
        ],
        "type": "Point"
      },
      "properties": {
        "cipher": "Ordinal",
        "has_phrases": false,
        "mode": "value_domain",
        "phrase_count": 0,
        "phrases": [],
        "projection": "webmercator_hash_v1",
        "projection_method": "webmercator_hash_v1",
        "value": 939
      },
      "type": "Feature"
    },
    {
      "geometry": {
        "coordinates": [
          -95.79542,
          6.522505
        ],
        "type": "Point"
      },
      "properties": {
        "cipher": "Ordinal",
        "has_phrases": false,
        "mode": "value_domain",
        "phrase_count": 0,
        "phrases": [],
        "projection": "webmercator_hash_v1",
        "projection_method": "webmercator_hash_v1",
        "value": 940
      },
      "type": "Feature"
    },
    {
      "geometry": {
        "coordinates": [
          76.181924,
          -71.535534
        ],
        "type": "Point"
      },
      "properties": {
        "cipher": "Ordinal",
        "has_phrases": false,
        "mode": "value_domain",
        "phrase_count": 0,
        "phrases": [],
        "projection": "webmercator_hash_v1",
        "projection_method": "webmercator_hash_v1",
        "value": 941
      },
      "type": "Feature"
    },
    {
      "geometry": {
        "coordinates": [
          80.193572,
          7.534777
        ],
        "type": "Point"
      },
      "properties": {
        "cipher": "Ordinal",
        "has_phrases": false,
        "mode": "value_domain",
        "phrase_count": 0,
        "phrases": [],
        "projection": "webmercator_hash_v1",
        "projection_method": "webmercator_hash_v1",
        "value": 942
      },
      "type": "Feature"
    },
    {
      "geometry": {
        "coordinates": [
          8.087814,
          -28.181789
        ],
        "type": "Point"
      },
      "properties": {
        "cipher": "Ordinal",
        "has_phrases": false,
        "mode": "value_domain",
        "phrase_count": 0,
        "phrases": [],
        "projection": "webmercator_hash_v1",
        "projection_method": "webmercator_hash_v1",
        "value": 943
      },
      "type": "Feature"
    },
    {
      "geometry": {
        "coordinates": [
          70.836321,
          28.641899
        ],
        "type": "Point"
      },
      "properties": {
        "cipher": "Ordinal",
        "has_phrases": false,
        "mode": "value_domain",
        "phrase_count": 0,
        "phrases": [],
        "projection": "webmercator_hash_v1",
        "projection_method": "webmercator_hash_v1",
        "value": 944
      },
      "type": "Feature"
    },
    {
      "geometry": {
        "coordinates": [
          -106.520339,
          -2.861756
        ],
        "type": "Point"
      },
      "properties": {
        "cipher": "Ordinal",
        "has_phrases": false,
        "mode": "value_domain",
        "phrase_count": 0,
        "phrases": [],
        "projection": "webmercator_hash_v1",
        "projection_method": "webmercator_hash_v1",
        "value": 945
      },
      "type": "Feature"
    },
    {
      "geometry": {
        "coordinates": [
          28.284679,
          -11.514782
        ],
        "type": "Point"
      },
      "properties": {
        "cipher": "Ordinal",
        "has_phrases": false,
        "mode": "value_domain",
        "phrase_count": 0,
        "phrases": [],
        "projection": "webmercator_hash_v1",
        "projection_method": "webmercator_hash_v1",
        "value": 946
      },
      "type": "Feature"
    },
    {
      "geometry": {
        "coordinates": [
          -0.980075,
          -64.271335
        ],
        "type": "Point"
      },
      "properties": {
        "cipher": "Ordinal",
        "has_phrases": false,
        "mode": "value_domain",
        "phrase_count": 0,
        "phrases": [],
        "projection": "webmercator_hash_v1",
        "projection_method": "webmercator_hash_v1",
        "value": 947
      },
      "type": "Feature"
    },
    {
      "geometry": {
        "coordinates": [
          47.362374,
          -11.090002
        ],
        "type": "Point"
      },
      "properties": {
        "cipher": "Ordinal",
        "has_phrases": false,
        "mode": "value_domain",
        "phrase_count": 0,
        "phrases": [],
        "projection": "webmercator_hash_v1",
        "projection_method": "webmercator_hash_v1",
        "value": 948
      },
      "type": "Feature"
    },
    {
      "geometry": {
        "coordinates": [
          -154.421653,
          7.941213
        ],
        "type": "Point"
      },
      "properties": {
        "cipher": "Ordinal",
        "has_phrases": false,
        "mode": "value_domain",
        "phrase_count": 0,
        "phrases": [],
        "projection": "webmercator_hash_v1",
        "projection_method": "webmercator_hash_v1",
        "value": 949
      },
      "type": "Feature"
    },
    {
      "geometry": {
        "coordinates": [
          67.357935,
          -22.716503
        ],
        "type": "Point"
      },
      "properties": {
        "cipher": "Ordinal",
        "has_phrases": false,
        "mode": "value_domain",
        "phrase_count": 0,
        "phrases": [],
        "projection": "webmercator_hash_v1",
        "projection_method": "webmercator_hash_v1",
        "value": 950
      },
      "type": "Feature"
    },
    {
      "geometry": {
        "coordinates": [
          -172.505083,
          74.221227
        ],
        "type": "Point"
      },
      "properties": {
        "cipher": "Ordinal",
        "has_phrases": false,
        "mode": "value_domain",
        "phrase_count": 0,
        "phrases": [],
        "projection": "webmercator_hash_v1",
        "projection_method": "webmercator_hash_v1",
        "value": 951
      },
      "type": "Feature"
    },
    {
      "geometry": {
        "coordinates": [
          5.315283,
          -23.388475
        ],
        "type": "Point"
      },
      "properties": {
        "cipher": "Ordinal",
        "has_phrases": false,
        "mode": "value_domain",
        "phrase_count": 0,
        "phrases": [],
        "projection": "webmercator_hash_v1",
        "projection_method": "webmercator_hash_v1",
        "value": 952
      },
      "type": "Feature"
    },
    {
      "geometry": {
        "coordinates": [
          -59.137489,
          3.909028
        ],
        "type": "Point"
      },
      "properties": {
        "cipher": "Ordinal",
        "has_phrases": false,
        "mode": "value_domain",
        "phrase_count": 0,
        "phrases": [],
        "projection": "webmercator_hash_v1",
        "projection_method": "webmercator_hash_v1",
        "value": 953
      },
      "type": "Feature"
    },
    {
      "geometry": {
        "coordinates": [
          -0.854936,
          -5.213551
        ],
        "type": "Point"
      },
      "properties": {
        "cipher": "Ordinal",
        "has_phrases": false,
        "mode": "value_domain",
        "phrase_count": 0,
        "phrases": [],
        "projection": "webmercator_hash_v1",
        "projection_method": "webmercator_hash_v1",
        "value": 954
      },
      "type": "Feature"
    },
    {
      "geometry": {
        "coordinates": [
          -115.545289,
          70.404405
        ],
        "type": "Point"
      },
      "properties": {
        "cipher": "Ordinal",
        "has_phrases": false,
        "mode": "value_domain",
        "phrase_count": 0,
        "phrases": [],
        "projection": "webmercator_hash_v1",
        "projection_method": "webmercator_hash_v1",
        "value": 955
      },
      "type": "Feature"
    },
    {
      "geometry": {
        "coordinates": [
          144.230031,
          -75.619486
        ],
        "type": "Point"
      },
      "properties": {
        "cipher": "Ordinal",
        "has_phrases": false,
        "mode": "value_domain",
        "phrase_count": 0,
        "phrases": [],
        "projection": "webmercator_hash_v1",
        "projection_method": "webmercator_hash_v1",
        "value": 956
      },
      "type": "Feature"
    },
    {
      "geometry": {
        "coordinates": [
          -44.835365,
          -48.342253
        ],
        "type": "Point"
      },
      "properties": {
        "cipher": "Ordinal",
        "has_phrases": false,
        "mode": "value_domain",
        "phrase_count": 0,
        "phrases": [],
        "projection": "webmercator_hash_v1",
        "projection_method": "webmercator_hash_v1",
        "value": 957
      },
      "type": "Feature"
    },
    {
      "geometry": {
        "coordinates": [
          -11.136332,
          -21.338151
        ],
        "type": "Point"
      },
      "properties": {
        "cipher": "Ordinal",
        "has_phrases": false,
        "mode": "value_domain",
        "phrase_count": 0,
        "phrases": [],
        "projection": "webmercator_hash_v1",
        "projection_method": "webmercator_hash_v1",
        "value": 958
      },
      "type": "Feature"
    },
    {
      "geometry": {
        "coordinates": [
          4.37598,
          21.555812
        ],
        "type": "Point"
      },
      "properties": {
        "cipher": "Ordinal",
        "has_phrases": false,
        "mode": "value_domain",
        "phrase_count": 0,
        "phrases": [],
        "projection": "webmercator_hash_v1",
        "projection_method": "webmercator_hash_v1",
        "value": 959
      },
      "type": "Feature"
    },
    {
      "geometry": {
        "coordinates": [
          168.60846,
          -32.070487
        ],
        "type": "Point"
      },
      "properties": {
        "cipher": "Ordinal",
        "has_phrases": false,
        "mode": "value_domain",
        "phrase_count": 0,
        "phrases": [],
        "projection": "webmercator_hash_v1",
        "projection_method": "webmercator_hash_v1",
        "value": 960
      },
      "type": "Feature"
    },
    {
      "geometry": {
        "coordinates": [
          -56.906056,
          83.124645
        ],
        "type": "Point"
      },
      "properties": {
        "cipher": "Ordinal",
        "has_phrases": false,
        "mode": "value_domain",
        "phrase_count": 0,
        "phrases": [],
        "projection": "webmercator_hash_v1",
        "projection_method": "webmercator_hash_v1",
        "value": 961
      },
      "type": "Feature"
    },
    {
      "geometry": {
        "coordinates": [
          43.568515,
          10.846389
        ],
        "type": "Point"
      },
      "properties": {
        "cipher": "Ordinal",
        "has_phrases": false,
        "mode": "value_domain",
        "phrase_count": 0,
        "phrases": [],
        "projection": "webmercator_hash_v1",
        "projection_method": "webmercator_hash_v1",
        "value": 962
      },
      "type": "Feature"
    },
    {
      "geometry": {
        "coordinates": [
          -137.030364,
          -64.472245
        ],
        "type": "Point"
      },
      "properties": {
        "cipher": "Ordinal",
        "has_phrases": false,
        "mode": "value_domain",
        "phrase_count": 0,
        "phrases": [],
        "projection": "webmercator_hash_v1",
        "projection_method": "webmercator_hash_v1",
        "value": 963
      },
      "type": "Feature"
    },
    {
      "geometry": {
        "coordinates": [
          95.225042,
          6.809771
        ],
        "type": "Point"
      },
      "properties": {
        "cipher": "Ordinal",
        "has_phrases": false,
        "mode": "value_domain",
        "phrase_count": 0,
        "phrases": [],
        "projection": "webmercator_hash_v1",
        "projection_method": "webmercator_hash_v1",
        "value": 964
      },
      "type": "Feature"
    },
    {
      "geometry": {
        "coordinates": [
          -19.084125,
          47.136708
        ],
        "type": "Point"
      },
      "properties": {
        "cipher": "Ordinal",
        "has_phrases": false,
        "mode": "value_domain",
        "phrase_count": 0,
        "phrases": [],
        "projection": "webmercator_hash_v1",
        "projection_method": "webmercator_hash_v1",
        "value": 965
      },
      "type": "Feature"
    },
    {
      "geometry": {
        "coordinates": [
          39.534046,
          -34.391441
        ],
        "type": "Point"
      },
      "properties": {
        "cipher": "Ordinal",
        "has_phrases": false,
        "mode": "value_domain",
        "phrase_count": 0,
        "phrases": [],
        "projection": "webmercator_hash_v1",
        "projection_method": "webmercator_hash_v1",
        "value": 966
      },
      "type": "Feature"
    },
    {
      "geometry": {
        "coordinates": [
          29.033533,
          -29.940315
        ],
        "type": "Point"
      },
      "properties": {
        "cipher": "Ordinal",
        "has_phrases": false,
        "mode": "value_domain",
        "phrase_count": 0,
        "phrases": [],
        "projection": "webmercator_hash_v1",
        "projection_method": "webmercator_hash_v1",
        "value": 967
      },
      "type": "Feature"
    },
    {
      "geometry": {
        "coordinates": [
          16.885778,
          -64.031269
        ],
        "type": "Point"
      },
      "properties": {
        "cipher": "Ordinal",
        "has_phrases": false,
        "mode": "value_domain",
        "phrase_count": 0,
        "phrases": [],
        "projection": "webmercator_hash_v1",
        "projection_method": "webmercator_hash_v1",
        "value": 968
      },
      "type": "Feature"
    },
    {
      "geometry": {
        "coordinates": [
          36.032401,
          34.727779
        ],
        "type": "Point"
      },
      "properties": {
        "cipher": "Ordinal",
        "has_phrases": false,
        "mode": "value_domain",
        "phrase_count": 0,
        "phrases": [],
        "projection": "webmercator_hash_v1",
        "projection_method": "webmercator_hash_v1",
        "value": 969
      },
      "type": "Feature"
    },
    {
      "geometry": {
        "coordinates": [
          -56.020248,
          79.550038
        ],
        "type": "Point"
      },
      "properties": {
        "cipher": "Ordinal",
        "has_phrases": false,
        "mode": "value_domain",
        "phrase_count": 0,
        "phrases": [],
        "projection": "webmercator_hash_v1",
        "projection_method": "webmercator_hash_v1",
        "value": 970
      },
      "type": "Feature"
    },
    {
      "geometry": {
        "coordinates": [
          56.910047,
          5.471029
        ],
        "type": "Point"
      },
      "properties": {
        "cipher": "Ordinal",
        "has_phrases": false,
        "mode": "value_domain",
        "phrase_count": 0,
        "phrases": [],
        "projection": "webmercator_hash_v1",
        "projection_method": "webmercator_hash_v1",
        "value": 971
      },
      "type": "Feature"
    },
    {
      "geometry": {
        "coordinates": [
          -39.865555,
          -78.585216
        ],
        "type": "Point"
      },
      "properties": {
        "cipher": "Ordinal",
        "has_phrases": false,
        "mode": "value_domain",
        "phrase_count": 0,
        "phrases": [],
        "projection": "webmercator_hash_v1",
        "projection_method": "webmercator_hash_v1",
        "value": 972
      },
      "type": "Feature"
    },
    {
      "geometry": {
        "coordinates": [
          20.099012,
          18.584245
        ],
        "type": "Point"
      },
      "properties": {
        "cipher": "Ordinal",
        "has_phrases": false,
        "mode": "value_domain",
        "phrase_count": 0,
        "phrases": [],
        "projection": "webmercator_hash_v1",
        "projection_method": "webmercator_hash_v1",
        "value": 973
      },
      "type": "Feature"
    },
    {
      "geometry": {
        "coordinates": [
          72.298518,
          -71.333389
        ],
        "type": "Point"
      },
      "properties": {
        "cipher": "Ordinal",
        "has_phrases": false,
        "mode": "value_domain",
        "phrase_count": 0,
        "phrases": [],
        "projection": "webmercator_hash_v1",
        "projection_method": "webmercator_hash_v1",
        "value": 974
      },
      "type": "Feature"
    },
    {
      "geometry": {
        "coordinates": [
          92.330336,
          16.185654
        ],
        "type": "Point"
      },
      "properties": {
        "cipher": "Ordinal",
        "has_phrases": false,
        "mode": "value_domain",
        "phrase_count": 0,
        "phrases": [],
        "projection": "webmercator_hash_v1",
        "projection_method": "webmercator_hash_v1",
        "value": 975
      },
      "type": "Feature"
    },
    {
      "geometry": {
        "coordinates": [
          -114.112577,
          -24.604213
        ],
        "type": "Point"
      },
      "properties": {
        "cipher": "Ordinal",
        "has_phrases": false,
        "mode": "value_domain",
        "phrase_count": 0,
        "phrases": [],
        "projection": "webmercator_hash_v1",
        "projection_method": "webmercator_hash_v1",
        "value": 976
      },
      "type": "Feature"
    },
    {
      "geometry": {
        "coordinates": [
          39.903531,
          49.410727
        ],
        "type": "Point"
      },
      "properties": {
        "cipher": "Ordinal",
        "has_phrases": false,
        "mode": "value_domain",
        "phrase_count": 0,
        "phrases": [],
        "projection": "webmercator_hash_v1",
        "projection_method": "webmercator_hash_v1",
        "value": 977
      },
      "type": "Feature"
    },
    {
      "geometry": {
        "coordinates": [
          150.342557,
          -48.895789
        ],
        "type": "Point"
      },
      "properties": {
        "cipher": "Ordinal",
        "has_phrases": false,
        "mode": "value_domain",
        "phrase_count": 0,
        "phrases": [],
        "projection": "webmercator_hash_v1",
        "projection_method": "webmercator_hash_v1",
        "value": 978
      },
      "type": "Feature"
    },
    {
      "geometry": {
        "coordinates": [
          -26.195944,
          -11.653844
        ],
        "type": "Point"
      },
      "properties": {
        "cipher": "Ordinal",
        "has_phrases": false,
        "mode": "value_domain",
        "phrase_count": 0,
        "phrases": [],
        "projection": "webmercator_hash_v1",
        "projection_method": "webmercator_hash_v1",
        "value": 979
      },
      "type": "Feature"
    },
    {
      "geometry": {
        "coordinates": [
          28.436439,
          -65.00192
        ],
        "type": "Point"
      },
      "properties": {
        "cipher": "Ordinal",
        "has_phrases": false,
        "mode": "value_domain",
        "phrase_count": 0,
        "phrases": [],
        "projection": "webmercator_hash_v1",
        "projection_method": "webmercator_hash_v1",
        "value": 980
      },
      "type": "Feature"
    },
    {
      "geometry": {
        "coordinates": [
          111.384624,
          27.128599
        ],
        "type": "Point"
      },
      "properties": {
        "cipher": "Ordinal",
        "has_phrases": false,
        "mode": "value_domain",
        "phrase_count": 0,
        "phrases": [],
        "projection": "webmercator_hash_v1",
        "projection_method": "webmercator_hash_v1",
        "value": 981
      },
      "type": "Feature"
    },
    {
      "geometry": {
        "coordinates": [
          31.916119,
          18.184256
        ],
        "type": "Point"
      },
      "properties": {
        "cipher": "Ordinal",
        "has_phrases": false,
        "mode": "value_domain",
        "phrase_count": 0,
        "phrases": [],
        "projection": "webmercator_hash_v1",
        "projection_method": "webmercator_hash_v1",
        "value": 982
      },
      "type": "Feature"
    },
    {
      "geometry": {
        "coordinates": [
          -150.601692,
          40.81341
        ],
        "type": "Point"
      },
      "properties": {
        "cipher": "Ordinal",
        "has_phrases": false,
        "mode": "value_domain",
        "phrase_count": 0,
        "phrases": [],
        "projection": "webmercator_hash_v1",
        "projection_method": "webmercator_hash_v1",
        "value": 983
      },
      "type": "Feature"
    },
    {
      "geometry": {
        "coordinates": [
          138.721624,
          45.461437
        ],
        "type": "Point"
      },
      "properties": {
        "cipher": "Ordinal",
        "has_phrases": false,
        "mode": "value_domain",
        "phrase_count": 0,
        "phrases": [],
        "projection": "webmercator_hash_v1",
        "projection_method": "webmercator_hash_v1",
        "value": 984
      },
      "type": "Feature"
    },
    {
      "geometry": {
        "coordinates": [
          -24.367839,
          31.401001
        ],
        "type": "Point"
      },
      "properties": {
        "cipher": "Ordinal",
        "has_phrases": false,
        "mode": "value_domain",
        "phrase_count": 0,
        "phrases": [],
        "projection": "webmercator_hash_v1",
        "projection_method": "webmercator_hash_v1",
        "value": 985
      },
      "type": "Feature"
    },
    {
      "geometry": {
        "coordinates": [
          -157.118161,
          51.855872
        ],
        "type": "Point"
      },
      "properties": {
        "cipher": "Ordinal",
        "has_phrases": false,
        "mode": "value_domain",
        "phrase_count": 0,
        "phrases": [],
        "projection": "webmercator_hash_v1",
        "projection_method": "webmercator_hash_v1",
        "value": 986
      },
      "type": "Feature"
    },
    {
      "geometry": {
        "coordinates": [
          2.133163,
          -5.912519
        ],
        "type": "Point"
      },
      "properties": {
        "cipher": "Ordinal",
        "has_phrases": false,
        "mode": "value_domain",
        "phrase_count": 0,
        "phrases": [],
        "projection": "webmercator_hash_v1",
        "projection_method": "webmercator_hash_v1",
        "value": 987
      },
      "type": "Feature"
    },
    {
      "geometry": {
        "coordinates": [
          128.668001,
          4.533675
        ],
        "type": "Point"
      },
      "properties": {
        "cipher": "Ordinal",
        "has_phrases": false,
        "mode": "value_domain",
        "phrase_count": 0,
        "phrases": [],
        "projection": "webmercator_hash_v1",
        "projection_method": "webmercator_hash_v1",
        "value": 988
      },
      "type": "Feature"
    },
    {
      "geometry": {
        "coordinates": [
          -32.5011,
          2.819711
        ],
        "type": "Point"
      },
      "properties": {
        "cipher": "Ordinal",
        "has_phrases": false,
        "mode": "value_domain",
        "phrase_count": 0,
        "phrases": [],
        "projection": "webmercator_hash_v1",
        "projection_method": "webmercator_hash_v1",
        "value": 989
      },
      "type": "Feature"
    },
    {
      "geometry": {
        "coordinates": [
          -75.994129,
          61.873652
        ],
        "type": "Point"
      },
      "properties": {
        "cipher": "Ordinal",
        "has_phrases": false,
        "mode": "value_domain",
        "phrase_count": 0,
        "phrases": [],
        "projection": "webmercator_hash_v1",
        "projection_method": "webmercator_hash_v1",
        "value": 990
      },
      "type": "Feature"
    },
    {
      "geometry": {
        "coordinates": [
          -19.725564,
          19.17044
        ],
        "type": "Point"
      },
      "properties": {
        "cipher": "Ordinal",
        "has_phrases": false,
        "mode": "value_domain",
        "phrase_count": 0,
        "phrases": [],
        "projection": "webmercator_hash_v1",
        "projection_method": "webmercator_hash_v1",
        "value": 991
      },
      "type": "Feature"
    },
    {
      "geometry": {
        "coordinates": [
          78.917252,
          -79.704303
        ],
        "type": "Point"
      },
      "properties": {
        "cipher": "Ordinal",
        "has_phrases": false,
        "mode": "value_domain",
        "phrase_count": 0,
        "phrases": [],
        "projection": "webmercator_hash_v1",
        "projection_method": "webmercator_hash_v1",
        "value": 992
      },
      "type": "Feature"
    },
    {
      "geometry": {
        "coordinates": [
          -2.082446,
          -3.303153
        ],
        "type": "Point"
      },
      "properties": {
        "cipher": "Ordinal",
        "has_phrases": false,
        "mode": "value_domain",
        "phrase_count": 0,
        "phrases": [],
        "projection": "webmercator_hash_v1",
        "projection_method": "webmercator_hash_v1",
        "value": 993
      },
      "type": "Feature"
    },
    {
      "geometry": {
        "coordinates": [
          111.966966,
          -78.682292
        ],
        "type": "Point"
      },
      "properties": {
        "cipher": "Ordinal",
        "has_phrases": false,
        "mode": "value_domain",
        "phrase_count": 0,
        "phrases": [],
        "projection": "webmercator_hash_v1",
        "projection_method": "webmercator_hash_v1",
        "value": 994
      },
      "type": "Feature"
    },
    {
      "geometry": {
        "coordinates": [
          84.634435,
          -69.703738
        ],
        "type": "Point"
      },
      "properties": {
        "cipher": "Ordinal",
        "has_phrases": false,
        "mode": "value_domain",
        "phrase_count": 0,
        "phrases": [],
        "projection": "webmercator_hash_v1",
        "projection_method": "webmercator_hash_v1",
        "value": 995
      },
      "type": "Feature"
    },
    {
      "geometry": {
        "coordinates": [
          -62.299617,
          82.168437
        ],
        "type": "Point"
      },
      "properties": {
        "cipher": "Ordinal",
        "has_phrases": false,
        "mode": "value_domain",
        "phrase_count": 0,
        "phrases": [],
        "projection": "webmercator_hash_v1",
        "projection_method": "webmercator_hash_v1",
        "value": 996
      },
      "type": "Feature"
    },
    {
      "geometry": {
        "coordinates": [
          21.458885,
          -18.2165
        ],
        "type": "Point"
      },
      "properties": {
        "cipher": "Ordinal",
        "has_phrases": false,
        "mode": "value_domain",
        "phrase_count": 0,
        "phrases": [],
        "projection": "webmercator_hash_v1",
        "projection_method": "webmercator_hash_v1",
        "value": 997
      },
      "type": "Feature"
    },
    {
      "geometry": {
        "coordinates": [
          -174.598046,
          -21.459769
        ],
        "type": "Point"
      },
      "properties": {
        "cipher": "Ordinal",
        "has_phrases": false,
        "mode": "value_domain",
        "phrase_count": 0,
        "phrases": [],
        "projection": "webmercator_hash_v1",
        "projection_method": "webmercator_hash_v1",
        "value": 998
      },
      "type": "Feature"
    },
    {
      "geometry": {
        "coordinates": [
          138.762898,
          27.045387
        ],
        "type": "Point"
      },
      "properties": {
        "cipher": "Ordinal",
        "has_phrases": false,
        "mode": "value_domain",
        "phrase_count": 0,
        "phrases": [],
        "projection": "webmercator_hash_v1",
        "projection_method": "webmercator_hash_v1",
        "value": 999
      },
      "type": "Feature"
    },
    {
      "geometry": {
        "coordinates": [
          124.451639,
          -85.018931
        ],
        "type": "Point"
      },
      "properties": {
        "cipher": "Ordinal",
        "has_phrases": false,
        "mode": "value_domain",
        "phrase_count": 0,
        "phrases": [],
        "projection": "webmercator_hash_v1",
        "projection_method": "webmercator_hash_v1",
        "value": 1000
      },
      "type": "Feature"
    },
    {
      "geometry": {
        "coordinates": [
          -58.380263,
          -46.624408
        ],
        "type": "Point"
      },
      "properties": {
        "cipher": "Ordinal",
        "has_phrases": false,
        "mode": "value_domain",
        "phrase_count": 0,
        "phrases": [],
        "projection": "webmercator_hash_v1",
        "projection_method": "webmercator_hash_v1",
        "value": 1001
      },
      "type": "Feature"
    },
    {
      "geometry": {
        "coordinates": [
          -167.216688,
          29.690022
        ],
        "type": "Point"
      },
      "properties": {
        "cipher": "Ordinal",
        "has_phrases": false,
        "mode": "value_domain",
        "phrase_count": 0,
        "phrases": [],
        "projection": "webmercator_hash_v1",
        "projection_method": "webmercator_hash_v1",
        "value": 1002
      },
      "type": "Feature"
    },
    {
      "geometry": {
        "coordinates": [
          -114.481106,
          -63.540365
        ],
        "type": "Point"
      },
      "properties": {
        "cipher": "Ordinal",
        "has_phrases": false,
        "mode": "value_domain",
        "phrase_count": 0,
        "phrases": [],
        "projection": "webmercator_hash_v1",
        "projection_method": "webmercator_hash_v1",
        "value": 1003
      },
      "type": "Feature"
    },
    {
      "geometry": {
        "coordinates": [
          -21.010758,
          -8.649546
        ],
        "type": "Point"
      },
      "properties": {
        "cipher": "Ordinal",
        "has_phrases": false,
        "mode": "value_domain",
        "phrase_count": 0,
        "phrases": [],
        "projection": "webmercator_hash_v1",
        "projection_method": "webmercator_hash_v1",
        "value": 1004
      },
      "type": "Feature"
    },
    {
      "geometry": {
        "coordinates": [
          -49.771538,
          -68.837639
        ],
        "type": "Point"
      },
      "properties": {
        "cipher": "Ordinal",
        "has_phrases": false,
        "mode": "value_domain",
        "phrase_count": 0,
        "phrases": [],
        "projection": "webmercator_hash_v1",
        "projection_method": "webmercator_hash_v1",
        "value": 1005
      },
      "type": "Feature"
    },
    {
      "geometry": {
        "coordinates": [
          -155.719332,
          -33.103692
        ],
        "type": "Point"
      },
      "properties": {
        "cipher": "Ordinal",
        "has_phrases": false,
        "mode": "value_domain",
        "phrase_count": 0,
        "phrases": [],
        "projection": "webmercator_hash_v1",
        "projection_method": "webmercator_hash_v1",
        "value": 1006
      },
      "type": "Feature"
    },
    {
      "geometry": {
        "coordinates": [
          -100.094889,
          38.091391
        ],
        "type": "Point"
      },
      "properties": {
        "cipher": "Ordinal",
        "has_phrases": false,
        "mode": "value_domain",
        "phrase_count": 0,
        "phrases": [],
        "projection": "webmercator_hash_v1",
        "projection_method": "webmercator_hash_v1",
        "value": 1007
      },
      "type": "Feature"
    },
    {
      "geometry": {
        "coordinates": [
          -65.252442,
          -4.556886
        ],
        "type": "Point"
      },
      "properties": {
        "cipher": "Ordinal",
        "has_phrases": false,
        "mode": "value_domain",
        "phrase_count": 0,
        "phrases": [],
        "projection": "webmercator_hash_v1",
        "projection_method": "webmercator_hash_v1",
        "value": 1008
      },
      "type": "Feature"
    },
    {
      "geometry": {
        "coordinates": [
          -121.309506,
          72.824537
        ],
        "type": "Point"
      },
      "properties": {
        "cipher": "Ordinal",
        "has_phrases": false,
        "mode": "value_domain",
        "phrase_count": 0,
        "phrases": [],
        "projection": "webmercator_hash_v1",
        "projection_method": "webmercator_hash_v1",
        "value": 1009
      },
      "type": "Feature"
    },
    {
      "geometry": {
        "coordinates": [
          -34.751073,
          -24.243973
        ],
        "type": "Point"
      },
      "properties": {
        "cipher": "Ordinal",
        "has_phrases": false,
        "mode": "value_domain",
        "phrase_count": 0,
        "phrases": [],
        "projection": "webmercator_hash_v1",
        "projection_method": "webmercator_hash_v1",
        "value": 1010
      },
      "type": "Feature"
    },
    {
      "geometry": {
        "coordinates": [
          -126.20309,
          18.199196
        ],
        "type": "Point"
      },
      "properties": {
        "cipher": "Ordinal",
        "has_phrases": false,
        "mode": "value_domain",
        "phrase_count": 0,
        "phrases": [],
        "projection": "webmercator_hash_v1",
        "projection_method": "webmercator_hash_v1",
        "value": 1011
      },
      "type": "Feature"
    },
    {
      "geometry": {
        "coordinates": [
          44.232435,
          -70.301311
        ],
        "type": "Point"
      },
      "properties": {
        "cipher": "Ordinal",
        "has_phrases": false,
        "mode": "value_domain",
        "phrase_count": 0,
        "phrases": [],
        "projection": "webmercator_hash_v1",
        "projection_method": "webmercator_hash_v1",
        "value": 1012
      },
      "type": "Feature"
    },
    {
      "geometry": {
        "coordinates": [
          -157.747868,
          -8.898749
        ],
        "type": "Point"
      },
      "properties": {
        "cipher": "Ordinal",
        "has_phrases": false,
        "mode": "value_domain",
        "phrase_count": 0,
        "phrases": [],
        "projection": "webmercator_hash_v1",
        "projection_method": "webmercator_hash_v1",
        "value": 1013
      },
      "type": "Feature"
    },
    {
      "geometry": {
        "coordinates": [
          20.884655,
          -1.7272
        ],
        "type": "Point"
      },
      "properties": {
        "cipher": "Ordinal",
        "has_phrases": false,
        "mode": "value_domain",
        "phrase_count": 0,
        "phrases": [],
        "projection": "webmercator_hash_v1",
        "projection_method": "webmercator_hash_v1",
        "value": 1014
      },
      "type": "Feature"
    },
    {
      "geometry": {
        "coordinates": [
          56.815699,
          -11.149796
        ],
        "type": "Point"
      },
      "properties": {
        "cipher": "Ordinal",
        "has_phrases": false,
        "mode": "value_domain",
        "phrase_count": 0,
        "phrases": [],
        "projection": "webmercator_hash_v1",
        "projection_method": "webmercator_hash_v1",
        "value": 1015
      },
      "type": "Feature"
    },
    {
      "geometry": {
        "coordinates": [
          -54.796249,
          84.568035
        ],
        "type": "Point"
      },
      "properties": {
        "cipher": "Ordinal",
        "has_phrases": false,
        "mode": "value_domain",
        "phrase_count": 0,
        "phrases": [],
        "projection": "webmercator_hash_v1",
        "projection_method": "webmercator_hash_v1",
        "value": 1016
      },
      "type": "Feature"
    },
    {
      "geometry": {
        "coordinates": [
          -135.656387,
          10.663022
        ],
        "type": "Point"
      },
      "properties": {
        "cipher": "Ordinal",
        "has_phrases": false,
        "mode": "value_domain",
        "phrase_count": 0,
        "phrases": [],
        "projection": "webmercator_hash_v1",
        "projection_method": "webmercator_hash_v1",
        "value": 1017
      },
      "type": "Feature"
    },
    {
      "geometry": {
        "coordinates": [
          176.468419,
          -65.321965
        ],
        "type": "Point"
      },
      "properties": {
        "cipher": "Ordinal",
        "has_phrases": false,
        "mode": "value_domain",
        "phrase_count": 0,
        "phrases": [],
        "projection": "webmercator_hash_v1",
        "projection_method": "webmercator_hash_v1",
        "value": 1018
      },
      "type": "Feature"
    },
    {
      "geometry": {
        "coordinates": [
          101.012649,
          13.286449
        ],
        "type": "Point"
      },
      "properties": {
        "cipher": "Ordinal",
        "has_phrases": false,
        "mode": "value_domain",
        "phrase_count": 0,
        "phrases": [],
        "projection": "webmercator_hash_v1",
        "projection_method": "webmercator_hash_v1",
        "value": 1019
      },
      "type": "Feature"
    },
    {
      "geometry": {
        "coordinates": [
          -62.725325,
          -31.175178
        ],
        "type": "Point"
      },
      "properties": {
        "cipher": "Ordinal",
        "has_phrases": false,
        "mode": "value_domain",
        "phrase_count": 0,
        "phrases": [],
        "projection": "webmercator_hash_v1",
        "projection_method": "webmercator_hash_v1",
        "value": 1020
      },
      "type": "Feature"
    },
    {
      "geometry": {
        "coordinates": [
          1.45471,
          -32.687007
        ],
        "type": "Point"
      },
      "properties": {
        "cipher": "Ordinal",
        "has_phrases": false,
        "mode": "value_domain",
        "phrase_count": 0,
        "phrases": [],
        "projection": "webmercator_hash_v1",
        "projection_method": "webmercator_hash_v1",
        "value": 1021
      },
      "type": "Feature"
    },
    {
      "geometry": {
        "coordinates": [
          4.620721,
          24.130839
        ],
        "type": "Point"
      },
      "properties": {
        "cipher": "Ordinal",
        "has_phrases": false,
        "mode": "value_domain",
        "phrase_count": 0,
        "phrases": [],
        "projection": "webmercator_hash_v1",
        "projection_method": "webmercator_hash_v1",
        "value": 1022
      },
      "type": "Feature"
    },
    {
      "geometry": {
        "coordinates": [
          67.138089,
          -35.936358
        ],
        "type": "Point"
      },
      "properties": {
        "cipher": "Ordinal",
        "has_phrases": false,
        "mode": "value_domain",
        "phrase_count": 0,
        "phrases": [],
        "projection": "webmercator_hash_v1",
        "projection_method": "webmercator_hash_v1",
        "value": 1023
      },
      "type": "Feature"
    },
    {
      "geometry": {
        "coordinates": [
          -91.77696,
          43.133422
        ],
        "type": "Point"
      },
      "properties": {
        "cipher": "Ordinal",
        "has_phrases": false,
        "mode": "value_domain",
        "phrase_count": 0,
        "phrases": [],
        "projection": "webmercator_hash_v1",
        "projection_method": "webmercator_hash_v1",
        "value": 1024
      },
      "type": "Feature"
    },
    {
      "geometry": {
        "coordinates": [
          34.728466,
          -10.827553
        ],
        "type": "Point"
      },
      "properties": {
        "cipher": "Ordinal",
        "has_phrases": false,
        "mode": "value_domain",
        "phrase_count": 0,
        "phrases": [],
        "projection": "webmercator_hash_v1",
        "projection_method": "webmercator_hash_v1",
        "value": 1025
      },
      "type": "Feature"
    },
    {
      "geometry": {
        "coordinates": [
          149.080693,
          -21.926113
        ],
        "type": "Point"
      },
      "properties": {
        "cipher": "Ordinal",
        "has_phrases": false,
        "mode": "value_domain",
        "phrase_count": 0,
        "phrases": [],
        "projection": "webmercator_hash_v1",
        "projection_method": "webmercator_hash_v1",
        "value": 1026
      },
      "type": "Feature"
    },
    {
      "geometry": {
        "coordinates": [
          -148.777767,
          -55.541961
        ],
        "type": "Point"
      },
      "properties": {
        "cipher": "Ordinal",
        "has_phrases": false,
        "mode": "value_domain",
        "phrase_count": 0,
        "phrases": [],
        "projection": "webmercator_hash_v1",
        "projection_method": "webmercator_hash_v1",
        "value": 1027
      },
      "type": "Feature"
    },
    {
      "geometry": {
        "coordinates": [
          -66.814301,
          -58.310897
        ],
        "type": "Point"
      },
      "properties": {
        "cipher": "Ordinal",
        "has_phrases": false,
        "mode": "value_domain",
        "phrase_count": 0,
        "phrases": [],
        "projection": "webmercator_hash_v1",
        "projection_method": "webmercator_hash_v1",
        "value": 1028
      },
      "type": "Feature"
    },
    {
      "geometry": {
        "coordinates": [
          67.171096,
          -84.636377
        ],
        "type": "Point"
      },
      "properties": {
        "cipher": "Ordinal",
        "has_phrases": false,
        "mode": "value_domain",
        "phrase_count": 0,
        "phrases": [],
        "projection": "webmercator_hash_v1",
        "projection_method": "webmercator_hash_v1",
        "value": 1029
      },
      "type": "Feature"
    },
    {
      "geometry": {
        "coordinates": [
          54.037863,
          24.226104
        ],
        "type": "Point"
      },
      "properties": {
        "cipher": "Ordinal",
        "has_phrases": false,
        "mode": "value_domain",
        "phrase_count": 0,
        "phrases": [],
        "projection": "webmercator_hash_v1",
        "projection_method": "webmercator_hash_v1",
        "value": 1030
      },
      "type": "Feature"
    },
    {
      "geometry": {
        "coordinates": [
          -115.988007,
          46.664716
        ],
        "type": "Point"
      },
      "properties": {
        "cipher": "Ordinal",
        "has_phrases": false,
        "mode": "value_domain",
        "phrase_count": 0,
        "phrases": [],
        "projection": "webmercator_hash_v1",
        "projection_method": "webmercator_hash_v1",
        "value": 1031
      },
      "type": "Feature"
    },
    {
      "geometry": {
        "coordinates": [
          -2.01308,
          -69.935472
        ],
        "type": "Point"
      },
      "properties": {
        "cipher": "Ordinal",
        "has_phrases": false,
        "mode": "value_domain",
        "phrase_count": 0,
        "phrases": [],
        "projection": "webmercator_hash_v1",
        "projection_method": "webmercator_hash_v1",
        "value": 1032
      },
      "type": "Feature"
    },
    {
      "geometry": {
        "coordinates": [
          96.831108,
          -84.555729
        ],
        "type": "Point"
      },
      "properties": {
        "cipher": "Ordinal",
        "has_phrases": false,
        "mode": "value_domain",
        "phrase_count": 0,
        "phrases": [],
        "projection": "webmercator_hash_v1",
        "projection_method": "webmercator_hash_v1",
        "value": 1033
      },
      "type": "Feature"
    },
    {
      "geometry": {
        "coordinates": [
          42.927859,
          13.083594
        ],
        "type": "Point"
      },
      "properties": {
        "cipher": "Ordinal",
        "has_phrases": false,
        "mode": "value_domain",
        "phrase_count": 0,
        "phrases": [],
        "projection": "webmercator_hash_v1",
        "projection_method": "webmercator_hash_v1",
        "value": 1034
      },
      "type": "Feature"
    },
    {
      "geometry": {
        "coordinates": [
          135.173501,
          -38.997158
        ],
        "type": "Point"
      },
      "properties": {
        "cipher": "Ordinal",
        "has_phrases": false,
        "mode": "value_domain",
        "phrase_count": 0,
        "phrases": [],
        "projection": "webmercator_hash_v1",
        "projection_method": "webmercator_hash_v1",
        "value": 1035
      },
      "type": "Feature"
    },
    {
      "geometry": {
        "coordinates": [
          2.583794,
          -52.665856
        ],
        "type": "Point"
      },
      "properties": {
        "cipher": "Ordinal",
        "has_phrases": false,
        "mode": "value_domain",
        "phrase_count": 0,
        "phrases": [],
        "projection": "webmercator_hash_v1",
        "projection_method": "webmercator_hash_v1",
        "value": 1036
      },
      "type": "Feature"
    },
    {
      "geometry": {
        "coordinates": [
          7.635356,
          -18.120741
        ],
        "type": "Point"
      },
      "properties": {
        "cipher": "Ordinal",
        "has_phrases": false,
        "mode": "value_domain",
        "phrase_count": 0,
        "phrases": [],
        "projection": "webmercator_hash_v1",
        "projection_method": "webmercator_hash_v1",
        "value": 1037
      },
      "type": "Feature"
    },
    {
      "geometry": {
        "coordinates": [
          -69.55434,
          -45.974199
        ],
        "type": "Point"
      },
      "properties": {
        "cipher": "Ordinal",
        "has_phrases": false,
        "mode": "value_domain",
        "phrase_count": 0,
        "phrases": [],
        "projection": "webmercator_hash_v1",
        "projection_method": "webmercator_hash_v1",
        "value": 1038
      },
      "type": "Feature"
    },
    {
      "geometry": {
        "coordinates": [
          -133.460217,
          -14.655119
        ],
        "type": "Point"
      },
      "properties": {
        "cipher": "Ordinal",
        "has_phrases": false,
        "mode": "value_domain",
        "phrase_count": 0,
        "phrases": [],
        "projection": "webmercator_hash_v1",
        "projection_method": "webmercator_hash_v1",
        "value": 1039
      },
      "type": "Feature"
    },
    {
      "geometry": {
        "coordinates": [
          3.199906,
          -80.744433
        ],
        "type": "Point"
      },
      "properties": {
        "cipher": "Ordinal",
        "has_phrases": false,
        "mode": "value_domain",
        "phrase_count": 0,
        "phrases": [],
        "projection": "webmercator_hash_v1",
        "projection_method": "webmercator_hash_v1",
        "value": 1040
      },
      "type": "Feature"
    },
    {
      "geometry": {
        "coordinates": [
          -85.176296,
          77.061172
        ],
        "type": "Point"
      },
      "properties": {
        "cipher": "Ordinal",
        "has_phrases": false,
        "mode": "value_domain",
        "phrase_count": 0,
        "phrases": [],
        "projection": "webmercator_hash_v1",
        "projection_method": "webmercator_hash_v1",
        "value": 1041
      },
      "type": "Feature"
    },
    {
      "geometry": {
        "coordinates": [
          -132.849164,
          3.51861
        ],
        "type": "Point"
      },
      "properties": {
        "cipher": "Ordinal",
        "has_phrases": false,
        "mode": "value_domain",
        "phrase_count": 0,
        "phrases": [],
        "projection": "webmercator_hash_v1",
        "projection_method": "webmercator_hash_v1",
        "value": 1042
      },
      "type": "Feature"
    },
    {
      "geometry": {
        "coordinates": [
          -125.482855,
          7.835081
        ],
        "type": "Point"
      },
      "properties": {
        "cipher": "Ordinal",
        "has_phrases": false,
        "mode": "value_domain",
        "phrase_count": 0,
        "phrases": [],
        "projection": "webmercator_hash_v1",
        "projection_method": "webmercator_hash_v1",
        "value": 1043
      },
      "type": "Feature"
    },
    {
      "geometry": {
        "coordinates": [
          -146.286361,
          -57.242981
        ],
        "type": "Point"
      },
      "properties": {
        "cipher": "Ordinal",
        "has_phrases": false,
        "mode": "value_domain",
        "phrase_count": 0,
        "phrases": [],
        "projection": "webmercator_hash_v1",
        "projection_method": "webmercator_hash_v1",
        "value": 1044
      },
      "type": "Feature"
    },
    {
      "geometry": {
        "coordinates": [
          -82.216629,
          47.82528
        ],
        "type": "Point"
      },
      "properties": {
        "cipher": "Ordinal",
        "has_phrases": false,
        "mode": "value_domain",
        "phrase_count": 0,
        "phrases": [],
        "projection": "webmercator_hash_v1",
        "projection_method": "webmercator_hash_v1",
        "value": 1045
      },
      "type": "Feature"
    },
    {
      "geometry": {
        "coordinates": [
          -136.415415,
          22.183294
        ],
        "type": "Point"
      },
      "properties": {
        "cipher": "Ordinal",
        "has_phrases": false,
        "mode": "value_domain",
        "phrase_count": 0,
        "phrases": [],
        "projection": "webmercator_hash_v1",
        "projection_method": "webmercator_hash_v1",
        "value": 1046
      },
      "type": "Feature"
    },
    {
      "geometry": {
        "coordinates": [
          -52.455686,
          -19.115235
        ],
        "type": "Point"
      },
      "properties": {
        "cipher": "Ordinal",
        "has_phrases": false,
        "mode": "value_domain",
        "phrase_count": 0,
        "phrases": [],
        "projection": "webmercator_hash_v1",
        "projection_method": "webmercator_hash_v1",
        "value": 1047
      },
      "type": "Feature"
    },
    {
      "geometry": {
        "coordinates": [
          140.158027,
          48.336493
        ],
        "type": "Point"
      },
      "properties": {
        "cipher": "Ordinal",
        "has_phrases": false,
        "mode": "value_domain",
        "phrase_count": 0,
        "phrases": [],
        "projection": "webmercator_hash_v1",
        "projection_method": "webmercator_hash_v1",
        "value": 1048
      },
      "type": "Feature"
    },
    {
      "geometry": {
        "coordinates": [
          159.381261,
          40.437519
        ],
        "type": "Point"
      },
      "properties": {
        "cipher": "Ordinal",
        "has_phrases": false,
        "mode": "value_domain",
        "phrase_count": 0,
        "phrases": [],
        "projection": "webmercator_hash_v1",
        "projection_method": "webmercator_hash_v1",
        "value": 1049
      },
      "type": "Feature"
    },
    {
      "geometry": {
        "coordinates": [
          -145.513239,
          -47.330855
        ],
        "type": "Point"
      },
      "properties": {
        "cipher": "Ordinal",
        "has_phrases": false,
        "mode": "value_domain",
        "phrase_count": 0,
        "phrases": [],
        "projection": "webmercator_hash_v1",
        "projection_method": "webmercator_hash_v1",
        "value": 1050
      },
      "type": "Feature"
    },
    {
      "geometry": {
        "coordinates": [
          93.233046,
          57.488825
        ],
        "type": "Point"
      },
      "properties": {
        "cipher": "Ordinal",
        "has_phrases": false,
        "mode": "value_domain",
        "phrase_count": 0,
        "phrases": [],
        "projection": "webmercator_hash_v1",
        "projection_method": "webmercator_hash_v1",
        "value": 1051
      },
      "type": "Feature"
    },
    {
      "geometry": {
        "coordinates": [
          138.777634,
          28.85705
        ],
        "type": "Point"
      },
      "properties": {
        "cipher": "Ordinal",
        "has_phrases": false,
        "mode": "value_domain",
        "phrase_count": 0,
        "phrases": [],
        "projection": "webmercator_hash_v1",
        "projection_method": "webmercator_hash_v1",
        "value": 1052
      },
      "type": "Feature"
    },
    {
      "geometry": {
        "coordinates": [
          -128.547464,
          61.944754
        ],
        "type": "Point"
      },
      "properties": {
        "cipher": "Ordinal",
        "has_phrases": false,
        "mode": "value_domain",
        "phrase_count": 0,
        "phrases": [],
        "projection": "webmercator_hash_v1",
        "projection_method": "webmercator_hash_v1",
        "value": 1053
      },
      "type": "Feature"
    },
    {
      "geometry": {
        "coordinates": [
          -128.193129,
          20.276104
        ],
        "type": "Point"
      },
      "properties": {
        "cipher": "Ordinal",
        "has_phrases": false,
        "mode": "value_domain",
        "phrase_count": 0,
        "phrases": [],
        "projection": "webmercator_hash_v1",
        "projection_method": "webmercator_hash_v1",
        "value": 1054
      },
      "type": "Feature"
    },
    {
      "geometry": {
        "coordinates": [
          -90.516622,
          75.691198
        ],
        "type": "Point"
      },
      "properties": {
        "cipher": "Ordinal",
        "has_phrases": false,
        "mode": "value_domain",
        "phrase_count": 0,
        "phrases": [],
        "projection": "webmercator_hash_v1",
        "projection_method": "webmercator_hash_v1",
        "value": 1055
      },
      "type": "Feature"
    },
    {
      "geometry": {
        "coordinates": [
          87.711615,
          -1.44615
        ],
        "type": "Point"
      },
      "properties": {
        "cipher": "Ordinal",
        "has_phrases": false,
        "mode": "value_domain",
        "phrase_count": 0,
        "phrases": [],
        "projection": "webmercator_hash_v1",
        "projection_method": "webmercator_hash_v1",
        "value": 1056
      },
      "type": "Feature"
    },
    {
      "geometry": {
        "coordinates": [
          -126.702046,
          -8.902306
        ],
        "type": "Point"
      },
      "properties": {
        "cipher": "Ordinal",
        "has_phrases": false,
        "mode": "value_domain",
        "phrase_count": 0,
        "phrases": [],
        "projection": "webmercator_hash_v1",
        "projection_method": "webmercator_hash_v1",
        "value": 1057
      },
      "type": "Feature"
    },
    {
      "geometry": {
        "coordinates": [
          -31.347338,
          -52.959571
        ],
        "type": "Point"
      },
      "properties": {
        "cipher": "Ordinal",
        "has_phrases": false,
        "mode": "value_domain",
        "phrase_count": 0,
        "phrases": [],
        "projection": "webmercator_hash_v1",
        "projection_method": "webmercator_hash_v1",
        "value": 1058
      },
      "type": "Feature"
    },
    {
      "geometry": {
        "coordinates": [
          17.119286,
          14.022792
        ],
        "type": "Point"
      },
      "properties": {
        "cipher": "Ordinal",
        "has_phrases": false,
        "mode": "value_domain",
        "phrase_count": 0,
        "phrases": [],
        "projection": "webmercator_hash_v1",
        "projection_method": "webmercator_hash_v1",
        "value": 1059
      },
      "type": "Feature"
    },
    {
      "geometry": {
        "coordinates": [
          -82.541847,
          -9.489198
        ],
        "type": "Point"
      },
      "properties": {
        "cipher": "Ordinal",
        "has_phrases": false,
        "mode": "value_domain",
        "phrase_count": 0,
        "phrases": [],
        "projection": "webmercator_hash_v1",
        "projection_method": "webmercator_hash_v1",
        "value": 1060
      },
      "type": "Feature"
    },
    {
      "geometry": {
        "coordinates": [
          -14.456467,
          -79.989281
        ],
        "type": "Point"
      },
      "properties": {
        "cipher": "Ordinal",
        "has_phrases": false,
        "mode": "value_domain",
        "phrase_count": 0,
        "phrases": [],
        "projection": "webmercator_hash_v1",
        "projection_method": "webmercator_hash_v1",
        "value": 1061
      },
      "type": "Feature"
    },
    {
      "geometry": {
        "coordinates": [
          -26.803149,
          54.859404
        ],
        "type": "Point"
      },
      "properties": {
        "cipher": "Ordinal",
        "has_phrases": false,
        "mode": "value_domain",
        "phrase_count": 0,
        "phrases": [],
        "projection": "webmercator_hash_v1",
        "projection_method": "webmercator_hash_v1",
        "value": 1062
      },
      "type": "Feature"
    },
    {
      "geometry": {
        "coordinates": [
          -4.149248,
          -17.293262
        ],
        "type": "Point"
      },
      "properties": {
        "cipher": "Ordinal",
        "has_phrases": false,
        "mode": "value_domain",
        "phrase_count": 0,
        "phrases": [],
        "projection": "webmercator_hash_v1",
        "projection_method": "webmercator_hash_v1",
        "value": 1063
      },
      "type": "Feature"
    },
    {
      "geometry": {
        "coordinates": [
          -123.995562,
          -83.342765
        ],
        "type": "Point"
      },
      "properties": {
        "cipher": "Ordinal",
        "has_phrases": false,
        "mode": "value_domain",
        "phrase_count": 0,
        "phrases": [],
        "projection": "webmercator_hash_v1",
        "projection_method": "webmercator_hash_v1",
        "value": 1064
      },
      "type": "Feature"
    },
    {
      "geometry": {
        "coordinates": [
          7.683826,
          -46.76635
        ],
        "type": "Point"
      },
      "properties": {
        "cipher": "Ordinal",
        "has_phrases": false,
        "mode": "value_domain",
        "phrase_count": 0,
        "phrases": [],
        "projection": "webmercator_hash_v1",
        "projection_method": "webmercator_hash_v1",
        "value": 1065
      },
      "type": "Feature"
    },
    {
      "geometry": {
        "coordinates": [
          140.145843,
          -53.057802
        ],
        "type": "Point"
      },
      "properties": {
        "cipher": "Ordinal",
        "has_phrases": false,
        "mode": "value_domain",
        "phrase_count": 0,
        "phrases": [],
        "projection": "webmercator_hash_v1",
        "projection_method": "webmercator_hash_v1",
        "value": 1066
      },
      "type": "Feature"
    },
    {
      "geometry": {
        "coordinates": [
          144.219265,
          9.398032
        ],
        "type": "Point"
      },
      "properties": {
        "cipher": "Ordinal",
        "has_phrases": false,
        "mode": "value_domain",
        "phrase_count": 0,
        "phrases": [],
        "projection": "webmercator_hash_v1",
        "projection_method": "webmercator_hash_v1",
        "value": 1067
      },
      "type": "Feature"
    },
    {
      "geometry": {
        "coordinates": [
          -81.104972,
          7.681347
        ],
        "type": "Point"
      },
      "properties": {
        "cipher": "Ordinal",
        "has_phrases": false,
        "mode": "value_domain",
        "phrase_count": 0,
        "phrases": [],
        "projection": "webmercator_hash_v1",
        "projection_method": "webmercator_hash_v1",
        "value": 1068
      },
      "type": "Feature"
    },
    {
      "geometry": {
        "coordinates": [
          7.716972,
          13.187419
        ],
        "type": "Point"
      },
      "properties": {
        "cipher": "Ordinal",
        "has_phrases": false,
        "mode": "value_domain",
        "phrase_count": 0,
        "phrases": [],
        "projection": "webmercator_hash_v1",
        "projection_method": "webmercator_hash_v1",
        "value": 1069
      },
      "type": "Feature"
    },
    {
      "geometry": {
        "coordinates": [
          -118.095551,
          -8.632314
        ],
        "type": "Point"
      },
      "properties": {
        "cipher": "Ordinal",
        "has_phrases": false,
        "mode": "value_domain",
        "phrase_count": 0,
        "phrases": [],
        "projection": "webmercator_hash_v1",
        "projection_method": "webmercator_hash_v1",
        "value": 1070
      },
      "type": "Feature"
    },
    {
      "geometry": {
        "coordinates": [
          -125.961171,
          -10.416162
        ],
        "type": "Point"
      },
      "properties": {
        "cipher": "Ordinal",
        "has_phrases": false,
        "mode": "value_domain",
        "phrase_count": 0,
        "phrases": [],
        "projection": "webmercator_hash_v1",
        "projection_method": "webmercator_hash_v1",
        "value": 1071
      },
      "type": "Feature"
    },
    {
      "geometry": {
        "coordinates": [
          -58.658503,
          34.702768
        ],
        "type": "Point"
      },
      "properties": {
        "cipher": "Ordinal",
        "has_phrases": false,
        "mode": "value_domain",
        "phrase_count": 0,
        "phrases": [],
        "projection": "webmercator_hash_v1",
        "projection_method": "webmercator_hash_v1",
        "value": 1072
      },
      "type": "Feature"
    },
    {
      "geometry": {
        "coordinates": [
          -6.467432,
          -37.537132
        ],
        "type": "Point"
      },
      "properties": {
        "cipher": "Ordinal",
        "has_phrases": false,
        "mode": "value_domain",
        "phrase_count": 0,
        "phrases": [],
        "projection": "webmercator_hash_v1",
        "projection_method": "webmercator_hash_v1",
        "value": 1073
      },
      "type": "Feature"
    },
    {
      "geometry": {
        "coordinates": [
          -27.662466,
          18.489775
        ],
        "type": "Point"
      },
      "properties": {
        "cipher": "Ordinal",
        "has_phrases": false,
        "mode": "value_domain",
        "phrase_count": 0,
        "phrases": [],
        "projection": "webmercator_hash_v1",
        "projection_method": "webmercator_hash_v1",
        "value": 1074
      },
      "type": "Feature"
    },
    {
      "geometry": {
        "coordinates": [
          112.784369,
          -40.058947
        ],
        "type": "Point"
      },
      "properties": {
        "cipher": "Ordinal",
        "has_phrases": false,
        "mode": "value_domain",
        "phrase_count": 0,
        "phrases": [],
        "projection": "webmercator_hash_v1",
        "projection_method": "webmercator_hash_v1",
        "value": 1075
      },
      "type": "Feature"
    },
    {
      "geometry": {
        "coordinates": [
          176.787208,
          60.301863
        ],
        "type": "Point"
      },
      "properties": {
        "cipher": "Ordinal",
        "has_phrases": false,
        "mode": "value_domain",
        "phrase_count": 0,
        "phrases": [],
        "projection": "webmercator_hash_v1",
        "projection_method": "webmercator_hash_v1",
        "value": 1076
      },
      "type": "Feature"
    },
    {
      "geometry": {
        "coordinates": [
          -136.931272,
          31.100343
        ],
        "type": "Point"
      },
      "properties": {
        "cipher": "Ordinal",
        "has_phrases": false,
        "mode": "value_domain",
        "phrase_count": 0,
        "phrases": [],
        "projection": "webmercator_hash_v1",
        "projection_method": "webmercator_hash_v1",
        "value": 1077
      },
      "type": "Feature"
    },
    {
      "geometry": {
        "coordinates": [
          91.793148,
          46.850716
        ],
        "type": "Point"
      },
      "properties": {
        "cipher": "Ordinal",
        "has_phrases": false,
        "mode": "value_domain",
        "phrase_count": 0,
        "phrases": [],
        "projection": "webmercator_hash_v1",
        "projection_method": "webmercator_hash_v1",
        "value": 1078
      },
      "type": "Feature"
    },
    {
      "geometry": {
        "coordinates": [
          18.608249,
          -37.076386
        ],
        "type": "Point"
      },
      "properties": {
        "cipher": "Ordinal",
        "has_phrases": false,
        "mode": "value_domain",
        "phrase_count": 0,
        "phrases": [],
        "projection": "webmercator_hash_v1",
        "projection_method": "webmercator_hash_v1",
        "value": 1079
      },
      "type": "Feature"
    },
    {
      "geometry": {
        "coordinates": [
          -7.681864,
          31.512097
        ],
        "type": "Point"
      },
      "properties": {
        "cipher": "Ordinal",
        "has_phrases": false,
        "mode": "value_domain",
        "phrase_count": 0,
        "phrases": [],
        "projection": "webmercator_hash_v1",
        "projection_method": "webmercator_hash_v1",
        "value": 1080
      },
      "type": "Feature"
    },
    {
      "geometry": {
        "coordinates": [
          -155.498759,
          0.182996
        ],
        "type": "Point"
      },
      "properties": {
        "cipher": "Ordinal",
        "has_phrases": false,
        "mode": "value_domain",
        "phrase_count": 0,
        "phrases": [],
        "projection": "webmercator_hash_v1",
        "projection_method": "webmercator_hash_v1",
        "value": 1081
      },
      "type": "Feature"
    },
    {
      "geometry": {
        "coordinates": [
          134.208382,
          12.248741
        ],
        "type": "Point"
      },
      "properties": {
        "cipher": "Ordinal",
        "has_phrases": false,
        "mode": "value_domain",
        "phrase_count": 0,
        "phrases": [],
        "projection": "webmercator_hash_v1",
        "projection_method": "webmercator_hash_v1",
        "value": 1082
      },
      "type": "Feature"
    },
    {
      "geometry": {
        "coordinates": [
          -126.764688,
          -40.476059
        ],
        "type": "Point"
      },
      "properties": {
        "cipher": "Ordinal",
        "has_phrases": false,
        "mode": "value_domain",
        "phrase_count": 0,
        "phrases": [],
        "projection": "webmercator_hash_v1",
        "projection_method": "webmercator_hash_v1",
        "value": 1083
      },
      "type": "Feature"
    },
    {
      "geometry": {
        "coordinates": [
          96.179657,
          76.276767
        ],
        "type": "Point"
      },
      "properties": {
        "cipher": "Ordinal",
        "has_phrases": false,
        "mode": "value_domain",
        "phrase_count": 0,
        "phrases": [],
        "projection": "webmercator_hash_v1",
        "projection_method": "webmercator_hash_v1",
        "value": 1084
      },
      "type": "Feature"
    },
    {
      "geometry": {
        "coordinates": [
          -139.600721,
          26.597199
        ],
        "type": "Point"
      },
      "properties": {
        "cipher": "Ordinal",
        "has_phrases": false,
        "mode": "value_domain",
        "phrase_count": 0,
        "phrases": [],
        "projection": "webmercator_hash_v1",
        "projection_method": "webmercator_hash_v1",
        "value": 1085
      },
      "type": "Feature"
    },
    {
      "geometry": {
        "coordinates": [
          -168.584174,
          -68.571708
        ],
        "type": "Point"
      },
      "properties": {
        "cipher": "Ordinal",
        "has_phrases": false,
        "mode": "value_domain",
        "phrase_count": 0,
        "phrases": [],
        "projection": "webmercator_hash_v1",
        "projection_method": "webmercator_hash_v1",
        "value": 1086
      },
      "type": "Feature"
    },
    {
      "geometry": {
        "coordinates": [
          -46.77597,
          -39.091571
        ],
        "type": "Point"
      },
      "properties": {
        "cipher": "Ordinal",
        "has_phrases": false,
        "mode": "value_domain",
        "phrase_count": 0,
        "phrases": [],
        "projection": "webmercator_hash_v1",
        "projection_method": "webmercator_hash_v1",
        "value": 1087
      },
      "type": "Feature"
    },
    {
      "geometry": {
        "coordinates": [
          -82.95248,
          -39.599804
        ],
        "type": "Point"
      },
      "properties": {
        "cipher": "Ordinal",
        "has_phrases": false,
        "mode": "value_domain",
        "phrase_count": 0,
        "phrases": [],
        "projection": "webmercator_hash_v1",
        "projection_method": "webmercator_hash_v1",
        "value": 1088
      },
      "type": "Feature"
    },
    {
      "geometry": {
        "coordinates": [
          35.484484,
          28.607685
        ],
        "type": "Point"
      },
      "properties": {
        "cipher": "Ordinal",
        "has_phrases": false,
        "mode": "value_domain",
        "phrase_count": 0,
        "phrases": [],
        "projection": "webmercator_hash_v1",
        "projection_method": "webmercator_hash_v1",
        "value": 1089
      },
      "type": "Feature"
    },
    {
      "geometry": {
        "coordinates": [
          16.477474,
          17.505406
        ],
        "type": "Point"
      },
      "properties": {
        "cipher": "Ordinal",
        "has_phrases": false,
        "mode": "value_domain",
        "phrase_count": 0,
        "phrases": [],
        "projection": "webmercator_hash_v1",
        "projection_method": "webmercator_hash_v1",
        "value": 1090
      },
      "type": "Feature"
    },
    {
      "geometry": {
        "coordinates": [
          23.127724,
          63.799604
        ],
        "type": "Point"
      },
      "properties": {
        "cipher": "Ordinal",
        "has_phrases": false,
        "mode": "value_domain",
        "phrase_count": 0,
        "phrases": [],
        "projection": "webmercator_hash_v1",
        "projection_method": "webmercator_hash_v1",
        "value": 1091
      },
      "type": "Feature"
    },
    {
      "geometry": {
        "coordinates": [
          -60.478482,
          -18.723608
        ],
        "type": "Point"
      },
      "properties": {
        "cipher": "Ordinal",
        "has_phrases": false,
        "mode": "value_domain",
        "phrase_count": 0,
        "phrases": [],
        "projection": "webmercator_hash_v1",
        "projection_method": "webmercator_hash_v1",
        "value": 1092
      },
      "type": "Feature"
    },
    {
      "geometry": {
        "coordinates": [
          -14.367287,
          43.282078
        ],
        "type": "Point"
      },
      "properties": {
        "cipher": "Ordinal",
        "has_phrases": false,
        "mode": "value_domain",
        "phrase_count": 0,
        "phrases": [],
        "projection": "webmercator_hash_v1",
        "projection_method": "webmercator_hash_v1",
        "value": 1093
      },
      "type": "Feature"
    },
    {
      "geometry": {
        "coordinates": [
          105.384475,
          -76.422444
        ],
        "type": "Point"
      },
      "properties": {
        "cipher": "Ordinal",
        "has_phrases": false,
        "mode": "value_domain",
        "phrase_count": 0,
        "phrases": [],
        "projection": "webmercator_hash_v1",
        "projection_method": "webmercator_hash_v1",
        "value": 1094
      },
      "type": "Feature"
    },
    {
      "geometry": {
        "coordinates": [
          22.518192,
          62.533097
        ],
        "type": "Point"
      },
      "properties": {
        "cipher": "Ordinal",
        "has_phrases": false,
        "mode": "value_domain",
        "phrase_count": 0,
        "phrases": [],
        "projection": "webmercator_hash_v1",
        "projection_method": "webmercator_hash_v1",
        "value": 1095
      },
      "type": "Feature"
    },
    {
      "geometry": {
        "coordinates": [
          -159.692808,
          17.659214
        ],
        "type": "Point"
      },
      "properties": {
        "cipher": "Ordinal",
        "has_phrases": false,
        "mode": "value_domain",
        "phrase_count": 0,
        "phrases": [],
        "projection": "webmercator_hash_v1",
        "projection_method": "webmercator_hash_v1",
        "value": 1096
      },
      "type": "Feature"
    },
    {
      "geometry": {
        "coordinates": [
          -126.794207,
          80.017284
        ],
        "type": "Point"
      },
      "properties": {
        "cipher": "Ordinal",
        "has_phrases": false,
        "mode": "value_domain",
        "phrase_count": 0,
        "phrases": [],
        "projection": "webmercator_hash_v1",
        "projection_method": "webmercator_hash_v1",
        "value": 1097
      },
      "type": "Feature"
    },
    {
      "geometry": {
        "coordinates": [
          119.772074,
          -77.659427
        ],
        "type": "Point"
      },
      "properties": {
        "cipher": "Ordinal",
        "has_phrases": false,
        "mode": "value_domain",
        "phrase_count": 0,
        "phrases": [],
        "projection": "webmercator_hash_v1",
        "projection_method": "webmercator_hash_v1",
        "value": 1098
      },
      "type": "Feature"
    },
    {
      "geometry": {
        "coordinates": [
          -122.084667,
          13.636744
        ],
        "type": "Point"
      },
      "properties": {
        "cipher": "Ordinal",
        "has_phrases": false,
        "mode": "value_domain",
        "phrase_count": 0,
        "phrases": [],
        "projection": "webmercator_hash_v1",
        "projection_method": "webmercator_hash_v1",
        "value": 1099
      },
      "type": "Feature"
    },
    {
      "geometry": {
        "coordinates": [
          91.629491,
          18.49795
        ],
        "type": "Point"
      },
      "properties": {
        "cipher": "Ordinal",
        "has_phrases": false,
        "mode": "value_domain",
        "phrase_count": 0,
        "phrases": [],
        "projection": "webmercator_hash_v1",
        "projection_method": "webmercator_hash_v1",
        "value": 1100
      },
      "type": "Feature"
    },
    {
      "geometry": {
        "coordinates": [
          -25.517466,
          56.892514
        ],
        "type": "Point"
      },
      "properties": {
        "cipher": "Ordinal",
        "has_phrases": false,
        "mode": "value_domain",
        "phrase_count": 0,
        "phrases": [],
        "projection": "webmercator_hash_v1",
        "projection_method": "webmercator_hash_v1",
        "value": 1101
      },
      "type": "Feature"
    },
    {
      "geometry": {
        "coordinates": [
          2.773941,
          -12.2504
        ],
        "type": "Point"
      },
      "properties": {
        "cipher": "Ordinal",
        "has_phrases": false,
        "mode": "value_domain",
        "phrase_count": 0,
        "phrases": [],
        "projection": "webmercator_hash_v1",
        "projection_method": "webmercator_hash_v1",
        "value": 1102
      },
      "type": "Feature"
    },
    {
      "geometry": {
        "coordinates": [
          124.141455,
          -74.407302
        ],
        "type": "Point"
      },
      "properties": {
        "cipher": "Ordinal",
        "has_phrases": false,
        "mode": "value_domain",
        "phrase_count": 0,
        "phrases": [],
        "projection": "webmercator_hash_v1",
        "projection_method": "webmercator_hash_v1",
        "value": 1103
      },
      "type": "Feature"
    },
    {
      "geometry": {
        "coordinates": [
          -61.1651,
          -26.208836
        ],
        "type": "Point"
      },
      "properties": {
        "cipher": "Ordinal",
        "has_phrases": false,
        "mode": "value_domain",
        "phrase_count": 0,
        "phrases": [],
        "projection": "webmercator_hash_v1",
        "projection_method": "webmercator_hash_v1",
        "value": 1104
      },
      "type": "Feature"
    },
    {
      "geometry": {
        "coordinates": [
          154.165755,
          -1.204753
        ],
        "type": "Point"
      },
      "properties": {
        "cipher": "Ordinal",
        "has_phrases": false,
        "mode": "value_domain",
        "phrase_count": 0,
        "phrases": [],
        "projection": "webmercator_hash_v1",
        "projection_method": "webmercator_hash_v1",
        "value": 1105
      },
      "type": "Feature"
    },
    {
      "geometry": {
        "coordinates": [
          -75.865823,
          75.611483
        ],
        "type": "Point"
      },
      "properties": {
        "cipher": "Ordinal",
        "has_phrases": false,
        "mode": "value_domain",
        "phrase_count": 0,
        "phrases": [],
        "projection": "webmercator_hash_v1",
        "projection_method": "webmercator_hash_v1",
        "value": 1106
      },
      "type": "Feature"
    },
    {
      "geometry": {
        "coordinates": [
          6.327284,
          -69.931329
        ],
        "type": "Point"
      },
      "properties": {
        "cipher": "Ordinal",
        "has_phrases": false,
        "mode": "value_domain",
        "phrase_count": 0,
        "phrases": [],
        "projection": "webmercator_hash_v1",
        "projection_method": "webmercator_hash_v1",
        "value": 1107
      },
      "type": "Feature"
    },
    {
      "geometry": {
        "coordinates": [
          170.807596,
          59.555097
        ],
        "type": "Point"
      },
      "properties": {
        "cipher": "Ordinal",
        "has_phrases": false,
        "mode": "value_domain",
        "phrase_count": 0,
        "phrases": [],
        "projection": "webmercator_hash_v1",
        "projection_method": "webmercator_hash_v1",
        "value": 1108
      },
      "type": "Feature"
    },
    {
      "geometry": {
        "coordinates": [
          100.375912,
          46.835797
        ],
        "type": "Point"
      },
      "properties": {
        "cipher": "Ordinal",
        "has_phrases": false,
        "mode": "value_domain",
        "phrase_count": 0,
        "phrases": [],
        "projection": "webmercator_hash_v1",
        "projection_method": "webmercator_hash_v1",
        "value": 1109
      },
      "type": "Feature"
    },
    {
      "geometry": {
        "coordinates": [
          29.832026,
          -46.595303
        ],
        "type": "Point"
      },
      "properties": {
        "cipher": "Ordinal",
        "has_phrases": false,
        "mode": "value_domain",
        "phrase_count": 0,
        "phrases": [],
        "projection": "webmercator_hash_v1",
        "projection_method": "webmercator_hash_v1",
        "value": 1110
      },
      "type": "Feature"
    },
    {
      "geometry": {
        "coordinates": [
          -126.554469,
          25.377596
        ],
        "type": "Point"
      },
      "properties": {
        "cipher": "Ordinal",
        "has_phrases": false,
        "mode": "value_domain",
        "phrase_count": 0,
        "phrases": [],
        "projection": "webmercator_hash_v1",
        "projection_method": "webmercator_hash_v1",
        "value": 1111
      },
      "type": "Feature"
    },
    {
      "geometry": {
        "coordinates": [
          -176.315509,
          -49.210475
        ],
        "type": "Point"
      },
      "properties": {
        "cipher": "Ordinal",
        "has_phrases": false,
        "mode": "value_domain",
        "phrase_count": 0,
        "phrases": [],
        "projection": "webmercator_hash_v1",
        "projection_method": "webmercator_hash_v1",
        "value": 1112
      },
      "type": "Feature"
    },
    {
      "geometry": {
        "coordinates": [
          152.890347,
          14.08163
        ],
        "type": "Point"
      },
      "properties": {
        "cipher": "Ordinal",
        "has_phrases": false,
        "mode": "value_domain",
        "phrase_count": 0,
        "phrases": [],
        "projection": "webmercator_hash_v1",
        "projection_method": "webmercator_hash_v1",
        "value": 1113
      },
      "type": "Feature"
    },
    {
      "geometry": {
        "coordinates": [
          55.904307,
          -47.723129
        ],
        "type": "Point"
      },
      "properties": {
        "cipher": "Ordinal",
        "has_phrases": false,
        "mode": "value_domain",
        "phrase_count": 0,
        "phrases": [],
        "projection": "webmercator_hash_v1",
        "projection_method": "webmercator_hash_v1",
        "value": 1114
      },
      "type": "Feature"
    },
    {
      "geometry": {
        "coordinates": [
          95.303015,
          -41.852505
        ],
        "type": "Point"
      },
      "properties": {
        "cipher": "Ordinal",
        "has_phrases": false,
        "mode": "value_domain",
        "phrase_count": 0,
        "phrases": [],
        "projection": "webmercator_hash_v1",
        "projection_method": "webmercator_hash_v1",
        "value": 1115
      },
      "type": "Feature"
    },
    {
      "geometry": {
        "coordinates": [
          26.263823,
          -59.097896
        ],
        "type": "Point"
      },
      "properties": {
        "cipher": "Ordinal",
        "has_phrases": false,
        "mode": "value_domain",
        "phrase_count": 0,
        "phrases": [],
        "projection": "webmercator_hash_v1",
        "projection_method": "webmercator_hash_v1",
        "value": 1116
      },
      "type": "Feature"
    },
    {
      "geometry": {
        "coordinates": [
          82.081204,
          -40.439054
        ],
        "type": "Point"
      },
      "properties": {
        "cipher": "Ordinal",
        "has_phrases": false,
        "mode": "value_domain",
        "phrase_count": 0,
        "phrases": [],
        "projection": "webmercator_hash_v1",
        "projection_method": "webmercator_hash_v1",
        "value": 1117
      },
      "type": "Feature"
    },
    {
      "geometry": {
        "coordinates": [
          0.983462,
          -7.868054
        ],
        "type": "Point"
      },
      "properties": {
        "cipher": "Ordinal",
        "has_phrases": false,
        "mode": "value_domain",
        "phrase_count": 0,
        "phrases": [],
        "projection": "webmercator_hash_v1",
        "projection_method": "webmercator_hash_v1",
        "value": 1118
      },
      "type": "Feature"
    },
    {
      "geometry": {
        "coordinates": [
          73.214828,
          26.459302
        ],
        "type": "Point"
      },
      "properties": {
        "cipher": "Ordinal",
        "has_phrases": false,
        "mode": "value_domain",
        "phrase_count": 0,
        "phrases": [],
        "projection": "webmercator_hash_v1",
        "projection_method": "webmercator_hash_v1",
        "value": 1119
      },
      "type": "Feature"
    },
    {
      "geometry": {
        "coordinates": [
          153.34993,
          78.41128
        ],
        "type": "Point"
      },
      "properties": {
        "cipher": "Ordinal",
        "has_phrases": false,
        "mode": "value_domain",
        "phrase_count": 0,
        "phrases": [],
        "projection": "webmercator_hash_v1",
        "projection_method": "webmercator_hash_v1",
        "value": 1120
      },
      "type": "Feature"
    },
    {
      "geometry": {
        "coordinates": [
          -66.719426,
          48.416787
        ],
        "type": "Point"
      },
      "properties": {
        "cipher": "Ordinal",
        "has_phrases": false,
        "mode": "value_domain",
        "phrase_count": 0,
        "phrases": [],
        "projection": "webmercator_hash_v1",
        "projection_method": "webmercator_hash_v1",
        "value": 1121
      },
      "type": "Feature"
    },
    {
      "geometry": {
        "coordinates": [
          41.15655,
          -77.559344
        ],
        "type": "Point"
      },
      "properties": {
        "cipher": "Ordinal",
        "has_phrases": false,
        "mode": "value_domain",
        "phrase_count": 0,
        "phrases": [],
        "projection": "webmercator_hash_v1",
        "projection_method": "webmercator_hash_v1",
        "value": 1122
      },
      "type": "Feature"
    },
    {
      "geometry": {
        "coordinates": [
          -131.169051,
          17.333534
        ],
        "type": "Point"
      },
      "properties": {
        "cipher": "Ordinal",
        "has_phrases": false,
        "mode": "value_domain",
        "phrase_count": 0,
        "phrases": [],
        "projection": "webmercator_hash_v1",
        "projection_method": "webmercator_hash_v1",
        "value": 1123
      },
      "type": "Feature"
    },
    {
      "geometry": {
        "coordinates": [
          54.058412,
          14.805105
        ],
        "type": "Point"
      },
      "properties": {
        "cipher": "Ordinal",
        "has_phrases": false,
        "mode": "value_domain",
        "phrase_count": 0,
        "phrases": [],
        "projection": "webmercator_hash_v1",
        "projection_method": "webmercator_hash_v1",
        "value": 1124
      },
      "type": "Feature"
    },
    {
      "geometry": {
        "coordinates": [
          -154.12609,
          21.374405
        ],
        "type": "Point"
      },
      "properties": {
        "cipher": "Ordinal",
        "has_phrases": false,
        "mode": "value_domain",
        "phrase_count": 0,
        "phrases": [],
        "projection": "webmercator_hash_v1",
        "projection_method": "webmercator_hash_v1",
        "value": 1125
      },
      "type": "Feature"
    },
    {
      "geometry": {
        "coordinates": [
          -66.692296,
          -55.680106
        ],
        "type": "Point"
      },
      "properties": {
        "cipher": "Ordinal",
        "has_phrases": false,
        "mode": "value_domain",
        "phrase_count": 0,
        "phrases": [],
        "projection": "webmercator_hash_v1",
        "projection_method": "webmercator_hash_v1",
        "value": 1126
      },
      "type": "Feature"
    },
    {
      "geometry": {
        "coordinates": [
          -23.523769,
          -37.498997
        ],
        "type": "Point"
      },
      "properties": {
        "cipher": "Ordinal",
        "has_phrases": false,
        "mode": "value_domain",
        "phrase_count": 0,
        "phrases": [],
        "projection": "webmercator_hash_v1",
        "projection_method": "webmercator_hash_v1",
        "value": 1127
      },
      "type": "Feature"
    },
    {
      "geometry": {
        "coordinates": [
          77.104095,
          34.577535
        ],
        "type": "Point"
      },
      "properties": {
        "cipher": "Ordinal",
        "has_phrases": false,
        "mode": "value_domain",
        "phrase_count": 0,
        "phrases": [],
        "projection": "webmercator_hash_v1",
        "projection_method": "webmercator_hash_v1",
        "value": 1128
      },
      "type": "Feature"
    },
    {
      "geometry": {
        "coordinates": [
          108.842757,
          16.249129
        ],
        "type": "Point"
      },
      "properties": {
        "cipher": "Ordinal",
        "has_phrases": false,
        "mode": "value_domain",
        "phrase_count": 0,
        "phrases": [],
        "projection": "webmercator_hash_v1",
        "projection_method": "webmercator_hash_v1",
        "value": 1129
      },
      "type": "Feature"
    },
    {
      "geometry": {
        "coordinates": [
          138.970652,
          -78.062424
        ],
        "type": "Point"
      },
      "properties": {
        "cipher": "Ordinal",
        "has_phrases": false,
        "mode": "value_domain",
        "phrase_count": 0,
        "phrases": [],
        "projection": "webmercator_hash_v1",
        "projection_method": "webmercator_hash_v1",
        "value": 1130
      },
      "type": "Feature"
    },
    {
      "geometry": {
        "coordinates": [
          -100.330567,
          -84.585955
        ],
        "type": "Point"
      },
      "properties": {
        "cipher": "Ordinal",
        "has_phrases": false,
        "mode": "value_domain",
        "phrase_count": 0,
        "phrases": [],
        "projection": "webmercator_hash_v1",
        "projection_method": "webmercator_hash_v1",
        "value": 1131
      },
      "type": "Feature"
    },
    {
      "geometry": {
        "coordinates": [
          68.944959,
          -7.15287
        ],
        "type": "Point"
      },
      "properties": {
        "cipher": "Ordinal",
        "has_phrases": false,
        "mode": "value_domain",
        "phrase_count": 0,
        "phrases": [],
        "projection": "webmercator_hash_v1",
        "projection_method": "webmercator_hash_v1",
        "value": 1132
      },
      "type": "Feature"
    },
    {
      "geometry": {
        "coordinates": [
          -83.063413,
          68.331566
        ],
        "type": "Point"
      },
      "properties": {
        "cipher": "Ordinal",
        "has_phrases": false,
        "mode": "value_domain",
        "phrase_count": 0,
        "phrases": [],
        "projection": "webmercator_hash_v1",
        "projection_method": "webmercator_hash_v1",
        "value": 1133
      },
      "type": "Feature"
    },
    {
      "geometry": {
        "coordinates": [
          -33.147609,
          66.437331
        ],
        "type": "Point"
      },
      "properties": {
        "cipher": "Ordinal",
        "has_phrases": false,
        "mode": "value_domain",
        "phrase_count": 0,
        "phrases": [],
        "projection": "webmercator_hash_v1",
        "projection_method": "webmercator_hash_v1",
        "value": 1134
      },
      "type": "Feature"
    },
    {
      "geometry": {
        "coordinates": [
          106.668275,
          -41.847114
        ],
        "type": "Point"
      },
      "properties": {
        "cipher": "Ordinal",
        "has_phrases": false,
        "mode": "value_domain",
        "phrase_count": 0,
        "phrases": [],
        "projection": "webmercator_hash_v1",
        "projection_method": "webmercator_hash_v1",
        "value": 1135
      },
      "type": "Feature"
    },
    {
      "geometry": {
        "coordinates": [
          85.905812,
          -41.855888
        ],
        "type": "Point"
      },
      "properties": {
        "cipher": "Ordinal",
        "has_phrases": false,
        "mode": "value_domain",
        "phrase_count": 0,
        "phrases": [],
        "projection": "webmercator_hash_v1",
        "projection_method": "webmercator_hash_v1",
        "value": 1136
      },
      "type": "Feature"
    },
    {
      "geometry": {
        "coordinates": [
          -72.66843,
          40.824445
        ],
        "type": "Point"
      },
      "properties": {
        "cipher": "Ordinal",
        "has_phrases": false,
        "mode": "value_domain",
        "phrase_count": 0,
        "phrases": [],
        "projection": "webmercator_hash_v1",
        "projection_method": "webmercator_hash_v1",
        "value": 1137
      },
      "type": "Feature"
    },
    {
      "geometry": {
        "coordinates": [
          -49.917629,
          -2.532573
        ],
        "type": "Point"
      },
      "properties": {
        "cipher": "Ordinal",
        "has_phrases": false,
        "mode": "value_domain",
        "phrase_count": 0,
        "phrases": [],
        "projection": "webmercator_hash_v1",
        "projection_method": "webmercator_hash_v1",
        "value": 1138
      },
      "type": "Feature"
    },
    {
      "geometry": {
        "coordinates": [
          -89.963567,
          -66.269486
        ],
        "type": "Point"
      },
      "properties": {
        "cipher": "Ordinal",
        "has_phrases": false,
        "mode": "value_domain",
        "phrase_count": 0,
        "phrases": [],
        "projection": "webmercator_hash_v1",
        "projection_method": "webmercator_hash_v1",
        "value": 1139
      },
      "type": "Feature"
    },
    {
      "geometry": {
        "coordinates": [
          -115.044046,
          -84.299111
        ],
        "type": "Point"
      },
      "properties": {
        "cipher": "Ordinal",
        "has_phrases": false,
        "mode": "value_domain",
        "phrase_count": 0,
        "phrases": [],
        "projection": "webmercator_hash_v1",
        "projection_method": "webmercator_hash_v1",
        "value": 1140
      },
      "type": "Feature"
    },
    {
      "geometry": {
        "coordinates": [
          -95.005031,
          12.727868
        ],
        "type": "Point"
      },
      "properties": {
        "cipher": "Ordinal",
        "has_phrases": false,
        "mode": "value_domain",
        "phrase_count": 0,
        "phrases": [],
        "projection": "webmercator_hash_v1",
        "projection_method": "webmercator_hash_v1",
        "value": 1141
      },
      "type": "Feature"
    },
    {
      "geometry": {
        "coordinates": [
          -179.300118,
          -75.444323
        ],
        "type": "Point"
      },
      "properties": {
        "cipher": "Ordinal",
        "has_phrases": false,
        "mode": "value_domain",
        "phrase_count": 0,
        "phrases": [],
        "projection": "webmercator_hash_v1",
        "projection_method": "webmercator_hash_v1",
        "value": 1142
      },
      "type": "Feature"
    },
    {
      "geometry": {
        "coordinates": [
          -54.727691,
          65.261068
        ],
        "type": "Point"
      },
      "properties": {
        "cipher": "Ordinal",
        "has_phrases": false,
        "mode": "value_domain",
        "phrase_count": 0,
        "phrases": [],
        "projection": "webmercator_hash_v1",
        "projection_method": "webmercator_hash_v1",
        "value": 1143
      },
      "type": "Feature"
    },
    {
      "geometry": {
        "coordinates": [
          144.193632,
          -57.834355
        ],
        "type": "Point"
      },
      "properties": {
        "cipher": "Ordinal",
        "has_phrases": false,
        "mode": "value_domain",
        "phrase_count": 0,
        "phrases": [],
        "projection": "webmercator_hash_v1",
        "projection_method": "webmercator_hash_v1",
        "value": 1144
      },
      "type": "Feature"
    },
    {
      "geometry": {
        "coordinates": [
          9.580452,
          -17.869661
        ],
        "type": "Point"
      },
      "properties": {
        "cipher": "Ordinal",
        "has_phrases": false,
        "mode": "value_domain",
        "phrase_count": 0,
        "phrases": [],
        "projection": "webmercator_hash_v1",
        "projection_method": "webmercator_hash_v1",
        "value": 1145
      },
      "type": "Feature"
    },
    {
      "geometry": {
        "coordinates": [
          102.269113,
          -68.110956
        ],
        "type": "Point"
      },
      "properties": {
        "cipher": "Ordinal",
        "has_phrases": false,
        "mode": "value_domain",
        "phrase_count": 0,
        "phrases": [],
        "projection": "webmercator_hash_v1",
        "projection_method": "webmercator_hash_v1",
        "value": 1146
      },
      "type": "Feature"
    },
    {
      "geometry": {
        "coordinates": [
          -6.755113,
          76.316085
        ],
        "type": "Point"
      },
      "properties": {
        "cipher": "Ordinal",
        "has_phrases": false,
        "mode": "value_domain",
        "phrase_count": 0,
        "phrases": [],
        "projection": "webmercator_hash_v1",
        "projection_method": "webmercator_hash_v1",
        "value": 1147
      },
      "type": "Feature"
    },
    {
      "geometry": {
        "coordinates": [
          -100.3862,
          45.818411
        ],
        "type": "Point"
      },
      "properties": {
        "cipher": "Ordinal",
        "has_phrases": false,
        "mode": "value_domain",
        "phrase_count": 0,
        "phrases": [],
        "projection": "webmercator_hash_v1",
        "projection_method": "webmercator_hash_v1",
        "value": 1148
      },
      "type": "Feature"
    },
    {
      "geometry": {
        "coordinates": [
          -120.587061,
          -79.303877
        ],
        "type": "Point"
      },
      "properties": {
        "cipher": "Ordinal",
        "has_phrases": false,
        "mode": "value_domain",
        "phrase_count": 0,
        "phrases": [],
        "projection": "webmercator_hash_v1",
        "projection_method": "webmercator_hash_v1",
        "value": 1149
      },
      "type": "Feature"
    },
    {
      "geometry": {
        "coordinates": [
          23.076464,
          41.726858
        ],
        "type": "Point"
      },
      "properties": {
        "cipher": "Ordinal",
        "has_phrases": false,
        "mode": "value_domain",
        "phrase_count": 0,
        "phrases": [],
        "projection": "webmercator_hash_v1",
        "projection_method": "webmercator_hash_v1",
        "value": 1150
      },
      "type": "Feature"
    },
    {
      "geometry": {
        "coordinates": [
          81.951899,
          84.154887
        ],
        "type": "Point"
      },
      "properties": {
        "cipher": "Ordinal",
        "has_phrases": false,
        "mode": "value_domain",
        "phrase_count": 0,
        "phrases": [],
        "projection": "webmercator_hash_v1",
        "projection_method": "webmercator_hash_v1",
        "value": 1151
      },
      "type": "Feature"
    },
    {
      "geometry": {
        "coordinates": [
          37.135402,
          -22.563401
        ],
        "type": "Point"
      },
      "properties": {
        "cipher": "Ordinal",
        "has_phrases": false,
        "mode": "value_domain",
        "phrase_count": 0,
        "phrases": [],
        "projection": "webmercator_hash_v1",
        "projection_method": "webmercator_hash_v1",
        "value": 1152
      },
      "type": "Feature"
    },
    {
      "geometry": {
        "coordinates": [
          -161.583482,
          -12.751817
        ],
        "type": "Point"
      },
      "properties": {
        "cipher": "Ordinal",
        "has_phrases": false,
        "mode": "value_domain",
        "phrase_count": 0,
        "phrases": [],
        "projection": "webmercator_hash_v1",
        "projection_method": "webmercator_hash_v1",
        "value": 1153
      },
      "type": "Feature"
    },
    {
      "geometry": {
        "coordinates": [
          109.143176,
          -78.634853
        ],
        "type": "Point"
      },
      "properties": {
        "cipher": "Ordinal",
        "has_phrases": false,
        "mode": "value_domain",
        "phrase_count": 0,
        "phrases": [],
        "projection": "webmercator_hash_v1",
        "projection_method": "webmercator_hash_v1",
        "value": 1154
      },
      "type": "Feature"
    },
    {
      "geometry": {
        "coordinates": [
          -7.88636,
          -33.323672
        ],
        "type": "Point"
      },
      "properties": {
        "cipher": "Ordinal",
        "has_phrases": false,
        "mode": "value_domain",
        "phrase_count": 0,
        "phrases": [],
        "projection": "webmercator_hash_v1",
        "projection_method": "webmercator_hash_v1",
        "value": 1155
      },
      "type": "Feature"
    },
    {
      "geometry": {
        "coordinates": [
          113.302868,
          -62.466167
        ],
        "type": "Point"
      },
      "properties": {
        "cipher": "Ordinal",
        "has_phrases": false,
        "mode": "value_domain",
        "phrase_count": 0,
        "phrases": [],
        "projection": "webmercator_hash_v1",
        "projection_method": "webmercator_hash_v1",
        "value": 1156
      },
      "type": "Feature"
    },
    {
      "geometry": {
        "coordinates": [
          -140.870505,
          54.94289
        ],
        "type": "Point"
      },
      "properties": {
        "cipher": "Ordinal",
        "has_phrases": false,
        "mode": "value_domain",
        "phrase_count": 0,
        "phrases": [],
        "projection": "webmercator_hash_v1",
        "projection_method": "webmercator_hash_v1",
        "value": 1157
      },
      "type": "Feature"
    },
    {
      "geometry": {
        "coordinates": [
          -86.635926,
          82.399216
        ],
        "type": "Point"
      },
      "properties": {
        "cipher": "Ordinal",
        "has_phrases": false,
        "mode": "value_domain",
        "phrase_count": 0,
        "phrases": [],
        "projection": "webmercator_hash_v1",
        "projection_method": "webmercator_hash_v1",
        "value": 1158
      },
      "type": "Feature"
    },
    {
      "geometry": {
        "coordinates": [
          -112.047848,
          -64.47121
        ],
        "type": "Point"
      },
      "properties": {
        "cipher": "Ordinal",
        "has_phrases": false,
        "mode": "value_domain",
        "phrase_count": 0,
        "phrases": [],
        "projection": "webmercator_hash_v1",
        "projection_method": "webmercator_hash_v1",
        "value": 1159
      },
      "type": "Feature"
    },
    {
      "geometry": {
        "coordinates": [
          -43.811416,
          -60.241607
        ],
        "type": "Point"
      },
      "properties": {
        "cipher": "Ordinal",
        "has_phrases": false,
        "mode": "value_domain",
        "phrase_count": 0,
        "phrases": [],
        "projection": "webmercator_hash_v1",
        "projection_method": "webmercator_hash_v1",
        "value": 1160
      },
      "type": "Feature"
    },
    {
      "geometry": {
        "coordinates": [
          16.659717,
          -6.282671
        ],
        "type": "Point"
      },
      "properties": {
        "cipher": "Ordinal",
        "has_phrases": false,
        "mode": "value_domain",
        "phrase_count": 0,
        "phrases": [],
        "projection": "webmercator_hash_v1",
        "projection_method": "webmercator_hash_v1",
        "value": 1161
      },
      "type": "Feature"
    },
    {
      "geometry": {
        "coordinates": [
          -109.163776,
          -11.620631
        ],
        "type": "Point"
      },
      "properties": {
        "cipher": "Ordinal",
        "has_phrases": false,
        "mode": "value_domain",
        "phrase_count": 0,
        "phrases": [],
        "projection": "webmercator_hash_v1",
        "projection_method": "webmercator_hash_v1",
        "value": 1162
      },
      "type": "Feature"
    },
    {
      "geometry": {
        "coordinates": [
          -73.932516,
          -32.936642
        ],
        "type": "Point"
      },
      "properties": {
        "cipher": "Ordinal",
        "has_phrases": false,
        "mode": "value_domain",
        "phrase_count": 0,
        "phrases": [],
        "projection": "webmercator_hash_v1",
        "projection_method": "webmercator_hash_v1",
        "value": 1163
      },
      "type": "Feature"
    },
    {
      "geometry": {
        "coordinates": [
          124.929001,
          -75.054305
        ],
        "type": "Point"
      },
      "properties": {
        "cipher": "Ordinal",
        "has_phrases": false,
        "mode": "value_domain",
        "phrase_count": 0,
        "phrases": [],
        "projection": "webmercator_hash_v1",
        "projection_method": "webmercator_hash_v1",
        "value": 1164
      },
      "type": "Feature"
    },
    {
      "geometry": {
        "coordinates": [
          36.150076,
          -20.112472
        ],
        "type": "Point"
      },
      "properties": {
        "cipher": "Ordinal",
        "has_phrases": false,
        "mode": "value_domain",
        "phrase_count": 0,
        "phrases": [],
        "projection": "webmercator_hash_v1",
        "projection_method": "webmercator_hash_v1",
        "value": 1165
      },
      "type": "Feature"
    },
    {
      "geometry": {
        "coordinates": [
          -167.583645,
          56.364657
        ],
        "type": "Point"
      },
      "properties": {
        "cipher": "Ordinal",
        "has_phrases": false,
        "mode": "value_domain",
        "phrase_count": 0,
        "phrases": [],
        "projection": "webmercator_hash_v1",
        "projection_method": "webmercator_hash_v1",
        "value": 1166
      },
      "type": "Feature"
    },
    {
      "geometry": {
        "coordinates": [
          51.632646,
          -8.391775
        ],
        "type": "Point"
      },
      "properties": {
        "cipher": "Ordinal",
        "has_phrases": false,
        "mode": "value_domain",
        "phrase_count": 0,
        "phrases": [],
        "projection": "webmercator_hash_v1",
        "projection_method": "webmercator_hash_v1",
        "value": 1167
      },
      "type": "Feature"
    },
    {
      "geometry": {
        "coordinates": [
          46.94748,
          0.973605
        ],
        "type": "Point"
      },
      "properties": {
        "cipher": "Ordinal",
        "has_phrases": false,
        "mode": "value_domain",
        "phrase_count": 0,
        "phrases": [],
        "projection": "webmercator_hash_v1",
        "projection_method": "webmercator_hash_v1",
        "value": 1168
      },
      "type": "Feature"
    },
    {
      "geometry": {
        "coordinates": [
          175.385906,
          77.202241
        ],
        "type": "Point"
      },
      "properties": {
        "cipher": "Ordinal",
        "has_phrases": false,
        "mode": "value_domain",
        "phrase_count": 0,
        "phrases": [],
        "projection": "webmercator_hash_v1",
        "projection_method": "webmercator_hash_v1",
        "value": 1169
      },
      "type": "Feature"
    },
    {
      "geometry": {
        "coordinates": [
          1.163401,
          75.321623
        ],
        "type": "Point"
      },
      "properties": {
        "cipher": "Ordinal",
        "has_phrases": false,
        "mode": "value_domain",
        "phrase_count": 0,
        "phrases": [],
        "projection": "webmercator_hash_v1",
        "projection_method": "webmercator_hash_v1",
        "value": 1170
      },
      "type": "Feature"
    },
    {
      "geometry": {
        "coordinates": [
          -58.17795,
          78.641592
        ],
        "type": "Point"
      },
      "properties": {
        "cipher": "Ordinal",
        "has_phrases": false,
        "mode": "value_domain",
        "phrase_count": 0,
        "phrases": [],
        "projection": "webmercator_hash_v1",
        "projection_method": "webmercator_hash_v1",
        "value": 1171
      },
      "type": "Feature"
    },
    {
      "geometry": {
        "coordinates": [
          44.189062,
          53.490187
        ],
        "type": "Point"
      },
      "properties": {
        "cipher": "Ordinal",
        "has_phrases": false,
        "mode": "value_domain",
        "phrase_count": 0,
        "phrases": [],
        "projection": "webmercator_hash_v1",
        "projection_method": "webmercator_hash_v1",
        "value": 1172
      },
      "type": "Feature"
    },
    {
      "geometry": {
        "coordinates": [
          -79.649267,
          83.091528
        ],
        "type": "Point"
      },
      "properties": {
        "cipher": "Ordinal",
        "has_phrases": false,
        "mode": "value_domain",
        "phrase_count": 0,
        "phrases": [],
        "projection": "webmercator_hash_v1",
        "projection_method": "webmercator_hash_v1",
        "value": 1173
      },
      "type": "Feature"
    },
    {
      "geometry": {
        "coordinates": [
          137.893132,
          19.731245
        ],
        "type": "Point"
      },
      "properties": {
        "cipher": "Ordinal",
        "has_phrases": false,
        "mode": "value_domain",
        "phrase_count": 0,
        "phrases": [],
        "projection": "webmercator_hash_v1",
        "projection_method": "webmercator_hash_v1",
        "value": 1174
      },
      "type": "Feature"
    },
    {
      "geometry": {
        "coordinates": [
          178.967377,
          45.658816
        ],
        "type": "Point"
      },
      "properties": {
        "cipher": "Ordinal",
        "has_phrases": false,
        "mode": "value_domain",
        "phrase_count": 0,
        "phrases": [],
        "projection": "webmercator_hash_v1",
        "projection_method": "webmercator_hash_v1",
        "value": 1175
      },
      "type": "Feature"
    },
    {
      "geometry": {
        "coordinates": [
          -50.561964,
          23.485792
        ],
        "type": "Point"
      },
      "properties": {
        "cipher": "Ordinal",
        "has_phrases": false,
        "mode": "value_domain",
        "phrase_count": 0,
        "phrases": [],
        "projection": "webmercator_hash_v1",
        "projection_method": "webmercator_hash_v1",
        "value": 1176
      },
      "type": "Feature"
    },
    {
      "geometry": {
        "coordinates": [
          18.709606,
          -39.999765
        ],
        "type": "Point"
      },
      "properties": {
        "cipher": "Ordinal",
        "has_phrases": false,
        "mode": "value_domain",
        "phrase_count": 0,
        "phrases": [],
        "projection": "webmercator_hash_v1",
        "projection_method": "webmercator_hash_v1",
        "value": 1177
      },
      "type": "Feature"
    },
    {
      "geometry": {
        "coordinates": [
          40.413471,
          25.242539
        ],
        "type": "Point"
      },
      "properties": {
        "cipher": "Ordinal",
        "has_phrases": false,
        "mode": "value_domain",
        "phrase_count": 0,
        "phrases": [],
        "projection": "webmercator_hash_v1",
        "projection_method": "webmercator_hash_v1",
        "value": 1178
      },
      "type": "Feature"
    },
    {
      "geometry": {
        "coordinates": [
          -23.827758,
          -4.704045
        ],
        "type": "Point"
      },
      "properties": {
        "cipher": "Ordinal",
        "has_phrases": false,
        "mode": "value_domain",
        "phrase_count": 0,
        "phrases": [],
        "projection": "webmercator_hash_v1",
        "projection_method": "webmercator_hash_v1",
        "value": 1179
      },
      "type": "Feature"
    },
    {
      "geometry": {
        "coordinates": [
          -179.268899,
          8.64857
        ],
        "type": "Point"
      },
      "properties": {
        "cipher": "Ordinal",
        "has_phrases": false,
        "mode": "value_domain",
        "phrase_count": 0,
        "phrases": [],
        "projection": "webmercator_hash_v1",
        "projection_method": "webmercator_hash_v1",
        "value": 1180
      },
      "type": "Feature"
    },
    {
      "geometry": {
        "coordinates": [
          82.489704,
          -55.185602
        ],
        "type": "Point"
      },
      "properties": {
        "cipher": "Ordinal",
        "has_phrases": false,
        "mode": "value_domain",
        "phrase_count": 0,
        "phrases": [],
        "projection": "webmercator_hash_v1",
        "projection_method": "webmercator_hash_v1",
        "value": 1181
      },
      "type": "Feature"
    },
    {
      "geometry": {
        "coordinates": [
          111.885911,
          8.986426
        ],
        "type": "Point"
      },
      "properties": {
        "cipher": "Ordinal",
        "has_phrases": false,
        "mode": "value_domain",
        "phrase_count": 0,
        "phrases": [],
        "projection": "webmercator_hash_v1",
        "projection_method": "webmercator_hash_v1",
        "value": 1182
      },
      "type": "Feature"
    },
    {
      "geometry": {
        "coordinates": [
          -98.009664,
          -34.935343
        ],
        "type": "Point"
      },
      "properties": {
        "cipher": "Ordinal",
        "has_phrases": false,
        "mode": "value_domain",
        "phrase_count": 0,
        "phrases": [],
        "projection": "webmercator_hash_v1",
        "projection_method": "webmercator_hash_v1",
        "value": 1183
      },
      "type": "Feature"
    },
    {
      "geometry": {
        "coordinates": [
          -103.976133,
          -12.956505
        ],
        "type": "Point"
      },
      "properties": {
        "cipher": "Ordinal",
        "has_phrases": false,
        "mode": "value_domain",
        "phrase_count": 0,
        "phrases": [],
        "projection": "webmercator_hash_v1",
        "projection_method": "webmercator_hash_v1",
        "value": 1184
      },
      "type": "Feature"
    },
    {
      "geometry": {
        "coordinates": [
          81.324413,
          47.595256
        ],
        "type": "Point"
      },
      "properties": {
        "cipher": "Ordinal",
        "has_phrases": false,
        "mode": "value_domain",
        "phrase_count": 0,
        "phrases": [],
        "projection": "webmercator_hash_v1",
        "projection_method": "webmercator_hash_v1",
        "value": 1185
      },
      "type": "Feature"
    },
    {
      "geometry": {
        "coordinates": [
          56.394977,
          49.26874
        ],
        "type": "Point"
      },
      "properties": {
        "cipher": "Ordinal",
        "has_phrases": false,
        "mode": "value_domain",
        "phrase_count": 0,
        "phrases": [],
        "projection": "webmercator_hash_v1",
        "projection_method": "webmercator_hash_v1",
        "value": 1186
      },
      "type": "Feature"
    },
    {
      "geometry": {
        "coordinates": [
          52.922422,
          -59.604775
        ],
        "type": "Point"
      },
      "properties": {
        "cipher": "Ordinal",
        "has_phrases": false,
        "mode": "value_domain",
        "phrase_count": 0,
        "phrases": [],
        "projection": "webmercator_hash_v1",
        "projection_method": "webmercator_hash_v1",
        "value": 1187
      },
      "type": "Feature"
    },
    {
      "geometry": {
        "coordinates": [
          -18.557267,
          -27.431593
        ],
        "type": "Point"
      },
      "properties": {
        "cipher": "Ordinal",
        "has_phrases": false,
        "mode": "value_domain",
        "phrase_count": 0,
        "phrases": [],
        "projection": "webmercator_hash_v1",
        "projection_method": "webmercator_hash_v1",
        "value": 1188
      },
      "type": "Feature"
    },
    {
      "geometry": {
        "coordinates": [
          -97.289362,
          -18.737202
        ],
        "type": "Point"
      },
      "properties": {
        "cipher": "Ordinal",
        "has_phrases": false,
        "mode": "value_domain",
        "phrase_count": 0,
        "phrases": [],
        "projection": "webmercator_hash_v1",
        "projection_method": "webmercator_hash_v1",
        "value": 1189
      },
      "type": "Feature"
    },
    {
      "geometry": {
        "coordinates": [
          66.024507,
          -23.033617
        ],
        "type": "Point"
      },
      "properties": {
        "cipher": "Ordinal",
        "has_phrases": false,
        "mode": "value_domain",
        "phrase_count": 0,
        "phrases": [],
        "projection": "webmercator_hash_v1",
        "projection_method": "webmercator_hash_v1",
        "value": 1190
      },
      "type": "Feature"
    },
    {
      "geometry": {
        "coordinates": [
          17.697664,
          80.800876
        ],
        "type": "Point"
      },
      "properties": {
        "cipher": "Ordinal",
        "has_phrases": false,
        "mode": "value_domain",
        "phrase_count": 0,
        "phrases": [],
        "projection": "webmercator_hash_v1",
        "projection_method": "webmercator_hash_v1",
        "value": 1191
      },
      "type": "Feature"
    },
    {
      "geometry": {
        "coordinates": [
          -137.778128,
          1.842142
        ],
        "type": "Point"
      },
      "properties": {
        "cipher": "Ordinal",
        "has_phrases": false,
        "mode": "value_domain",
        "phrase_count": 0,
        "phrases": [],
        "projection": "webmercator_hash_v1",
        "projection_method": "webmercator_hash_v1",
        "value": 1192
      },
      "type": "Feature"
    },
    {
      "geometry": {
        "coordinates": [
          61.695206,
          -31.026922
        ],
        "type": "Point"
      },
      "properties": {
        "cipher": "Ordinal",
        "has_phrases": false,
        "mode": "value_domain",
        "phrase_count": 0,
        "phrases": [],
        "projection": "webmercator_hash_v1",
        "projection_method": "webmercator_hash_v1",
        "value": 1193
      },
      "type": "Feature"
    },
    {
      "geometry": {
        "coordinates": [
          -130.598223,
          -85.001301
        ],
        "type": "Point"
      },
      "properties": {
        "cipher": "Ordinal",
        "has_phrases": false,
        "mode": "value_domain",
        "phrase_count": 0,
        "phrases": [],
        "projection": "webmercator_hash_v1",
        "projection_method": "webmercator_hash_v1",
        "value": 1194
      },
      "type": "Feature"
    },
    {
      "geometry": {
        "coordinates": [
          -98.998436,
          -68.851481
        ],
        "type": "Point"
      },
      "properties": {
        "cipher": "Ordinal",
        "has_phrases": false,
        "mode": "value_domain",
        "phrase_count": 0,
        "phrases": [],
        "projection": "webmercator_hash_v1",
        "projection_method": "webmercator_hash_v1",
        "value": 1195
      },
      "type": "Feature"
    },
    {
      "geometry": {
        "coordinates": [
          -62.921629,
          -64.504988
        ],
        "type": "Point"
      },
      "properties": {
        "cipher": "Ordinal",
        "has_phrases": false,
        "mode": "value_domain",
        "phrase_count": 0,
        "phrases": [],
        "projection": "webmercator_hash_v1",
        "projection_method": "webmercator_hash_v1",
        "value": 1196
      },
      "type": "Feature"
    },
    {
      "geometry": {
        "coordinates": [
          -117.845953,
          51.096744
        ],
        "type": "Point"
      },
      "properties": {
        "cipher": "Ordinal",
        "has_phrases": false,
        "mode": "value_domain",
        "phrase_count": 0,
        "phrases": [],
        "projection": "webmercator_hash_v1",
        "projection_method": "webmercator_hash_v1",
        "value": 1197
      },
      "type": "Feature"
    },
    {
      "geometry": {
        "coordinates": [
          104.850267,
          71.429147
        ],
        "type": "Point"
      },
      "properties": {
        "cipher": "Ordinal",
        "has_phrases": false,
        "mode": "value_domain",
        "phrase_count": 0,
        "phrases": [],
        "projection": "webmercator_hash_v1",
        "projection_method": "webmercator_hash_v1",
        "value": 1198
      },
      "type": "Feature"
    },
    {
      "geometry": {
        "coordinates": [
          -126.158012,
          -12.177162
        ],
        "type": "Point"
      },
      "properties": {
        "cipher": "Ordinal",
        "has_phrases": false,
        "mode": "value_domain",
        "phrase_count": 0,
        "phrases": [],
        "projection": "webmercator_hash_v1",
        "projection_method": "webmercator_hash_v1",
        "value": 1199
      },
      "type": "Feature"
    },
    {
      "geometry": {
        "coordinates": [
          110.365573,
          38.101354
        ],
        "type": "Point"
      },
      "properties": {
        "cipher": "Ordinal",
        "has_phrases": false,
        "mode": "value_domain",
        "phrase_count": 0,
        "phrases": [],
        "projection": "webmercator_hash_v1",
        "projection_method": "webmercator_hash_v1",
        "value": 1200
      },
      "type": "Feature"
    },
    {
      "geometry": {
        "coordinates": [
          123.367966,
          -15.652425
        ],
        "type": "Point"
      },
      "properties": {
        "cipher": "Ordinal",
        "has_phrases": false,
        "mode": "value_domain",
        "phrase_count": 0,
        "phrases": [],
        "projection": "webmercator_hash_v1",
        "projection_method": "webmercator_hash_v1",
        "value": 1201
      },
      "type": "Feature"
    },
    {
      "geometry": {
        "coordinates": [
          -108.335554,
          30.685368
        ],
        "type": "Point"
      },
      "properties": {
        "cipher": "Ordinal",
        "has_phrases": false,
        "mode": "value_domain",
        "phrase_count": 0,
        "phrases": [],
        "projection": "webmercator_hash_v1",
        "projection_method": "webmercator_hash_v1",
        "value": 1202
      },
      "type": "Feature"
    },
    {
      "geometry": {
        "coordinates": [
          115.416851,
          -50.689441
        ],
        "type": "Point"
      },
      "properties": {
        "cipher": "Ordinal",
        "has_phrases": false,
        "mode": "value_domain",
        "phrase_count": 0,
        "phrases": [],
        "projection": "webmercator_hash_v1",
        "projection_method": "webmercator_hash_v1",
        "value": 1203
      },
      "type": "Feature"
    },
    {
      "geometry": {
        "coordinates": [
          65.257337,
          75.6156
        ],
        "type": "Point"
      },
      "properties": {
        "cipher": "Ordinal",
        "has_phrases": false,
        "mode": "value_domain",
        "phrase_count": 0,
        "phrases": [],
        "projection": "webmercator_hash_v1",
        "projection_method": "webmercator_hash_v1",
        "value": 1204
      },
      "type": "Feature"
    },
    {
      "geometry": {
        "coordinates": [
          -119.371447,
          25.572577
        ],
        "type": "Point"
      },
      "properties": {
        "cipher": "Ordinal",
        "has_phrases": false,
        "mode": "value_domain",
        "phrase_count": 0,
        "phrases": [],
        "projection": "webmercator_hash_v1",
        "projection_method": "webmercator_hash_v1",
        "value": 1205
      },
      "type": "Feature"
    },
    {
      "geometry": {
        "coordinates": [
          150.885649,
          43.128343
        ],
        "type": "Point"
      },
      "properties": {
        "cipher": "Ordinal",
        "has_phrases": false,
        "mode": "value_domain",
        "phrase_count": 0,
        "phrases": [],
        "projection": "webmercator_hash_v1",
        "projection_method": "webmercator_hash_v1",
        "value": 1206
      },
      "type": "Feature"
    },
    {
      "geometry": {
        "coordinates": [
          -149.787308,
          -76.415205
        ],
        "type": "Point"
      },
      "properties": {
        "cipher": "Ordinal",
        "has_phrases": false,
        "mode": "value_domain",
        "phrase_count": 0,
        "phrases": [],
        "projection": "webmercator_hash_v1",
        "projection_method": "webmercator_hash_v1",
        "value": 1207
      },
      "type": "Feature"
    },
    {
      "geometry": {
        "coordinates": [
          126.688609,
          1.870944
        ],
        "type": "Point"
      },
      "properties": {
        "cipher": "Ordinal",
        "has_phrases": false,
        "mode": "value_domain",
        "phrase_count": 0,
        "phrases": [],
        "projection": "webmercator_hash_v1",
        "projection_method": "webmercator_hash_v1",
        "value": 1208
      },
      "type": "Feature"
    },
    {
      "geometry": {
        "coordinates": [
          122.641807,
          -76.27016
        ],
        "type": "Point"
      },
      "properties": {
        "cipher": "Ordinal",
        "has_phrases": false,
        "mode": "value_domain",
        "phrase_count": 0,
        "phrases": [],
        "projection": "webmercator_hash_v1",
        "projection_method": "webmercator_hash_v1",
        "value": 1209
      },
      "type": "Feature"
    },
    {
      "geometry": {
        "coordinates": [
          160.372794,
          60.705828
        ],
        "type": "Point"
      },
      "properties": {
        "cipher": "Ordinal",
        "has_phrases": false,
        "mode": "value_domain",
        "phrase_count": 0,
        "phrases": [],
        "projection": "webmercator_hash_v1",
        "projection_method": "webmercator_hash_v1",
        "value": 1210
      },
      "type": "Feature"
    },
    {
      "geometry": {
        "coordinates": [
          -156.938648,
          58.668295
        ],
        "type": "Point"
      },
      "properties": {
        "cipher": "Ordinal",
        "has_phrases": false,
        "mode": "value_domain",
        "phrase_count": 0,
        "phrases": [],
        "projection": "webmercator_hash_v1",
        "projection_method": "webmercator_hash_v1",
        "value": 1211
      },
      "type": "Feature"
    },
    {
      "geometry": {
        "coordinates": [
          55.23926,
          41.734329
        ],
        "type": "Point"
      },
      "properties": {
        "cipher": "Ordinal",
        "has_phrases": false,
        "mode": "value_domain",
        "phrase_count": 0,
        "phrases": [],
        "projection": "webmercator_hash_v1",
        "projection_method": "webmercator_hash_v1",
        "value": 1212
      },
      "type": "Feature"
    },
    {
      "geometry": {
        "coordinates": [
          -10.762067,
          46.75392
        ],
        "type": "Point"
      },
      "properties": {
        "cipher": "Ordinal",
        "has_phrases": false,
        "mode": "value_domain",
        "phrase_count": 0,
        "phrases": [],
        "projection": "webmercator_hash_v1",
        "projection_method": "webmercator_hash_v1",
        "value": 1213
      },
      "type": "Feature"
    },
    {
      "geometry": {
        "coordinates": [
          80.402444,
          46.453929
        ],
        "type": "Point"
      },
      "properties": {
        "cipher": "Ordinal",
        "has_phrases": false,
        "mode": "value_domain",
        "phrase_count": 0,
        "phrases": [],
        "projection": "webmercator_hash_v1",
        "projection_method": "webmercator_hash_v1",
        "value": 1214
      },
      "type": "Feature"
    },
    {
      "geometry": {
        "coordinates": [
          50.958871,
          31.401463
        ],
        "type": "Point"
      },
      "properties": {
        "cipher": "Ordinal",
        "has_phrases": false,
        "mode": "value_domain",
        "phrase_count": 0,
        "phrases": [],
        "projection": "webmercator_hash_v1",
        "projection_method": "webmercator_hash_v1",
        "value": 1215
      },
      "type": "Feature"
    },
    {
      "geometry": {
        "coordinates": [
          32.151746,
          67.720833
        ],
        "type": "Point"
      },
      "properties": {
        "cipher": "Ordinal",
        "has_phrases": false,
        "mode": "value_domain",
        "phrase_count": 0,
        "phrases": [],
        "projection": "webmercator_hash_v1",
        "projection_method": "webmercator_hash_v1",
        "value": 1216
      },
      "type": "Feature"
    },
    {
      "geometry": {
        "coordinates": [
          143.601312,
          -69.939734
        ],
        "type": "Point"
      },
      "properties": {
        "cipher": "Ordinal",
        "has_phrases": false,
        "mode": "value_domain",
        "phrase_count": 0,
        "phrases": [],
        "projection": "webmercator_hash_v1",
        "projection_method": "webmercator_hash_v1",
        "value": 1217
      },
      "type": "Feature"
    },
    {
      "geometry": {
        "coordinates": [
          118.700769,
          9.973268
        ],
        "type": "Point"
      },
      "properties": {
        "cipher": "Ordinal",
        "has_phrases": false,
        "mode": "value_domain",
        "phrase_count": 0,
        "phrases": [],
        "projection": "webmercator_hash_v1",
        "projection_method": "webmercator_hash_v1",
        "value": 1218
      },
      "type": "Feature"
    },
    {
      "geometry": {
        "coordinates": [
          -54.557528,
          -59.614552
        ],
        "type": "Point"
      },
      "properties": {
        "cipher": "Ordinal",
        "has_phrases": false,
        "mode": "value_domain",
        "phrase_count": 0,
        "phrases": [],
        "projection": "webmercator_hash_v1",
        "projection_method": "webmercator_hash_v1",
        "value": 1219
      },
      "type": "Feature"
    },
    {
      "geometry": {
        "coordinates": [
          75.266459,
          -54.403682
        ],
        "type": "Point"
      },
      "properties": {
        "cipher": "Ordinal",
        "has_phrases": false,
        "mode": "value_domain",
        "phrase_count": 0,
        "phrases": [],
        "projection": "webmercator_hash_v1",
        "projection_method": "webmercator_hash_v1",
        "value": 1220
      },
      "type": "Feature"
    },
    {
      "geometry": {
        "coordinates": [
          71.013351,
          -21.866855
        ],
        "type": "Point"
      },
      "properties": {
        "cipher": "Ordinal",
        "has_phrases": false,
        "mode": "value_domain",
        "phrase_count": 0,
        "phrases": [],
        "projection": "webmercator_hash_v1",
        "projection_method": "webmercator_hash_v1",
        "value": 1221
      },
      "type": "Feature"
    },
    {
      "geometry": {
        "coordinates": [
          73.729232,
          -10.698354
        ],
        "type": "Point"
      },
      "properties": {
        "cipher": "Ordinal",
        "has_phrases": false,
        "mode": "value_domain",
        "phrase_count": 0,
        "phrases": [],
        "projection": "webmercator_hash_v1",
        "projection_method": "webmercator_hash_v1",
        "value": 1222
      },
      "type": "Feature"
    },
    {
      "geometry": {
        "coordinates": [
          -153.993133,
          61.254848
        ],
        "type": "Point"
      },
      "properties": {
        "cipher": "Ordinal",
        "has_phrases": false,
        "mode": "value_domain",
        "phrase_count": 0,
        "phrases": [],
        "projection": "webmercator_hash_v1",
        "projection_method": "webmercator_hash_v1",
        "value": 1223
      },
      "type": "Feature"
    },
    {
      "geometry": {
        "coordinates": [
          -179.916013,
          -68.399876
        ],
        "type": "Point"
      },
      "properties": {
        "cipher": "Ordinal",
        "has_phrases": false,
        "mode": "value_domain",
        "phrase_count": 0,
        "phrases": [],
        "projection": "webmercator_hash_v1",
        "projection_method": "webmercator_hash_v1",
        "value": 1224
      },
      "type": "Feature"
    },
    {
      "geometry": {
        "coordinates": [
          28.920844,
          65.480444
        ],
        "type": "Point"
      },
      "properties": {
        "cipher": "Ordinal",
        "has_phrases": false,
        "mode": "value_domain",
        "phrase_count": 0,
        "phrases": [],
        "projection": "webmercator_hash_v1",
        "projection_method": "webmercator_hash_v1",
        "value": 1225
      },
      "type": "Feature"
    },
    {
      "geometry": {
        "coordinates": [
          -63.498692,
          41.452869
        ],
        "type": "Point"
      },
      "properties": {
        "cipher": "Ordinal",
        "has_phrases": false,
        "mode": "value_domain",
        "phrase_count": 0,
        "phrases": [],
        "projection": "webmercator_hash_v1",
        "projection_method": "webmercator_hash_v1",
        "value": 1226
      },
      "type": "Feature"
    },
    {
      "geometry": {
        "coordinates": [
          79.89808,
          24.527999
        ],
        "type": "Point"
      },
      "properties": {
        "cipher": "Ordinal",
        "has_phrases": false,
        "mode": "value_domain",
        "phrase_count": 0,
        "phrases": [],
        "projection": "webmercator_hash_v1",
        "projection_method": "webmercator_hash_v1",
        "value": 1227
      },
      "type": "Feature"
    },
    {
      "geometry": {
        "coordinates": [
          -136.606488,
          -24.392769
        ],
        "type": "Point"
      },
      "properties": {
        "cipher": "Ordinal",
        "has_phrases": false,
        "mode": "value_domain",
        "phrase_count": 0,
        "phrases": [],
        "projection": "webmercator_hash_v1",
        "projection_method": "webmercator_hash_v1",
        "value": 1228
      },
      "type": "Feature"
    },
    {
      "geometry": {
        "coordinates": [
          58.890635,
          -8.992184
        ],
        "type": "Point"
      },
      "properties": {
        "cipher": "Ordinal",
        "has_phrases": false,
        "mode": "value_domain",
        "phrase_count": 0,
        "phrases": [],
        "projection": "webmercator_hash_v1",
        "projection_method": "webmercator_hash_v1",
        "value": 1229
      },
      "type": "Feature"
    },
    {
      "geometry": {
        "coordinates": [
          -145.749492,
          32.232403
        ],
        "type": "Point"
      },
      "properties": {
        "cipher": "Ordinal",
        "has_phrases": false,
        "mode": "value_domain",
        "phrase_count": 0,
        "phrases": [],
        "projection": "webmercator_hash_v1",
        "projection_method": "webmercator_hash_v1",
        "value": 1230
      },
      "type": "Feature"
    },
    {
      "geometry": {
        "coordinates": [
          -74.224755,
          35.592178
        ],
        "type": "Point"
      },
      "properties": {
        "cipher": "Ordinal",
        "has_phrases": false,
        "mode": "value_domain",
        "phrase_count": 0,
        "phrases": [],
        "projection": "webmercator_hash_v1",
        "projection_method": "webmercator_hash_v1",
        "value": 1231
      },
      "type": "Feature"
    },
    {
      "geometry": {
        "coordinates": [
          48.783935,
          -10.350807
        ],
        "type": "Point"
      },
      "properties": {
        "cipher": "Ordinal",
        "has_phrases": false,
        "mode": "value_domain",
        "phrase_count": 0,
        "phrases": [],
        "projection": "webmercator_hash_v1",
        "projection_method": "webmercator_hash_v1",
        "value": 1232
      },
      "type": "Feature"
    },
    {
      "geometry": {
        "coordinates": [
          -79.855289,
          14.772156
        ],
        "type": "Point"
      },
      "properties": {
        "cipher": "Ordinal",
        "has_phrases": false,
        "mode": "value_domain",
        "phrase_count": 0,
        "phrases": [],
        "projection": "webmercator_hash_v1",
        "projection_method": "webmercator_hash_v1",
        "value": 1233
      },
      "type": "Feature"
    },
    {
      "geometry": {
        "coordinates": [
          110.762072,
          50.669426
        ],
        "type": "Point"
      },
      "properties": {
        "cipher": "Ordinal",
        "has_phrases": false,
        "mode": "value_domain",
        "phrase_count": 0,
        "phrases": [],
        "projection": "webmercator_hash_v1",
        "projection_method": "webmercator_hash_v1",
        "value": 1234
      },
      "type": "Feature"
    },
    {
      "geometry": {
        "coordinates": [
          -61.447028,
          0.490963
        ],
        "type": "Point"
      },
      "properties": {
        "cipher": "Ordinal",
        "has_phrases": false,
        "mode": "value_domain",
        "phrase_count": 0,
        "phrases": [],
        "projection": "webmercator_hash_v1",
        "projection_method": "webmercator_hash_v1",
        "value": 1235
      },
      "type": "Feature"
    },
    {
      "geometry": {
        "coordinates": [
          120.567959,
          23.689013
        ],
        "type": "Point"
      },
      "properties": {
        "cipher": "Ordinal",
        "has_phrases": false,
        "mode": "value_domain",
        "phrase_count": 0,
        "phrases": [],
        "projection": "webmercator_hash_v1",
        "projection_method": "webmercator_hash_v1",
        "value": 1236
      },
      "type": "Feature"
    },
    {
      "geometry": {
        "coordinates": [
          -18.751583,
          1.453728
        ],
        "type": "Point"
      },
      "properties": {
        "cipher": "Ordinal",
        "has_phrases": false,
        "mode": "value_domain",
        "phrase_count": 0,
        "phrases": [],
        "projection": "webmercator_hash_v1",
        "projection_method": "webmercator_hash_v1",
        "value": 1237
      },
      "type": "Feature"
    },
    {
      "geometry": {
        "coordinates": [
          -99.984297,
          29.749764
        ],
        "type": "Point"
      },
      "properties": {
        "cipher": "Ordinal",
        "has_phrases": false,
        "mode": "value_domain",
        "phrase_count": 0,
        "phrases": [],
        "projection": "webmercator_hash_v1",
        "projection_method": "webmercator_hash_v1",
        "value": 1238
      },
      "type": "Feature"
    },
    {
      "geometry": {
        "coordinates": [
          152.253599,
          -9.03731
        ],
        "type": "Point"
      },
      "properties": {
        "cipher": "Ordinal",
        "has_phrases": false,
        "mode": "value_domain",
        "phrase_count": 0,
        "phrases": [],
        "projection": "webmercator_hash_v1",
        "projection_method": "webmercator_hash_v1",
        "value": 1239
      },
      "type": "Feature"
    },
    {
      "geometry": {
        "coordinates": [
          -47.360905,
          77.826243
        ],
        "type": "Point"
      },
      "properties": {
        "cipher": "Ordinal",
        "has_phrases": false,
        "mode": "value_domain",
        "phrase_count": 0,
        "phrases": [],
        "projection": "webmercator_hash_v1",
        "projection_method": "webmercator_hash_v1",
        "value": 1240
      },
      "type": "Feature"
    },
    {
      "geometry": {
        "coordinates": [
          174.250082,
          68.851533
        ],
        "type": "Point"
      },
      "properties": {
        "cipher": "Ordinal",
        "has_phrases": false,
        "mode": "value_domain",
        "phrase_count": 0,
        "phrases": [],
        "projection": "webmercator_hash_v1",
        "projection_method": "webmercator_hash_v1",
        "value": 1241
      },
      "type": "Feature"
    },
    {
      "geometry": {
        "coordinates": [
          93.928171,
          60.335916
        ],
        "type": "Point"
      },
      "properties": {
        "cipher": "Ordinal",
        "has_phrases": false,
        "mode": "value_domain",
        "phrase_count": 0,
        "phrases": [],
        "projection": "webmercator_hash_v1",
        "projection_method": "webmercator_hash_v1",
        "value": 1242
      },
      "type": "Feature"
    },
    {
      "geometry": {
        "coordinates": [
          -10.151561,
          9.032903
        ],
        "type": "Point"
      },
      "properties": {
        "cipher": "Ordinal",
        "has_phrases": false,
        "mode": "value_domain",
        "phrase_count": 0,
        "phrases": [],
        "projection": "webmercator_hash_v1",
        "projection_method": "webmercator_hash_v1",
        "value": 1243
      },
      "type": "Feature"
    },
    {
      "geometry": {
        "coordinates": [
          -131.183835,
          -48.188729
        ],
        "type": "Point"
      },
      "properties": {
        "cipher": "Ordinal",
        "has_phrases": false,
        "mode": "value_domain",
        "phrase_count": 0,
        "phrases": [],
        "projection": "webmercator_hash_v1",
        "projection_method": "webmercator_hash_v1",
        "value": 1244
      },
      "type": "Feature"
    },
    {
      "geometry": {
        "coordinates": [
          3.075698,
          47.663547
        ],
        "type": "Point"
      },
      "properties": {
        "cipher": "Ordinal",
        "has_phrases": false,
        "mode": "value_domain",
        "phrase_count": 0,
        "phrases": [],
        "projection": "webmercator_hash_v1",
        "projection_method": "webmercator_hash_v1",
        "value": 1245
      },
      "type": "Feature"
    },
    {
      "geometry": {
        "coordinates": [
          -4.787404,
          -62.675529
        ],
        "type": "Point"
      },
      "properties": {
        "cipher": "Ordinal",
        "has_phrases": false,
        "mode": "value_domain",
        "phrase_count": 0,
        "phrases": [],
        "projection": "webmercator_hash_v1",
        "projection_method": "webmercator_hash_v1",
        "value": 1246
      },
      "type": "Feature"
    },
    {
      "geometry": {
        "coordinates": [
          50.668573,
          64.836559
        ],
        "type": "Point"
      },
      "properties": {
        "cipher": "Ordinal",
        "has_phrases": false,
        "mode": "value_domain",
        "phrase_count": 0,
        "phrases": [],
        "projection": "webmercator_hash_v1",
        "projection_method": "webmercator_hash_v1",
        "value": 1247
      },
      "type": "Feature"
    },
    {
      "geometry": {
        "coordinates": [
          25.228919,
          -57.651324
        ],
        "type": "Point"
      },
      "properties": {
        "cipher": "Ordinal",
        "has_phrases": false,
        "mode": "value_domain",
        "phrase_count": 0,
        "phrases": [],
        "projection": "webmercator_hash_v1",
        "projection_method": "webmercator_hash_v1",
        "value": 1248
      },
      "type": "Feature"
    },
    {
      "geometry": {
        "coordinates": [
          129.949639,
          -50.134424
        ],
        "type": "Point"
      },
      "properties": {
        "cipher": "Ordinal",
        "has_phrases": false,
        "mode": "value_domain",
        "phrase_count": 0,
        "phrases": [],
        "projection": "webmercator_hash_v1",
        "projection_method": "webmercator_hash_v1",
        "value": 1249
      },
      "type": "Feature"
    },
    {
      "geometry": {
        "coordinates": [
          -153.77814,
          76.438613
        ],
        "type": "Point"
      },
      "properties": {
        "cipher": "Ordinal",
        "has_phrases": false,
        "mode": "value_domain",
        "phrase_count": 0,
        "phrases": [],
        "projection": "webmercator_hash_v1",
        "projection_method": "webmercator_hash_v1",
        "value": 1250
      },
      "type": "Feature"
    },
    {
      "geometry": {
        "coordinates": [
          117.496582,
          41.218492
        ],
        "type": "Point"
      },
      "properties": {
        "cipher": "Ordinal",
        "has_phrases": false,
        "mode": "value_domain",
        "phrase_count": 0,
        "phrases": [],
        "projection": "webmercator_hash_v1",
        "projection_method": "webmercator_hash_v1",
        "value": 1251
      },
      "type": "Feature"
    },
    {
      "geometry": {
        "coordinates": [
          38.397403,
          2.011316
        ],
        "type": "Point"
      },
      "properties": {
        "cipher": "Ordinal",
        "has_phrases": false,
        "mode": "value_domain",
        "phrase_count": 0,
        "phrases": [],
        "projection": "webmercator_hash_v1",
        "projection_method": "webmercator_hash_v1",
        "value": 1252
      },
      "type": "Feature"
    },
    {
      "geometry": {
        "coordinates": [
          -141.384228,
          5.030182
        ],
        "type": "Point"
      },
      "properties": {
        "cipher": "Ordinal",
        "has_phrases": false,
        "mode": "value_domain",
        "phrase_count": 0,
        "phrases": [],
        "projection": "webmercator_hash_v1",
        "projection_method": "webmercator_hash_v1",
        "value": 1253
      },
      "type": "Feature"
    },
    {
      "geometry": {
        "coordinates": [
          -23.955325,
          -82.045258
        ],
        "type": "Point"
      },
      "properties": {
        "cipher": "Ordinal",
        "has_phrases": false,
        "mode": "value_domain",
        "phrase_count": 0,
        "phrases": [],
        "projection": "webmercator_hash_v1",
        "projection_method": "webmercator_hash_v1",
        "value": 1254
      },
      "type": "Feature"
    },
    {
      "geometry": {
        "coordinates": [
          -17.985694,
          -29.462609
        ],
        "type": "Point"
      },
      "properties": {
        "cipher": "Ordinal",
        "has_phrases": false,
        "mode": "value_domain",
        "phrase_count": 0,
        "phrases": [],
        "projection": "webmercator_hash_v1",
        "projection_method": "webmercator_hash_v1",
        "value": 1255
      },
      "type": "Feature"
    },
    {
      "geometry": {
        "coordinates": [
          -41.432488,
          -36.718908
        ],
        "type": "Point"
      },
      "properties": {
        "cipher": "Ordinal",
        "has_phrases": false,
        "mode": "value_domain",
        "phrase_count": 0,
        "phrases": [],
        "projection": "webmercator_hash_v1",
        "projection_method": "webmercator_hash_v1",
        "value": 1256
      },
      "type": "Feature"
    },
    {
      "geometry": {
        "coordinates": [
          178.237993,
          -66.103384
        ],
        "type": "Point"
      },
      "properties": {
        "cipher": "Ordinal",
        "has_phrases": false,
        "mode": "value_domain",
        "phrase_count": 0,
        "phrases": [],
        "projection": "webmercator_hash_v1",
        "projection_method": "webmercator_hash_v1",
        "value": 1257
      },
      "type": "Feature"
    },
    {
      "geometry": {
        "coordinates": [
          -7.286392,
          79.390652
        ],
        "type": "Point"
      },
      "properties": {
        "cipher": "Ordinal",
        "has_phrases": false,
        "mode": "value_domain",
        "phrase_count": 0,
        "phrases": [],
        "projection": "webmercator_hash_v1",
        "projection_method": "webmercator_hash_v1",
        "value": 1258
      },
      "type": "Feature"
    },
    {
      "geometry": {
        "coordinates": [
          -61.319637,
          65.694364
        ],
        "type": "Point"
      },
      "properties": {
        "cipher": "Ordinal",
        "has_phrases": false,
        "mode": "value_domain",
        "phrase_count": 0,
        "phrases": [],
        "projection": "webmercator_hash_v1",
        "projection_method": "webmercator_hash_v1",
        "value": 1259
      },
      "type": "Feature"
    },
    {
      "geometry": {
        "coordinates": [
          -155.604606,
          -24.480124
        ],
        "type": "Point"
      },
      "properties": {
        "cipher": "Ordinal",
        "has_phrases": false,
        "mode": "value_domain",
        "phrase_count": 0,
        "phrases": [],
        "projection": "webmercator_hash_v1",
        "projection_method": "webmercator_hash_v1",
        "value": 1260
      },
      "type": "Feature"
    },
    {
      "geometry": {
        "coordinates": [
          157.275824,
          76.555756
        ],
        "type": "Point"
      },
      "properties": {
        "cipher": "Ordinal",
        "has_phrases": false,
        "mode": "value_domain",
        "phrase_count": 0,
        "phrases": [],
        "projection": "webmercator_hash_v1",
        "projection_method": "webmercator_hash_v1",
        "value": 1261
      },
      "type": "Feature"
    },
    {
      "geometry": {
        "coordinates": [
          -106.646817,
          47.723372
        ],
        "type": "Point"
      },
      "properties": {
        "cipher": "Ordinal",
        "has_phrases": false,
        "mode": "value_domain",
        "phrase_count": 0,
        "phrases": [],
        "projection": "webmercator_hash_v1",
        "projection_method": "webmercator_hash_v1",
        "value": 1262
      },
      "type": "Feature"
    },
    {
      "geometry": {
        "coordinates": [
          -71.517909,
          51.133846
        ],
        "type": "Point"
      },
      "properties": {
        "cipher": "Ordinal",
        "has_phrases": false,
        "mode": "value_domain",
        "phrase_count": 0,
        "phrases": [],
        "projection": "webmercator_hash_v1",
        "projection_method": "webmercator_hash_v1",
        "value": 1263
      },
      "type": "Feature"
    },
    {
      "geometry": {
        "coordinates": [
          -174.941581,
          -44.328775
        ],
        "type": "Point"
      },
      "properties": {
        "cipher": "Ordinal",
        "has_phrases": false,
        "mode": "value_domain",
        "phrase_count": 0,
        "phrases": [],
        "projection": "webmercator_hash_v1",
        "projection_method": "webmercator_hash_v1",
        "value": 1264
      },
      "type": "Feature"
    },
    {
      "geometry": {
        "coordinates": [
          168.450884,
          -82.942974
        ],
        "type": "Point"
      },
      "properties": {
        "cipher": "Ordinal",
        "has_phrases": false,
        "mode": "value_domain",
        "phrase_count": 0,
        "phrases": [],
        "projection": "webmercator_hash_v1",
        "projection_method": "webmercator_hash_v1",
        "value": 1265
      },
      "type": "Feature"
    },
    {
      "geometry": {
        "coordinates": [
          -74.514319,
          -45.048737
        ],
        "type": "Point"
      },
      "properties": {
        "cipher": "Ordinal",
        "has_phrases": false,
        "mode": "value_domain",
        "phrase_count": 0,
        "phrases": [],
        "projection": "webmercator_hash_v1",
        "projection_method": "webmercator_hash_v1",
        "value": 1266
      },
      "type": "Feature"
    },
    {
      "geometry": {
        "coordinates": [
          18.632217,
          74.055719
        ],
        "type": "Point"
      },
      "properties": {
        "cipher": "Ordinal",
        "has_phrases": false,
        "mode": "value_domain",
        "phrase_count": 0,
        "phrases": [],
        "projection": "webmercator_hash_v1",
        "projection_method": "webmercator_hash_v1",
        "value": 1267
      },
      "type": "Feature"
    },
    {
      "geometry": {
        "coordinates": [
          159.715878,
          -78.856306
        ],
        "type": "Point"
      },
      "properties": {
        "cipher": "Ordinal",
        "has_phrases": false,
        "mode": "value_domain",
        "phrase_count": 0,
        "phrases": [],
        "projection": "webmercator_hash_v1",
        "projection_method": "webmercator_hash_v1",
        "value": 1268
      },
      "type": "Feature"
    },
    {
      "geometry": {
        "coordinates": [
          -140.915964,
          59.559047
        ],
        "type": "Point"
      },
      "properties": {
        "cipher": "Ordinal",
        "has_phrases": false,
        "mode": "value_domain",
        "phrase_count": 0,
        "phrases": [],
        "projection": "webmercator_hash_v1",
        "projection_method": "webmercator_hash_v1",
        "value": 1269
      },
      "type": "Feature"
    },
    {
      "geometry": {
        "coordinates": [
          -22.809907,
          -21.530899
        ],
        "type": "Point"
      },
      "properties": {
        "cipher": "Ordinal",
        "has_phrases": false,
        "mode": "value_domain",
        "phrase_count": 0,
        "phrases": [],
        "projection": "webmercator_hash_v1",
        "projection_method": "webmercator_hash_v1",
        "value": 1270
      },
      "type": "Feature"
    },
    {
      "geometry": {
        "coordinates": [
          -14.272475,
          -51.998066
        ],
        "type": "Point"
      },
      "properties": {
        "cipher": "Ordinal",
        "has_phrases": false,
        "mode": "value_domain",
        "phrase_count": 0,
        "phrases": [],
        "projection": "webmercator_hash_v1",
        "projection_method": "webmercator_hash_v1",
        "value": 1271
      },
      "type": "Feature"
    },
    {
      "geometry": {
        "coordinates": [
          133.659668,
          -11.990859
        ],
        "type": "Point"
      },
      "properties": {
        "cipher": "Ordinal",
        "has_phrases": false,
        "mode": "value_domain",
        "phrase_count": 0,
        "phrases": [],
        "projection": "webmercator_hash_v1",
        "projection_method": "webmercator_hash_v1",
        "value": 1272
      },
      "type": "Feature"
    },
    {
      "geometry": {
        "coordinates": [
          -42.435162,
          50.091887
        ],
        "type": "Point"
      },
      "properties": {
        "cipher": "Ordinal",
        "has_phrases": false,
        "mode": "value_domain",
        "phrase_count": 0,
        "phrases": [],
        "projection": "webmercator_hash_v1",
        "projection_method": "webmercator_hash_v1",
        "value": 1273
      },
      "type": "Feature"
    },
    {
      "geometry": {
        "coordinates": [
          171.16899,
          62.616061
        ],
        "type": "Point"
      },
      "properties": {
        "cipher": "Ordinal",
        "has_phrases": false,
        "mode": "value_domain",
        "phrase_count": 0,
        "phrases": [],
        "projection": "webmercator_hash_v1",
        "projection_method": "webmercator_hash_v1",
        "value": 1274
      },
      "type": "Feature"
    },
    {
      "geometry": {
        "coordinates": [
          43.284299,
          57.062669
        ],
        "type": "Point"
      },
      "properties": {
        "cipher": "Ordinal",
        "has_phrases": false,
        "mode": "value_domain",
        "phrase_count": 0,
        "phrases": [],
        "projection": "webmercator_hash_v1",
        "projection_method": "webmercator_hash_v1",
        "value": 1275
      },
      "type": "Feature"
    },
    {
      "geometry": {
        "coordinates": [
          81.472692,
          -72.582383
        ],
        "type": "Point"
      },
      "properties": {
        "cipher": "Ordinal",
        "has_phrases": false,
        "mode": "value_domain",
        "phrase_count": 0,
        "phrases": [],
        "projection": "webmercator_hash_v1",
        "projection_method": "webmercator_hash_v1",
        "value": 1276
      },
      "type": "Feature"
    },
    {
      "geometry": {
        "coordinates": [
          -61.748383,
          7.73641
        ],
        "type": "Point"
      },
      "properties": {
        "cipher": "Ordinal",
        "has_phrases": false,
        "mode": "value_domain",
        "phrase_count": 0,
        "phrases": [],
        "projection": "webmercator_hash_v1",
        "projection_method": "webmercator_hash_v1",
        "value": 1277
      },
      "type": "Feature"
    },
    {
      "geometry": {
        "coordinates": [
          136.237432,
          -55.85466
        ],
        "type": "Point"
      },
      "properties": {
        "cipher": "Ordinal",
        "has_phrases": false,
        "mode": "value_domain",
        "phrase_count": 0,
        "phrases": [],
        "projection": "webmercator_hash_v1",
        "projection_method": "webmercator_hash_v1",
        "value": 1278
      },
      "type": "Feature"
    },
    {
      "geometry": {
        "coordinates": [
          -84.474916,
          -64.748747
        ],
        "type": "Point"
      },
      "properties": {
        "cipher": "Ordinal",
        "has_phrases": false,
        "mode": "value_domain",
        "phrase_count": 0,
        "phrases": [],
        "projection": "webmercator_hash_v1",
        "projection_method": "webmercator_hash_v1",
        "value": 1279
      },
      "type": "Feature"
    },
    {
      "geometry": {
        "coordinates": [
          172.115719,
          -58.898105
        ],
        "type": "Point"
      },
      "properties": {
        "cipher": "Ordinal",
        "has_phrases": false,
        "mode": "value_domain",
        "phrase_count": 0,
        "phrases": [],
        "projection": "webmercator_hash_v1",
        "projection_method": "webmercator_hash_v1",
        "value": 1280
      },
      "type": "Feature"
    },
    {
      "geometry": {
        "coordinates": [
          165.880679,
          -18.408385
        ],
        "type": "Point"
      },
      "properties": {
        "cipher": "Ordinal",
        "has_phrases": false,
        "mode": "value_domain",
        "phrase_count": 0,
        "phrases": [],
        "projection": "webmercator_hash_v1",
        "projection_method": "webmercator_hash_v1",
        "value": 1281
      },
      "type": "Feature"
    },
    {
      "geometry": {
        "coordinates": [
          -127.643179,
          -28.932296
        ],
        "type": "Point"
      },
      "properties": {
        "cipher": "Ordinal",
        "has_phrases": false,
        "mode": "value_domain",
        "phrase_count": 0,
        "phrases": [],
        "projection": "webmercator_hash_v1",
        "projection_method": "webmercator_hash_v1",
        "value": 1282
      },
      "type": "Feature"
    },
    {
      "geometry": {
        "coordinates": [
          90.430125,
          -15.74124
        ],
        "type": "Point"
      },
      "properties": {
        "cipher": "Ordinal",
        "has_phrases": false,
        "mode": "value_domain",
        "phrase_count": 0,
        "phrases": [],
        "projection": "webmercator_hash_v1",
        "projection_method": "webmercator_hash_v1",
        "value": 1283
      },
      "type": "Feature"
    },
    {
      "geometry": {
        "coordinates": [
          36.778651,
          6.057505
        ],
        "type": "Point"
      },
      "properties": {
        "cipher": "Ordinal",
        "has_phrases": false,
        "mode": "value_domain",
        "phrase_count": 0,
        "phrases": [],
        "projection": "webmercator_hash_v1",
        "projection_method": "webmercator_hash_v1",
        "value": 1284
      },
      "type": "Feature"
    },
    {
      "geometry": {
        "coordinates": [
          -140.780599,
          -65.296065
        ],
        "type": "Point"
      },
      "properties": {
        "cipher": "Ordinal",
        "has_phrases": false,
        "mode": "value_domain",
        "phrase_count": 0,
        "phrases": [],
        "projection": "webmercator_hash_v1",
        "projection_method": "webmercator_hash_v1",
        "value": 1285
      },
      "type": "Feature"
    },
    {
      "geometry": {
        "coordinates": [
          37.633122,
          -63.685929
        ],
        "type": "Point"
      },
      "properties": {
        "cipher": "Ordinal",
        "has_phrases": false,
        "mode": "value_domain",
        "phrase_count": 0,
        "phrases": [],
        "projection": "webmercator_hash_v1",
        "projection_method": "webmercator_hash_v1",
        "value": 1286
      },
      "type": "Feature"
    },
    {
      "geometry": {
        "coordinates": [
          17.878024,
          -29.087474
        ],
        "type": "Point"
      },
      "properties": {
        "cipher": "Ordinal",
        "has_phrases": false,
        "mode": "value_domain",
        "phrase_count": 0,
        "phrases": [],
        "projection": "webmercator_hash_v1",
        "projection_method": "webmercator_hash_v1",
        "value": 1287
      },
      "type": "Feature"
    },
    {
      "geometry": {
        "coordinates": [
          76.008431,
          50.151768
        ],
        "type": "Point"
      },
      "properties": {
        "cipher": "Ordinal",
        "has_phrases": false,
        "mode": "value_domain",
        "phrase_count": 0,
        "phrases": [],
        "projection": "webmercator_hash_v1",
        "projection_method": "webmercator_hash_v1",
        "value": 1288
      },
      "type": "Feature"
    },
    {
      "geometry": {
        "coordinates": [
          97.540978,
          -74.876836
        ],
        "type": "Point"
      },
      "properties": {
        "cipher": "Ordinal",
        "has_phrases": false,
        "mode": "value_domain",
        "phrase_count": 0,
        "phrases": [],
        "projection": "webmercator_hash_v1",
        "projection_method": "webmercator_hash_v1",
        "value": 1289
      },
      "type": "Feature"
    },
    {
      "geometry": {
        "coordinates": [
          -93.847421,
          -0.119942
        ],
        "type": "Point"
      },
      "properties": {
        "cipher": "Ordinal",
        "has_phrases": false,
        "mode": "value_domain",
        "phrase_count": 0,
        "phrases": [],
        "projection": "webmercator_hash_v1",
        "projection_method": "webmercator_hash_v1",
        "value": 1290
      },
      "type": "Feature"
    },
    {
      "geometry": {
        "coordinates": [
          -32.181486,
          -25.515545
        ],
        "type": "Point"
      },
      "properties": {
        "cipher": "Ordinal",
        "has_phrases": false,
        "mode": "value_domain",
        "phrase_count": 0,
        "phrases": [],
        "projection": "webmercator_hash_v1",
        "projection_method": "webmercator_hash_v1",
        "value": 1291
      },
      "type": "Feature"
    },
    {
      "geometry": {
        "coordinates": [
          -170.570046,
          16.462381
        ],
        "type": "Point"
      },
      "properties": {
        "cipher": "Ordinal",
        "has_phrases": false,
        "mode": "value_domain",
        "phrase_count": 0,
        "phrases": [],
        "projection": "webmercator_hash_v1",
        "projection_method": "webmercator_hash_v1",
        "value": 1292
      },
      "type": "Feature"
    },
    {
      "geometry": {
        "coordinates": [
          92.065425,
          20.175972
        ],
        "type": "Point"
      },
      "properties": {
        "cipher": "Ordinal",
        "has_phrases": false,
        "mode": "value_domain",
        "phrase_count": 0,
        "phrases": [],
        "projection": "webmercator_hash_v1",
        "projection_method": "webmercator_hash_v1",
        "value": 1293
      },
      "type": "Feature"
    },
    {
      "geometry": {
        "coordinates": [
          -26.478624,
          -21.980546
        ],
        "type": "Point"
      },
      "properties": {
        "cipher": "Ordinal",
        "has_phrases": false,
        "mode": "value_domain",
        "phrase_count": 0,
        "phrases": [],
        "projection": "webmercator_hash_v1",
        "projection_method": "webmercator_hash_v1",
        "value": 1294
      },
      "type": "Feature"
    },
    {
      "geometry": {
        "coordinates": [
          26.578903,
          17.370021
        ],
        "type": "Point"
      },
      "properties": {
        "cipher": "Ordinal",
        "has_phrases": false,
        "mode": "value_domain",
        "phrase_count": 0,
        "phrases": [],
        "projection": "webmercator_hash_v1",
        "projection_method": "webmercator_hash_v1",
        "value": 1295
      },
      "type": "Feature"
    },
    {
      "geometry": {
        "coordinates": [
          135.307649,
          77.202534
        ],
        "type": "Point"
      },
      "properties": {
        "cipher": "Ordinal",
        "has_phrases": false,
        "mode": "value_domain",
        "phrase_count": 0,
        "phrases": [],
        "projection": "webmercator_hash_v1",
        "projection_method": "webmercator_hash_v1",
        "value": 1296
      },
      "type": "Feature"
    },
    {
      "geometry": {
        "coordinates": [
          141.624235,
          72.583093
        ],
        "type": "Point"
      },
      "properties": {
        "cipher": "Ordinal",
        "has_phrases": false,
        "mode": "value_domain",
        "phrase_count": 0,
        "phrases": [],
        "projection": "webmercator_hash_v1",
        "projection_method": "webmercator_hash_v1",
        "value": 1297
      },
      "type": "Feature"
    },
    {
      "geometry": {
        "coordinates": [
          114.332871,
          -40.877094
        ],
        "type": "Point"
      },
      "properties": {
        "cipher": "Ordinal",
        "has_phrases": false,
        "mode": "value_domain",
        "phrase_count": 0,
        "phrases": [],
        "projection": "webmercator_hash_v1",
        "projection_method": "webmercator_hash_v1",
        "value": 1298
      },
      "type": "Feature"
    },
    {
      "geometry": {
        "coordinates": [
          147.738477,
          36.584753
        ],
        "type": "Point"
      },
      "properties": {
        "cipher": "Ordinal",
        "has_phrases": false,
        "mode": "value_domain",
        "phrase_count": 0,
        "phrases": [],
        "projection": "webmercator_hash_v1",
        "projection_method": "webmercator_hash_v1",
        "value": 1299
      },
      "type": "Feature"
    },
    {
      "geometry": {
        "coordinates": [
          -91.584868,
          46.010821
        ],
        "type": "Point"
      },
      "properties": {
        "cipher": "Ordinal",
        "has_phrases": false,
        "mode": "value_domain",
        "phrase_count": 0,
        "phrases": [],
        "projection": "webmercator_hash_v1",
        "projection_method": "webmercator_hash_v1",
        "value": 1300
      },
      "type": "Feature"
    },
    {
      "geometry": {
        "coordinates": [
          -137.725675,
          83.708808
        ],
        "type": "Point"
      },
      "properties": {
        "cipher": "Ordinal",
        "has_phrases": false,
        "mode": "value_domain",
        "phrase_count": 0,
        "phrases": [],
        "projection": "webmercator_hash_v1",
        "projection_method": "webmercator_hash_v1",
        "value": 1301
      },
      "type": "Feature"
    },
    {
      "geometry": {
        "coordinates": [
          106.736361,
          -1.151763
        ],
        "type": "Point"
      },
      "properties": {
        "cipher": "Ordinal",
        "has_phrases": false,
        "mode": "value_domain",
        "phrase_count": 0,
        "phrases": [],
        "projection": "webmercator_hash_v1",
        "projection_method": "webmercator_hash_v1",
        "value": 1302
      },
      "type": "Feature"
    },
    {
      "geometry": {
        "coordinates": [
          25.513012,
          23.707074
        ],
        "type": "Point"
      },
      "properties": {
        "cipher": "Ordinal",
        "has_phrases": false,
        "mode": "value_domain",
        "phrase_count": 0,
        "phrases": [],
        "projection": "webmercator_hash_v1",
        "projection_method": "webmercator_hash_v1",
        "value": 1303
      },
      "type": "Feature"
    },
    {
      "geometry": {
        "coordinates": [
          35.547205,
          -27.019513
        ],
        "type": "Point"
      },
      "properties": {
        "cipher": "Ordinal",
        "has_phrases": false,
        "mode": "value_domain",
        "phrase_count": 0,
        "phrases": [],
        "projection": "webmercator_hash_v1",
        "projection_method": "webmercator_hash_v1",
        "value": 1304
      },
      "type": "Feature"
    },
    {
      "geometry": {
        "coordinates": [
          -129.197041,
          -46.57675
        ],
        "type": "Point"
      },
      "properties": {
        "cipher": "Ordinal",
        "has_phrases": false,
        "mode": "value_domain",
        "phrase_count": 0,
        "phrases": [],
        "projection": "webmercator_hash_v1",
        "projection_method": "webmercator_hash_v1",
        "value": 1305
      },
      "type": "Feature"
    },
    {
      "geometry": {
        "coordinates": [
          -142.598819,
          24.894337
        ],
        "type": "Point"
      },
      "properties": {
        "cipher": "Ordinal",
        "has_phrases": false,
        "mode": "value_domain",
        "phrase_count": 0,
        "phrases": [],
        "projection": "webmercator_hash_v1",
        "projection_method": "webmercator_hash_v1",
        "value": 1306
      },
      "type": "Feature"
    },
    {
      "geometry": {
        "coordinates": [
          -68.096539,
          49.025704
        ],
        "type": "Point"
      },
      "properties": {
        "cipher": "Ordinal",
        "has_phrases": false,
        "mode": "value_domain",
        "phrase_count": 0,
        "phrases": [],
        "projection": "webmercator_hash_v1",
        "projection_method": "webmercator_hash_v1",
        "value": 1307
      },
      "type": "Feature"
    },
    {
      "geometry": {
        "coordinates": [
          -96.032733,
          84.74774
        ],
        "type": "Point"
      },
      "properties": {
        "cipher": "Ordinal",
        "has_phrases": false,
        "mode": "value_domain",
        "phrase_count": 0,
        "phrases": [],
        "projection": "webmercator_hash_v1",
        "projection_method": "webmercator_hash_v1",
        "value": 1308
      },
      "type": "Feature"
    },
    {
      "geometry": {
        "coordinates": [
          156.049509,
          -72.913154
        ],
        "type": "Point"
      },
      "properties": {
        "cipher": "Ordinal",
        "has_phrases": false,
        "mode": "value_domain",
        "phrase_count": 0,
        "phrases": [],
        "projection": "webmercator_hash_v1",
        "projection_method": "webmercator_hash_v1",
        "value": 1309
      },
      "type": "Feature"
    },
    {
      "geometry": {
        "coordinates": [
          133.979292,
          -24.288856
        ],
        "type": "Point"
      },
      "properties": {
        "cipher": "Ordinal",
        "has_phrases": false,
        "mode": "value_domain",
        "phrase_count": 0,
        "phrases": [],
        "projection": "webmercator_hash_v1",
        "projection_method": "webmercator_hash_v1",
        "value": 1310
      },
      "type": "Feature"
    },
    {
      "geometry": {
        "coordinates": [
          -145.385356,
          -25.389922
        ],
        "type": "Point"
      },
      "properties": {
        "cipher": "Ordinal",
        "has_phrases": false,
        "mode": "value_domain",
        "phrase_count": 0,
        "phrases": [],
        "projection": "webmercator_hash_v1",
        "projection_method": "webmercator_hash_v1",
        "value": 1311
      },
      "type": "Feature"
    },
    {
      "geometry": {
        "coordinates": [
          -165.233377,
          61.181783
        ],
        "type": "Point"
      },
      "properties": {
        "cipher": "Ordinal",
        "has_phrases": false,
        "mode": "value_domain",
        "phrase_count": 0,
        "phrases": [],
        "projection": "webmercator_hash_v1",
        "projection_method": "webmercator_hash_v1",
        "value": 1312
      },
      "type": "Feature"
    },
    {
      "geometry": {
        "coordinates": [
          -156.97169,
          -67.960936
        ],
        "type": "Point"
      },
      "properties": {
        "cipher": "Ordinal",
        "has_phrases": false,
        "mode": "value_domain",
        "phrase_count": 0,
        "phrases": [],
        "projection": "webmercator_hash_v1",
        "projection_method": "webmercator_hash_v1",
        "value": 1313
      },
      "type": "Feature"
    },
    {
      "geometry": {
        "coordinates": [
          -59.614031,
          -53.776147
        ],
        "type": "Point"
      },
      "properties": {
        "cipher": "Ordinal",
        "has_phrases": false,
        "mode": "value_domain",
        "phrase_count": 0,
        "phrases": [],
        "projection": "webmercator_hash_v1",
        "projection_method": "webmercator_hash_v1",
        "value": 1314
      },
      "type": "Feature"
    },
    {
      "geometry": {
        "coordinates": [
          8.546073,
          77.876195
        ],
        "type": "Point"
      },
      "properties": {
        "cipher": "Ordinal",
        "has_phrases": false,
        "mode": "value_domain",
        "phrase_count": 0,
        "phrases": [],
        "projection": "webmercator_hash_v1",
        "projection_method": "webmercator_hash_v1",
        "value": 1315
      },
      "type": "Feature"
    },
    {
      "geometry": {
        "coordinates": [
          -22.360858,
          27.473552
        ],
        "type": "Point"
      },
      "properties": {
        "cipher": "Ordinal",
        "has_phrases": false,
        "mode": "value_domain",
        "phrase_count": 0,
        "phrases": [],
        "projection": "webmercator_hash_v1",
        "projection_method": "webmercator_hash_v1",
        "value": 1316
      },
      "type": "Feature"
    },
    {
      "geometry": {
        "coordinates": [
          -152.013683,
          33.223126
        ],
        "type": "Point"
      },
      "properties": {
        "cipher": "Ordinal",
        "has_phrases": false,
        "mode": "value_domain",
        "phrase_count": 0,
        "phrases": [],
        "projection": "webmercator_hash_v1",
        "projection_method": "webmercator_hash_v1",
        "value": 1317
      },
      "type": "Feature"
    },
    {
      "geometry": {
        "coordinates": [
          -24.864971,
          -63.722029
        ],
        "type": "Point"
      },
      "properties": {
        "cipher": "Ordinal",
        "has_phrases": false,
        "mode": "value_domain",
        "phrase_count": 0,
        "phrases": [],
        "projection": "webmercator_hash_v1",
        "projection_method": "webmercator_hash_v1",
        "value": 1318
      },
      "type": "Feature"
    },
    {
      "geometry": {
        "coordinates": [
          77.093772,
          9.281382
        ],
        "type": "Point"
      },
      "properties": {
        "cipher": "Ordinal",
        "has_phrases": false,
        "mode": "value_domain",
        "phrase_count": 0,
        "phrases": [],
        "projection": "webmercator_hash_v1",
        "projection_method": "webmercator_hash_v1",
        "value": 1319
      },
      "type": "Feature"
    },
    {
      "geometry": {
        "coordinates": [
          -93.719206,
          -72.642653
        ],
        "type": "Point"
      },
      "properties": {
        "cipher": "Ordinal",
        "has_phrases": false,
        "mode": "value_domain",
        "phrase_count": 0,
        "phrases": [],
        "projection": "webmercator_hash_v1",
        "projection_method": "webmercator_hash_v1",
        "value": 1320
      },
      "type": "Feature"
    },
    {
      "geometry": {
        "coordinates": [
          74.205618,
          -3.000049
        ],
        "type": "Point"
      },
      "properties": {
        "cipher": "Ordinal",
        "has_phrases": false,
        "mode": "value_domain",
        "phrase_count": 0,
        "phrases": [],
        "projection": "webmercator_hash_v1",
        "projection_method": "webmercator_hash_v1",
        "value": 1321
      },
      "type": "Feature"
    },
    {
      "geometry": {
        "coordinates": [
          111.013868,
          16.545232
        ],
        "type": "Point"
      },
      "properties": {
        "cipher": "Ordinal",
        "has_phrases": false,
        "mode": "value_domain",
        "phrase_count": 0,
        "phrases": [],
        "projection": "webmercator_hash_v1",
        "projection_method": "webmercator_hash_v1",
        "value": 1322
      },
      "type": "Feature"
    },
    {
      "geometry": {
        "coordinates": [
          11.759412,
          -10.888873
        ],
        "type": "Point"
      },
      "properties": {
        "cipher": "Ordinal",
        "has_phrases": false,
        "mode": "value_domain",
        "phrase_count": 0,
        "phrases": [],
        "projection": "webmercator_hash_v1",
        "projection_method": "webmercator_hash_v1",
        "value": 1323
      },
      "type": "Feature"
    },
    {
      "geometry": {
        "coordinates": [
          -12.311949,
          -37.451128
        ],
        "type": "Point"
      },
      "properties": {
        "cipher": "Ordinal",
        "has_phrases": false,
        "mode": "value_domain",
        "phrase_count": 0,
        "phrases": [],
        "projection": "webmercator_hash_v1",
        "projection_method": "webmercator_hash_v1",
        "value": 1324
      },
      "type": "Feature"
    },
    {
      "geometry": {
        "coordinates": [
          -120.293967,
          67.837802
        ],
        "type": "Point"
      },
      "properties": {
        "cipher": "Ordinal",
        "has_phrases": false,
        "mode": "value_domain",
        "phrase_count": 0,
        "phrases": [],
        "projection": "webmercator_hash_v1",
        "projection_method": "webmercator_hash_v1",
        "value": 1325
      },
      "type": "Feature"
    },
    {
      "geometry": {
        "coordinates": [
          13.56737,
          40.914913
        ],
        "type": "Point"
      },
      "properties": {
        "cipher": "Ordinal",
        "has_phrases": false,
        "mode": "value_domain",
        "phrase_count": 0,
        "phrases": [],
        "projection": "webmercator_hash_v1",
        "projection_method": "webmercator_hash_v1",
        "value": 1326
      },
      "type": "Feature"
    },
    {
      "geometry": {
        "coordinates": [
          -1.92035,
          27.426422
        ],
        "type": "Point"
      },
      "properties": {
        "cipher": "Ordinal",
        "has_phrases": false,
        "mode": "value_domain",
        "phrase_count": 0,
        "phrases": [],
        "projection": "webmercator_hash_v1",
        "projection_method": "webmercator_hash_v1",
        "value": 1327
      },
      "type": "Feature"
    },
    {
      "geometry": {
        "coordinates": [
          174.610693,
          59.192855
        ],
        "type": "Point"
      },
      "properties": {
        "cipher": "Ordinal",
        "has_phrases": false,
        "mode": "value_domain",
        "phrase_count": 0,
        "phrases": [],
        "projection": "webmercator_hash_v1",
        "projection_method": "webmercator_hash_v1",
        "value": 1328
      },
      "type": "Feature"
    },
    {
      "geometry": {
        "coordinates": [
          17.277857,
          70.672144
        ],
        "type": "Point"
      },
      "properties": {
        "cipher": "Ordinal",
        "has_phrases": false,
        "mode": "value_domain",
        "phrase_count": 0,
        "phrases": [],
        "projection": "webmercator_hash_v1",
        "projection_method": "webmercator_hash_v1",
        "value": 1329
      },
      "type": "Feature"
    },
    {
      "geometry": {
        "coordinates": [
          -30.702101,
          39.633087
        ],
        "type": "Point"
      },
      "properties": {
        "cipher": "Ordinal",
        "has_phrases": false,
        "mode": "value_domain",
        "phrase_count": 0,
        "phrases": [],
        "projection": "webmercator_hash_v1",
        "projection_method": "webmercator_hash_v1",
        "value": 1330
      },
      "type": "Feature"
    },
    {
      "geometry": {
        "coordinates": [
          -157.11791,
          62.45901
        ],
        "type": "Point"
      },
      "properties": {
        "cipher": "Ordinal",
        "has_phrases": false,
        "mode": "value_domain",
        "phrase_count": 0,
        "phrases": [],
        "projection": "webmercator_hash_v1",
        "projection_method": "webmercator_hash_v1",
        "value": 1331
      },
      "type": "Feature"
    },
    {
      "geometry": {
        "coordinates": [
          1.561149,
          56.509742
        ],
        "type": "Point"
      },
      "properties": {
        "cipher": "Ordinal",
        "has_phrases": false,
        "mode": "value_domain",
        "phrase_count": 0,
        "phrases": [],
        "projection": "webmercator_hash_v1",
        "projection_method": "webmercator_hash_v1",
        "value": 1332
      },
      "type": "Feature"
    },
    {
      "geometry": {
        "coordinates": [
          -97.721693,
          -58.111361
        ],
        "type": "Point"
      },
      "properties": {
        "cipher": "Ordinal",
        "has_phrases": false,
        "mode": "value_domain",
        "phrase_count": 0,
        "phrases": [],
        "projection": "webmercator_hash_v1",
        "projection_method": "webmercator_hash_v1",
        "value": 1333
      },
      "type": "Feature"
    },
    {
      "geometry": {
        "coordinates": [
          -15.026938,
          -30.894489
        ],
        "type": "Point"
      },
      "properties": {
        "cipher": "Ordinal",
        "has_phrases": false,
        "mode": "value_domain",
        "phrase_count": 0,
        "phrases": [],
        "projection": "webmercator_hash_v1",
        "projection_method": "webmercator_hash_v1",
        "value": 1334
      },
      "type": "Feature"
    },
    {
      "geometry": {
        "coordinates": [
          3.807579,
          5.844888
        ],
        "type": "Point"
      },
      "properties": {
        "cipher": "Ordinal",
        "has_phrases": false,
        "mode": "value_domain",
        "phrase_count": 0,
        "phrases": [],
        "projection": "webmercator_hash_v1",
        "projection_method": "webmercator_hash_v1",
        "value": 1335
      },
      "type": "Feature"
    },
    {
      "geometry": {
        "coordinates": [
          -113.911687,
          -20.191531
        ],
        "type": "Point"
      },
      "properties": {
        "cipher": "Ordinal",
        "has_phrases": false,
        "mode": "value_domain",
        "phrase_count": 0,
        "phrases": [],
        "projection": "webmercator_hash_v1",
        "projection_method": "webmercator_hash_v1",
        "value": 1336
      },
      "type": "Feature"
    },
    {
      "geometry": {
        "coordinates": [
          90.515254,
          -50.992951
        ],
        "type": "Point"
      },
      "properties": {
        "cipher": "Ordinal",
        "has_phrases": false,
        "mode": "value_domain",
        "phrase_count": 0,
        "phrases": [],
        "projection": "webmercator_hash_v1",
        "projection_method": "webmercator_hash_v1",
        "value": 1337
      },
      "type": "Feature"
    },
    {
      "geometry": {
        "coordinates": [
          -22.099675,
          27.734772
        ],
        "type": "Point"
      },
      "properties": {
        "cipher": "Ordinal",
        "has_phrases": false,
        "mode": "value_domain",
        "phrase_count": 0,
        "phrases": [],
        "projection": "webmercator_hash_v1",
        "projection_method": "webmercator_hash_v1",
        "value": 1338
      },
      "type": "Feature"
    },
    {
      "geometry": {
        "coordinates": [
          24.500041,
          1.334729
        ],
        "type": "Point"
      },
      "properties": {
        "cipher": "Ordinal",
        "has_phrases": false,
        "mode": "value_domain",
        "phrase_count": 0,
        "phrases": [],
        "projection": "webmercator_hash_v1",
        "projection_method": "webmercator_hash_v1",
        "value": 1339
      },
      "type": "Feature"
    },
    {
      "geometry": {
        "coordinates": [
          81.533656,
          39.856148
        ],
        "type": "Point"
      },
      "properties": {
        "cipher": "Ordinal",
        "has_phrases": false,
        "mode": "value_domain",
        "phrase_count": 0,
        "phrases": [],
        "projection": "webmercator_hash_v1",
        "projection_method": "webmercator_hash_v1",
        "value": 1340
      },
      "type": "Feature"
    },
    {
      "geometry": {
        "coordinates": [
          7.21238,
          -56.907796
        ],
        "type": "Point"
      },
      "properties": {
        "cipher": "Ordinal",
        "has_phrases": false,
        "mode": "value_domain",
        "phrase_count": 0,
        "phrases": [],
        "projection": "webmercator_hash_v1",
        "projection_method": "webmercator_hash_v1",
        "value": 1341
      },
      "type": "Feature"
    },
    {
      "geometry": {
        "coordinates": [
          -170.344936,
          76.604577
        ],
        "type": "Point"
      },
      "properties": {
        "cipher": "Ordinal",
        "has_phrases": false,
        "mode": "value_domain",
        "phrase_count": 0,
        "phrases": [],
        "projection": "webmercator_hash_v1",
        "projection_method": "webmercator_hash_v1",
        "value": 1342
      },
      "type": "Feature"
    },
    {
      "geometry": {
        "coordinates": [
          -6.083487,
          -48.761231
        ],
        "type": "Point"
      },
      "properties": {
        "cipher": "Ordinal",
        "has_phrases": false,
        "mode": "value_domain",
        "phrase_count": 0,
        "phrases": [],
        "projection": "webmercator_hash_v1",
        "projection_method": "webmercator_hash_v1",
        "value": 1343
      },
      "type": "Feature"
    },
    {
      "geometry": {
        "coordinates": [
          157.196151,
          27.936797
        ],
        "type": "Point"
      },
      "properties": {
        "cipher": "Ordinal",
        "has_phrases": false,
        "mode": "value_domain",
        "phrase_count": 0,
        "phrases": [],
        "projection": "webmercator_hash_v1",
        "projection_method": "webmercator_hash_v1",
        "value": 1344
      },
      "type": "Feature"
    },
    {
      "geometry": {
        "coordinates": [
          -85.677544,
          -23.969391
        ],
        "type": "Point"
      },
      "properties": {
        "cipher": "Ordinal",
        "has_phrases": false,
        "mode": "value_domain",
        "phrase_count": 0,
        "phrases": [],
        "projection": "webmercator_hash_v1",
        "projection_method": "webmercator_hash_v1",
        "value": 1345
      },
      "type": "Feature"
    },
    {
      "geometry": {
        "coordinates": [
          -104.179706,
          0.48317
        ],
        "type": "Point"
      },
      "properties": {
        "cipher": "Ordinal",
        "has_phrases": false,
        "mode": "value_domain",
        "phrase_count": 0,
        "phrases": [],
        "projection": "webmercator_hash_v1",
        "projection_method": "webmercator_hash_v1",
        "value": 1346
      },
      "type": "Feature"
    },
    {
      "geometry": {
        "coordinates": [
          -6.021733,
          38.162923
        ],
        "type": "Point"
      },
      "properties": {
        "cipher": "Ordinal",
        "has_phrases": false,
        "mode": "value_domain",
        "phrase_count": 0,
        "phrases": [],
        "projection": "webmercator_hash_v1",
        "projection_method": "webmercator_hash_v1",
        "value": 1347
      },
      "type": "Feature"
    },
    {
      "geometry": {
        "coordinates": [
          -99.722567,
          -32.62353
        ],
        "type": "Point"
      },
      "properties": {
        "cipher": "Ordinal",
        "has_phrases": false,
        "mode": "value_domain",
        "phrase_count": 0,
        "phrases": [],
        "projection": "webmercator_hash_v1",
        "projection_method": "webmercator_hash_v1",
        "value": 1348
      },
      "type": "Feature"
    },
    {
      "geometry": {
        "coordinates": [
          -90.117641,
          -84.118436
        ],
        "type": "Point"
      },
      "properties": {
        "cipher": "Ordinal",
        "has_phrases": false,
        "mode": "value_domain",
        "phrase_count": 0,
        "phrases": [],
        "projection": "webmercator_hash_v1",
        "projection_method": "webmercator_hash_v1",
        "value": 1349
      },
      "type": "Feature"
    },
    {
      "geometry": {
        "coordinates": [
          169.273054,
          16.885635
        ],
        "type": "Point"
      },
      "properties": {
        "cipher": "Ordinal",
        "has_phrases": false,
        "mode": "value_domain",
        "phrase_count": 0,
        "phrases": [],
        "projection": "webmercator_hash_v1",
        "projection_method": "webmercator_hash_v1",
        "value": 1350
      },
      "type": "Feature"
    },
    {
      "geometry": {
        "coordinates": [
          -100.357904,
          26.059137
        ],
        "type": "Point"
      },
      "properties": {
        "cipher": "Ordinal",
        "has_phrases": false,
        "mode": "value_domain",
        "phrase_count": 0,
        "phrases": [],
        "projection": "webmercator_hash_v1",
        "projection_method": "webmercator_hash_v1",
        "value": 1351
      },
      "type": "Feature"
    },
    {
      "geometry": {
        "coordinates": [
          101.209403,
          -57.188613
        ],
        "type": "Point"
      },
      "properties": {
        "cipher": "Ordinal",
        "has_phrases": false,
        "mode": "value_domain",
        "phrase_count": 0,
        "phrases": [],
        "projection": "webmercator_hash_v1",
        "projection_method": "webmercator_hash_v1",
        "value": 1352
      },
      "type": "Feature"
    },
    {
      "geometry": {
        "coordinates": [
          34.446402,
          15.926504
        ],
        "type": "Point"
      },
      "properties": {
        "cipher": "Ordinal",
        "has_phrases": false,
        "mode": "value_domain",
        "phrase_count": 0,
        "phrases": [],
        "projection": "webmercator_hash_v1",
        "projection_method": "webmercator_hash_v1",
        "value": 1353
      },
      "type": "Feature"
    },
    {
      "geometry": {
        "coordinates": [
          157.302025,
          69.588387
        ],
        "type": "Point"
      },
      "properties": {
        "cipher": "Ordinal",
        "has_phrases": false,
        "mode": "value_domain",
        "phrase_count": 0,
        "phrases": [],
        "projection": "webmercator_hash_v1",
        "projection_method": "webmercator_hash_v1",
        "value": 1354
      },
      "type": "Feature"
    },
    {
      "geometry": {
        "coordinates": [
          -35.950751,
          48.221012
        ],
        "type": "Point"
      },
      "properties": {
        "cipher": "Ordinal",
        "has_phrases": false,
        "mode": "value_domain",
        "phrase_count": 0,
        "phrases": [],
        "projection": "webmercator_hash_v1",
        "projection_method": "webmercator_hash_v1",
        "value": 1355
      },
      "type": "Feature"
    },
    {
      "geometry": {
        "coordinates": [
          131.907358,
          25.749164
        ],
        "type": "Point"
      },
      "properties": {
        "cipher": "Ordinal",
        "has_phrases": false,
        "mode": "value_domain",
        "phrase_count": 0,
        "phrases": [],
        "projection": "webmercator_hash_v1",
        "projection_method": "webmercator_hash_v1",
        "value": 1356
      },
      "type": "Feature"
    },
    {
      "geometry": {
        "coordinates": [
          -76.849784,
          10.234282
        ],
        "type": "Point"
      },
      "properties": {
        "cipher": "Ordinal",
        "has_phrases": false,
        "mode": "value_domain",
        "phrase_count": 0,
        "phrases": [],
        "projection": "webmercator_hash_v1",
        "projection_method": "webmercator_hash_v1",
        "value": 1357
      },
      "type": "Feature"
    },
    {
      "geometry": {
        "coordinates": [
          122.10274,
          65.461294
        ],
        "type": "Point"
      },
      "properties": {
        "cipher": "Ordinal",
        "has_phrases": false,
        "mode": "value_domain",
        "phrase_count": 0,
        "phrases": [],
        "projection": "webmercator_hash_v1",
        "projection_method": "webmercator_hash_v1",
        "value": 1358
      },
      "type": "Feature"
    },
    {
      "geometry": {
        "coordinates": [
          -121.686365,
          2.957164
        ],
        "type": "Point"
      },
      "properties": {
        "cipher": "Ordinal",
        "has_phrases": false,
        "mode": "value_domain",
        "phrase_count": 0,
        "phrases": [],
        "projection": "webmercator_hash_v1",
        "projection_method": "webmercator_hash_v1",
        "value": 1359
      },
      "type": "Feature"
    },
    {
      "geometry": {
        "coordinates": [
          -2.82642,
          48.915487
        ],
        "type": "Point"
      },
      "properties": {
        "cipher": "Ordinal",
        "has_phrases": false,
        "mode": "value_domain",
        "phrase_count": 0,
        "phrases": [],
        "projection": "webmercator_hash_v1",
        "projection_method": "webmercator_hash_v1",
        "value": 1360
      },
      "type": "Feature"
    },
    {
      "geometry": {
        "coordinates": [
          -49.275261,
          82.01453
        ],
        "type": "Point"
      },
      "properties": {
        "cipher": "Ordinal",
        "has_phrases": false,
        "mode": "value_domain",
        "phrase_count": 0,
        "phrases": [],
        "projection": "webmercator_hash_v1",
        "projection_method": "webmercator_hash_v1",
        "value": 1361
      },
      "type": "Feature"
    },
    {
      "geometry": {
        "coordinates": [
          49.12531,
          10.366353
        ],
        "type": "Point"
      },
      "properties": {
        "cipher": "Ordinal",
        "has_phrases": false,
        "mode": "value_domain",
        "phrase_count": 0,
        "phrases": [],
        "projection": "webmercator_hash_v1",
        "projection_method": "webmercator_hash_v1",
        "value": 1362
      },
      "type": "Feature"
    },
    {
      "geometry": {
        "coordinates": [
          113.781943,
          8.739597
        ],
        "type": "Point"
      },
      "properties": {
        "cipher": "Ordinal",
        "has_phrases": false,
        "mode": "value_domain",
        "phrase_count": 0,
        "phrases": [],
        "projection": "webmercator_hash_v1",
        "projection_method": "webmercator_hash_v1",
        "value": 1363
      },
      "type": "Feature"
    },
    {
      "geometry": {
        "coordinates": [
          177.547693,
          29.043724
        ],
        "type": "Point"
      },
      "properties": {
        "cipher": "Ordinal",
        "has_phrases": false,
        "mode": "value_domain",
        "phrase_count": 0,
        "phrases": [],
        "projection": "webmercator_hash_v1",
        "projection_method": "webmercator_hash_v1",
        "value": 1364
      },
      "type": "Feature"
    },
    {
      "geometry": {
        "coordinates": [
          139.723818,
          -46.099743
        ],
        "type": "Point"
      },
      "properties": {
        "cipher": "Ordinal",
        "has_phrases": false,
        "mode": "value_domain",
        "phrase_count": 0,
        "phrases": [],
        "projection": "webmercator_hash_v1",
        "projection_method": "webmercator_hash_v1",
        "value": 1365
      },
      "type": "Feature"
    },
    {
      "geometry": {
        "coordinates": [
          22.089219,
          -81.951295
        ],
        "type": "Point"
      },
      "properties": {
        "cipher": "Ordinal",
        "has_phrases": false,
        "mode": "value_domain",
        "phrase_count": 0,
        "phrases": [],
        "projection": "webmercator_hash_v1",
        "projection_method": "webmercator_hash_v1",
        "value": 1366
      },
      "type": "Feature"
    },
    {
      "geometry": {
        "coordinates": [
          86.399324,
          9.268357
        ],
        "type": "Point"
      },
      "properties": {
        "cipher": "Ordinal",
        "has_phrases": false,
        "mode": "value_domain",
        "phrase_count": 0,
        "phrases": [],
        "projection": "webmercator_hash_v1",
        "projection_method": "webmercator_hash_v1",
        "value": 1367
      },
      "type": "Feature"
    },
    {
      "geometry": {
        "coordinates": [
          14.549501,
          17.951382
        ],
        "type": "Point"
      },
      "properties": {
        "cipher": "Ordinal",
        "has_phrases": false,
        "mode": "value_domain",
        "phrase_count": 0,
        "phrases": [],
        "projection": "webmercator_hash_v1",
        "projection_method": "webmercator_hash_v1",
        "value": 1368
      },
      "type": "Feature"
    },
    {
      "geometry": {
        "coordinates": [
          95.051956,
          53.578127
        ],
        "type": "Point"
      },
      "properties": {
        "cipher": "Ordinal",
        "has_phrases": false,
        "mode": "value_domain",
        "phrase_count": 0,
        "phrases": [],
        "projection": "webmercator_hash_v1",
        "projection_method": "webmercator_hash_v1",
        "value": 1369
      },
      "type": "Feature"
    },
    {
      "geometry": {
        "coordinates": [
          57.826263,
          -25.899155
        ],
        "type": "Point"
      },
      "properties": {
        "cipher": "Ordinal",
        "has_phrases": false,
        "mode": "value_domain",
        "phrase_count": 0,
        "phrases": [],
        "projection": "webmercator_hash_v1",
        "projection_method": "webmercator_hash_v1",
        "value": 1370
      },
      "type": "Feature"
    },
    {
      "geometry": {
        "coordinates": [
          -154.101015,
          -3.292215
        ],
        "type": "Point"
      },
      "properties": {
        "cipher": "Ordinal",
        "has_phrases": false,
        "mode": "value_domain",
        "phrase_count": 0,
        "phrases": [],
        "projection": "webmercator_hash_v1",
        "projection_method": "webmercator_hash_v1",
        "value": 1371
      },
      "type": "Feature"
    },
    {
      "geometry": {
        "coordinates": [
          168.949822,
          84.633454
        ],
        "type": "Point"
      },
      "properties": {
        "cipher": "Ordinal",
        "has_phrases": false,
        "mode": "value_domain",
        "phrase_count": 0,
        "phrases": [],
        "projection": "webmercator_hash_v1",
        "projection_method": "webmercator_hash_v1",
        "value": 1372
      },
      "type": "Feature"
    },
    {
      "geometry": {
        "coordinates": [
          -101.019351,
          75.208
        ],
        "type": "Point"
      },
      "properties": {
        "cipher": "Ordinal",
        "has_phrases": false,
        "mode": "value_domain",
        "phrase_count": 0,
        "phrases": [],
        "projection": "webmercator_hash_v1",
        "projection_method": "webmercator_hash_v1",
        "value": 1373
      },
      "type": "Feature"
    },
    {
      "geometry": {
        "coordinates": [
          -113.826286,
          -3.712278
        ],
        "type": "Point"
      },
      "properties": {
        "cipher": "Ordinal",
        "has_phrases": false,
        "mode": "value_domain",
        "phrase_count": 0,
        "phrases": [],
        "projection": "webmercator_hash_v1",
        "projection_method": "webmercator_hash_v1",
        "value": 1374
      },
      "type": "Feature"
    },
    {
      "geometry": {
        "coordinates": [
          20.015189,
          22.81684
        ],
        "type": "Point"
      },
      "properties": {
        "cipher": "Ordinal",
        "has_phrases": false,
        "mode": "value_domain",
        "phrase_count": 0,
        "phrases": [],
        "projection": "webmercator_hash_v1",
        "projection_method": "webmercator_hash_v1",
        "value": 1375
      },
      "type": "Feature"
    },
    {
      "geometry": {
        "coordinates": [
          -161.753406,
          68.033091
        ],
        "type": "Point"
      },
      "properties": {
        "cipher": "Ordinal",
        "has_phrases": false,
        "mode": "value_domain",
        "phrase_count": 0,
        "phrases": [],
        "projection": "webmercator_hash_v1",
        "projection_method": "webmercator_hash_v1",
        "value": 1376
      },
      "type": "Feature"
    },
    {
      "geometry": {
        "coordinates": [
          -159.38901,
          -41.199239
        ],
        "type": "Point"
      },
      "properties": {
        "cipher": "Ordinal",
        "has_phrases": false,
        "mode": "value_domain",
        "phrase_count": 0,
        "phrases": [],
        "projection": "webmercator_hash_v1",
        "projection_method": "webmercator_hash_v1",
        "value": 1377
      },
      "type": "Feature"
    },
    {
      "geometry": {
        "coordinates": [
          94.958445,
          45.809585
        ],
        "type": "Point"
      },
      "properties": {
        "cipher": "Ordinal",
        "has_phrases": false,
        "mode": "value_domain",
        "phrase_count": 0,
        "phrases": [],
        "projection": "webmercator_hash_v1",
        "projection_method": "webmercator_hash_v1",
        "value": 1378
      },
      "type": "Feature"
    },
    {
      "geometry": {
        "coordinates": [
          -54.146004,
          30.339504
        ],
        "type": "Point"
      },
      "properties": {
        "cipher": "Ordinal",
        "has_phrases": false,
        "mode": "value_domain",
        "phrase_count": 0,
        "phrases": [],
        "projection": "webmercator_hash_v1",
        "projection_method": "webmercator_hash_v1",
        "value": 1379
      },
      "type": "Feature"
    },
    {
      "geometry": {
        "coordinates": [
          -74.502723,
          -5.438669
        ],
        "type": "Point"
      },
      "properties": {
        "cipher": "Ordinal",
        "has_phrases": false,
        "mode": "value_domain",
        "phrase_count": 0,
        "phrases": [],
        "projection": "webmercator_hash_v1",
        "projection_method": "webmercator_hash_v1",
        "value": 1380
      },
      "type": "Feature"
    },
    {
      "geometry": {
        "coordinates": [
          -103.305516,
          -34.348111
        ],
        "type": "Point"
      },
      "properties": {
        "cipher": "Ordinal",
        "has_phrases": false,
        "mode": "value_domain",
        "phrase_count": 0,
        "phrases": [],
        "projection": "webmercator_hash_v1",
        "projection_method": "webmercator_hash_v1",
        "value": 1381
      },
      "type": "Feature"
    },
    {
      "geometry": {
        "coordinates": [
          122.007935,
          -26.53341
        ],
        "type": "Point"
      },
      "properties": {
        "cipher": "Ordinal",
        "has_phrases": false,
        "mode": "value_domain",
        "phrase_count": 0,
        "phrases": [],
        "projection": "webmercator_hash_v1",
        "projection_method": "webmercator_hash_v1",
        "value": 1382
      },
      "type": "Feature"
    },
    {
      "geometry": {
        "coordinates": [
          -2.43684,
          -14.96679
        ],
        "type": "Point"
      },
      "properties": {
        "cipher": "Ordinal",
        "has_phrases": false,
        "mode": "value_domain",
        "phrase_count": 0,
        "phrases": [],
        "projection": "webmercator_hash_v1",
        "projection_method": "webmercator_hash_v1",
        "value": 1383
      },
      "type": "Feature"
    },
    {
      "geometry": {
        "coordinates": [
          -18.297905,
          46.147593
        ],
        "type": "Point"
      },
      "properties": {
        "cipher": "Ordinal",
        "has_phrases": false,
        "mode": "value_domain",
        "phrase_count": 0,
        "phrases": [],
        "projection": "webmercator_hash_v1",
        "projection_method": "webmercator_hash_v1",
        "value": 1384
      },
      "type": "Feature"
    },
    {
      "geometry": {
        "coordinates": [
          -179.580983,
          24.347943
        ],
        "type": "Point"
      },
      "properties": {
        "cipher": "Ordinal",
        "has_phrases": false,
        "mode": "value_domain",
        "phrase_count": 0,
        "phrases": [],
        "projection": "webmercator_hash_v1",
        "projection_method": "webmercator_hash_v1",
        "value": 1385
      },
      "type": "Feature"
    },
    {
      "geometry": {
        "coordinates": [
          -131.203828,
          -47.92644
        ],
        "type": "Point"
      },
      "properties": {
        "cipher": "Ordinal",
        "has_phrases": false,
        "mode": "value_domain",
        "phrase_count": 0,
        "phrases": [],
        "projection": "webmercator_hash_v1",
        "projection_method": "webmercator_hash_v1",
        "value": 1386
      },
      "type": "Feature"
    },
    {
      "geometry": {
        "coordinates": [
          152.183096,
          -39.356055
        ],
        "type": "Point"
      },
      "properties": {
        "cipher": "Ordinal",
        "has_phrases": false,
        "mode": "value_domain",
        "phrase_count": 0,
        "phrases": [],
        "projection": "webmercator_hash_v1",
        "projection_method": "webmercator_hash_v1",
        "value": 1387
      },
      "type": "Feature"
    },
    {
      "geometry": {
        "coordinates": [
          63.040087,
          16.123027
        ],
        "type": "Point"
      },
      "properties": {
        "cipher": "Ordinal",
        "has_phrases": false,
        "mode": "value_domain",
        "phrase_count": 0,
        "phrases": [],
        "projection": "webmercator_hash_v1",
        "projection_method": "webmercator_hash_v1",
        "value": 1388
      },
      "type": "Feature"
    },
    {
      "geometry": {
        "coordinates": [
          -14.25171,
          21.20116
        ],
        "type": "Point"
      },
      "properties": {
        "cipher": "Ordinal",
        "has_phrases": false,
        "mode": "value_domain",
        "phrase_count": 0,
        "phrases": [],
        "projection": "webmercator_hash_v1",
        "projection_method": "webmercator_hash_v1",
        "value": 1389
      },
      "type": "Feature"
    },
    {
      "geometry": {
        "coordinates": [
          51.003954,
          -66.998853
        ],
        "type": "Point"
      },
      "properties": {
        "cipher": "Ordinal",
        "has_phrases": false,
        "mode": "value_domain",
        "phrase_count": 0,
        "phrases": [],
        "projection": "webmercator_hash_v1",
        "projection_method": "webmercator_hash_v1",
        "value": 1390
      },
      "type": "Feature"
    },
    {
      "geometry": {
        "coordinates": [
          135.392583,
          -80.583535
        ],
        "type": "Point"
      },
      "properties": {
        "cipher": "Ordinal",
        "has_phrases": false,
        "mode": "value_domain",
        "phrase_count": 0,
        "phrases": [],
        "projection": "webmercator_hash_v1",
        "projection_method": "webmercator_hash_v1",
        "value": 1391
      },
      "type": "Feature"
    },
    {
      "geometry": {
        "coordinates": [
          82.619465,
          45.871729
        ],
        "type": "Point"
      },
      "properties": {
        "cipher": "Ordinal",
        "has_phrases": false,
        "mode": "value_domain",
        "phrase_count": 0,
        "phrases": [],
        "projection": "webmercator_hash_v1",
        "projection_method": "webmercator_hash_v1",
        "value": 1392
      },
      "type": "Feature"
    },
    {
      "geometry": {
        "coordinates": [
          101.966117,
          -42.011012
        ],
        "type": "Point"
      },
      "properties": {
        "cipher": "Ordinal",
        "has_phrases": false,
        "mode": "value_domain",
        "phrase_count": 0,
        "phrases": [],
        "projection": "webmercator_hash_v1",
        "projection_method": "webmercator_hash_v1",
        "value": 1393
      },
      "type": "Feature"
    },
    {
      "geometry": {
        "coordinates": [
          -175.402102,
          -19.690891
        ],
        "type": "Point"
      },
      "properties": {
        "cipher": "Ordinal",
        "has_phrases": false,
        "mode": "value_domain",
        "phrase_count": 0,
        "phrases": [],
        "projection": "webmercator_hash_v1",
        "projection_method": "webmercator_hash_v1",
        "value": 1394
      },
      "type": "Feature"
    },
    {
      "geometry": {
        "coordinates": [
          -82.779922,
          -50.087166
        ],
        "type": "Point"
      },
      "properties": {
        "cipher": "Ordinal",
        "has_phrases": false,
        "mode": "value_domain",
        "phrase_count": 0,
        "phrases": [],
        "projection": "webmercator_hash_v1",
        "projection_method": "webmercator_hash_v1",
        "value": 1395
      },
      "type": "Feature"
    },
    {
      "geometry": {
        "coordinates": [
          -78.304765,
          44.125831
        ],
        "type": "Point"
      },
      "properties": {
        "cipher": "Ordinal",
        "has_phrases": false,
        "mode": "value_domain",
        "phrase_count": 0,
        "phrases": [],
        "projection": "webmercator_hash_v1",
        "projection_method": "webmercator_hash_v1",
        "value": 1396
      },
      "type": "Feature"
    },
    {
      "geometry": {
        "coordinates": [
          -159.502918,
          2.568331
        ],
        "type": "Point"
      },
      "properties": {
        "cipher": "Ordinal",
        "has_phrases": false,
        "mode": "value_domain",
        "phrase_count": 0,
        "phrases": [],
        "projection": "webmercator_hash_v1",
        "projection_method": "webmercator_hash_v1",
        "value": 1397
      },
      "type": "Feature"
    },
    {
      "geometry": {
        "coordinates": [
          -79.261278,
          -32.463226
        ],
        "type": "Point"
      },
      "properties": {
        "cipher": "Ordinal",
        "has_phrases": false,
        "mode": "value_domain",
        "phrase_count": 0,
        "phrases": [],
        "projection": "webmercator_hash_v1",
        "projection_method": "webmercator_hash_v1",
        "value": 1398
      },
      "type": "Feature"
    },
    {
      "geometry": {
        "coordinates": [
          -100.477077,
          53.3795
        ],
        "type": "Point"
      },
      "properties": {
        "cipher": "Ordinal",
        "has_phrases": false,
        "mode": "value_domain",
        "phrase_count": 0,
        "phrases": [],
        "projection": "webmercator_hash_v1",
        "projection_method": "webmercator_hash_v1",
        "value": 1399
      },
      "type": "Feature"
    },
    {
      "geometry": {
        "coordinates": [
          -71.694719,
          17.345787
        ],
        "type": "Point"
      },
      "properties": {
        "cipher": "Ordinal",
        "has_phrases": false,
        "mode": "value_domain",
        "phrase_count": 0,
        "phrases": [],
        "projection": "webmercator_hash_v1",
        "projection_method": "webmercator_hash_v1",
        "value": 1400
      },
      "type": "Feature"
    },
    {
      "geometry": {
        "coordinates": [
          -3.626701,
          60.177524
        ],
        "type": "Point"
      },
      "properties": {
        "cipher": "Ordinal",
        "has_phrases": false,
        "mode": "value_domain",
        "phrase_count": 0,
        "phrases": [],
        "projection": "webmercator_hash_v1",
        "projection_method": "webmercator_hash_v1",
        "value": 1401
      },
      "type": "Feature"
    },
    {
      "geometry": {
        "coordinates": [
          41.341614,
          35.484395
        ],
        "type": "Point"
      },
      "properties": {
        "cipher": "Ordinal",
        "has_phrases": false,
        "mode": "value_domain",
        "phrase_count": 0,
        "phrases": [],
        "projection": "webmercator_hash_v1",
        "projection_method": "webmercator_hash_v1",
        "value": 1402
      },
      "type": "Feature"
    },
    {
      "geometry": {
        "coordinates": [
          15.173225,
          65.584946
        ],
        "type": "Point"
      },
      "properties": {
        "cipher": "Ordinal",
        "has_phrases": false,
        "mode": "value_domain",
        "phrase_count": 0,
        "phrases": [],
        "projection": "webmercator_hash_v1",
        "projection_method": "webmercator_hash_v1",
        "value": 1403
      },
      "type": "Feature"
    },
    {
      "geometry": {
        "coordinates": [
          131.49655,
          -57.467568
        ],
        "type": "Point"
      },
      "properties": {
        "cipher": "Ordinal",
        "has_phrases": false,
        "mode": "value_domain",
        "phrase_count": 0,
        "phrases": [],
        "projection": "webmercator_hash_v1",
        "projection_method": "webmercator_hash_v1",
        "value": 1404
      },
      "type": "Feature"
    },
    {
      "geometry": {
        "coordinates": [
          -108.47105,
          9.125157
        ],
        "type": "Point"
      },
      "properties": {
        "cipher": "Ordinal",
        "has_phrases": false,
        "mode": "value_domain",
        "phrase_count": 0,
        "phrases": [],
        "projection": "webmercator_hash_v1",
        "projection_method": "webmercator_hash_v1",
        "value": 1405
      },
      "type": "Feature"
    },
    {
      "geometry": {
        "coordinates": [
          0.095382,
          37.107722
        ],
        "type": "Point"
      },
      "properties": {
        "cipher": "Ordinal",
        "has_phrases": false,
        "mode": "value_domain",
        "phrase_count": 0,
        "phrases": [],
        "projection": "webmercator_hash_v1",
        "projection_method": "webmercator_hash_v1",
        "value": 1406
      },
      "type": "Feature"
    },
    {
      "geometry": {
        "coordinates": [
          100.25181,
          43.330013
        ],
        "type": "Point"
      },
      "properties": {
        "cipher": "Ordinal",
        "has_phrases": false,
        "mode": "value_domain",
        "phrase_count": 0,
        "phrases": [],
        "projection": "webmercator_hash_v1",
        "projection_method": "webmercator_hash_v1",
        "value": 1407
      },
      "type": "Feature"
    },
    {
      "geometry": {
        "coordinates": [
          77.672673,
          37.307471
        ],
        "type": "Point"
      },
      "properties": {
        "cipher": "Ordinal",
        "has_phrases": false,
        "mode": "value_domain",
        "phrase_count": 0,
        "phrases": [],
        "projection": "webmercator_hash_v1",
        "projection_method": "webmercator_hash_v1",
        "value": 1408
      },
      "type": "Feature"
    },
    {
      "geometry": {
        "coordinates": [
          -29.384633,
          19.171026
        ],
        "type": "Point"
      },
      "properties": {
        "cipher": "Ordinal",
        "has_phrases": false,
        "mode": "value_domain",
        "phrase_count": 0,
        "phrases": [],
        "projection": "webmercator_hash_v1",
        "projection_method": "webmercator_hash_v1",
        "value": 1409
      },
      "type": "Feature"
    },
    {
      "geometry": {
        "coordinates": [
          177.541084,
          25.331791
        ],
        "type": "Point"
      },
      "properties": {
        "cipher": "Ordinal",
        "has_phrases": false,
        "mode": "value_domain",
        "phrase_count": 0,
        "phrases": [],
        "projection": "webmercator_hash_v1",
        "projection_method": "webmercator_hash_v1",
        "value": 1410
      },
      "type": "Feature"
    },
    {
      "geometry": {
        "coordinates": [
          -99.73352,
          -0.986863
        ],
        "type": "Point"
      },
      "properties": {
        "cipher": "Ordinal",
        "has_phrases": false,
        "mode": "value_domain",
        "phrase_count": 0,
        "phrases": [],
        "projection": "webmercator_hash_v1",
        "projection_method": "webmercator_hash_v1",
        "value": 1411
      },
      "type": "Feature"
    },
    {
      "geometry": {
        "coordinates": [
          -172.192641,
          10.934061
        ],
        "type": "Point"
      },
      "properties": {
        "cipher": "Ordinal",
        "has_phrases": false,
        "mode": "value_domain",
        "phrase_count": 0,
        "phrases": [],
        "projection": "webmercator_hash_v1",
        "projection_method": "webmercator_hash_v1",
        "value": 1412
      },
      "type": "Feature"
    },
    {
      "geometry": {
        "coordinates": [
          -137.974168,
          -48.897368
        ],
        "type": "Point"
      },
      "properties": {
        "cipher": "Ordinal",
        "has_phrases": false,
        "mode": "value_domain",
        "phrase_count": 0,
        "phrases": [],
        "projection": "webmercator_hash_v1",
        "projection_method": "webmercator_hash_v1",
        "value": 1413
      },
      "type": "Feature"
    },
    {
      "geometry": {
        "coordinates": [
          58.39666,
          -36.592315
        ],
        "type": "Point"
      },
      "properties": {
        "cipher": "Ordinal",
        "has_phrases": false,
        "mode": "value_domain",
        "phrase_count": 0,
        "phrases": [],
        "projection": "webmercator_hash_v1",
        "projection_method": "webmercator_hash_v1",
        "value": 1414
      },
      "type": "Feature"
    },
    {
      "geometry": {
        "coordinates": [
          25.094361,
          18.220877
        ],
        "type": "Point"
      },
      "properties": {
        "cipher": "Ordinal",
        "has_phrases": false,
        "mode": "value_domain",
        "phrase_count": 0,
        "phrases": [],
        "projection": "webmercator_hash_v1",
        "projection_method": "webmercator_hash_v1",
        "value": 1415
      },
      "type": "Feature"
    },
    {
      "geometry": {
        "coordinates": [
          166.423986,
          1.786242
        ],
        "type": "Point"
      },
      "properties": {
        "cipher": "Ordinal",
        "has_phrases": false,
        "mode": "value_domain",
        "phrase_count": 0,
        "phrases": [],
        "projection": "webmercator_hash_v1",
        "projection_method": "webmercator_hash_v1",
        "value": 1416
      },
      "type": "Feature"
    },
    {
      "geometry": {
        "coordinates": [
          -160.088333,
          -75.262937
        ],
        "type": "Point"
      },
      "properties": {
        "cipher": "Ordinal",
        "has_phrases": false,
        "mode": "value_domain",
        "phrase_count": 0,
        "phrases": [],
        "projection": "webmercator_hash_v1",
        "projection_method": "webmercator_hash_v1",
        "value": 1417
      },
      "type": "Feature"
    },
    {
      "geometry": {
        "coordinates": [
          133.615658,
          -3.116322
        ],
        "type": "Point"
      },
      "properties": {
        "cipher": "Ordinal",
        "has_phrases": false,
        "mode": "value_domain",
        "phrase_count": 0,
        "phrases": [],
        "projection": "webmercator_hash_v1",
        "projection_method": "webmercator_hash_v1",
        "value": 1418
      },
      "type": "Feature"
    },
    {
      "geometry": {
        "coordinates": [
          168.499282,
          -0.792526
        ],
        "type": "Point"
      },
      "properties": {
        "cipher": "Ordinal",
        "has_phrases": false,
        "mode": "value_domain",
        "phrase_count": 0,
        "phrases": [],
        "projection": "webmercator_hash_v1",
        "projection_method": "webmercator_hash_v1",
        "value": 1419
      },
      "type": "Feature"
    },
    {
      "geometry": {
        "coordinates": [
          12.40603,
          -10.965603
        ],
        "type": "Point"
      },
      "properties": {
        "cipher": "Ordinal",
        "has_phrases": false,
        "mode": "value_domain",
        "phrase_count": 0,
        "phrases": [],
        "projection": "webmercator_hash_v1",
        "projection_method": "webmercator_hash_v1",
        "value": 1420
      },
      "type": "Feature"
    },
    {
      "geometry": {
        "coordinates": [
          179.128374,
          -59.731801
        ],
        "type": "Point"
      },
      "properties": {
        "cipher": "Ordinal",
        "has_phrases": false,
        "mode": "value_domain",
        "phrase_count": 0,
        "phrases": [],
        "projection": "webmercator_hash_v1",
        "projection_method": "webmercator_hash_v1",
        "value": 1421
      },
      "type": "Feature"
    },
    {
      "geometry": {
        "coordinates": [
          -33.140504,
          73.874388
        ],
        "type": "Point"
      },
      "properties": {
        "cipher": "Ordinal",
        "has_phrases": false,
        "mode": "value_domain",
        "phrase_count": 0,
        "phrases": [],
        "projection": "webmercator_hash_v1",
        "projection_method": "webmercator_hash_v1",
        "value": 1422
      },
      "type": "Feature"
    },
    {
      "geometry": {
        "coordinates": [
          147.881802,
          47.853252
        ],
        "type": "Point"
      },
      "properties": {
        "cipher": "Ordinal",
        "has_phrases": false,
        "mode": "value_domain",
        "phrase_count": 0,
        "phrases": [],
        "projection": "webmercator_hash_v1",
        "projection_method": "webmercator_hash_v1",
        "value": 1423
      },
      "type": "Feature"
    },
    {
      "geometry": {
        "coordinates": [
          13.901144,
          -52.608015
        ],
        "type": "Point"
      },
      "properties": {
        "cipher": "Ordinal",
        "has_phrases": false,
        "mode": "value_domain",
        "phrase_count": 0,
        "phrases": [],
        "projection": "webmercator_hash_v1",
        "projection_method": "webmercator_hash_v1",
        "value": 1424
      },
      "type": "Feature"
    },
    {
      "geometry": {
        "coordinates": [
          123.862434,
          -3.303765
        ],
        "type": "Point"
      },
      "properties": {
        "cipher": "Ordinal",
        "has_phrases": false,
        "mode": "value_domain",
        "phrase_count": 0,
        "phrases": [],
        "projection": "webmercator_hash_v1",
        "projection_method": "webmercator_hash_v1",
        "value": 1425
      },
      "type": "Feature"
    },
    {
      "geometry": {
        "coordinates": [
          -136.878803,
          -17.020789
        ],
        "type": "Point"
      },
      "properties": {
        "cipher": "Ordinal",
        "has_phrases": false,
        "mode": "value_domain",
        "phrase_count": 0,
        "phrases": [],
        "projection": "webmercator_hash_v1",
        "projection_method": "webmercator_hash_v1",
        "value": 1426
      },
      "type": "Feature"
    },
    {
      "geometry": {
        "coordinates": [
          63.277258,
          26.694964
        ],
        "type": "Point"
      },
      "properties": {
        "cipher": "Ordinal",
        "has_phrases": false,
        "mode": "value_domain",
        "phrase_count": 0,
        "phrases": [],
        "projection": "webmercator_hash_v1",
        "projection_method": "webmercator_hash_v1",
        "value": 1427
      },
      "type": "Feature"
    },
    {
      "geometry": {
        "coordinates": [
          51.446059,
          43.26776
        ],
        "type": "Point"
      },
      "properties": {
        "cipher": "Ordinal",
        "has_phrases": false,
        "mode": "value_domain",
        "phrase_count": 0,
        "phrases": [],
        "projection": "webmercator_hash_v1",
        "projection_method": "webmercator_hash_v1",
        "value": 1428
      },
      "type": "Feature"
    },
    {
      "geometry": {
        "coordinates": [
          -154.57113,
          -4.713615
        ],
        "type": "Point"
      },
      "properties": {
        "cipher": "Ordinal",
        "has_phrases": false,
        "mode": "value_domain",
        "phrase_count": 0,
        "phrases": [],
        "projection": "webmercator_hash_v1",
        "projection_method": "webmercator_hash_v1",
        "value": 1429
      },
      "type": "Feature"
    },
    {
      "geometry": {
        "coordinates": [
          -142.617057,
          -43.270775
        ],
        "type": "Point"
      },
      "properties": {
        "cipher": "Ordinal",
        "has_phrases": false,
        "mode": "value_domain",
        "phrase_count": 0,
        "phrases": [],
        "projection": "webmercator_hash_v1",
        "projection_method": "webmercator_hash_v1",
        "value": 1430
      },
      "type": "Feature"
    },
    {
      "geometry": {
        "coordinates": [
          117.318778,
          -29.919758
        ],
        "type": "Point"
      },
      "properties": {
        "cipher": "Ordinal",
        "has_phrases": false,
        "mode": "value_domain",
        "phrase_count": 0,
        "phrases": [],
        "projection": "webmercator_hash_v1",
        "projection_method": "webmercator_hash_v1",
        "value": 1431
      },
      "type": "Feature"
    },
    {
      "geometry": {
        "coordinates": [
          -13.588311,
          3.372177
        ],
        "type": "Point"
      },
      "properties": {
        "cipher": "Ordinal",
        "has_phrases": false,
        "mode": "value_domain",
        "phrase_count": 0,
        "phrases": [],
        "projection": "webmercator_hash_v1",
        "projection_method": "webmercator_hash_v1",
        "value": 1432
      },
      "type": "Feature"
    },
    {
      "geometry": {
        "coordinates": [
          -105.33844,
          -68.545971
        ],
        "type": "Point"
      },
      "properties": {
        "cipher": "Ordinal",
        "has_phrases": false,
        "mode": "value_domain",
        "phrase_count": 0,
        "phrases": [],
        "projection": "webmercator_hash_v1",
        "projection_method": "webmercator_hash_v1",
        "value": 1433
      },
      "type": "Feature"
    },
    {
      "geometry": {
        "coordinates": [
          -179.414618,
          -79.146055
        ],
        "type": "Point"
      },
      "properties": {
        "cipher": "Ordinal",
        "has_phrases": false,
        "mode": "value_domain",
        "phrase_count": 0,
        "phrases": [],
        "projection": "webmercator_hash_v1",
        "projection_method": "webmercator_hash_v1",
        "value": 1434
      },
      "type": "Feature"
    },
    {
      "geometry": {
        "coordinates": [
          7.762814,
          41.837924
        ],
        "type": "Point"
      },
      "properties": {
        "cipher": "Ordinal",
        "has_phrases": false,
        "mode": "value_domain",
        "phrase_count": 0,
        "phrases": [],
        "projection": "webmercator_hash_v1",
        "projection_method": "webmercator_hash_v1",
        "value": 1435
      },
      "type": "Feature"
    },
    {
      "geometry": {
        "coordinates": [
          -62.128183,
          -16.729159
        ],
        "type": "Point"
      },
      "properties": {
        "cipher": "Ordinal",
        "has_phrases": false,
        "mode": "value_domain",
        "phrase_count": 0,
        "phrases": [],
        "projection": "webmercator_hash_v1",
        "projection_method": "webmercator_hash_v1",
        "value": 1436
      },
      "type": "Feature"
    },
    {
      "geometry": {
        "coordinates": [
          95.863407,
          -49.821105
        ],
        "type": "Point"
      },
      "properties": {
        "cipher": "Ordinal",
        "has_phrases": false,
        "mode": "value_domain",
        "phrase_count": 0,
        "phrases": [],
        "projection": "webmercator_hash_v1",
        "projection_method": "webmercator_hash_v1",
        "value": 1437
      },
      "type": "Feature"
    },
    {
      "geometry": {
        "coordinates": [
          -111.658336,
          27.86793
        ],
        "type": "Point"
      },
      "properties": {
        "cipher": "Ordinal",
        "has_phrases": false,
        "mode": "value_domain",
        "phrase_count": 0,
        "phrases": [],
        "projection": "webmercator_hash_v1",
        "projection_method": "webmercator_hash_v1",
        "value": 1438
      },
      "type": "Feature"
    },
    {
      "geometry": {
        "coordinates": [
          -18.767287,
          67.56251
        ],
        "type": "Point"
      },
      "properties": {
        "cipher": "Ordinal",
        "has_phrases": false,
        "mode": "value_domain",
        "phrase_count": 0,
        "phrases": [],
        "projection": "webmercator_hash_v1",
        "projection_method": "webmercator_hash_v1",
        "value": 1439
      },
      "type": "Feature"
    },
    {
      "geometry": {
        "coordinates": [
          156.915642,
          80.358886
        ],
        "type": "Point"
      },
      "properties": {
        "cipher": "Ordinal",
        "has_phrases": false,
        "mode": "value_domain",
        "phrase_count": 0,
        "phrases": [],
        "projection": "webmercator_hash_v1",
        "projection_method": "webmercator_hash_v1",
        "value": 1440
      },
      "type": "Feature"
    },
    {
      "geometry": {
        "coordinates": [
          150.887348,
          37.80553
        ],
        "type": "Point"
      },
      "properties": {
        "cipher": "Ordinal",
        "has_phrases": false,
        "mode": "value_domain",
        "phrase_count": 0,
        "phrases": [],
        "projection": "webmercator_hash_v1",
        "projection_method": "webmercator_hash_v1",
        "value": 1441
      },
      "type": "Feature"
    },
    {
      "geometry": {
        "coordinates": [
          99.784796,
          -36.692874
        ],
        "type": "Point"
      },
      "properties": {
        "cipher": "Ordinal",
        "has_phrases": false,
        "mode": "value_domain",
        "phrase_count": 0,
        "phrases": [],
        "projection": "webmercator_hash_v1",
        "projection_method": "webmercator_hash_v1",
        "value": 1442
      },
      "type": "Feature"
    },
    {
      "geometry": {
        "coordinates": [
          -163.316722,
          27.794751
        ],
        "type": "Point"
      },
      "properties": {
        "cipher": "Ordinal",
        "has_phrases": false,
        "mode": "value_domain",
        "phrase_count": 0,
        "phrases": [],
        "projection": "webmercator_hash_v1",
        "projection_method": "webmercator_hash_v1",
        "value": 1443
      },
      "type": "Feature"
    },
    {
      "geometry": {
        "coordinates": [
          -74.669563,
          40.914112
        ],
        "type": "Point"
      },
      "properties": {
        "cipher": "Ordinal",
        "has_phrases": false,
        "mode": "value_domain",
        "phrase_count": 0,
        "phrases": [],
        "projection": "webmercator_hash_v1",
        "projection_method": "webmercator_hash_v1",
        "value": 1444
      },
      "type": "Feature"
    },
    {
      "geometry": {
        "coordinates": [
          6.350285,
          -7.365425
        ],
        "type": "Point"
      },
      "properties": {
        "cipher": "Ordinal",
        "has_phrases": false,
        "mode": "value_domain",
        "phrase_count": 0,
        "phrases": [],
        "projection": "webmercator_hash_v1",
        "projection_method": "webmercator_hash_v1",
        "value": 1445
      },
      "type": "Feature"
    },
    {
      "geometry": {
        "coordinates": [
          -86.975026,
          3.060802
        ],
        "type": "Point"
      },
      "properties": {
        "cipher": "Ordinal",
        "has_phrases": false,
        "mode": "value_domain",
        "phrase_count": 0,
        "phrases": [],
        "projection": "webmercator_hash_v1",
        "projection_method": "webmercator_hash_v1",
        "value": 1446
      },
      "type": "Feature"
    },
    {
      "geometry": {
        "coordinates": [
          -78.415093,
          -70.282877
        ],
        "type": "Point"
      },
      "properties": {
        "cipher": "Ordinal",
        "has_phrases": false,
        "mode": "value_domain",
        "phrase_count": 0,
        "phrases": [],
        "projection": "webmercator_hash_v1",
        "projection_method": "webmercator_hash_v1",
        "value": 1447
      },
      "type": "Feature"
    },
    {
      "geometry": {
        "coordinates": [
          -88.533916,
          -16.446779
        ],
        "type": "Point"
      },
      "properties": {
        "cipher": "Ordinal",
        "has_phrases": false,
        "mode": "value_domain",
        "phrase_count": 0,
        "phrases": [],
        "projection": "webmercator_hash_v1",
        "projection_method": "webmercator_hash_v1",
        "value": 1448
      },
      "type": "Feature"
    },
    {
      "geometry": {
        "coordinates": [
          163.118494,
          -31.125776
        ],
        "type": "Point"
      },
      "properties": {
        "cipher": "Ordinal",
        "has_phrases": false,
        "mode": "value_domain",
        "phrase_count": 0,
        "phrases": [],
        "projection": "webmercator_hash_v1",
        "projection_method": "webmercator_hash_v1",
        "value": 1449
      },
      "type": "Feature"
    },
    {
      "geometry": {
        "coordinates": [
          24.261664,
          45.838301
        ],
        "type": "Point"
      },
      "properties": {
        "cipher": "Ordinal",
        "has_phrases": false,
        "mode": "value_domain",
        "phrase_count": 0,
        "phrases": [],
        "projection": "webmercator_hash_v1",
        "projection_method": "webmercator_hash_v1",
        "value": 1450
      },
      "type": "Feature"
    },
    {
      "geometry": {
        "coordinates": [
          29.861466,
          19.695845
        ],
        "type": "Point"
      },
      "properties": {
        "cipher": "Ordinal",
        "has_phrases": false,
        "mode": "value_domain",
        "phrase_count": 0,
        "phrases": [],
        "projection": "webmercator_hash_v1",
        "projection_method": "webmercator_hash_v1",
        "value": 1451
      },
      "type": "Feature"
    },
    {
      "geometry": {
        "coordinates": [
          135.710453,
          -47.969853
        ],
        "type": "Point"
      },
      "properties": {
        "cipher": "Ordinal",
        "has_phrases": false,
        "mode": "value_domain",
        "phrase_count": 0,
        "phrases": [],
        "projection": "webmercator_hash_v1",
        "projection_method": "webmercator_hash_v1",
        "value": 1452
      },
      "type": "Feature"
    },
    {
      "geometry": {
        "coordinates": [
          -23.037663,
          -24.056209
        ],
        "type": "Point"
      },
      "properties": {
        "cipher": "Ordinal",
        "has_phrases": false,
        "mode": "value_domain",
        "phrase_count": 0,
        "phrases": [],
        "projection": "webmercator_hash_v1",
        "projection_method": "webmercator_hash_v1",
        "value": 1453
      },
      "type": "Feature"
    },
    {
      "geometry": {
        "coordinates": [
          179.252634,
          -20.335044
        ],
        "type": "Point"
      },
      "properties": {
        "cipher": "Ordinal",
        "has_phrases": false,
        "mode": "value_domain",
        "phrase_count": 0,
        "phrases": [],
        "projection": "webmercator_hash_v1",
        "projection_method": "webmercator_hash_v1",
        "value": 1454
      },
      "type": "Feature"
    },
    {
      "geometry": {
        "coordinates": [
          -38.488974,
          11.544356
        ],
        "type": "Point"
      },
      "properties": {
        "cipher": "Ordinal",
        "has_phrases": false,
        "mode": "value_domain",
        "phrase_count": 0,
        "phrases": [],
        "projection": "webmercator_hash_v1",
        "projection_method": "webmercator_hash_v1",
        "value": 1455
      },
      "type": "Feature"
    },
    {
      "geometry": {
        "coordinates": [
          83.753895,
          9.343185
        ],
        "type": "Point"
      },
      "properties": {
        "cipher": "Ordinal",
        "has_phrases": false,
        "mode": "value_domain",
        "phrase_count": 0,
        "phrases": [],
        "projection": "webmercator_hash_v1",
        "projection_method": "webmercator_hash_v1",
        "value": 1456
      },
      "type": "Feature"
    },
    {
      "geometry": {
        "coordinates": [
          120.487421,
          -39.609081
        ],
        "type": "Point"
      },
      "properties": {
        "cipher": "Ordinal",
        "has_phrases": false,
        "mode": "value_domain",
        "phrase_count": 0,
        "phrases": [],
        "projection": "webmercator_hash_v1",
        "projection_method": "webmercator_hash_v1",
        "value": 1457
      },
      "type": "Feature"
    },
    {
      "geometry": {
        "coordinates": [
          24.308002,
          -65.783797
        ],
        "type": "Point"
      },
      "properties": {
        "cipher": "Ordinal",
        "has_phrases": false,
        "mode": "value_domain",
        "phrase_count": 0,
        "phrases": [],
        "projection": "webmercator_hash_v1",
        "projection_method": "webmercator_hash_v1",
        "value": 1458
      },
      "type": "Feature"
    },
    {
      "geometry": {
        "coordinates": [
          -103.139965,
          71.088878
        ],
        "type": "Point"
      },
      "properties": {
        "cipher": "Ordinal",
        "has_phrases": false,
        "mode": "value_domain",
        "phrase_count": 0,
        "phrases": [],
        "projection": "webmercator_hash_v1",
        "projection_method": "webmercator_hash_v1",
        "value": 1459
      },
      "type": "Feature"
    },
    {
      "geometry": {
        "coordinates": [
          -78.11575,
          6.582418
        ],
        "type": "Point"
      },
      "properties": {
        "cipher": "Ordinal",
        "has_phrases": false,
        "mode": "value_domain",
        "phrase_count": 0,
        "phrases": [],
        "projection": "webmercator_hash_v1",
        "projection_method": "webmercator_hash_v1",
        "value": 1460
      },
      "type": "Feature"
    },
    {
      "geometry": {
        "coordinates": [
          -151.978311,
          -0.908375
        ],
        "type": "Point"
      },
      "properties": {
        "cipher": "Ordinal",
        "has_phrases": false,
        "mode": "value_domain",
        "phrase_count": 0,
        "phrases": [],
        "projection": "webmercator_hash_v1",
        "projection_method": "webmercator_hash_v1",
        "value": 1461
      },
      "type": "Feature"
    },
    {
      "geometry": {
        "coordinates": [
          -118.779073,
          -24.890554
        ],
        "type": "Point"
      },
      "properties": {
        "cipher": "Ordinal",
        "has_phrases": false,
        "mode": "value_domain",
        "phrase_count": 0,
        "phrases": [],
        "projection": "webmercator_hash_v1",
        "projection_method": "webmercator_hash_v1",
        "value": 1462
      },
      "type": "Feature"
    },
    {
      "geometry": {
        "coordinates": [
          -137.619762,
          17.95462
        ],
        "type": "Point"
      },
      "properties": {
        "cipher": "Ordinal",
        "has_phrases": false,
        "mode": "value_domain",
        "phrase_count": 0,
        "phrases": [],
        "projection": "webmercator_hash_v1",
        "projection_method": "webmercator_hash_v1",
        "value": 1463
      },
      "type": "Feature"
    },
    {
      "geometry": {
        "coordinates": [
          157.291809,
          70.546267
        ],
        "type": "Point"
      },
      "properties": {
        "cipher": "Ordinal",
        "has_phrases": false,
        "mode": "value_domain",
        "phrase_count": 0,
        "phrases": [],
        "projection": "webmercator_hash_v1",
        "projection_method": "webmercator_hash_v1",
        "value": 1464
      },
      "type": "Feature"
    },
    {
      "geometry": {
        "coordinates": [
          -142.545947,
          84.282256
        ],
        "type": "Point"
      },
      "properties": {
        "cipher": "Ordinal",
        "has_phrases": false,
        "mode": "value_domain",
        "phrase_count": 0,
        "phrases": [],
        "projection": "webmercator_hash_v1",
        "projection_method": "webmercator_hash_v1",
        "value": 1465
      },
      "type": "Feature"
    },
    {
      "geometry": {
        "coordinates": [
          83.869902,
          11.877488
        ],
        "type": "Point"
      },
      "properties": {
        "cipher": "Ordinal",
        "has_phrases": false,
        "mode": "value_domain",
        "phrase_count": 0,
        "phrases": [],
        "projection": "webmercator_hash_v1",
        "projection_method": "webmercator_hash_v1",
        "value": 1466
      },
      "type": "Feature"
    },
    {
      "geometry": {
        "coordinates": [
          52.399798,
          -25.69717
        ],
        "type": "Point"
      },
      "properties": {
        "cipher": "Ordinal",
        "has_phrases": false,
        "mode": "value_domain",
        "phrase_count": 0,
        "phrases": [],
        "projection": "webmercator_hash_v1",
        "projection_method": "webmercator_hash_v1",
        "value": 1467
      },
      "type": "Feature"
    },
    {
      "geometry": {
        "coordinates": [
          31.705105,
          -44.480231
        ],
        "type": "Point"
      },
      "properties": {
        "cipher": "Ordinal",
        "has_phrases": false,
        "mode": "value_domain",
        "phrase_count": 0,
        "phrases": [],
        "projection": "webmercator_hash_v1",
        "projection_method": "webmercator_hash_v1",
        "value": 1468
      },
      "type": "Feature"
    },
    {
      "geometry": {
        "coordinates": [
          24.840984,
          -26.859549
        ],
        "type": "Point"
      },
      "properties": {
        "cipher": "Ordinal",
        "has_phrases": false,
        "mode": "value_domain",
        "phrase_count": 0,
        "phrases": [],
        "projection": "webmercator_hash_v1",
        "projection_method": "webmercator_hash_v1",
        "value": 1469
      },
      "type": "Feature"
    },
    {
      "geometry": {
        "coordinates": [
          64.048074,
          -62.83208
        ],
        "type": "Point"
      },
      "properties": {
        "cipher": "Ordinal",
        "has_phrases": false,
        "mode": "value_domain",
        "phrase_count": 0,
        "phrases": [],
        "projection": "webmercator_hash_v1",
        "projection_method": "webmercator_hash_v1",
        "value": 1470
      },
      "type": "Feature"
    },
    {
      "geometry": {
        "coordinates": [
          32.448669,
          -28.176068
        ],
        "type": "Point"
      },
      "properties": {
        "cipher": "Ordinal",
        "has_phrases": false,
        "mode": "value_domain",
        "phrase_count": 0,
        "phrases": [],
        "projection": "webmercator_hash_v1",
        "projection_method": "webmercator_hash_v1",
        "value": 1471
      },
      "type": "Feature"
    },
    {
      "geometry": {
        "coordinates": [
          20.742364,
          -66.639416
        ],
        "type": "Point"
      },
      "properties": {
        "cipher": "Ordinal",
        "has_phrases": false,
        "mode": "value_domain",
        "phrase_count": 0,
        "phrases": [],
        "projection": "webmercator_hash_v1",
        "projection_method": "webmercator_hash_v1",
        "value": 1472
      },
      "type": "Feature"
    },
    {
      "geometry": {
        "coordinates": [
          70.220998,
          49.693226
        ],
        "type": "Point"
      },
      "properties": {
        "cipher": "Ordinal",
        "has_phrases": false,
        "mode": "value_domain",
        "phrase_count": 0,
        "phrases": [],
        "projection": "webmercator_hash_v1",
        "projection_method": "webmercator_hash_v1",
        "value": 1473
      },
      "type": "Feature"
    },
    {
      "geometry": {
        "coordinates": [
          -135.874757,
          -49.015165
        ],
        "type": "Point"
      },
      "properties": {
        "cipher": "Ordinal",
        "has_phrases": false,
        "mode": "value_domain",
        "phrase_count": 0,
        "phrases": [],
        "projection": "webmercator_hash_v1",
        "projection_method": "webmercator_hash_v1",
        "value": 1474
      },
      "type": "Feature"
    },
    {
      "geometry": {
        "coordinates": [
          66.75692,
          14.123511
        ],
        "type": "Point"
      },
      "properties": {
        "cipher": "Ordinal",
        "has_phrases": false,
        "mode": "value_domain",
        "phrase_count": 0,
        "phrases": [],
        "projection": "webmercator_hash_v1",
        "projection_method": "webmercator_hash_v1",
        "value": 1475
      },
      "type": "Feature"
    },
    {
      "geometry": {
        "coordinates": [
          -57.637939,
          -40.402361
        ],
        "type": "Point"
      },
      "properties": {
        "cipher": "Ordinal",
        "has_phrases": false,
        "mode": "value_domain",
        "phrase_count": 0,
        "phrases": [],
        "projection": "webmercator_hash_v1",
        "projection_method": "webmercator_hash_v1",
        "value": 1476
      },
      "type": "Feature"
    },
    {
      "geometry": {
        "coordinates": [
          -2.514747,
          -10.121653
        ],
        "type": "Point"
      },
      "properties": {
        "cipher": "Ordinal",
        "has_phrases": false,
        "mode": "value_domain",
        "phrase_count": 0,
        "phrases": [],
        "projection": "webmercator_hash_v1",
        "projection_method": "webmercator_hash_v1",
        "value": 1477
      },
      "type": "Feature"
    },
    {
      "geometry": {
        "coordinates": [
          7.814402,
          -38.354623
        ],
        "type": "Point"
      },
      "properties": {
        "cipher": "Ordinal",
        "has_phrases": false,
        "mode": "value_domain",
        "phrase_count": 0,
        "phrases": [],
        "projection": "webmercator_hash_v1",
        "projection_method": "webmercator_hash_v1",
        "value": 1478
      },
      "type": "Feature"
    },
    {
      "geometry": {
        "coordinates": [
          83.406266,
          36.731695
        ],
        "type": "Point"
      },
      "properties": {
        "cipher": "Ordinal",
        "has_phrases": false,
        "mode": "value_domain",
        "phrase_count": 0,
        "phrases": [],
        "projection": "webmercator_hash_v1",
        "projection_method": "webmercator_hash_v1",
        "value": 1479
      },
      "type": "Feature"
    },
    {
      "geometry": {
        "coordinates": [
          82.941152,
          -17.950157
        ],
        "type": "Point"
      },
      "properties": {
        "cipher": "Ordinal",
        "has_phrases": false,
        "mode": "value_domain",
        "phrase_count": 0,
        "phrases": [],
        "projection": "webmercator_hash_v1",
        "projection_method": "webmercator_hash_v1",
        "value": 1480
      },
      "type": "Feature"
    },
    {
      "geometry": {
        "coordinates": [
          130.560883,
          -49.281397
        ],
        "type": "Point"
      },
      "properties": {
        "cipher": "Ordinal",
        "has_phrases": false,
        "mode": "value_domain",
        "phrase_count": 0,
        "phrases": [],
        "projection": "webmercator_hash_v1",
        "projection_method": "webmercator_hash_v1",
        "value": 1481
      },
      "type": "Feature"
    },
    {
      "geometry": {
        "coordinates": [
          -146.115487,
          13.157267
        ],
        "type": "Point"
      },
      "properties": {
        "cipher": "Ordinal",
        "has_phrases": false,
        "mode": "value_domain",
        "phrase_count": 0,
        "phrases": [],
        "projection": "webmercator_hash_v1",
        "projection_method": "webmercator_hash_v1",
        "value": 1482
      },
      "type": "Feature"
    },
    {
      "geometry": {
        "coordinates": [
          -18.770155,
          4.659262
        ],
        "type": "Point"
      },
      "properties": {
        "cipher": "Ordinal",
        "has_phrases": false,
        "mode": "value_domain",
        "phrase_count": 0,
        "phrases": [],
        "projection": "webmercator_hash_v1",
        "projection_method": "webmercator_hash_v1",
        "value": 1483
      },
      "type": "Feature"
    },
    {
      "geometry": {
        "coordinates": [
          47.271646,
          13.179158
        ],
        "type": "Point"
      },
      "properties": {
        "cipher": "Ordinal",
        "has_phrases": false,
        "mode": "value_domain",
        "phrase_count": 0,
        "phrases": [],
        "projection": "webmercator_hash_v1",
        "projection_method": "webmercator_hash_v1",
        "value": 1484
      },
      "type": "Feature"
    },
    {
      "geometry": {
        "coordinates": [
          76.072176,
          -26.968576
        ],
        "type": "Point"
      },
      "properties": {
        "cipher": "Ordinal",
        "has_phrases": false,
        "mode": "value_domain",
        "phrase_count": 0,
        "phrases": [],
        "projection": "webmercator_hash_v1",
        "projection_method": "webmercator_hash_v1",
        "value": 1485
      },
      "type": "Feature"
    },
    {
      "geometry": {
        "coordinates": [
          77.227184,
          28.709439
        ],
        "type": "Point"
      },
      "properties": {
        "cipher": "Ordinal",
        "has_phrases": false,
        "mode": "value_domain",
        "phrase_count": 0,
        "phrases": [],
        "projection": "webmercator_hash_v1",
        "projection_method": "webmercator_hash_v1",
        "value": 1486
      },
      "type": "Feature"
    },
    {
      "geometry": {
        "coordinates": [
          -53.634911,
          -60.961129
        ],
        "type": "Point"
      },
      "properties": {
        "cipher": "Ordinal",
        "has_phrases": false,
        "mode": "value_domain",
        "phrase_count": 0,
        "phrases": [],
        "projection": "webmercator_hash_v1",
        "projection_method": "webmercator_hash_v1",
        "value": 1487
      },
      "type": "Feature"
    },
    {
      "geometry": {
        "coordinates": [
          67.169645,
          43.541177
        ],
        "type": "Point"
      },
      "properties": {
        "cipher": "Ordinal",
        "has_phrases": false,
        "mode": "value_domain",
        "phrase_count": 0,
        "phrases": [],
        "projection": "webmercator_hash_v1",
        "projection_method": "webmercator_hash_v1",
        "value": 1488
      },
      "type": "Feature"
    },
    {
      "geometry": {
        "coordinates": [
          -72.246704,
          79.065977
        ],
        "type": "Point"
      },
      "properties": {
        "cipher": "Ordinal",
        "has_phrases": false,
        "mode": "value_domain",
        "phrase_count": 0,
        "phrases": [],
        "projection": "webmercator_hash_v1",
        "projection_method": "webmercator_hash_v1",
        "value": 1489
      },
      "type": "Feature"
    },
    {
      "geometry": {
        "coordinates": [
          136.934378,
          19.099355
        ],
        "type": "Point"
      },
      "properties": {
        "cipher": "Ordinal",
        "has_phrases": false,
        "mode": "value_domain",
        "phrase_count": 0,
        "phrases": [],
        "projection": "webmercator_hash_v1",
        "projection_method": "webmercator_hash_v1",
        "value": 1490
      },
      "type": "Feature"
    },
    {
      "geometry": {
        "coordinates": [
          -137.004727,
          65.814911
        ],
        "type": "Point"
      },
      "properties": {
        "cipher": "Ordinal",
        "has_phrases": false,
        "mode": "value_domain",
        "phrase_count": 0,
        "phrases": [],
        "projection": "webmercator_hash_v1",
        "projection_method": "webmercator_hash_v1",
        "value": 1491
      },
      "type": "Feature"
    },
    {
      "geometry": {
        "coordinates": [
          -13.595074,
          31.534799
        ],
        "type": "Point"
      },
      "properties": {
        "cipher": "Ordinal",
        "has_phrases": false,
        "mode": "value_domain",
        "phrase_count": 0,
        "phrases": [],
        "projection": "webmercator_hash_v1",
        "projection_method": "webmercator_hash_v1",
        "value": 1492
      },
      "type": "Feature"
    },
    {
      "geometry": {
        "coordinates": [
          66.412348,
          31.922444
        ],
        "type": "Point"
      },
      "properties": {
        "cipher": "Ordinal",
        "has_phrases": false,
        "mode": "value_domain",
        "phrase_count": 0,
        "phrases": [],
        "projection": "webmercator_hash_v1",
        "projection_method": "webmercator_hash_v1",
        "value": 1493
      },
      "type": "Feature"
    },
    {
      "geometry": {
        "coordinates": [
          74.504967,
          -14.825669
        ],
        "type": "Point"
      },
      "properties": {
        "cipher": "Ordinal",
        "has_phrases": false,
        "mode": "value_domain",
        "phrase_count": 0,
        "phrases": [],
        "projection": "webmercator_hash_v1",
        "projection_method": "webmercator_hash_v1",
        "value": 1494
      },
      "type": "Feature"
    },
    {
      "geometry": {
        "coordinates": [
          -175.662372,
          62.908829
        ],
        "type": "Point"
      },
      "properties": {
        "cipher": "Ordinal",
        "has_phrases": false,
        "mode": "value_domain",
        "phrase_count": 0,
        "phrases": [],
        "projection": "webmercator_hash_v1",
        "projection_method": "webmercator_hash_v1",
        "value": 1495
      },
      "type": "Feature"
    },
    {
      "geometry": {
        "coordinates": [
          -57.376878,
          41.302844
        ],
        "type": "Point"
      },
      "properties": {
        "cipher": "Ordinal",
        "has_phrases": false,
        "mode": "value_domain",
        "phrase_count": 0,
        "phrases": [],
        "projection": "webmercator_hash_v1",
        "projection_method": "webmercator_hash_v1",
        "value": 1496
      },
      "type": "Feature"
    },
    {
      "geometry": {
        "coordinates": [
          80.802744,
          7.379614
        ],
        "type": "Point"
      },
      "properties": {
        "cipher": "Ordinal",
        "has_phrases": false,
        "mode": "value_domain",
        "phrase_count": 0,
        "phrases": [],
        "projection": "webmercator_hash_v1",
        "projection_method": "webmercator_hash_v1",
        "value": 1497
      },
      "type": "Feature"
    },
    {
      "geometry": {
        "coordinates": [
          -98.82737,
          7.188948
        ],
        "type": "Point"
      },
      "properties": {
        "cipher": "Ordinal",
        "has_phrases": false,
        "mode": "value_domain",
        "phrase_count": 0,
        "phrases": [],
        "projection": "webmercator_hash_v1",
        "projection_method": "webmercator_hash_v1",
        "value": 1498
      },
      "type": "Feature"
    },
    {
      "geometry": {
        "coordinates": [
          178.543318,
          -28.844333
        ],
        "type": "Point"
      },
      "properties": {
        "cipher": "Ordinal",
        "has_phrases": false,
        "mode": "value_domain",
        "phrase_count": 0,
        "phrases": [],
        "projection": "webmercator_hash_v1",
        "projection_method": "webmercator_hash_v1",
        "value": 1499
      },
      "type": "Feature"
    },
    {
      "geometry": {
        "coordinates": [
          -136.972515,
          -36.563556
        ],
        "type": "Point"
      },
      "properties": {
        "cipher": "Ordinal",
        "has_phrases": false,
        "mode": "value_domain",
        "phrase_count": 0,
        "phrases": [],
        "projection": "webmercator_hash_v1",
        "projection_method": "webmercator_hash_v1",
        "value": 1500
      },
      "type": "Feature"
    },
    {
      "geometry": {
        "coordinates": [
          -139.332819,
          -65.71831
        ],
        "type": "Point"
      },
      "properties": {
        "cipher": "Ordinal",
        "has_phrases": false,
        "mode": "value_domain",
        "phrase_count": 0,
        "phrases": [],
        "projection": "webmercator_hash_v1",
        "projection_method": "webmercator_hash_v1",
        "value": 1501
      },
      "type": "Feature"
    },
    {
      "geometry": {
        "coordinates": [
          -42.326304,
          -52.84553
        ],
        "type": "Point"
      },
      "properties": {
        "cipher": "Ordinal",
        "has_phrases": false,
        "mode": "value_domain",
        "phrase_count": 0,
        "phrases": [],
        "projection": "webmercator_hash_v1",
        "projection_method": "webmercator_hash_v1",
        "value": 1502
      },
      "type": "Feature"
    },
    {
      "geometry": {
        "coordinates": [
          117.067888,
          66.004615
        ],
        "type": "Point"
      },
      "properties": {
        "cipher": "Ordinal",
        "has_phrases": false,
        "mode": "value_domain",
        "phrase_count": 0,
        "phrases": [],
        "projection": "webmercator_hash_v1",
        "projection_method": "webmercator_hash_v1",
        "value": 1503
      },
      "type": "Feature"
    },
    {
      "geometry": {
        "coordinates": [
          -165.846696,
          37.320765
        ],
        "type": "Point"
      },
      "properties": {
        "cipher": "Ordinal",
        "has_phrases": false,
        "mode": "value_domain",
        "phrase_count": 0,
        "phrases": [],
        "projection": "webmercator_hash_v1",
        "projection_method": "webmercator_hash_v1",
        "value": 1504
      },
      "type": "Feature"
    },
    {
      "geometry": {
        "coordinates": [
          -39.14179,
          39.523925
        ],
        "type": "Point"
      },
      "properties": {
        "cipher": "Ordinal",
        "has_phrases": false,
        "mode": "value_domain",
        "phrase_count": 0,
        "phrases": [],
        "projection": "webmercator_hash_v1",
        "projection_method": "webmercator_hash_v1",
        "value": 1505
      },
      "type": "Feature"
    },
    {
      "geometry": {
        "coordinates": [
          -113.286674,
          50.930553
        ],
        "type": "Point"
      },
      "properties": {
        "cipher": "Ordinal",
        "has_phrases": false,
        "mode": "value_domain",
        "phrase_count": 0,
        "phrases": [],
        "projection": "webmercator_hash_v1",
        "projection_method": "webmercator_hash_v1",
        "value": 1506
      },
      "type": "Feature"
    },
    {
      "geometry": {
        "coordinates": [
          -163.425604,
          -26.379361
        ],
        "type": "Point"
      },
      "properties": {
        "cipher": "Ordinal",
        "has_phrases": false,
        "mode": "value_domain",
        "phrase_count": 0,
        "phrases": [],
        "projection": "webmercator_hash_v1",
        "projection_method": "webmercator_hash_v1",
        "value": 1507
      },
      "type": "Feature"
    },
    {
      "geometry": {
        "coordinates": [
          -119.574682,
          37.11357
        ],
        "type": "Point"
      },
      "properties": {
        "cipher": "Ordinal",
        "has_phrases": false,
        "mode": "value_domain",
        "phrase_count": 0,
        "phrases": [],
        "projection": "webmercator_hash_v1",
        "projection_method": "webmercator_hash_v1",
        "value": 1508
      },
      "type": "Feature"
    },
    {
      "geometry": {
        "coordinates": [
          -116.609687,
          -26.055913
        ],
        "type": "Point"
      },
      "properties": {
        "cipher": "Ordinal",
        "has_phrases": false,
        "mode": "value_domain",
        "phrase_count": 0,
        "phrases": [],
        "projection": "webmercator_hash_v1",
        "projection_method": "webmercator_hash_v1",
        "value": 1509
      },
      "type": "Feature"
    },
    {
      "geometry": {
        "coordinates": [
          101.330757,
          14.546714
        ],
        "type": "Point"
      },
      "properties": {
        "cipher": "Ordinal",
        "has_phrases": false,
        "mode": "value_domain",
        "phrase_count": 0,
        "phrases": [],
        "projection": "webmercator_hash_v1",
        "projection_method": "webmercator_hash_v1",
        "value": 1510
      },
      "type": "Feature"
    },
    {
      "geometry": {
        "coordinates": [
          46.776724,
          -16.705226
        ],
        "type": "Point"
      },
      "properties": {
        "cipher": "Ordinal",
        "has_phrases": false,
        "mode": "value_domain",
        "phrase_count": 0,
        "phrases": [],
        "projection": "webmercator_hash_v1",
        "projection_method": "webmercator_hash_v1",
        "value": 1511
      },
      "type": "Feature"
    },
    {
      "geometry": {
        "coordinates": [
          -86.188373,
          -46.284568
        ],
        "type": "Point"
      },
      "properties": {
        "cipher": "Ordinal",
        "has_phrases": false,
        "mode": "value_domain",
        "phrase_count": 0,
        "phrases": [],
        "projection": "webmercator_hash_v1",
        "projection_method": "webmercator_hash_v1",
        "value": 1512
      },
      "type": "Feature"
    },
    {
      "geometry": {
        "coordinates": [
          -94.081134,
          -45.881652
        ],
        "type": "Point"
      },
      "properties": {
        "cipher": "Ordinal",
        "has_phrases": false,
        "mode": "value_domain",
        "phrase_count": 0,
        "phrases": [],
        "projection": "webmercator_hash_v1",
        "projection_method": "webmercator_hash_v1",
        "value": 1513
      },
      "type": "Feature"
    },
    {
      "geometry": {
        "coordinates": [
          -177.686372,
          -59.360014
        ],
        "type": "Point"
      },
      "properties": {
        "cipher": "Ordinal",
        "has_phrases": false,
        "mode": "value_domain",
        "phrase_count": 0,
        "phrases": [],
        "projection": "webmercator_hash_v1",
        "projection_method": "webmercator_hash_v1",
        "value": 1514
      },
      "type": "Feature"
    },
    {
      "geometry": {
        "coordinates": [
          -93.146619,
          -8.575512
        ],
        "type": "Point"
      },
      "properties": {
        "cipher": "Ordinal",
        "has_phrases": false,
        "mode": "value_domain",
        "phrase_count": 0,
        "phrases": [],
        "projection": "webmercator_hash_v1",
        "projection_method": "webmercator_hash_v1",
        "value": 1515
      },
      "type": "Feature"
    },
    {
      "geometry": {
        "coordinates": [
          93.874315,
          11.171632
        ],
        "type": "Point"
      },
      "properties": {
        "cipher": "Ordinal",
        "has_phrases": false,
        "mode": "value_domain",
        "phrase_count": 0,
        "phrases": [],
        "projection": "webmercator_hash_v1",
        "projection_method": "webmercator_hash_v1",
        "value": 1516
      },
      "type": "Feature"
    },
    {
      "geometry": {
        "coordinates": [
          134.408951,
          36.569953
        ],
        "type": "Point"
      },
      "properties": {
        "cipher": "Ordinal",
        "has_phrases": false,
        "mode": "value_domain",
        "phrase_count": 0,
        "phrases": [],
        "projection": "webmercator_hash_v1",
        "projection_method": "webmercator_hash_v1",
        "value": 1517
      },
      "type": "Feature"
    },
    {
      "geometry": {
        "coordinates": [
          -154.881064,
          -33.029972
        ],
        "type": "Point"
      },
      "properties": {
        "cipher": "Ordinal",
        "has_phrases": false,
        "mode": "value_domain",
        "phrase_count": 0,
        "phrases": [],
        "projection": "webmercator_hash_v1",
        "projection_method": "webmercator_hash_v1",
        "value": 1518
      },
      "type": "Feature"
    },
    {
      "geometry": {
        "coordinates": [
          -138.482512,
          78.671989
        ],
        "type": "Point"
      },
      "properties": {
        "cipher": "Ordinal",
        "has_phrases": false,
        "mode": "value_domain",
        "phrase_count": 0,
        "phrases": [],
        "projection": "webmercator_hash_v1",
        "projection_method": "webmercator_hash_v1",
        "value": 1519
      },
      "type": "Feature"
    },
    {
      "geometry": {
        "coordinates": [
          -73.079281,
          19.889246
        ],
        "type": "Point"
      },
      "properties": {
        "cipher": "Ordinal",
        "has_phrases": false,
        "mode": "value_domain",
        "phrase_count": 0,
        "phrases": [],
        "projection": "webmercator_hash_v1",
        "projection_method": "webmercator_hash_v1",
        "value": 1520
      },
      "type": "Feature"
    },
    {
      "geometry": {
        "coordinates": [
          -97.041604,
          80.410729
        ],
        "type": "Point"
      },
      "properties": {
        "cipher": "Ordinal",
        "has_phrases": false,
        "mode": "value_domain",
        "phrase_count": 0,
        "phrases": [],
        "projection": "webmercator_hash_v1",
        "projection_method": "webmercator_hash_v1",
        "value": 1521
      },
      "type": "Feature"
    },
    {
      "geometry": {
        "coordinates": [
          -32.095626,
          -51.806934
        ],
        "type": "Point"
      },
      "properties": {
        "cipher": "Ordinal",
        "has_phrases": false,
        "mode": "value_domain",
        "phrase_count": 0,
        "phrases": [],
        "projection": "webmercator_hash_v1",
        "projection_method": "webmercator_hash_v1",
        "value": 1522
      },
      "type": "Feature"
    },
    {
      "geometry": {
        "coordinates": [
          -155.04278,
          77.336522
        ],
        "type": "Point"
      },
      "properties": {
        "cipher": "Ordinal",
        "has_phrases": false,
        "mode": "value_domain",
        "phrase_count": 0,
        "phrases": [],
        "projection": "webmercator_hash_v1",
        "projection_method": "webmercator_hash_v1",
        "value": 1523
      },
      "type": "Feature"
    },
    {
      "geometry": {
        "coordinates": [
          -2.672155,
          -20.328614
        ],
        "type": "Point"
      },
      "properties": {
        "cipher": "Ordinal",
        "has_phrases": false,
        "mode": "value_domain",
        "phrase_count": 0,
        "phrases": [],
        "projection": "webmercator_hash_v1",
        "projection_method": "webmercator_hash_v1",
        "value": 1524
      },
      "type": "Feature"
    },
    {
      "geometry": {
        "coordinates": [
          140.750743,
          -48.304948
        ],
        "type": "Point"
      },
      "properties": {
        "cipher": "Ordinal",
        "has_phrases": false,
        "mode": "value_domain",
        "phrase_count": 0,
        "phrases": [],
        "projection": "webmercator_hash_v1",
        "projection_method": "webmercator_hash_v1",
        "value": 1525
      },
      "type": "Feature"
    },
    {
      "geometry": {
        "coordinates": [
          43.188874,
          -28.89942
        ],
        "type": "Point"
      },
      "properties": {
        "cipher": "Ordinal",
        "has_phrases": false,
        "mode": "value_domain",
        "phrase_count": 0,
        "phrases": [],
        "projection": "webmercator_hash_v1",
        "projection_method": "webmercator_hash_v1",
        "value": 1526
      },
      "type": "Feature"
    },
    {
      "geometry": {
        "coordinates": [
          -72.529131,
          15.875035
        ],
        "type": "Point"
      },
      "properties": {
        "cipher": "Ordinal",
        "has_phrases": false,
        "mode": "value_domain",
        "phrase_count": 0,
        "phrases": [],
        "projection": "webmercator_hash_v1",
        "projection_method": "webmercator_hash_v1",
        "value": 1527
      },
      "type": "Feature"
    },
    {
      "geometry": {
        "coordinates": [
          148.043962,
          -52.165372
        ],
        "type": "Point"
      },
      "properties": {
        "cipher": "Ordinal",
        "has_phrases": false,
        "mode": "value_domain",
        "phrase_count": 0,
        "phrases": [],
        "projection": "webmercator_hash_v1",
        "projection_method": "webmercator_hash_v1",
        "value": 1528
      },
      "type": "Feature"
    },
    {
      "geometry": {
        "coordinates": [
          -146.009088,
          -12.268397
        ],
        "type": "Point"
      },
      "properties": {
        "cipher": "Ordinal",
        "has_phrases": false,
        "mode": "value_domain",
        "phrase_count": 0,
        "phrases": [],
        "projection": "webmercator_hash_v1",
        "projection_method": "webmercator_hash_v1",
        "value": 1529
      },
      "type": "Feature"
    },
    {
      "geometry": {
        "coordinates": [
          72.013054,
          -73.087867
        ],
        "type": "Point"
      },
      "properties": {
        "cipher": "Ordinal",
        "has_phrases": false,
        "mode": "value_domain",
        "phrase_count": 0,
        "phrases": [],
        "projection": "webmercator_hash_v1",
        "projection_method": "webmercator_hash_v1",
        "value": 1530
      },
      "type": "Feature"
    },
    {
      "geometry": {
        "coordinates": [
          165.76547,
          -84.761594
        ],
        "type": "Point"
      },
      "properties": {
        "cipher": "Ordinal",
        "has_phrases": false,
        "mode": "value_domain",
        "phrase_count": 0,
        "phrases": [],
        "projection": "webmercator_hash_v1",
        "projection_method": "webmercator_hash_v1",
        "value": 1531
      },
      "type": "Feature"
    },
    {
      "geometry": {
        "coordinates": [
          -55.602836,
          -5.251826
        ],
        "type": "Point"
      },
      "properties": {
        "cipher": "Ordinal",
        "has_phrases": false,
        "mode": "value_domain",
        "phrase_count": 0,
        "phrases": [],
        "projection": "webmercator_hash_v1",
        "projection_method": "webmercator_hash_v1",
        "value": 1532
      },
      "type": "Feature"
    },
    {
      "geometry": {
        "coordinates": [
          174.563593,
          73.902215
        ],
        "type": "Point"
      },
      "properties": {
        "cipher": "Ordinal",
        "has_phrases": false,
        "mode": "value_domain",
        "phrase_count": 0,
        "phrases": [],
        "projection": "webmercator_hash_v1",
        "projection_method": "webmercator_hash_v1",
        "value": 1533
      },
      "type": "Feature"
    },
    {
      "geometry": {
        "coordinates": [
          117.882679,
          32.641059
        ],
        "type": "Point"
      },
      "properties": {
        "cipher": "Ordinal",
        "has_phrases": false,
        "mode": "value_domain",
        "phrase_count": 0,
        "phrases": [],
        "projection": "webmercator_hash_v1",
        "projection_method": "webmercator_hash_v1",
        "value": 1534
      },
      "type": "Feature"
    },
    {
      "geometry": {
        "coordinates": [
          -143.402039,
          -32.048217
        ],
        "type": "Point"
      },
      "properties": {
        "cipher": "Ordinal",
        "has_phrases": false,
        "mode": "value_domain",
        "phrase_count": 0,
        "phrases": [],
        "projection": "webmercator_hash_v1",
        "projection_method": "webmercator_hash_v1",
        "value": 1535
      },
      "type": "Feature"
    },
    {
      "geometry": {
        "coordinates": [
          -119.521376,
          4.085607
        ],
        "type": "Point"
      },
      "properties": {
        "cipher": "Ordinal",
        "has_phrases": false,
        "mode": "value_domain",
        "phrase_count": 0,
        "phrases": [],
        "projection": "webmercator_hash_v1",
        "projection_method": "webmercator_hash_v1",
        "value": 1536
      },
      "type": "Feature"
    },
    {
      "geometry": {
        "coordinates": [
          133.39373,
          -47.26203
        ],
        "type": "Point"
      },
      "properties": {
        "cipher": "Ordinal",
        "has_phrases": false,
        "mode": "value_domain",
        "phrase_count": 0,
        "phrases": [],
        "projection": "webmercator_hash_v1",
        "projection_method": "webmercator_hash_v1",
        "value": 1537
      },
      "type": "Feature"
    },
    {
      "geometry": {
        "coordinates": [
          154.604996,
          11.527604
        ],
        "type": "Point"
      },
      "properties": {
        "cipher": "Ordinal",
        "has_phrases": false,
        "mode": "value_domain",
        "phrase_count": 0,
        "phrases": [],
        "projection": "webmercator_hash_v1",
        "projection_method": "webmercator_hash_v1",
        "value": 1538
      },
      "type": "Feature"
    },
    {
      "geometry": {
        "coordinates": [
          -67.929628,
          -27.433837
        ],
        "type": "Point"
      },
      "properties": {
        "cipher": "Ordinal",
        "has_phrases": false,
        "mode": "value_domain",
        "phrase_count": 0,
        "phrases": [],
        "projection": "webmercator_hash_v1",
        "projection_method": "webmercator_hash_v1",
        "value": 1539
      },
      "type": "Feature"
    },
    {
      "geometry": {
        "coordinates": [
          9.73271,
          -2.946806
        ],
        "type": "Point"
      },
      "properties": {
        "cipher": "Ordinal",
        "has_phrases": false,
        "mode": "value_domain",
        "phrase_count": 0,
        "phrases": [],
        "projection": "webmercator_hash_v1",
        "projection_method": "webmercator_hash_v1",
        "value": 1540
      },
      "type": "Feature"
    },
    {
      "geometry": {
        "coordinates": [
          -167.524568,
          9.444108
        ],
        "type": "Point"
      },
      "properties": {
        "cipher": "Ordinal",
        "has_phrases": false,
        "mode": "value_domain",
        "phrase_count": 0,
        "phrases": [],
        "projection": "webmercator_hash_v1",
        "projection_method": "webmercator_hash_v1",
        "value": 1541
      },
      "type": "Feature"
    },
    {
      "geometry": {
        "coordinates": [
          -88.415048,
          -19.35774
        ],
        "type": "Point"
      },
      "properties": {
        "cipher": "Ordinal",
        "has_phrases": false,
        "mode": "value_domain",
        "phrase_count": 0,
        "phrases": [],
        "projection": "webmercator_hash_v1",
        "projection_method": "webmercator_hash_v1",
        "value": 1542
      },
      "type": "Feature"
    },
    {
      "geometry": {
        "coordinates": [
          -171.789446,
          -7.938213
        ],
        "type": "Point"
      },
      "properties": {
        "cipher": "Ordinal",
        "has_phrases": false,
        "mode": "value_domain",
        "phrase_count": 0,
        "phrases": [],
        "projection": "webmercator_hash_v1",
        "projection_method": "webmercator_hash_v1",
        "value": 1543
      },
      "type": "Feature"
    },
    {
      "geometry": {
        "coordinates": [
          -128.932752,
          -35.321912
        ],
        "type": "Point"
      },
      "properties": {
        "cipher": "Ordinal",
        "has_phrases": false,
        "mode": "value_domain",
        "phrase_count": 0,
        "phrases": [],
        "projection": "webmercator_hash_v1",
        "projection_method": "webmercator_hash_v1",
        "value": 1544
      },
      "type": "Feature"
    },
    {
      "geometry": {
        "coordinates": [
          -76.867192,
          -12.52611
        ],
        "type": "Point"
      },
      "properties": {
        "cipher": "Ordinal",
        "has_phrases": false,
        "mode": "value_domain",
        "phrase_count": 0,
        "phrases": [],
        "projection": "webmercator_hash_v1",
        "projection_method": "webmercator_hash_v1",
        "value": 1545
      },
      "type": "Feature"
    },
    {
      "geometry": {
        "coordinates": [
          -176.874406,
          -50.218535
        ],
        "type": "Point"
      },
      "properties": {
        "cipher": "Ordinal",
        "has_phrases": false,
        "mode": "value_domain",
        "phrase_count": 0,
        "phrases": [],
        "projection": "webmercator_hash_v1",
        "projection_method": "webmercator_hash_v1",
        "value": 1546
      },
      "type": "Feature"
    },
    {
      "geometry": {
        "coordinates": [
          -142.669914,
          -58.66336
        ],
        "type": "Point"
      },
      "properties": {
        "cipher": "Ordinal",
        "has_phrases": false,
        "mode": "value_domain",
        "phrase_count": 0,
        "phrases": [],
        "projection": "webmercator_hash_v1",
        "projection_method": "webmercator_hash_v1",
        "value": 1547
      },
      "type": "Feature"
    },
    {
      "geometry": {
        "coordinates": [
          -31.701597,
          -61.210087
        ],
        "type": "Point"
      },
      "properties": {
        "cipher": "Ordinal",
        "has_phrases": false,
        "mode": "value_domain",
        "phrase_count": 0,
        "phrases": [],
        "projection": "webmercator_hash_v1",
        "projection_method": "webmercator_hash_v1",
        "value": 1548
      },
      "type": "Feature"
    },
    {
      "geometry": {
        "coordinates": [
          -38.396971,
          81.954004
        ],
        "type": "Point"
      },
      "properties": {
        "cipher": "Ordinal",
        "has_phrases": false,
        "mode": "value_domain",
        "phrase_count": 0,
        "phrases": [],
        "projection": "webmercator_hash_v1",
        "projection_method": "webmercator_hash_v1",
        "value": 1549
      },
      "type": "Feature"
    },
    {
      "geometry": {
        "coordinates": [
          145.785837,
          77.527448
        ],
        "type": "Point"
      },
      "properties": {
        "cipher": "Ordinal",
        "has_phrases": false,
        "mode": "value_domain",
        "phrase_count": 0,
        "phrases": [],
        "projection": "webmercator_hash_v1",
        "projection_method": "webmercator_hash_v1",
        "value": 1550
      },
      "type": "Feature"
    },
    {
      "geometry": {
        "coordinates": [
          -23.973276,
          -40.887581
        ],
        "type": "Point"
      },
      "properties": {
        "cipher": "Ordinal",
        "has_phrases": false,
        "mode": "value_domain",
        "phrase_count": 0,
        "phrases": [],
        "projection": "webmercator_hash_v1",
        "projection_method": "webmercator_hash_v1",
        "value": 1551
      },
      "type": "Feature"
    },
    {
      "geometry": {
        "coordinates": [
          19.504249,
          44.924683
        ],
        "type": "Point"
      },
      "properties": {
        "cipher": "Ordinal",
        "has_phrases": false,
        "mode": "value_domain",
        "phrase_count": 0,
        "phrases": [],
        "projection": "webmercator_hash_v1",
        "projection_method": "webmercator_hash_v1",
        "value": 1552
      },
      "type": "Feature"
    },
    {
      "geometry": {
        "coordinates": [
          -148.595919,
          32.958369
        ],
        "type": "Point"
      },
      "properties": {
        "cipher": "Ordinal",
        "has_phrases": false,
        "mode": "value_domain",
        "phrase_count": 0,
        "phrases": [],
        "projection": "webmercator_hash_v1",
        "projection_method": "webmercator_hash_v1",
        "value": 1553
      },
      "type": "Feature"
    },
    {
      "geometry": {
        "coordinates": [
          11.935815,
          38.726097
        ],
        "type": "Point"
      },
      "properties": {
        "cipher": "Ordinal",
        "has_phrases": false,
        "mode": "value_domain",
        "phrase_count": 0,
        "phrases": [],
        "projection": "webmercator_hash_v1",
        "projection_method": "webmercator_hash_v1",
        "value": 1554
      },
      "type": "Feature"
    },
    {
      "geometry": {
        "coordinates": [
          -179.080667,
          74.554463
        ],
        "type": "Point"
      },
      "properties": {
        "cipher": "Ordinal",
        "has_phrases": false,
        "mode": "value_domain",
        "phrase_count": 0,
        "phrases": [],
        "projection": "webmercator_hash_v1",
        "projection_method": "webmercator_hash_v1",
        "value": 1555
      },
      "type": "Feature"
    },
    {
      "geometry": {
        "coordinates": [
          -62.166077,
          -24.466953
        ],
        "type": "Point"
      },
      "properties": {
        "cipher": "Ordinal",
        "has_phrases": false,
        "mode": "value_domain",
        "phrase_count": 0,
        "phrases": [],
        "projection": "webmercator_hash_v1",
        "projection_method": "webmercator_hash_v1",
        "value": 1556
      },
      "type": "Feature"
    },
    {
      "geometry": {
        "coordinates": [
          -131.934687,
          -35.876454
        ],
        "type": "Point"
      },
      "properties": {
        "cipher": "Ordinal",
        "has_phrases": false,
        "mode": "value_domain",
        "phrase_count": 0,
        "phrases": [],
        "projection": "webmercator_hash_v1",
        "projection_method": "webmercator_hash_v1",
        "value": 1557
      },
      "type": "Feature"
    },
    {
      "geometry": {
        "coordinates": [
          -124.795034,
          -54.735837
        ],
        "type": "Point"
      },
      "properties": {
        "cipher": "Ordinal",
        "has_phrases": false,
        "mode": "value_domain",
        "phrase_count": 0,
        "phrases": [],
        "projection": "webmercator_hash_v1",
        "projection_method": "webmercator_hash_v1",
        "value": 1558
      },
      "type": "Feature"
    },
    {
      "geometry": {
        "coordinates": [
          -120.615773,
          84.88298
        ],
        "type": "Point"
      },
      "properties": {
        "cipher": "Ordinal",
        "has_phrases": false,
        "mode": "value_domain",
        "phrase_count": 0,
        "phrases": [],
        "projection": "webmercator_hash_v1",
        "projection_method": "webmercator_hash_v1",
        "value": 1559
      },
      "type": "Feature"
    },
    {
      "geometry": {
        "coordinates": [
          55.961454,
          -28.102001
        ],
        "type": "Point"
      },
      "properties": {
        "cipher": "Ordinal",
        "has_phrases": false,
        "mode": "value_domain",
        "phrase_count": 0,
        "phrases": [],
        "projection": "webmercator_hash_v1",
        "projection_method": "webmercator_hash_v1",
        "value": 1560
      },
      "type": "Feature"
    },
    {
      "geometry": {
        "coordinates": [
          81.818874,
          43.269738
        ],
        "type": "Point"
      },
      "properties": {
        "cipher": "Ordinal",
        "has_phrases": false,
        "mode": "value_domain",
        "phrase_count": 0,
        "phrases": [],
        "projection": "webmercator_hash_v1",
        "projection_method": "webmercator_hash_v1",
        "value": 1561
      },
      "type": "Feature"
    },
    {
      "geometry": {
        "coordinates": [
          -12.288237,
          35.493548
        ],
        "type": "Point"
      },
      "properties": {
        "cipher": "Ordinal",
        "has_phrases": false,
        "mode": "value_domain",
        "phrase_count": 0,
        "phrases": [],
        "projection": "webmercator_hash_v1",
        "projection_method": "webmercator_hash_v1",
        "value": 1562
      },
      "type": "Feature"
    },
    {
      "geometry": {
        "coordinates": [
          -1.014319,
          81.545479
        ],
        "type": "Point"
      },
      "properties": {
        "cipher": "Ordinal",
        "has_phrases": false,
        "mode": "value_domain",
        "phrase_count": 0,
        "phrases": [],
        "projection": "webmercator_hash_v1",
        "projection_method": "webmercator_hash_v1",
        "value": 1563
      },
      "type": "Feature"
    },
    {
      "geometry": {
        "coordinates": [
          9.363281,
          81.685234
        ],
        "type": "Point"
      },
      "properties": {
        "cipher": "Ordinal",
        "has_phrases": false,
        "mode": "value_domain",
        "phrase_count": 0,
        "phrases": [],
        "projection": "webmercator_hash_v1",
        "projection_method": "webmercator_hash_v1",
        "value": 1564
      },
      "type": "Feature"
    },
    {
      "geometry": {
        "coordinates": [
          -52.345879,
          83.415091
        ],
        "type": "Point"
      },
      "properties": {
        "cipher": "Ordinal",
        "has_phrases": false,
        "mode": "value_domain",
        "phrase_count": 0,
        "phrases": [],
        "projection": "webmercator_hash_v1",
        "projection_method": "webmercator_hash_v1",
        "value": 1565
      },
      "type": "Feature"
    },
    {
      "geometry": {
        "coordinates": [
          89.072753,
          -60.772927
        ],
        "type": "Point"
      },
      "properties": {
        "cipher": "Ordinal",
        "has_phrases": false,
        "mode": "value_domain",
        "phrase_count": 0,
        "phrases": [],
        "projection": "webmercator_hash_v1",
        "projection_method": "webmercator_hash_v1",
        "value": 1566
      },
      "type": "Feature"
    },
    {
      "geometry": {
        "coordinates": [
          170.500552,
          55.644196
        ],
        "type": "Point"
      },
      "properties": {
        "cipher": "Ordinal",
        "has_phrases": false,
        "mode": "value_domain",
        "phrase_count": 0,
        "phrases": [],
        "projection": "webmercator_hash_v1",
        "projection_method": "webmercator_hash_v1",
        "value": 1567
      },
      "type": "Feature"
    },
    {
      "geometry": {
        "coordinates": [
          -5.793591,
          19.257607
        ],
        "type": "Point"
      },
      "properties": {
        "cipher": "Ordinal",
        "has_phrases": false,
        "mode": "value_domain",
        "phrase_count": 0,
        "phrases": [],
        "projection": "webmercator_hash_v1",
        "projection_method": "webmercator_hash_v1",
        "value": 1568
      },
      "type": "Feature"
    },
    {
      "geometry": {
        "coordinates": [
          -95.071752,
          -61.770155
        ],
        "type": "Point"
      },
      "properties": {
        "cipher": "Ordinal",
        "has_phrases": false,
        "mode": "value_domain",
        "phrase_count": 0,
        "phrases": [],
        "projection": "webmercator_hash_v1",
        "projection_method": "webmercator_hash_v1",
        "value": 1569
      },
      "type": "Feature"
    },
    {
      "geometry": {
        "coordinates": [
          67.462793,
          -59.460457
        ],
        "type": "Point"
      },
      "properties": {
        "cipher": "Ordinal",
        "has_phrases": false,
        "mode": "value_domain",
        "phrase_count": 0,
        "phrases": [],
        "projection": "webmercator_hash_v1",
        "projection_method": "webmercator_hash_v1",
        "value": 1570
      },
      "type": "Feature"
    },
    {
      "geometry": {
        "coordinates": [
          1.3527,
          18.449649
        ],
        "type": "Point"
      },
      "properties": {
        "cipher": "Ordinal",
        "has_phrases": false,
        "mode": "value_domain",
        "phrase_count": 0,
        "phrases": [],
        "projection": "webmercator_hash_v1",
        "projection_method": "webmercator_hash_v1",
        "value": 1571
      },
      "type": "Feature"
    },
    {
      "geometry": {
        "coordinates": [
          -114.77552,
          72.768511
        ],
        "type": "Point"
      },
      "properties": {
        "cipher": "Ordinal",
        "has_phrases": false,
        "mode": "value_domain",
        "phrase_count": 0,
        "phrases": [],
        "projection": "webmercator_hash_v1",
        "projection_method": "webmercator_hash_v1",
        "value": 1572
      },
      "type": "Feature"
    },
    {
      "geometry": {
        "coordinates": [
          -25.701957,
          -51.388838
        ],
        "type": "Point"
      },
      "properties": {
        "cipher": "Ordinal",
        "has_phrases": false,
        "mode": "value_domain",
        "phrase_count": 0,
        "phrases": [],
        "projection": "webmercator_hash_v1",
        "projection_method": "webmercator_hash_v1",
        "value": 1573
      },
      "type": "Feature"
    },
    {
      "geometry": {
        "coordinates": [
          -8.895823,
          55.967762
        ],
        "type": "Point"
      },
      "properties": {
        "cipher": "Ordinal",
        "has_phrases": false,
        "mode": "value_domain",
        "phrase_count": 0,
        "phrases": [],
        "projection": "webmercator_hash_v1",
        "projection_method": "webmercator_hash_v1",
        "value": 1574
      },
      "type": "Feature"
    },
    {
      "geometry": {
        "coordinates": [
          -131.750365,
          -10.30641
        ],
        "type": "Point"
      },
      "properties": {
        "cipher": "Ordinal",
        "has_phrases": false,
        "mode": "value_domain",
        "phrase_count": 0,
        "phrases": [],
        "projection": "webmercator_hash_v1",
        "projection_method": "webmercator_hash_v1",
        "value": 1575
      },
      "type": "Feature"
    },
    {
      "geometry": {
        "coordinates": [
          -8.106302,
          -33.545752
        ],
        "type": "Point"
      },
      "properties": {
        "cipher": "Ordinal",
        "has_phrases": false,
        "mode": "value_domain",
        "phrase_count": 0,
        "phrases": [],
        "projection": "webmercator_hash_v1",
        "projection_method": "webmercator_hash_v1",
        "value": 1576
      },
      "type": "Feature"
    },
    {
      "geometry": {
        "coordinates": [
          -152.430286,
          0.448173
        ],
        "type": "Point"
      },
      "properties": {
        "cipher": "Ordinal",
        "has_phrases": false,
        "mode": "value_domain",
        "phrase_count": 0,
        "phrases": [],
        "projection": "webmercator_hash_v1",
        "projection_method": "webmercator_hash_v1",
        "value": 1577
      },
      "type": "Feature"
    },
    {
      "geometry": {
        "coordinates": [
          -35.441962,
          -40.542971
        ],
        "type": "Point"
      },
      "properties": {
        "cipher": "Ordinal",
        "has_phrases": false,
        "mode": "value_domain",
        "phrase_count": 0,
        "phrases": [],
        "projection": "webmercator_hash_v1",
        "projection_method": "webmercator_hash_v1",
        "value": 1578
      },
      "type": "Feature"
    },
    {
      "geometry": {
        "coordinates": [
          -106.06001,
          78.550663
        ],
        "type": "Point"
      },
      "properties": {
        "cipher": "Ordinal",
        "has_phrases": false,
        "mode": "value_domain",
        "phrase_count": 0,
        "phrases": [],
        "projection": "webmercator_hash_v1",
        "projection_method": "webmercator_hash_v1",
        "value": 1579
      },
      "type": "Feature"
    },
    {
      "geometry": {
        "coordinates": [
          -134.389208,
          -45.754413
        ],
        "type": "Point"
      },
      "properties": {
        "cipher": "Ordinal",
        "has_phrases": false,
        "mode": "value_domain",
        "phrase_count": 0,
        "phrases": [],
        "projection": "webmercator_hash_v1",
        "projection_method": "webmercator_hash_v1",
        "value": 1580
      },
      "type": "Feature"
    },
    {
      "geometry": {
        "coordinates": [
          131.507241,
          51.590182
        ],
        "type": "Point"
      },
      "properties": {
        "cipher": "Ordinal",
        "has_phrases": false,
        "mode": "value_domain",
        "phrase_count": 0,
        "phrases": [],
        "projection": "webmercator_hash_v1",
        "projection_method": "webmercator_hash_v1",
        "value": 1581
      },
      "type": "Feature"
    },
    {
      "geometry": {
        "coordinates": [
          -5.826437,
          30.409026
        ],
        "type": "Point"
      },
      "properties": {
        "cipher": "Ordinal",
        "has_phrases": false,
        "mode": "value_domain",
        "phrase_count": 0,
        "phrases": [],
        "projection": "webmercator_hash_v1",
        "projection_method": "webmercator_hash_v1",
        "value": 1582
      },
      "type": "Feature"
    },
    {
      "geometry": {
        "coordinates": [
          11.580646,
          70.027887
        ],
        "type": "Point"
      },
      "properties": {
        "cipher": "Ordinal",
        "has_phrases": false,
        "mode": "value_domain",
        "phrase_count": 0,
        "phrases": [],
        "projection": "webmercator_hash_v1",
        "projection_method": "webmercator_hash_v1",
        "value": 1583
      },
      "type": "Feature"
    },
    {
      "geometry": {
        "coordinates": [
          -112.839858,
          53.432421
        ],
        "type": "Point"
      },
      "properties": {
        "cipher": "Ordinal",
        "has_phrases": false,
        "mode": "value_domain",
        "phrase_count": 0,
        "phrases": [],
        "projection": "webmercator_hash_v1",
        "projection_method": "webmercator_hash_v1",
        "value": 1584
      },
      "type": "Feature"
    },
    {
      "geometry": {
        "coordinates": [
          -8.81027,
          -12.604062
        ],
        "type": "Point"
      },
      "properties": {
        "cipher": "Ordinal",
        "has_phrases": false,
        "mode": "value_domain",
        "phrase_count": 0,
        "phrases": [],
        "projection": "webmercator_hash_v1",
        "projection_method": "webmercator_hash_v1",
        "value": 1585
      },
      "type": "Feature"
    },
    {
      "geometry": {
        "coordinates": [
          -63.9043,
          13.394262
        ],
        "type": "Point"
      },
      "properties": {
        "cipher": "Ordinal",
        "has_phrases": false,
        "mode": "value_domain",
        "phrase_count": 0,
        "phrases": [],
        "projection": "webmercator_hash_v1",
        "projection_method": "webmercator_hash_v1",
        "value": 1586
      },
      "type": "Feature"
    },
    {
      "geometry": {
        "coordinates": [
          -92.459438,
          45.582436
        ],
        "type": "Point"
      },
      "properties": {
        "cipher": "Ordinal",
        "has_phrases": false,
        "mode": "value_domain",
        "phrase_count": 0,
        "phrases": [],
        "projection": "webmercator_hash_v1",
        "projection_method": "webmercator_hash_v1",
        "value": 1587
      },
      "type": "Feature"
    },
    {
      "geometry": {
        "coordinates": [
          112.104766,
          34.302241
        ],
        "type": "Point"
      },
      "properties": {
        "cipher": "Ordinal",
        "has_phrases": false,
        "mode": "value_domain",
        "phrase_count": 0,
        "phrases": [],
        "projection": "webmercator_hash_v1",
        "projection_method": "webmercator_hash_v1",
        "value": 1588
      },
      "type": "Feature"
    },
    {
      "geometry": {
        "coordinates": [
          11.492676,
          -62.190637
        ],
        "type": "Point"
      },
      "properties": {
        "cipher": "Ordinal",
        "has_phrases": false,
        "mode": "value_domain",
        "phrase_count": 0,
        "phrases": [],
        "projection": "webmercator_hash_v1",
        "projection_method": "webmercator_hash_v1",
        "value": 1589
      },
      "type": "Feature"
    },
    {
      "geometry": {
        "coordinates": [
          112.570477,
          -6.285689
        ],
        "type": "Point"
      },
      "properties": {
        "cipher": "Ordinal",
        "has_phrases": false,
        "mode": "value_domain",
        "phrase_count": 0,
        "phrases": [],
        "projection": "webmercator_hash_v1",
        "projection_method": "webmercator_hash_v1",
        "value": 1590
      },
      "type": "Feature"
    },
    {
      "geometry": {
        "coordinates": [
          29.554916,
          32.253566
        ],
        "type": "Point"
      },
      "properties": {
        "cipher": "Ordinal",
        "has_phrases": false,
        "mode": "value_domain",
        "phrase_count": 0,
        "phrases": [],
        "projection": "webmercator_hash_v1",
        "projection_method": "webmercator_hash_v1",
        "value": 1591
      },
      "type": "Feature"
    },
    {
      "geometry": {
        "coordinates": [
          -24.909869,
          -1.278213
        ],
        "type": "Point"
      },
      "properties": {
        "cipher": "Ordinal",
        "has_phrases": false,
        "mode": "value_domain",
        "phrase_count": 0,
        "phrases": [],
        "projection": "webmercator_hash_v1",
        "projection_method": "webmercator_hash_v1",
        "value": 1592
      },
      "type": "Feature"
    },
    {
      "geometry": {
        "coordinates": [
          112.38239,
          9.280368
        ],
        "type": "Point"
      },
      "properties": {
        "cipher": "Ordinal",
        "has_phrases": false,
        "mode": "value_domain",
        "phrase_count": 0,
        "phrases": [],
        "projection": "webmercator_hash_v1",
        "projection_method": "webmercator_hash_v1",
        "value": 1593
      },
      "type": "Feature"
    },
    {
      "geometry": {
        "coordinates": [
          -62.671457,
          -18.20293
        ],
        "type": "Point"
      },
      "properties": {
        "cipher": "Ordinal",
        "has_phrases": false,
        "mode": "value_domain",
        "phrase_count": 0,
        "phrases": [],
        "projection": "webmercator_hash_v1",
        "projection_method": "webmercator_hash_v1",
        "value": 1594
      },
      "type": "Feature"
    },
    {
      "geometry": {
        "coordinates": [
          -109.380409,
          -70.308037
        ],
        "type": "Point"
      },
      "properties": {
        "cipher": "Ordinal",
        "has_phrases": false,
        "mode": "value_domain",
        "phrase_count": 0,
        "phrases": [],
        "projection": "webmercator_hash_v1",
        "projection_method": "webmercator_hash_v1",
        "value": 1595
      },
      "type": "Feature"
    },
    {
      "geometry": {
        "coordinates": [
          -21.800471,
          -78.447786
        ],
        "type": "Point"
      },
      "properties": {
        "cipher": "Ordinal",
        "has_phrases": false,
        "mode": "value_domain",
        "phrase_count": 0,
        "phrases": [],
        "projection": "webmercator_hash_v1",
        "projection_method": "webmercator_hash_v1",
        "value": 1596
      },
      "type": "Feature"
    },
    {
      "geometry": {
        "coordinates": [
          164.408758,
          -32.200058
        ],
        "type": "Point"
      },
      "properties": {
        "cipher": "Ordinal",
        "has_phrases": false,
        "mode": "value_domain",
        "phrase_count": 0,
        "phrases": [],
        "projection": "webmercator_hash_v1",
        "projection_method": "webmercator_hash_v1",
        "value": 1597
      },
      "type": "Feature"
    },
    {
      "geometry": {
        "coordinates": [
          -78.117139,
          57.432147
        ],
        "type": "Point"
      },
      "properties": {
        "cipher": "Ordinal",
        "has_phrases": false,
        "mode": "value_domain",
        "phrase_count": 0,
        "phrases": [],
        "projection": "webmercator_hash_v1",
        "projection_method": "webmercator_hash_v1",
        "value": 1598
      },
      "type": "Feature"
    },
    {
      "geometry": {
        "coordinates": [
          -25.902486,
          -84.978676
        ],
        "type": "Point"
      },
      "properties": {
        "cipher": "Ordinal",
        "has_phrases": false,
        "mode": "value_domain",
        "phrase_count": 0,
        "phrases": [],
        "projection": "webmercator_hash_v1",
        "projection_method": "webmercator_hash_v1",
        "value": 1599
      },
      "type": "Feature"
    },
    {
      "geometry": {
        "coordinates": [
          -36.304661,
          68.775854
        ],
        "type": "Point"
      },
      "properties": {
        "cipher": "Ordinal",
        "has_phrases": false,
        "mode": "value_domain",
        "phrase_count": 0,
        "phrases": [],
        "projection": "webmercator_hash_v1",
        "projection_method": "webmercator_hash_v1",
        "value": 1600
      },
      "type": "Feature"
    },
    {
      "geometry": {
        "coordinates": [
          162.251705,
          -68.361274
        ],
        "type": "Point"
      },
      "properties": {
        "cipher": "Ordinal",
        "has_phrases": false,
        "mode": "value_domain",
        "phrase_count": 0,
        "phrases": [],
        "projection": "webmercator_hash_v1",
        "projection_method": "webmercator_hash_v1",
        "value": 1601
      },
      "type": "Feature"
    },
    {
      "geometry": {
        "coordinates": [
          -34.06036,
          -21.998034
        ],
        "type": "Point"
      },
      "properties": {
        "cipher": "Ordinal",
        "has_phrases": false,
        "mode": "value_domain",
        "phrase_count": 0,
        "phrases": [],
        "projection": "webmercator_hash_v1",
        "projection_method": "webmercator_hash_v1",
        "value": 1602
      },
      "type": "Feature"
    },
    {
      "geometry": {
        "coordinates": [
          -164.108307,
          8.208125
        ],
        "type": "Point"
      },
      "properties": {
        "cipher": "Ordinal",
        "has_phrases": false,
        "mode": "value_domain",
        "phrase_count": 0,
        "phrases": [],
        "projection": "webmercator_hash_v1",
        "projection_method": "webmercator_hash_v1",
        "value": 1603
      },
      "type": "Feature"
    },
    {
      "geometry": {
        "coordinates": [
          72.271643,
          13.969482
        ],
        "type": "Point"
      },
      "properties": {
        "cipher": "Ordinal",
        "has_phrases": false,
        "mode": "value_domain",
        "phrase_count": 0,
        "phrases": [],
        "projection": "webmercator_hash_v1",
        "projection_method": "webmercator_hash_v1",
        "value": 1604
      },
      "type": "Feature"
    },
    {
      "geometry": {
        "coordinates": [
          95.968838,
          43.111142
        ],
        "type": "Point"
      },
      "properties": {
        "cipher": "Ordinal",
        "has_phrases": false,
        "mode": "value_domain",
        "phrase_count": 0,
        "phrases": [],
        "projection": "webmercator_hash_v1",
        "projection_method": "webmercator_hash_v1",
        "value": 1605
      },
      "type": "Feature"
    },
    {
      "geometry": {
        "coordinates": [
          76.967094,
          49.826804
        ],
        "type": "Point"
      },
      "properties": {
        "cipher": "Ordinal",
        "has_phrases": false,
        "mode": "value_domain",
        "phrase_count": 0,
        "phrases": [],
        "projection": "webmercator_hash_v1",
        "projection_method": "webmercator_hash_v1",
        "value": 1606
      },
      "type": "Feature"
    },
    {
      "geometry": {
        "coordinates": [
          -140.962707,
          28.305208
        ],
        "type": "Point"
      },
      "properties": {
        "cipher": "Ordinal",
        "has_phrases": false,
        "mode": "value_domain",
        "phrase_count": 0,
        "phrases": [],
        "projection": "webmercator_hash_v1",
        "projection_method": "webmercator_hash_v1",
        "value": 1607
      },
      "type": "Feature"
    },
    {
      "geometry": {
        "coordinates": [
          8.821766,
          26.161762
        ],
        "type": "Point"
      },
      "properties": {
        "cipher": "Ordinal",
        "has_phrases": false,
        "mode": "value_domain",
        "phrase_count": 0,
        "phrases": [],
        "projection": "webmercator_hash_v1",
        "projection_method": "webmercator_hash_v1",
        "value": 1608
      },
      "type": "Feature"
    },
    {
      "geometry": {
        "coordinates": [
          123.028934,
          6.118134
        ],
        "type": "Point"
      },
      "properties": {
        "cipher": "Ordinal",
        "has_phrases": false,
        "mode": "value_domain",
        "phrase_count": 0,
        "phrases": [],
        "projection": "webmercator_hash_v1",
        "projection_method": "webmercator_hash_v1",
        "value": 1609
      },
      "type": "Feature"
    },
    {
      "geometry": {
        "coordinates": [
          -147.898912,
          4.540829
        ],
        "type": "Point"
      },
      "properties": {
        "cipher": "Ordinal",
        "has_phrases": false,
        "mode": "value_domain",
        "phrase_count": 0,
        "phrases": [],
        "projection": "webmercator_hash_v1",
        "projection_method": "webmercator_hash_v1",
        "value": 1610
      },
      "type": "Feature"
    },
    {
      "geometry": {
        "coordinates": [
          -101.04122,
          -58.304564
        ],
        "type": "Point"
      },
      "properties": {
        "cipher": "Ordinal",
        "has_phrases": false,
        "mode": "value_domain",
        "phrase_count": 0,
        "phrases": [],
        "projection": "webmercator_hash_v1",
        "projection_method": "webmercator_hash_v1",
        "value": 1611
      },
      "type": "Feature"
    },
    {
      "geometry": {
        "coordinates": [
          126.921738,
          -21.000218
        ],
        "type": "Point"
      },
      "properties": {
        "cipher": "Ordinal",
        "has_phrases": false,
        "mode": "value_domain",
        "phrase_count": 0,
        "phrases": [],
        "projection": "webmercator_hash_v1",
        "projection_method": "webmercator_hash_v1",
        "value": 1612
      },
      "type": "Feature"
    },
    {
      "geometry": {
        "coordinates": [
          -9.599504,
          58.625302
        ],
        "type": "Point"
      },
      "properties": {
        "cipher": "Ordinal",
        "has_phrases": false,
        "mode": "value_domain",
        "phrase_count": 0,
        "phrases": [],
        "projection": "webmercator_hash_v1",
        "projection_method": "webmercator_hash_v1",
        "value": 1613
      },
      "type": "Feature"
    },
    {
      "geometry": {
        "coordinates": [
          -121.059652,
          -23.12163
        ],
        "type": "Point"
      },
      "properties": {
        "cipher": "Ordinal",
        "has_phrases": false,
        "mode": "value_domain",
        "phrase_count": 0,
        "phrases": [],
        "projection": "webmercator_hash_v1",
        "projection_method": "webmercator_hash_v1",
        "value": 1614
      },
      "type": "Feature"
    },
    {
      "geometry": {
        "coordinates": [
          71.031466,
          68.482991
        ],
        "type": "Point"
      },
      "properties": {
        "cipher": "Ordinal",
        "has_phrases": false,
        "mode": "value_domain",
        "phrase_count": 0,
        "phrases": [],
        "projection": "webmercator_hash_v1",
        "projection_method": "webmercator_hash_v1",
        "value": 1615
      },
      "type": "Feature"
    },
    {
      "geometry": {
        "coordinates": [
          25.556077,
          61.996983
        ],
        "type": "Point"
      },
      "properties": {
        "cipher": "Ordinal",
        "has_phrases": false,
        "mode": "value_domain",
        "phrase_count": 0,
        "phrases": [],
        "projection": "webmercator_hash_v1",
        "projection_method": "webmercator_hash_v1",
        "value": 1616
      },
      "type": "Feature"
    },
    {
      "geometry": {
        "coordinates": [
          93.104051,
          -5.245574
        ],
        "type": "Point"
      },
      "properties": {
        "cipher": "Ordinal",
        "has_phrases": false,
        "mode": "value_domain",
        "phrase_count": 0,
        "phrases": [],
        "projection": "webmercator_hash_v1",
        "projection_method": "webmercator_hash_v1",
        "value": 1617
      },
      "type": "Feature"
    },
    {
      "geometry": {
        "coordinates": [
          -38.924372,
          55.564893
        ],
        "type": "Point"
      },
      "properties": {
        "cipher": "Ordinal",
        "has_phrases": false,
        "mode": "value_domain",
        "phrase_count": 0,
        "phrases": [],
        "projection": "webmercator_hash_v1",
        "projection_method": "webmercator_hash_v1",
        "value": 1618
      },
      "type": "Feature"
    },
    {
      "geometry": {
        "coordinates": [
          -147.043717,
          -76.64788
        ],
        "type": "Point"
      },
      "properties": {
        "cipher": "Ordinal",
        "has_phrases": false,
        "mode": "value_domain",
        "phrase_count": 0,
        "phrases": [],
        "projection": "webmercator_hash_v1",
        "projection_method": "webmercator_hash_v1",
        "value": 1619
      },
      "type": "Feature"
    },
    {
      "geometry": {
        "coordinates": [
          -134.85328,
          -81.656633
        ],
        "type": "Point"
      },
      "properties": {
        "cipher": "Ordinal",
        "has_phrases": false,
        "mode": "value_domain",
        "phrase_count": 0,
        "phrases": [],
        "projection": "webmercator_hash_v1",
        "projection_method": "webmercator_hash_v1",
        "value": 1620
      },
      "type": "Feature"
    },
    {
      "geometry": {
        "coordinates": [
          -73.670568,
          32.387275
        ],
        "type": "Point"
      },
      "properties": {
        "cipher": "Ordinal",
        "has_phrases": false,
        "mode": "value_domain",
        "phrase_count": 0,
        "phrases": [],
        "projection": "webmercator_hash_v1",
        "projection_method": "webmercator_hash_v1",
        "value": 1621
      },
      "type": "Feature"
    },
    {
      "geometry": {
        "coordinates": [
          -31.012286,
          15.908871
        ],
        "type": "Point"
      },
      "properties": {
        "cipher": "Ordinal",
        "has_phrases": false,
        "mode": "value_domain",
        "phrase_count": 0,
        "phrases": [],
        "projection": "webmercator_hash_v1",
        "projection_method": "webmercator_hash_v1",
        "value": 1622
      },
      "type": "Feature"
    },
    {
      "geometry": {
        "coordinates": [
          -36.160818,
          46.129917
        ],
        "type": "Point"
      },
      "properties": {
        "cipher": "Ordinal",
        "has_phrases": false,
        "mode": "value_domain",
        "phrase_count": 0,
        "phrases": [],
        "projection": "webmercator_hash_v1",
        "projection_method": "webmercator_hash_v1",
        "value": 1623
      },
      "type": "Feature"
    },
    {
      "geometry": {
        "coordinates": [
          111.558576,
          11.711075
        ],
        "type": "Point"
      },
      "properties": {
        "cipher": "Ordinal",
        "has_phrases": false,
        "mode": "value_domain",
        "phrase_count": 0,
        "phrases": [],
        "projection": "webmercator_hash_v1",
        "projection_method": "webmercator_hash_v1",
        "value": 1624
      },
      "type": "Feature"
    },
    {
      "geometry": {
        "coordinates": [
          106.61216,
          -71.647652
        ],
        "type": "Point"
      },
      "properties": {
        "cipher": "Ordinal",
        "has_phrases": false,
        "mode": "value_domain",
        "phrase_count": 0,
        "phrases": [],
        "projection": "webmercator_hash_v1",
        "projection_method": "webmercator_hash_v1",
        "value": 1625
      },
      "type": "Feature"
    },
    {
      "geometry": {
        "coordinates": [
          -144.510539,
          -55.86071
        ],
        "type": "Point"
      },
      "properties": {
        "cipher": "Ordinal",
        "has_phrases": false,
        "mode": "value_domain",
        "phrase_count": 0,
        "phrases": [],
        "projection": "webmercator_hash_v1",
        "projection_method": "webmercator_hash_v1",
        "value": 1626
      },
      "type": "Feature"
    },
    {
      "geometry": {
        "coordinates": [
          -126.178915,
          -82.657357
        ],
        "type": "Point"
      },
      "properties": {
        "cipher": "Ordinal",
        "has_phrases": false,
        "mode": "value_domain",
        "phrase_count": 0,
        "phrases": [],
        "projection": "webmercator_hash_v1",
        "projection_method": "webmercator_hash_v1",
        "value": 1627
      },
      "type": "Feature"
    },
    {
      "geometry": {
        "coordinates": [
          -64.657185,
          60.384643
        ],
        "type": "Point"
      },
      "properties": {
        "cipher": "Ordinal",
        "has_phrases": false,
        "mode": "value_domain",
        "phrase_count": 0,
        "phrases": [],
        "projection": "webmercator_hash_v1",
        "projection_method": "webmercator_hash_v1",
        "value": 1628
      },
      "type": "Feature"
    },
    {
      "geometry": {
        "coordinates": [
          -18.033712,
          -35.503622
        ],
        "type": "Point"
      },
      "properties": {
        "cipher": "Ordinal",
        "has_phrases": false,
        "mode": "value_domain",
        "phrase_count": 0,
        "phrases": [],
        "projection": "webmercator_hash_v1",
        "projection_method": "webmercator_hash_v1",
        "value": 1629
      },
      "type": "Feature"
    },
    {
      "geometry": {
        "coordinates": [
          10.527845,
          -43.304077
        ],
        "type": "Point"
      },
      "properties": {
        "cipher": "Ordinal",
        "has_phrases": false,
        "mode": "value_domain",
        "phrase_count": 0,
        "phrases": [],
        "projection": "webmercator_hash_v1",
        "projection_method": "webmercator_hash_v1",
        "value": 1630
      },
      "type": "Feature"
    },
    {
      "geometry": {
        "coordinates": [
          172.115139,
          -4.76984
        ],
        "type": "Point"
      },
      "properties": {
        "cipher": "Ordinal",
        "has_phrases": false,
        "mode": "value_domain",
        "phrase_count": 0,
        "phrases": [],
        "projection": "webmercator_hash_v1",
        "projection_method": "webmercator_hash_v1",
        "value": 1631
      },
      "type": "Feature"
    },
    {
      "geometry": {
        "coordinates": [
          -111.621718,
          -19.314464
        ],
        "type": "Point"
      },
      "properties": {
        "cipher": "Ordinal",
        "has_phrases": false,
        "mode": "value_domain",
        "phrase_count": 0,
        "phrases": [],
        "projection": "webmercator_hash_v1",
        "projection_method": "webmercator_hash_v1",
        "value": 1632
      },
      "type": "Feature"
    },
    {
      "geometry": {
        "coordinates": [
          3.807041,
          42.902386
        ],
        "type": "Point"
      },
      "properties": {
        "cipher": "Ordinal",
        "has_phrases": false,
        "mode": "value_domain",
        "phrase_count": 0,
        "phrases": [],
        "projection": "webmercator_hash_v1",
        "projection_method": "webmercator_hash_v1",
        "value": 1633
      },
      "type": "Feature"
    },
    {
      "geometry": {
        "coordinates": [
          -141.257908,
          -78.045178
        ],
        "type": "Point"
      },
      "properties": {
        "cipher": "Ordinal",
        "has_phrases": false,
        "mode": "value_domain",
        "phrase_count": 0,
        "phrases": [],
        "projection": "webmercator_hash_v1",
        "projection_method": "webmercator_hash_v1",
        "value": 1634
      },
      "type": "Feature"
    },
    {
      "geometry": {
        "coordinates": [
          -89.854759,
          65.552232
        ],
        "type": "Point"
      },
      "properties": {
        "cipher": "Ordinal",
        "has_phrases": false,
        "mode": "value_domain",
        "phrase_count": 0,
        "phrases": [],
        "projection": "webmercator_hash_v1",
        "projection_method": "webmercator_hash_v1",
        "value": 1635
      },
      "type": "Feature"
    },
    {
      "geometry": {
        "coordinates": [
          83.906765,
          -11.35286
        ],
        "type": "Point"
      },
      "properties": {
        "cipher": "Ordinal",
        "has_phrases": false,
        "mode": "value_domain",
        "phrase_count": 0,
        "phrases": [],
        "projection": "webmercator_hash_v1",
        "projection_method": "webmercator_hash_v1",
        "value": 1636
      },
      "type": "Feature"
    },
    {
      "geometry": {
        "coordinates": [
          -80.432717,
          -44.548709
        ],
        "type": "Point"
      },
      "properties": {
        "cipher": "Ordinal",
        "has_phrases": false,
        "mode": "value_domain",
        "phrase_count": 0,
        "phrases": [],
        "projection": "webmercator_hash_v1",
        "projection_method": "webmercator_hash_v1",
        "value": 1637
      },
      "type": "Feature"
    },
    {
      "geometry": {
        "coordinates": [
          -5.514932,
          -82.307852
        ],
        "type": "Point"
      },
      "properties": {
        "cipher": "Ordinal",
        "has_phrases": false,
        "mode": "value_domain",
        "phrase_count": 0,
        "phrases": [],
        "projection": "webmercator_hash_v1",
        "projection_method": "webmercator_hash_v1",
        "value": 1638
      },
      "type": "Feature"
    },
    {
      "geometry": {
        "coordinates": [
          -113.286958,
          76.236228
        ],
        "type": "Point"
      },
      "properties": {
        "cipher": "Ordinal",
        "has_phrases": false,
        "mode": "value_domain",
        "phrase_count": 0,
        "phrases": [],
        "projection": "webmercator_hash_v1",
        "projection_method": "webmercator_hash_v1",
        "value": 1639
      },
      "type": "Feature"
    },
    {
      "geometry": {
        "coordinates": [
          51.655556,
          49.497292
        ],
        "type": "Point"
      },
      "properties": {
        "cipher": "Ordinal",
        "has_phrases": false,
        "mode": "value_domain",
        "phrase_count": 0,
        "phrases": [],
        "projection": "webmercator_hash_v1",
        "projection_method": "webmercator_hash_v1",
        "value": 1640
      },
      "type": "Feature"
    },
    {
      "geometry": {
        "coordinates": [
          -34.995695,
          4.103082
        ],
        "type": "Point"
      },
      "properties": {
        "cipher": "Ordinal",
        "has_phrases": false,
        "mode": "value_domain",
        "phrase_count": 0,
        "phrases": [],
        "projection": "webmercator_hash_v1",
        "projection_method": "webmercator_hash_v1",
        "value": 1641
      },
      "type": "Feature"
    },
    {
      "geometry": {
        "coordinates": [
          40.580528,
          -62.266703
        ],
        "type": "Point"
      },
      "properties": {
        "cipher": "Ordinal",
        "has_phrases": false,
        "mode": "value_domain",
        "phrase_count": 0,
        "phrases": [],
        "projection": "webmercator_hash_v1",
        "projection_method": "webmercator_hash_v1",
        "value": 1642
      },
      "type": "Feature"
    },
    {
      "geometry": {
        "coordinates": [
          -165.448531,
          -82.865561
        ],
        "type": "Point"
      },
      "properties": {
        "cipher": "Ordinal",
        "has_phrases": false,
        "mode": "value_domain",
        "phrase_count": 0,
        "phrases": [],
        "projection": "webmercator_hash_v1",
        "projection_method": "webmercator_hash_v1",
        "value": 1643
      },
      "type": "Feature"
    },
    {
      "geometry": {
        "coordinates": [
          -75.02419,
          -10.542259
        ],
        "type": "Point"
      },
      "properties": {
        "cipher": "Ordinal",
        "has_phrases": false,
        "mode": "value_domain",
        "phrase_count": 0,
        "phrases": [],
        "projection": "webmercator_hash_v1",
        "projection_method": "webmercator_hash_v1",
        "value": 1644
      },
      "type": "Feature"
    },
    {
      "geometry": {
        "coordinates": [
          128.402244,
          76.973462
        ],
        "type": "Point"
      },
      "properties": {
        "cipher": "Ordinal",
        "has_phrases": false,
        "mode": "value_domain",
        "phrase_count": 0,
        "phrases": [],
        "projection": "webmercator_hash_v1",
        "projection_method": "webmercator_hash_v1",
        "value": 1645
      },
      "type": "Feature"
    },
    {
      "geometry": {
        "coordinates": [
          -134.865673,
          36.457634
        ],
        "type": "Point"
      },
      "properties": {
        "cipher": "Ordinal",
        "has_phrases": false,
        "mode": "value_domain",
        "phrase_count": 0,
        "phrases": [],
        "projection": "webmercator_hash_v1",
        "projection_method": "webmercator_hash_v1",
        "value": 1646
      },
      "type": "Feature"
    },
    {
      "geometry": {
        "coordinates": [
          -109.604222,
          27.801928
        ],
        "type": "Point"
      },
      "properties": {
        "cipher": "Ordinal",
        "has_phrases": false,
        "mode": "value_domain",
        "phrase_count": 0,
        "phrases": [],
        "projection": "webmercator_hash_v1",
        "projection_method": "webmercator_hash_v1",
        "value": 1647
      },
      "type": "Feature"
    },
    {
      "geometry": {
        "coordinates": [
          -9.527059,
          -16.689535
        ],
        "type": "Point"
      },
      "properties": {
        "cipher": "Ordinal",
        "has_phrases": false,
        "mode": "value_domain",
        "phrase_count": 0,
        "phrases": [],
        "projection": "webmercator_hash_v1",
        "projection_method": "webmercator_hash_v1",
        "value": 1648
      },
      "type": "Feature"
    },
    {
      "geometry": {
        "coordinates": [
          -136.903303,
          -60.867987
        ],
        "type": "Point"
      },
      "properties": {
        "cipher": "Ordinal",
        "has_phrases": false,
        "mode": "value_domain",
        "phrase_count": 0,
        "phrases": [],
        "projection": "webmercator_hash_v1",
        "projection_method": "webmercator_hash_v1",
        "value": 1649
      },
      "type": "Feature"
    },
    {
      "geometry": {
        "coordinates": [
          83.441179,
          62.543506
        ],
        "type": "Point"
      },
      "properties": {
        "cipher": "Ordinal",
        "has_phrases": false,
        "mode": "value_domain",
        "phrase_count": 0,
        "phrases": [],
        "projection": "webmercator_hash_v1",
        "projection_method": "webmercator_hash_v1",
        "value": 1650
      },
      "type": "Feature"
    },
    {
      "geometry": {
        "coordinates": [
          147.415877,
          46.802917
        ],
        "type": "Point"
      },
      "properties": {
        "cipher": "Ordinal",
        "has_phrases": false,
        "mode": "value_domain",
        "phrase_count": 0,
        "phrases": [],
        "projection": "webmercator_hash_v1",
        "projection_method": "webmercator_hash_v1",
        "value": 1651
      },
      "type": "Feature"
    },
    {
      "geometry": {
        "coordinates": [
          -26.536848,
          -74.956411
        ],
        "type": "Point"
      },
      "properties": {
        "cipher": "Ordinal",
        "has_phrases": false,
        "mode": "value_domain",
        "phrase_count": 0,
        "phrases": [],
        "projection": "webmercator_hash_v1",
        "projection_method": "webmercator_hash_v1",
        "value": 1652
      },
      "type": "Feature"
    },
    {
      "geometry": {
        "coordinates": [
          -2.664642,
          -13.835932
        ],
        "type": "Point"
      },
      "properties": {
        "cipher": "Ordinal",
        "has_phrases": false,
        "mode": "value_domain",
        "phrase_count": 0,
        "phrases": [],
        "projection": "webmercator_hash_v1",
        "projection_method": "webmercator_hash_v1",
        "value": 1653
      },
      "type": "Feature"
    },
    {
      "geometry": {
        "coordinates": [
          12.214631,
          74.39659
        ],
        "type": "Point"
      },
      "properties": {
        "cipher": "Ordinal",
        "has_phrases": false,
        "mode": "value_domain",
        "phrase_count": 0,
        "phrases": [],
        "projection": "webmercator_hash_v1",
        "projection_method": "webmercator_hash_v1",
        "value": 1654
      },
      "type": "Feature"
    },
    {
      "geometry": {
        "coordinates": [
          -169.868249,
          -24.646898
        ],
        "type": "Point"
      },
      "properties": {
        "cipher": "Ordinal",
        "has_phrases": false,
        "mode": "value_domain",
        "phrase_count": 0,
        "phrases": [],
        "projection": "webmercator_hash_v1",
        "projection_method": "webmercator_hash_v1",
        "value": 1655
      },
      "type": "Feature"
    },
    {
      "geometry": {
        "coordinates": [
          -47.614741,
          -29.998622
        ],
        "type": "Point"
      },
      "properties": {
        "cipher": "Ordinal",
        "has_phrases": false,
        "mode": "value_domain",
        "phrase_count": 0,
        "phrases": [],
        "projection": "webmercator_hash_v1",
        "projection_method": "webmercator_hash_v1",
        "value": 1656
      },
      "type": "Feature"
    },
    {
      "geometry": {
        "coordinates": [
          136.388609,
          -59.491143
        ],
        "type": "Point"
      },
      "properties": {
        "cipher": "Ordinal",
        "has_phrases": false,
        "mode": "value_domain",
        "phrase_count": 0,
        "phrases": [],
        "projection": "webmercator_hash_v1",
        "projection_method": "webmercator_hash_v1",
        "value": 1657
      },
      "type": "Feature"
    },
    {
      "geometry": {
        "coordinates": [
          40.944957,
          -45.240337
        ],
        "type": "Point"
      },
      "properties": {
        "cipher": "Ordinal",
        "has_phrases": false,
        "mode": "value_domain",
        "phrase_count": 0,
        "phrases": [],
        "projection": "webmercator_hash_v1",
        "projection_method": "webmercator_hash_v1",
        "value": 1658
      },
      "type": "Feature"
    },
    {
      "geometry": {
        "coordinates": [
          134.684604,
          37.838372
        ],
        "type": "Point"
      },
      "properties": {
        "cipher": "Ordinal",
        "has_phrases": false,
        "mode": "value_domain",
        "phrase_count": 0,
        "phrases": [],
        "projection": "webmercator_hash_v1",
        "projection_method": "webmercator_hash_v1",
        "value": 1659
      },
      "type": "Feature"
    },
    {
      "geometry": {
        "coordinates": [
          -89.658731,
          -30.89856
        ],
        "type": "Point"
      },
      "properties": {
        "cipher": "Ordinal",
        "has_phrases": false,
        "mode": "value_domain",
        "phrase_count": 0,
        "phrases": [],
        "projection": "webmercator_hash_v1",
        "projection_method": "webmercator_hash_v1",
        "value": 1660
      },
      "type": "Feature"
    },
    {
      "geometry": {
        "coordinates": [
          -62.199932,
          68.790119
        ],
        "type": "Point"
      },
      "properties": {
        "cipher": "Ordinal",
        "has_phrases": false,
        "mode": "value_domain",
        "phrase_count": 0,
        "phrases": [],
        "projection": "webmercator_hash_v1",
        "projection_method": "webmercator_hash_v1",
        "value": 1661
      },
      "type": "Feature"
    },
    {
      "geometry": {
        "coordinates": [
          163.7006,
          50.935802
        ],
        "type": "Point"
      },
      "properties": {
        "cipher": "Ordinal",
        "has_phrases": false,
        "mode": "value_domain",
        "phrase_count": 0,
        "phrases": [],
        "projection": "webmercator_hash_v1",
        "projection_method": "webmercator_hash_v1",
        "value": 1662
      },
      "type": "Feature"
    },
    {
      "geometry": {
        "coordinates": [
          91.635058,
          -51.645936
        ],
        "type": "Point"
      },
      "properties": {
        "cipher": "Ordinal",
        "has_phrases": false,
        "mode": "value_domain",
        "phrase_count": 0,
        "phrases": [],
        "projection": "webmercator_hash_v1",
        "projection_method": "webmercator_hash_v1",
        "value": 1663
      },
      "type": "Feature"
    },
    {
      "geometry": {
        "coordinates": [
          135.569579,
          -71.393184
        ],
        "type": "Point"
      },
      "properties": {
        "cipher": "Ordinal",
        "has_phrases": false,
        "mode": "value_domain",
        "phrase_count": 0,
        "phrases": [],
        "projection": "webmercator_hash_v1",
        "projection_method": "webmercator_hash_v1",
        "value": 1664
      },
      "type": "Feature"
    },
    {
      "geometry": {
        "coordinates": [
          -63.894307,
          21.058901
        ],
        "type": "Point"
      },
      "properties": {
        "cipher": "Ordinal",
        "has_phrases": false,
        "mode": "value_domain",
        "phrase_count": 0,
        "phrases": [],
        "projection": "webmercator_hash_v1",
        "projection_method": "webmercator_hash_v1",
        "value": 1665
      },
      "type": "Feature"
    },
    {
      "geometry": {
        "coordinates": [
          45.447613,
          15.759125
        ],
        "type": "Point"
      },
      "properties": {
        "cipher": "Ordinal",
        "has_phrases": false,
        "mode": "value_domain",
        "phrase_count": 0,
        "phrases": [],
        "projection": "webmercator_hash_v1",
        "projection_method": "webmercator_hash_v1",
        "value": 1666
      },
      "type": "Feature"
    },
    {
      "geometry": {
        "coordinates": [
          -1.860126,
          19.315589
        ],
        "type": "Point"
      },
      "properties": {
        "cipher": "Ordinal",
        "has_phrases": false,
        "mode": "value_domain",
        "phrase_count": 0,
        "phrases": [],
        "projection": "webmercator_hash_v1",
        "projection_method": "webmercator_hash_v1",
        "value": 1667
      },
      "type": "Feature"
    },
    {
      "geometry": {
        "coordinates": [
          24.360634,
          66.574062
        ],
        "type": "Point"
      },
      "properties": {
        "cipher": "Ordinal",
        "has_phrases": false,
        "mode": "value_domain",
        "phrase_count": 0,
        "phrases": [],
        "projection": "webmercator_hash_v1",
        "projection_method": "webmercator_hash_v1",
        "value": 1668
      },
      "type": "Feature"
    },
    {
      "geometry": {
        "coordinates": [
          -38.196221,
          58.632168
        ],
        "type": "Point"
      },
      "properties": {
        "cipher": "Ordinal",
        "has_phrases": false,
        "mode": "value_domain",
        "phrase_count": 0,
        "phrases": [],
        "projection": "webmercator_hash_v1",
        "projection_method": "webmercator_hash_v1",
        "value": 1669
      },
      "type": "Feature"
    },
    {
      "geometry": {
        "coordinates": [
          131.184374,
          3.018577
        ],
        "type": "Point"
      },
      "properties": {
        "cipher": "Ordinal",
        "has_phrases": false,
        "mode": "value_domain",
        "phrase_count": 0,
        "phrases": [],
        "projection": "webmercator_hash_v1",
        "projection_method": "webmercator_hash_v1",
        "value": 1670
      },
      "type": "Feature"
    },
    {
      "geometry": {
        "coordinates": [
          108.864766,
          -11.866664
        ],
        "type": "Point"
      },
      "properties": {
        "cipher": "Ordinal",
        "has_phrases": false,
        "mode": "value_domain",
        "phrase_count": 0,
        "phrases": [],
        "projection": "webmercator_hash_v1",
        "projection_method": "webmercator_hash_v1",
        "value": 1671
      },
      "type": "Feature"
    },
    {
      "geometry": {
        "coordinates": [
          -15.278773,
          -78.432452
        ],
        "type": "Point"
      },
      "properties": {
        "cipher": "Ordinal",
        "has_phrases": false,
        "mode": "value_domain",
        "phrase_count": 0,
        "phrases": [],
        "projection": "webmercator_hash_v1",
        "projection_method": "webmercator_hash_v1",
        "value": 1672
      },
      "type": "Feature"
    },
    {
      "geometry": {
        "coordinates": [
          88.034173,
          52.659953
        ],
        "type": "Point"
      },
      "properties": {
        "cipher": "Ordinal",
        "has_phrases": false,
        "mode": "value_domain",
        "phrase_count": 0,
        "phrases": [],
        "projection": "webmercator_hash_v1",
        "projection_method": "webmercator_hash_v1",
        "value": 1673
      },
      "type": "Feature"
    },
    {
      "geometry": {
        "coordinates": [
          -106.990807,
          37.608975
        ],
        "type": "Point"
      },
      "properties": {
        "cipher": "Ordinal",
        "has_phrases": false,
        "mode": "value_domain",
        "phrase_count": 0,
        "phrases": [],
        "projection": "webmercator_hash_v1",
        "projection_method": "webmercator_hash_v1",
        "value": 1674
      },
      "type": "Feature"
    },
    {
      "geometry": {
        "coordinates": [
          179.413582,
          49.287665
        ],
        "type": "Point"
      },
      "properties": {
        "cipher": "Ordinal",
        "has_phrases": false,
        "mode": "value_domain",
        "phrase_count": 0,
        "phrases": [],
        "projection": "webmercator_hash_v1",
        "projection_method": "webmercator_hash_v1",
        "value": 1675
      },
      "type": "Feature"
    },
    {
      "geometry": {
        "coordinates": [
          96.373796,
          -13.130678
        ],
        "type": "Point"
      },
      "properties": {
        "cipher": "Ordinal",
        "has_phrases": false,
        "mode": "value_domain",
        "phrase_count": 0,
        "phrases": [],
        "projection": "webmercator_hash_v1",
        "projection_method": "webmercator_hash_v1",
        "value": 1676
      },
      "type": "Feature"
    },
    {
      "geometry": {
        "coordinates": [
          -141.701447,
          50.687722
        ],
        "type": "Point"
      },
      "properties": {
        "cipher": "Ordinal",
        "has_phrases": false,
        "mode": "value_domain",
        "phrase_count": 0,
        "phrases": [],
        "projection": "webmercator_hash_v1",
        "projection_method": "webmercator_hash_v1",
        "value": 1677
      },
      "type": "Feature"
    },
    {
      "geometry": {
        "coordinates": [
          -174.145838,
          48.654428
        ],
        "type": "Point"
      },
      "properties": {
        "cipher": "Ordinal",
        "has_phrases": false,
        "mode": "value_domain",
        "phrase_count": 0,
        "phrases": [],
        "projection": "webmercator_hash_v1",
        "projection_method": "webmercator_hash_v1",
        "value": 1678
      },
      "type": "Feature"
    },
    {
      "geometry": {
        "coordinates": [
          -136.298528,
          48.838846
        ],
        "type": "Point"
      },
      "properties": {
        "cipher": "Ordinal",
        "has_phrases": false,
        "mode": "value_domain",
        "phrase_count": 0,
        "phrases": [],
        "projection": "webmercator_hash_v1",
        "projection_method": "webmercator_hash_v1",
        "value": 1679
      },
      "type": "Feature"
    },
    {
      "geometry": {
        "coordinates": [
          -9.873376,
          -12.014392
        ],
        "type": "Point"
      },
      "properties": {
        "cipher": "Ordinal",
        "has_phrases": false,
        "mode": "value_domain",
        "phrase_count": 0,
        "phrases": [],
        "projection": "webmercator_hash_v1",
        "projection_method": "webmercator_hash_v1",
        "value": 1680
      },
      "type": "Feature"
    },
    {
      "geometry": {
        "coordinates": [
          153.214959,
          58.011967
        ],
        "type": "Point"
      },
      "properties": {
        "cipher": "Ordinal",
        "has_phrases": false,
        "mode": "value_domain",
        "phrase_count": 0,
        "phrases": [],
        "projection": "webmercator_hash_v1",
        "projection_method": "webmercator_hash_v1",
        "value": 1681
      },
      "type": "Feature"
    },
    {
      "geometry": {
        "coordinates": [
          160.717043,
          -76.554427
        ],
        "type": "Point"
      },
      "properties": {
        "cipher": "Ordinal",
        "has_phrases": false,
        "mode": "value_domain",
        "phrase_count": 0,
        "phrases": [],
        "projection": "webmercator_hash_v1",
        "projection_method": "webmercator_hash_v1",
        "value": 1682
      },
      "type": "Feature"
    },
    {
      "geometry": {
        "coordinates": [
          -117.482882,
          -35.538455
        ],
        "type": "Point"
      },
      "properties": {
        "cipher": "Ordinal",
        "has_phrases": false,
        "mode": "value_domain",
        "phrase_count": 0,
        "phrases": [],
        "projection": "webmercator_hash_v1",
        "projection_method": "webmercator_hash_v1",
        "value": 1683
      },
      "type": "Feature"
    },
    {
      "geometry": {
        "coordinates": [
          -138.45753,
          57.70688
        ],
        "type": "Point"
      },
      "properties": {
        "cipher": "Ordinal",
        "has_phrases": false,
        "mode": "value_domain",
        "phrase_count": 0,
        "phrases": [],
        "projection": "webmercator_hash_v1",
        "projection_method": "webmercator_hash_v1",
        "value": 1684
      },
      "type": "Feature"
    },
    {
      "geometry": {
        "coordinates": [
          5.078187,
          57.557268
        ],
        "type": "Point"
      },
      "properties": {
        "cipher": "Ordinal",
        "has_phrases": false,
        "mode": "value_domain",
        "phrase_count": 0,
        "phrases": [],
        "projection": "webmercator_hash_v1",
        "projection_method": "webmercator_hash_v1",
        "value": 1685
      },
      "type": "Feature"
    },
    {
      "geometry": {
        "coordinates": [
          62.574016,
          -66.406413
        ],
        "type": "Point"
      },
      "properties": {
        "cipher": "Ordinal",
        "has_phrases": false,
        "mode": "value_domain",
        "phrase_count": 0,
        "phrases": [],
        "projection": "webmercator_hash_v1",
        "projection_method": "webmercator_hash_v1",
        "value": 1686
      },
      "type": "Feature"
    },
    {
      "geometry": {
        "coordinates": [
          157.665689,
          40.430252
        ],
        "type": "Point"
      },
      "properties": {
        "cipher": "Ordinal",
        "has_phrases": false,
        "mode": "value_domain",
        "phrase_count": 0,
        "phrases": [],
        "projection": "webmercator_hash_v1",
        "projection_method": "webmercator_hash_v1",
        "value": 1687
      },
      "type": "Feature"
    },
    {
      "geometry": {
        "coordinates": [
          -149.338666,
          -13.439065
        ],
        "type": "Point"
      },
      "properties": {
        "cipher": "Ordinal",
        "has_phrases": false,
        "mode": "value_domain",
        "phrase_count": 0,
        "phrases": [],
        "projection": "webmercator_hash_v1",
        "projection_method": "webmercator_hash_v1",
        "value": 1688
      },
      "type": "Feature"
    },
    {
      "geometry": {
        "coordinates": [
          -112.815679,
          45.191133
        ],
        "type": "Point"
      },
      "properties": {
        "cipher": "Ordinal",
        "has_phrases": false,
        "mode": "value_domain",
        "phrase_count": 0,
        "phrases": [],
        "projection": "webmercator_hash_v1",
        "projection_method": "webmercator_hash_v1",
        "value": 1689
      },
      "type": "Feature"
    },
    {
      "geometry": {
        "coordinates": [
          123.539226,
          1.84885
        ],
        "type": "Point"
      },
      "properties": {
        "cipher": "Ordinal",
        "has_phrases": false,
        "mode": "value_domain",
        "phrase_count": 0,
        "phrases": [],
        "projection": "webmercator_hash_v1",
        "projection_method": "webmercator_hash_v1",
        "value": 1690
      },
      "type": "Feature"
    },
    {
      "geometry": {
        "coordinates": [
          120.681764,
          -69.758916
        ],
        "type": "Point"
      },
      "properties": {
        "cipher": "Ordinal",
        "has_phrases": false,
        "mode": "value_domain",
        "phrase_count": 0,
        "phrases": [],
        "projection": "webmercator_hash_v1",
        "projection_method": "webmercator_hash_v1",
        "value": 1691
      },
      "type": "Feature"
    },
    {
      "geometry": {
        "coordinates": [
          42.938986,
          60.808665
        ],
        "type": "Point"
      },
      "properties": {
        "cipher": "Ordinal",
        "has_phrases": false,
        "mode": "value_domain",
        "phrase_count": 0,
        "phrases": [],
        "projection": "webmercator_hash_v1",
        "projection_method": "webmercator_hash_v1",
        "value": 1692
      },
      "type": "Feature"
    },
    {
      "geometry": {
        "coordinates": [
          -44.162589,
          45.003481
        ],
        "type": "Point"
      },
      "properties": {
        "cipher": "Ordinal",
        "has_phrases": false,
        "mode": "value_domain",
        "phrase_count": 0,
        "phrases": [],
        "projection": "webmercator_hash_v1",
        "projection_method": "webmercator_hash_v1",
        "value": 1693
      },
      "type": "Feature"
    },
    {
      "geometry": {
        "coordinates": [
          143.392019,
          26.269878
        ],
        "type": "Point"
      },
      "properties": {
        "cipher": "Ordinal",
        "has_phrases": false,
        "mode": "value_domain",
        "phrase_count": 0,
        "phrases": [],
        "projection": "webmercator_hash_v1",
        "projection_method": "webmercator_hash_v1",
        "value": 1694
      },
      "type": "Feature"
    },
    {
      "geometry": {
        "coordinates": [
          134.502433,
          14.284932
        ],
        "type": "Point"
      },
      "properties": {
        "cipher": "Ordinal",
        "has_phrases": false,
        "mode": "value_domain",
        "phrase_count": 0,
        "phrases": [],
        "projection": "webmercator_hash_v1",
        "projection_method": "webmercator_hash_v1",
        "value": 1695
      },
      "type": "Feature"
    },
    {
      "geometry": {
        "coordinates": [
          34.417887,
          -31.056153
        ],
        "type": "Point"
      },
      "properties": {
        "cipher": "Ordinal",
        "has_phrases": false,
        "mode": "value_domain",
        "phrase_count": 0,
        "phrases": [],
        "projection": "webmercator_hash_v1",
        "projection_method": "webmercator_hash_v1",
        "value": 1696
      },
      "type": "Feature"
    },
    {
      "geometry": {
        "coordinates": [
          110.225718,
          60.570214
        ],
        "type": "Point"
      },
      "properties": {
        "cipher": "Ordinal",
        "has_phrases": false,
        "mode": "value_domain",
        "phrase_count": 0,
        "phrases": [],
        "projection": "webmercator_hash_v1",
        "projection_method": "webmercator_hash_v1",
        "value": 1697
      },
      "type": "Feature"
    },
    {
      "geometry": {
        "coordinates": [
          67.061439,
          -60.842709
        ],
        "type": "Point"
      },
      "properties": {
        "cipher": "Ordinal",
        "has_phrases": false,
        "mode": "value_domain",
        "phrase_count": 0,
        "phrases": [],
        "projection": "webmercator_hash_v1",
        "projection_method": "webmercator_hash_v1",
        "value": 1698
      },
      "type": "Feature"
    },
    {
      "geometry": {
        "coordinates": [
          113.928243,
          -81.20811
        ],
        "type": "Point"
      },
      "properties": {
        "cipher": "Ordinal",
        "has_phrases": false,
        "mode": "value_domain",
        "phrase_count": 0,
        "phrases": [],
        "projection": "webmercator_hash_v1",
        "projection_method": "webmercator_hash_v1",
        "value": 1699
      },
      "type": "Feature"
    },
    {
      "geometry": {
        "coordinates": [
          124.301682,
          -82.663707
        ],
        "type": "Point"
      },
      "properties": {
        "cipher": "Ordinal",
        "has_phrases": false,
        "mode": "value_domain",
        "phrase_count": 0,
        "phrases": [],
        "projection": "webmercator_hash_v1",
        "projection_method": "webmercator_hash_v1",
        "value": 1700
      },
      "type": "Feature"
    },
    {
      "geometry": {
        "coordinates": [
          -177.012721,
          -55.826934
        ],
        "type": "Point"
      },
      "properties": {
        "cipher": "Ordinal",
        "has_phrases": false,
        "mode": "value_domain",
        "phrase_count": 0,
        "phrases": [],
        "projection": "webmercator_hash_v1",
        "projection_method": "webmercator_hash_v1",
        "value": 1701
      },
      "type": "Feature"
    },
    {
      "geometry": {
        "coordinates": [
          62.033408,
          -29.419019
        ],
        "type": "Point"
      },
      "properties": {
        "cipher": "Ordinal",
        "has_phrases": false,
        "mode": "value_domain",
        "phrase_count": 0,
        "phrases": [],
        "projection": "webmercator_hash_v1",
        "projection_method": "webmercator_hash_v1",
        "value": 1702
      },
      "type": "Feature"
    },
    {
      "geometry": {
        "coordinates": [
          61.496364,
          -42.166654
        ],
        "type": "Point"
      },
      "properties": {
        "cipher": "Ordinal",
        "has_phrases": false,
        "mode": "value_domain",
        "phrase_count": 0,
        "phrases": [],
        "projection": "webmercator_hash_v1",
        "projection_method": "webmercator_hash_v1",
        "value": 1703
      },
      "type": "Feature"
    },
    {
      "geometry": {
        "coordinates": [
          -29.102453,
          -9.07578
        ],
        "type": "Point"
      },
      "properties": {
        "cipher": "Ordinal",
        "has_phrases": false,
        "mode": "value_domain",
        "phrase_count": 0,
        "phrases": [],
        "projection": "webmercator_hash_v1",
        "projection_method": "webmercator_hash_v1",
        "value": 1704
      },
      "type": "Feature"
    },
    {
      "geometry": {
        "coordinates": [
          -67.496688,
          8.364133
        ],
        "type": "Point"
      },
      "properties": {
        "cipher": "Ordinal",
        "has_phrases": false,
        "mode": "value_domain",
        "phrase_count": 0,
        "phrases": [],
        "projection": "webmercator_hash_v1",
        "projection_method": "webmercator_hash_v1",
        "value": 1705
      },
      "type": "Feature"
    },
    {
      "geometry": {
        "coordinates": [
          -37.994349,
          71.52016
        ],
        "type": "Point"
      },
      "properties": {
        "cipher": "Ordinal",
        "has_phrases": false,
        "mode": "value_domain",
        "phrase_count": 0,
        "phrases": [],
        "projection": "webmercator_hash_v1",
        "projection_method": "webmercator_hash_v1",
        "value": 1706
      },
      "type": "Feature"
    },
    {
      "geometry": {
        "coordinates": [
          -148.063013,
          -55.422087
        ],
        "type": "Point"
      },
      "properties": {
        "cipher": "Ordinal",
        "has_phrases": false,
        "mode": "value_domain",
        "phrase_count": 0,
        "phrases": [],
        "projection": "webmercator_hash_v1",
        "projection_method": "webmercator_hash_v1",
        "value": 1707
      },
      "type": "Feature"
    },
    {
      "geometry": {
        "coordinates": [
          59.049271,
          39.134989
        ],
        "type": "Point"
      },
      "properties": {
        "cipher": "Ordinal",
        "has_phrases": false,
        "mode": "value_domain",
        "phrase_count": 0,
        "phrases": [],
        "projection": "webmercator_hash_v1",
        "projection_method": "webmercator_hash_v1",
        "value": 1708
      },
      "type": "Feature"
    },
    {
      "geometry": {
        "coordinates": [
          63.51274,
          -52.974607
        ],
        "type": "Point"
      },
      "properties": {
        "cipher": "Ordinal",
        "has_phrases": false,
        "mode": "value_domain",
        "phrase_count": 0,
        "phrases": [],
        "projection": "webmercator_hash_v1",
        "projection_method": "webmercator_hash_v1",
        "value": 1709
      },
      "type": "Feature"
    },
    {
      "geometry": {
        "coordinates": [
          91.365783,
          -1.955479
        ],
        "type": "Point"
      },
      "properties": {
        "cipher": "Ordinal",
        "has_phrases": false,
        "mode": "value_domain",
        "phrase_count": 0,
        "phrases": [],
        "projection": "webmercator_hash_v1",
        "projection_method": "webmercator_hash_v1",
        "value": 1710
      },
      "type": "Feature"
    },
    {
      "geometry": {
        "coordinates": [
          49.588877,
          -43.043181
        ],
        "type": "Point"
      },
      "properties": {
        "cipher": "Ordinal",
        "has_phrases": false,
        "mode": "value_domain",
        "phrase_count": 0,
        "phrases": [],
        "projection": "webmercator_hash_v1",
        "projection_method": "webmercator_hash_v1",
        "value": 1711
      },
      "type": "Feature"
    },
    {
      "geometry": {
        "coordinates": [
          -19.642852,
          -29.896813
        ],
        "type": "Point"
      },
      "properties": {
        "cipher": "Ordinal",
        "has_phrases": false,
        "mode": "value_domain",
        "phrase_count": 0,
        "phrases": [],
        "projection": "webmercator_hash_v1",
        "projection_method": "webmercator_hash_v1",
        "value": 1712
      },
      "type": "Feature"
    },
    {
      "geometry": {
        "coordinates": [
          -87.044476,
          -56.514326
        ],
        "type": "Point"
      },
      "properties": {
        "cipher": "Ordinal",
        "has_phrases": false,
        "mode": "value_domain",
        "phrase_count": 0,
        "phrases": [],
        "projection": "webmercator_hash_v1",
        "projection_method": "webmercator_hash_v1",
        "value": 1713
      },
      "type": "Feature"
    },
    {
      "geometry": {
        "coordinates": [
          -86.017633,
          73.080998
        ],
        "type": "Point"
      },
      "properties": {
        "cipher": "Ordinal",
        "has_phrases": false,
        "mode": "value_domain",
        "phrase_count": 0,
        "phrases": [],
        "projection": "webmercator_hash_v1",
        "projection_method": "webmercator_hash_v1",
        "value": 1714
      },
      "type": "Feature"
    },
    {
      "geometry": {
        "coordinates": [
          176.738179,
          10.088392
        ],
        "type": "Point"
      },
      "properties": {
        "cipher": "Ordinal",
        "has_phrases": false,
        "mode": "value_domain",
        "phrase_count": 0,
        "phrases": [],
        "projection": "webmercator_hash_v1",
        "projection_method": "webmercator_hash_v1",
        "value": 1715
      },
      "type": "Feature"
    },
    {
      "geometry": {
        "coordinates": [
          -143.02093,
          9.170542
        ],
        "type": "Point"
      },
      "properties": {
        "cipher": "Ordinal",
        "has_phrases": false,
        "mode": "value_domain",
        "phrase_count": 0,
        "phrases": [],
        "projection": "webmercator_hash_v1",
        "projection_method": "webmercator_hash_v1",
        "value": 1716
      },
      "type": "Feature"
    },
    {
      "geometry": {
        "coordinates": [
          96.002796,
          -74.839424
        ],
        "type": "Point"
      },
      "properties": {
        "cipher": "Ordinal",
        "has_phrases": false,
        "mode": "value_domain",
        "phrase_count": 0,
        "phrases": [],
        "projection": "webmercator_hash_v1",
        "projection_method": "webmercator_hash_v1",
        "value": 1717
      },
      "type": "Feature"
    },
    {
      "geometry": {
        "coordinates": [
          -118.575962,
          29.216646
        ],
        "type": "Point"
      },
      "properties": {
        "cipher": "Ordinal",
        "has_phrases": false,
        "mode": "value_domain",
        "phrase_count": 0,
        "phrases": [],
        "projection": "webmercator_hash_v1",
        "projection_method": "webmercator_hash_v1",
        "value": 1718
      },
      "type": "Feature"
    },
    {
      "geometry": {
        "coordinates": [
          -86.199396,
          -42.486788
        ],
        "type": "Point"
      },
      "properties": {
        "cipher": "Ordinal",
        "has_phrases": false,
        "mode": "value_domain",
        "phrase_count": 0,
        "phrases": [],
        "projection": "webmercator_hash_v1",
        "projection_method": "webmercator_hash_v1",
        "value": 1719
      },
      "type": "Feature"
    },
    {
      "geometry": {
        "coordinates": [
          11.364489,
          49.25028
        ],
        "type": "Point"
      },
      "properties": {
        "cipher": "Ordinal",
        "has_phrases": false,
        "mode": "value_domain",
        "phrase_count": 0,
        "phrases": [],
        "projection": "webmercator_hash_v1",
        "projection_method": "webmercator_hash_v1",
        "value": 1720
      },
      "type": "Feature"
    },
    {
      "geometry": {
        "coordinates": [
          -83.79934,
          27.791677
        ],
        "type": "Point"
      },
      "properties": {
        "cipher": "Ordinal",
        "has_phrases": false,
        "mode": "value_domain",
        "phrase_count": 0,
        "phrases": [],
        "projection": "webmercator_hash_v1",
        "projection_method": "webmercator_hash_v1",
        "value": 1721
      },
      "type": "Feature"
    },
    {
      "geometry": {
        "coordinates": [
          -2.495818,
          7.849822
        ],
        "type": "Point"
      },
      "properties": {
        "cipher": "Ordinal",
        "has_phrases": false,
        "mode": "value_domain",
        "phrase_count": 0,
        "phrases": [],
        "projection": "webmercator_hash_v1",
        "projection_method": "webmercator_hash_v1",
        "value": 1722
      },
      "type": "Feature"
    },
    {
      "geometry": {
        "coordinates": [
          -30.271167,
          12.207539
        ],
        "type": "Point"
      },
      "properties": {
        "cipher": "Ordinal",
        "has_phrases": false,
        "mode": "value_domain",
        "phrase_count": 0,
        "phrases": [],
        "projection": "webmercator_hash_v1",
        "projection_method": "webmercator_hash_v1",
        "value": 1723
      },
      "type": "Feature"
    },
    {
      "geometry": {
        "coordinates": [
          107.90692,
          -23.481258
        ],
        "type": "Point"
      },
      "properties": {
        "cipher": "Ordinal",
        "has_phrases": false,
        "mode": "value_domain",
        "phrase_count": 0,
        "phrases": [],
        "projection": "webmercator_hash_v1",
        "projection_method": "webmercator_hash_v1",
        "value": 1724
      },
      "type": "Feature"
    },
    {
      "geometry": {
        "coordinates": [
          65.49281,
          -17.850176
        ],
        "type": "Point"
      },
      "properties": {
        "cipher": "Ordinal",
        "has_phrases": false,
        "mode": "value_domain",
        "phrase_count": 0,
        "phrases": [],
        "projection": "webmercator_hash_v1",
        "projection_method": "webmercator_hash_v1",
        "value": 1725
      },
      "type": "Feature"
    },
    {
      "geometry": {
        "coordinates": [
          78.249582,
          -1.279405
        ],
        "type": "Point"
      },
      "properties": {
        "cipher": "Ordinal",
        "has_phrases": false,
        "mode": "value_domain",
        "phrase_count": 0,
        "phrases": [],
        "projection": "webmercator_hash_v1",
        "projection_method": "webmercator_hash_v1",
        "value": 1726
      },
      "type": "Feature"
    },
    {
      "geometry": {
        "coordinates": [
          111.675049,
          70.872391
        ],
        "type": "Point"
      },
      "properties": {
        "cipher": "Ordinal",
        "has_phrases": false,
        "mode": "value_domain",
        "phrase_count": 0,
        "phrases": [],
        "projection": "webmercator_hash_v1",
        "projection_method": "webmercator_hash_v1",
        "value": 1727
      },
      "type": "Feature"
    },
    {
      "geometry": {
        "coordinates": [
          -117.906898,
          -49.819603
        ],
        "type": "Point"
      },
      "properties": {
        "cipher": "Ordinal",
        "has_phrases": false,
        "mode": "value_domain",
        "phrase_count": 0,
        "phrases": [],
        "projection": "webmercator_hash_v1",
        "projection_method": "webmercator_hash_v1",
        "value": 1728
      },
      "type": "Feature"
    },
    {
      "geometry": {
        "coordinates": [
          172.79723,
          64.838558
        ],
        "type": "Point"
      },
      "properties": {
        "cipher": "Ordinal",
        "has_phrases": false,
        "mode": "value_domain",
        "phrase_count": 0,
        "phrases": [],
        "projection": "webmercator_hash_v1",
        "projection_method": "webmercator_hash_v1",
        "value": 1729
      },
      "type": "Feature"
    },
    {
      "geometry": {
        "coordinates": [
          104.805557,
          -79.568592
        ],
        "type": "Point"
      },
      "properties": {
        "cipher": "Ordinal",
        "has_phrases": false,
        "mode": "value_domain",
        "phrase_count": 0,
        "phrases": [],
        "projection": "webmercator_hash_v1",
        "projection_method": "webmercator_hash_v1",
        "value": 1730
      },
      "type": "Feature"
    },
    {
      "geometry": {
        "coordinates": [
          -146.452034,
          27.089155
        ],
        "type": "Point"
      },
      "properties": {
        "cipher": "Ordinal",
        "has_phrases": false,
        "mode": "value_domain",
        "phrase_count": 0,
        "phrases": [],
        "projection": "webmercator_hash_v1",
        "projection_method": "webmercator_hash_v1",
        "value": 1731
      },
      "type": "Feature"
    },
    {
      "geometry": {
        "coordinates": [
          25.381642,
          -28.900554
        ],
        "type": "Point"
      },
      "properties": {
        "cipher": "Ordinal",
        "has_phrases": false,
        "mode": "value_domain",
        "phrase_count": 0,
        "phrases": [],
        "projection": "webmercator_hash_v1",
        "projection_method": "webmercator_hash_v1",
        "value": 1732
      },
      "type": "Feature"
    },
    {
      "geometry": {
        "coordinates": [
          143.186672,
          -39.779084
        ],
        "type": "Point"
      },
      "properties": {
        "cipher": "Ordinal",
        "has_phrases": false,
        "mode": "value_domain",
        "phrase_count": 0,
        "phrases": [],
        "projection": "webmercator_hash_v1",
        "projection_method": "webmercator_hash_v1",
        "value": 1733
      },
      "type": "Feature"
    },
    {
      "geometry": {
        "coordinates": [
          -61.314795,
          -42.495029
        ],
        "type": "Point"
      },
      "properties": {
        "cipher": "Ordinal",
        "has_phrases": false,
        "mode": "value_domain",
        "phrase_count": 0,
        "phrases": [],
        "projection": "webmercator_hash_v1",
        "projection_method": "webmercator_hash_v1",
        "value": 1734
      },
      "type": "Feature"
    },
    {
      "geometry": {
        "coordinates": [
          61.57982,
          67.079929
        ],
        "type": "Point"
      },
      "properties": {
        "cipher": "Ordinal",
        "has_phrases": false,
        "mode": "value_domain",
        "phrase_count": 0,
        "phrases": [],
        "projection": "webmercator_hash_v1",
        "projection_method": "webmercator_hash_v1",
        "value": 1735
      },
      "type": "Feature"
    },
    {
      "geometry": {
        "coordinates": [
          -142.808732,
          29.579638
        ],
        "type": "Point"
      },
      "properties": {
        "cipher": "Ordinal",
        "has_phrases": false,
        "mode": "value_domain",
        "phrase_count": 0,
        "phrases": [],
        "projection": "webmercator_hash_v1",
        "projection_method": "webmercator_hash_v1",
        "value": 1736
      },
      "type": "Feature"
    },
    {
      "geometry": {
        "coordinates": [
          -2.099985,
          32.086318
        ],
        "type": "Point"
      },
      "properties": {
        "cipher": "Ordinal",
        "has_phrases": false,
        "mode": "value_domain",
        "phrase_count": 0,
        "phrases": [],
        "projection": "webmercator_hash_v1",
        "projection_method": "webmercator_hash_v1",
        "value": 1737
      },
      "type": "Feature"
    },
    {
      "geometry": {
        "coordinates": [
          106.173453,
          -42.30415
        ],
        "type": "Point"
      },
      "properties": {
        "cipher": "Ordinal",
        "has_phrases": false,
        "mode": "value_domain",
        "phrase_count": 0,
        "phrases": [],
        "projection": "webmercator_hash_v1",
        "projection_method": "webmercator_hash_v1",
        "value": 1738
      },
      "type": "Feature"
    },
    {
      "geometry": {
        "coordinates": [
          35.276543,
          46.452525
        ],
        "type": "Point"
      },
      "properties": {
        "cipher": "Ordinal",
        "has_phrases": false,
        "mode": "value_domain",
        "phrase_count": 0,
        "phrases": [],
        "projection": "webmercator_hash_v1",
        "projection_method": "webmercator_hash_v1",
        "value": 1739
      },
      "type": "Feature"
    },
    {
      "geometry": {
        "coordinates": [
          41.807543,
          60.734987
        ],
        "type": "Point"
      },
      "properties": {
        "cipher": "Ordinal",
        "has_phrases": false,
        "mode": "value_domain",
        "phrase_count": 0,
        "phrases": [],
        "projection": "webmercator_hash_v1",
        "projection_method": "webmercator_hash_v1",
        "value": 1740
      },
      "type": "Feature"
    },
    {
      "geometry": {
        "coordinates": [
          55.232508,
          -65.389337
        ],
        "type": "Point"
      },
      "properties": {
        "cipher": "Ordinal",
        "has_phrases": false,
        "mode": "value_domain",
        "phrase_count": 0,
        "phrases": [],
        "projection": "webmercator_hash_v1",
        "projection_method": "webmercator_hash_v1",
        "value": 1741
      },
      "type": "Feature"
    },
    {
      "geometry": {
        "coordinates": [
          1.554194,
          5.692218
        ],
        "type": "Point"
      },
      "properties": {
        "cipher": "Ordinal",
        "has_phrases": false,
        "mode": "value_domain",
        "phrase_count": 0,
        "phrases": [],
        "projection": "webmercator_hash_v1",
        "projection_method": "webmercator_hash_v1",
        "value": 1742
      },
      "type": "Feature"
    },
    {
      "geometry": {
        "coordinates": [
          49.634457,
          -63.425866
        ],
        "type": "Point"
      },
      "properties": {
        "cipher": "Ordinal",
        "has_phrases": false,
        "mode": "value_domain",
        "phrase_count": 0,
        "phrases": [],
        "projection": "webmercator_hash_v1",
        "projection_method": "webmercator_hash_v1",
        "value": 1743
      },
      "type": "Feature"
    },
    {
      "geometry": {
        "coordinates": [
          127.514305,
          -66.888138
        ],
        "type": "Point"
      },
      "properties": {
        "cipher": "Ordinal",
        "has_phrases": false,
        "mode": "value_domain",
        "phrase_count": 0,
        "phrases": [],
        "projection": "webmercator_hash_v1",
        "projection_method": "webmercator_hash_v1",
        "value": 1744
      },
      "type": "Feature"
    },
    {
      "geometry": {
        "coordinates": [
          -9.145345,
          2.744899
        ],
        "type": "Point"
      },
      "properties": {
        "cipher": "Ordinal",
        "has_phrases": false,
        "mode": "value_domain",
        "phrase_count": 0,
        "phrases": [],
        "projection": "webmercator_hash_v1",
        "projection_method": "webmercator_hash_v1",
        "value": 1745
      },
      "type": "Feature"
    },
    {
      "geometry": {
        "coordinates": [
          56.476459,
          -44.231176
        ],
        "type": "Point"
      },
      "properties": {
        "cipher": "Ordinal",
        "has_phrases": false,
        "mode": "value_domain",
        "phrase_count": 0,
        "phrases": [],
        "projection": "webmercator_hash_v1",
        "projection_method": "webmercator_hash_v1",
        "value": 1746
      },
      "type": "Feature"
    },
    {
      "geometry": {
        "coordinates": [
          -93.148168,
          57.207399
        ],
        "type": "Point"
      },
      "properties": {
        "cipher": "Ordinal",
        "has_phrases": false,
        "mode": "value_domain",
        "phrase_count": 0,
        "phrases": [],
        "projection": "webmercator_hash_v1",
        "projection_method": "webmercator_hash_v1",
        "value": 1747
      },
      "type": "Feature"
    },
    {
      "geometry": {
        "coordinates": [
          -10.923286,
          41.088252
        ],
        "type": "Point"
      },
      "properties": {
        "cipher": "Ordinal",
        "has_phrases": false,
        "mode": "value_domain",
        "phrase_count": 0,
        "phrases": [],
        "projection": "webmercator_hash_v1",
        "projection_method": "webmercator_hash_v1",
        "value": 1748
      },
      "type": "Feature"
    },
    {
      "geometry": {
        "coordinates": [
          -65.781677,
          -2.60156
        ],
        "type": "Point"
      },
      "properties": {
        "cipher": "Ordinal",
        "has_phrases": false,
        "mode": "value_domain",
        "phrase_count": 0,
        "phrases": [],
        "projection": "webmercator_hash_v1",
        "projection_method": "webmercator_hash_v1",
        "value": 1749
      },
      "type": "Feature"
    },
    {
      "geometry": {
        "coordinates": [
          -156.866117,
          -7.825289
        ],
        "type": "Point"
      },
      "properties": {
        "cipher": "Ordinal",
        "has_phrases": false,
        "mode": "value_domain",
        "phrase_count": 0,
        "phrases": [],
        "projection": "webmercator_hash_v1",
        "projection_method": "webmercator_hash_v1",
        "value": 1750
      },
      "type": "Feature"
    },
    {
      "geometry": {
        "coordinates": [
          -114.297242,
          77.436528
        ],
        "type": "Point"
      },
      "properties": {
        "cipher": "Ordinal",
        "has_phrases": false,
        "mode": "value_domain",
        "phrase_count": 0,
        "phrases": [],
        "projection": "webmercator_hash_v1",
        "projection_method": "webmercator_hash_v1",
        "value": 1751
      },
      "type": "Feature"
    },
    {
      "geometry": {
        "coordinates": [
          -50.133684,
          -11.698682
        ],
        "type": "Point"
      },
      "properties": {
        "cipher": "Ordinal",
        "has_phrases": false,
        "mode": "value_domain",
        "phrase_count": 0,
        "phrases": [],
        "projection": "webmercator_hash_v1",
        "projection_method": "webmercator_hash_v1",
        "value": 1752
      },
      "type": "Feature"
    },
    {
      "geometry": {
        "coordinates": [
          -102.134908,
          37.894209
        ],
        "type": "Point"
      },
      "properties": {
        "cipher": "Ordinal",
        "has_phrases": false,
        "mode": "value_domain",
        "phrase_count": 0,
        "phrases": [],
        "projection": "webmercator_hash_v1",
        "projection_method": "webmercator_hash_v1",
        "value": 1753
      },
      "type": "Feature"
    },
    {
      "geometry": {
        "coordinates": [
          -92.467195,
          70.370272
        ],
        "type": "Point"
      },
      "properties": {
        "cipher": "Ordinal",
        "has_phrases": false,
        "mode": "value_domain",
        "phrase_count": 0,
        "phrases": [],
        "projection": "webmercator_hash_v1",
        "projection_method": "webmercator_hash_v1",
        "value": 1754
      },
      "type": "Feature"
    },
    {
      "geometry": {
        "coordinates": [
          10.820879,
          -2.307118
        ],
        "type": "Point"
      },
      "properties": {
        "cipher": "Ordinal",
        "has_phrases": false,
        "mode": "value_domain",
        "phrase_count": 0,
        "phrases": [],
        "projection": "webmercator_hash_v1",
        "projection_method": "webmercator_hash_v1",
        "value": 1755
      },
      "type": "Feature"
    },
    {
      "geometry": {
        "coordinates": [
          -12.589912,
          61.717197
        ],
        "type": "Point"
      },
      "properties": {
        "cipher": "Ordinal",
        "has_phrases": false,
        "mode": "value_domain",
        "phrase_count": 0,
        "phrases": [],
        "projection": "webmercator_hash_v1",
        "projection_method": "webmercator_hash_v1",
        "value": 1756
      },
      "type": "Feature"
    },
    {
      "geometry": {
        "coordinates": [
          144.258469,
          -8.011843
        ],
        "type": "Point"
      },
      "properties": {
        "cipher": "Ordinal",
        "has_phrases": false,
        "mode": "value_domain",
        "phrase_count": 0,
        "phrases": [],
        "projection": "webmercator_hash_v1",
        "projection_method": "webmercator_hash_v1",
        "value": 1757
      },
      "type": "Feature"
    },
    {
      "geometry": {
        "coordinates": [
          -71.578419,
          -20.578707
        ],
        "type": "Point"
      },
      "properties": {
        "cipher": "Ordinal",
        "has_phrases": false,
        "mode": "value_domain",
        "phrase_count": 0,
        "phrases": [],
        "projection": "webmercator_hash_v1",
        "projection_method": "webmercator_hash_v1",
        "value": 1758
      },
      "type": "Feature"
    },
    {
      "geometry": {
        "coordinates": [
          -72.252106,
          2.584063
        ],
        "type": "Point"
      },
      "properties": {
        "cipher": "Ordinal",
        "has_phrases": false,
        "mode": "value_domain",
        "phrase_count": 0,
        "phrases": [],
        "projection": "webmercator_hash_v1",
        "projection_method": "webmercator_hash_v1",
        "value": 1759
      },
      "type": "Feature"
    },
    {
      "geometry": {
        "coordinates": [
          120.789259,
          -52.891854
        ],
        "type": "Point"
      },
      "properties": {
        "cipher": "Ordinal",
        "has_phrases": false,
        "mode": "value_domain",
        "phrase_count": 0,
        "phrases": [],
        "projection": "webmercator_hash_v1",
        "projection_method": "webmercator_hash_v1",
        "value": 1760
      },
      "type": "Feature"
    },
    {
      "geometry": {
        "coordinates": [
          -121.788397,
          53.002821
        ],
        "type": "Point"
      },
      "properties": {
        "cipher": "Ordinal",
        "has_phrases": false,
        "mode": "value_domain",
        "phrase_count": 0,
        "phrases": [],
        "projection": "webmercator_hash_v1",
        "projection_method": "webmercator_hash_v1",
        "value": 1761
      },
      "type": "Feature"
    },
    {
      "geometry": {
        "coordinates": [
          -108.92633,
          -62.97133
        ],
        "type": "Point"
      },
      "properties": {
        "cipher": "Ordinal",
        "has_phrases": false,
        "mode": "value_domain",
        "phrase_count": 0,
        "phrases": [],
        "projection": "webmercator_hash_v1",
        "projection_method": "webmercator_hash_v1",
        "value": 1762
      },
      "type": "Feature"
    },
    {
      "geometry": {
        "coordinates": [
          129.813176,
          -84.295515
        ],
        "type": "Point"
      },
      "properties": {
        "cipher": "Ordinal",
        "has_phrases": false,
        "mode": "value_domain",
        "phrase_count": 0,
        "phrases": [],
        "projection": "webmercator_hash_v1",
        "projection_method": "webmercator_hash_v1",
        "value": 1763
      },
      "type": "Feature"
    },
    {
      "geometry": {
        "coordinates": [
          -113.117419,
          -59.522642
        ],
        "type": "Point"
      },
      "properties": {
        "cipher": "Ordinal",
        "has_phrases": false,
        "mode": "value_domain",
        "phrase_count": 0,
        "phrases": [],
        "projection": "webmercator_hash_v1",
        "projection_method": "webmercator_hash_v1",
        "value": 1764
      },
      "type": "Feature"
    },
    {
      "geometry": {
        "coordinates": [
          -34.867426,
          -70.897965
        ],
        "type": "Point"
      },
      "properties": {
        "cipher": "Ordinal",
        "has_phrases": false,
        "mode": "value_domain",
        "phrase_count": 0,
        "phrases": [],
        "projection": "webmercator_hash_v1",
        "projection_method": "webmercator_hash_v1",
        "value": 1765
      },
      "type": "Feature"
    },
    {
      "geometry": {
        "coordinates": [
          -131.949163,
          64.762252
        ],
        "type": "Point"
      },
      "properties": {
        "cipher": "Ordinal",
        "has_phrases": false,
        "mode": "value_domain",
        "phrase_count": 0,
        "phrases": [],
        "projection": "webmercator_hash_v1",
        "projection_method": "webmercator_hash_v1",
        "value": 1766
      },
      "type": "Feature"
    },
    {
      "geometry": {
        "coordinates": [
          -170.230583,
          10.866305
        ],
        "type": "Point"
      },
      "properties": {
        "cipher": "Ordinal",
        "has_phrases": false,
        "mode": "value_domain",
        "phrase_count": 0,
        "phrases": [],
        "projection": "webmercator_hash_v1",
        "projection_method": "webmercator_hash_v1",
        "value": 1767
      },
      "type": "Feature"
    },
    {
      "geometry": {
        "coordinates": [
          89.978396,
          -53.241321
        ],
        "type": "Point"
      },
      "properties": {
        "cipher": "Ordinal",
        "has_phrases": false,
        "mode": "value_domain",
        "phrase_count": 0,
        "phrases": [],
        "projection": "webmercator_hash_v1",
        "projection_method": "webmercator_hash_v1",
        "value": 1768
      },
      "type": "Feature"
    },
    {
      "geometry": {
        "coordinates": [
          -94.970735,
          -49.617058
        ],
        "type": "Point"
      },
      "properties": {
        "cipher": "Ordinal",
        "has_phrases": false,
        "mode": "value_domain",
        "phrase_count": 0,
        "phrases": [],
        "projection": "webmercator_hash_v1",
        "projection_method": "webmercator_hash_v1",
        "value": 1769
      },
      "type": "Feature"
    },
    {
      "geometry": {
        "coordinates": [
          -41.603428,
          36.315218
        ],
        "type": "Point"
      },
      "properties": {
        "cipher": "Ordinal",
        "has_phrases": false,
        "mode": "value_domain",
        "phrase_count": 0,
        "phrases": [],
        "projection": "webmercator_hash_v1",
        "projection_method": "webmercator_hash_v1",
        "value": 1770
      },
      "type": "Feature"
    },
    {
      "geometry": {
        "coordinates": [
          63.213516,
          -2.158384
        ],
        "type": "Point"
      },
      "properties": {
        "cipher": "Ordinal",
        "has_phrases": false,
        "mode": "value_domain",
        "phrase_count": 0,
        "phrases": [],
        "projection": "webmercator_hash_v1",
        "projection_method": "webmercator_hash_v1",
        "value": 1771
      },
      "type": "Feature"
    },
    {
      "geometry": {
        "coordinates": [
          -165.278789,
          21.374885
        ],
        "type": "Point"
      },
      "properties": {
        "cipher": "Ordinal",
        "has_phrases": false,
        "mode": "value_domain",
        "phrase_count": 0,
        "phrases": [],
        "projection": "webmercator_hash_v1",
        "projection_method": "webmercator_hash_v1",
        "value": 1772
      },
      "type": "Feature"
    },
    {
      "geometry": {
        "coordinates": [
          -87.930454,
          -73.485027
        ],
        "type": "Point"
      },
      "properties": {
        "cipher": "Ordinal",
        "has_phrases": false,
        "mode": "value_domain",
        "phrase_count": 0,
        "phrases": [],
        "projection": "webmercator_hash_v1",
        "projection_method": "webmercator_hash_v1",
        "value": 1773
      },
      "type": "Feature"
    },
    {
      "geometry": {
        "coordinates": [
          90.016951,
          -43.288983
        ],
        "type": "Point"
      },
      "properties": {
        "cipher": "Ordinal",
        "has_phrases": false,
        "mode": "value_domain",
        "phrase_count": 0,
        "phrases": [],
        "projection": "webmercator_hash_v1",
        "projection_method": "webmercator_hash_v1",
        "value": 1774
      },
      "type": "Feature"
    },
    {
      "geometry": {
        "coordinates": [
          -61.431135,
          -31.657119
        ],
        "type": "Point"
      },
      "properties": {
        "cipher": "Ordinal",
        "has_phrases": false,
        "mode": "value_domain",
        "phrase_count": 0,
        "phrases": [],
        "projection": "webmercator_hash_v1",
        "projection_method": "webmercator_hash_v1",
        "value": 1775
      },
      "type": "Feature"
    },
    {
      "geometry": {
        "coordinates": [
          -148.526672,
          33.012982
        ],
        "type": "Point"
      },
      "properties": {
        "cipher": "Ordinal",
        "has_phrases": false,
        "mode": "value_domain",
        "phrase_count": 0,
        "phrases": [],
        "projection": "webmercator_hash_v1",
        "projection_method": "webmercator_hash_v1",
        "value": 1776
      },
      "type": "Feature"
    },
    {
      "geometry": {
        "coordinates": [
          125.065745,
          62.465665
        ],
        "type": "Point"
      },
      "properties": {
        "cipher": "Ordinal",
        "has_phrases": false,
        "mode": "value_domain",
        "phrase_count": 0,
        "phrases": [],
        "projection": "webmercator_hash_v1",
        "projection_method": "webmercator_hash_v1",
        "value": 1777
      },
      "type": "Feature"
    },
    {
      "geometry": {
        "coordinates": [
          30.073919,
          29.070746
        ],
        "type": "Point"
      },
      "properties": {
        "cipher": "Ordinal",
        "has_phrases": false,
        "mode": "value_domain",
        "phrase_count": 0,
        "phrases": [],
        "projection": "webmercator_hash_v1",
        "projection_method": "webmercator_hash_v1",
        "value": 1778
      },
      "type": "Feature"
    },
    {
      "geometry": {
        "coordinates": [
          -62.268445,
          53.746254
        ],
        "type": "Point"
      },
      "properties": {
        "cipher": "Ordinal",
        "has_phrases": false,
        "mode": "value_domain",
        "phrase_count": 0,
        "phrases": [],
        "projection": "webmercator_hash_v1",
        "projection_method": "webmercator_hash_v1",
        "value": 1779
      },
      "type": "Feature"
    },
    {
      "geometry": {
        "coordinates": [
          -164.745462,
          70.08647
        ],
        "type": "Point"
      },
      "properties": {
        "cipher": "Ordinal",
        "has_phrases": false,
        "mode": "value_domain",
        "phrase_count": 0,
        "phrases": [],
        "projection": "webmercator_hash_v1",
        "projection_method": "webmercator_hash_v1",
        "value": 1780
      },
      "type": "Feature"
    },
    {
      "geometry": {
        "coordinates": [
          98.132089,
          66.813471
        ],
        "type": "Point"
      },
      "properties": {
        "cipher": "Ordinal",
        "has_phrases": false,
        "mode": "value_domain",
        "phrase_count": 0,
        "phrases": [],
        "projection": "webmercator_hash_v1",
        "projection_method": "webmercator_hash_v1",
        "value": 1781
      },
      "type": "Feature"
    },
    {
      "geometry": {
        "coordinates": [
          92.194144,
          -11.281962
        ],
        "type": "Point"
      },
      "properties": {
        "cipher": "Ordinal",
        "has_phrases": false,
        "mode": "value_domain",
        "phrase_count": 0,
        "phrases": [],
        "projection": "webmercator_hash_v1",
        "projection_method": "webmercator_hash_v1",
        "value": 1782
      },
      "type": "Feature"
    },
    {
      "geometry": {
        "coordinates": [
          167.347209,
          1.465165
        ],
        "type": "Point"
      },
      "properties": {
        "cipher": "Ordinal",
        "has_phrases": false,
        "mode": "value_domain",
        "phrase_count": 0,
        "phrases": [],
        "projection": "webmercator_hash_v1",
        "projection_method": "webmercator_hash_v1",
        "value": 1783
      },
      "type": "Feature"
    },
    {
      "geometry": {
        "coordinates": [
          -71.619669,
          -66.73434
        ],
        "type": "Point"
      },
      "properties": {
        "cipher": "Ordinal",
        "has_phrases": false,
        "mode": "value_domain",
        "phrase_count": 0,
        "phrases": [],
        "projection": "webmercator_hash_v1",
        "projection_method": "webmercator_hash_v1",
        "value": 1784
      },
      "type": "Feature"
    },
    {
      "geometry": {
        "coordinates": [
          -125.746686,
          -4.096569
        ],
        "type": "Point"
      },
      "properties": {
        "cipher": "Ordinal",
        "has_phrases": false,
        "mode": "value_domain",
        "phrase_count": 0,
        "phrases": [],
        "projection": "webmercator_hash_v1",
        "projection_method": "webmercator_hash_v1",
        "value": 1785
      },
      "type": "Feature"
    },
    {
      "geometry": {
        "coordinates": [
          -134.20188,
          80.197866
        ],
        "type": "Point"
      },
      "properties": {
        "cipher": "Ordinal",
        "has_phrases": false,
        "mode": "value_domain",
        "phrase_count": 0,
        "phrases": [],
        "projection": "webmercator_hash_v1",
        "projection_method": "webmercator_hash_v1",
        "value": 1786
      },
      "type": "Feature"
    },
    {
      "geometry": {
        "coordinates": [
          58.818759,
          -26.577814
        ],
        "type": "Point"
      },
      "properties": {
        "cipher": "Ordinal",
        "has_phrases": false,
        "mode": "value_domain",
        "phrase_count": 0,
        "phrases": [],
        "projection": "webmercator_hash_v1",
        "projection_method": "webmercator_hash_v1",
        "value": 1787
      },
      "type": "Feature"
    },
    {
      "geometry": {
        "coordinates": [
          157.088092,
          -43.632119
        ],
        "type": "Point"
      },
      "properties": {
        "cipher": "Ordinal",
        "has_phrases": false,
        "mode": "value_domain",
        "phrase_count": 0,
        "phrases": [],
        "projection": "webmercator_hash_v1",
        "projection_method": "webmercator_hash_v1",
        "value": 1788
      },
      "type": "Feature"
    },
    {
      "geometry": {
        "coordinates": [
          83.124696,
          -81.979058
        ],
        "type": "Point"
      },
      "properties": {
        "cipher": "Ordinal",
        "has_phrases": false,
        "mode": "value_domain",
        "phrase_count": 0,
        "phrases": [],
        "projection": "webmercator_hash_v1",
        "projection_method": "webmercator_hash_v1",
        "value": 1789
      },
      "type": "Feature"
    },
    {
      "geometry": {
        "coordinates": [
          -171.961794,
          67.65355
        ],
        "type": "Point"
      },
      "properties": {
        "cipher": "Ordinal",
        "has_phrases": false,
        "mode": "value_domain",
        "phrase_count": 0,
        "phrases": [],
        "projection": "webmercator_hash_v1",
        "projection_method": "webmercator_hash_v1",
        "value": 1790
      },
      "type": "Feature"
    },
    {
      "geometry": {
        "coordinates": [
          -8.406761,
          -22.08044
        ],
        "type": "Point"
      },
      "properties": {
        "cipher": "Ordinal",
        "has_phrases": false,
        "mode": "value_domain",
        "phrase_count": 0,
        "phrases": [],
        "projection": "webmercator_hash_v1",
        "projection_method": "webmercator_hash_v1",
        "value": 1791
      },
      "type": "Feature"
    },
    {
      "geometry": {
        "coordinates": [
          -98.412218,
          -0.338514
        ],
        "type": "Point"
      },
      "properties": {
        "cipher": "Ordinal",
        "has_phrases": false,
        "mode": "value_domain",
        "phrase_count": 0,
        "phrases": [],
        "projection": "webmercator_hash_v1",
        "projection_method": "webmercator_hash_v1",
        "value": 1792
      },
      "type": "Feature"
    },
    {
      "geometry": {
        "coordinates": [
          28.804597,
          5.889303
        ],
        "type": "Point"
      },
      "properties": {
        "cipher": "Ordinal",
        "has_phrases": false,
        "mode": "value_domain",
        "phrase_count": 0,
        "phrases": [],
        "projection": "webmercator_hash_v1",
        "projection_method": "webmercator_hash_v1",
        "value": 1793
      },
      "type": "Feature"
    },
    {
      "geometry": {
        "coordinates": [
          173.1951,
          -70.609261
        ],
        "type": "Point"
      },
      "properties": {
        "cipher": "Ordinal",
        "has_phrases": false,
        "mode": "value_domain",
        "phrase_count": 0,
        "phrases": [],
        "projection": "webmercator_hash_v1",
        "projection_method": "webmercator_hash_v1",
        "value": 1794
      },
      "type": "Feature"
    },
    {
      "geometry": {
        "coordinates": [
          113.806568,
          76.227591
        ],
        "type": "Point"
      },
      "properties": {
        "cipher": "Ordinal",
        "has_phrases": false,
        "mode": "value_domain",
        "phrase_count": 0,
        "phrases": [],
        "projection": "webmercator_hash_v1",
        "projection_method": "webmercator_hash_v1",
        "value": 1795
      },
      "type": "Feature"
    },
    {
      "geometry": {
        "coordinates": [
          72.028785,
          -70.265144
        ],
        "type": "Point"
      },
      "properties": {
        "cipher": "Ordinal",
        "has_phrases": false,
        "mode": "value_domain",
        "phrase_count": 0,
        "phrases": [],
        "projection": "webmercator_hash_v1",
        "projection_method": "webmercator_hash_v1",
        "value": 1796
      },
      "type": "Feature"
    },
    {
      "geometry": {
        "coordinates": [
          -141.357134,
          0.841369
        ],
        "type": "Point"
      },
      "properties": {
        "cipher": "Ordinal",
        "has_phrases": false,
        "mode": "value_domain",
        "phrase_count": 0,
        "phrases": [],
        "projection": "webmercator_hash_v1",
        "projection_method": "webmercator_hash_v1",
        "value": 1797
      },
      "type": "Feature"
    },
    {
      "geometry": {
        "coordinates": [
          -39.79511,
          -67.215683
        ],
        "type": "Point"
      },
      "properties": {
        "cipher": "Ordinal",
        "has_phrases": false,
        "mode": "value_domain",
        "phrase_count": 0,
        "phrases": [],
        "projection": "webmercator_hash_v1",
        "projection_method": "webmercator_hash_v1",
        "value": 1798
      },
      "type": "Feature"
    },
    {
      "geometry": {
        "coordinates": [
          57.593305,
          30.523659
        ],
        "type": "Point"
      },
      "properties": {
        "cipher": "Ordinal",
        "has_phrases": false,
        "mode": "value_domain",
        "phrase_count": 0,
        "phrases": [],
        "projection": "webmercator_hash_v1",
        "projection_method": "webmercator_hash_v1",
        "value": 1799
      },
      "type": "Feature"
    },
    {
      "geometry": {
        "coordinates": [
          -164.827667,
          -21.979803
        ],
        "type": "Point"
      },
      "properties": {
        "cipher": "Ordinal",
        "has_phrases": false,
        "mode": "value_domain",
        "phrase_count": 0,
        "phrases": [],
        "projection": "webmercator_hash_v1",
        "projection_method": "webmercator_hash_v1",
        "value": 1800
      },
      "type": "Feature"
    },
    {
      "geometry": {
        "coordinates": [
          -99.874246,
          17.81144
        ],
        "type": "Point"
      },
      "properties": {
        "cipher": "Ordinal",
        "has_phrases": false,
        "mode": "value_domain",
        "phrase_count": 0,
        "phrases": [],
        "projection": "webmercator_hash_v1",
        "projection_method": "webmercator_hash_v1",
        "value": 1801
      },
      "type": "Feature"
    },
    {
      "geometry": {
        "coordinates": [
          -87.415583,
          -84.190208
        ],
        "type": "Point"
      },
      "properties": {
        "cipher": "Ordinal",
        "has_phrases": false,
        "mode": "value_domain",
        "phrase_count": 0,
        "phrases": [],
        "projection": "webmercator_hash_v1",
        "projection_method": "webmercator_hash_v1",
        "value": 1802
      },
      "type": "Feature"
    },
    {
      "geometry": {
        "coordinates": [
          -3.49919,
          -33.996137
        ],
        "type": "Point"
      },
      "properties": {
        "cipher": "Ordinal",
        "has_phrases": false,
        "mode": "value_domain",
        "phrase_count": 0,
        "phrases": [],
        "projection": "webmercator_hash_v1",
        "projection_method": "webmercator_hash_v1",
        "value": 1803
      },
      "type": "Feature"
    },
    {
      "geometry": {
        "coordinates": [
          -27.138742,
          -4.506115
        ],
        "type": "Point"
      },
      "properties": {
        "cipher": "Ordinal",
        "has_phrases": false,
        "mode": "value_domain",
        "phrase_count": 0,
        "phrases": [],
        "projection": "webmercator_hash_v1",
        "projection_method": "webmercator_hash_v1",
        "value": 1804
      },
      "type": "Feature"
    },
    {
      "geometry": {
        "coordinates": [
          -16.279388,
          -58.238944
        ],
        "type": "Point"
      },
      "properties": {
        "cipher": "Ordinal",
        "has_phrases": false,
        "mode": "value_domain",
        "phrase_count": 0,
        "phrases": [],
        "projection": "webmercator_hash_v1",
        "projection_method": "webmercator_hash_v1",
        "value": 1805
      },
      "type": "Feature"
    },
    {
      "geometry": {
        "coordinates": [
          -67.987898,
          63.545843
        ],
        "type": "Point"
      },
      "properties": {
        "cipher": "Ordinal",
        "has_phrases": false,
        "mode": "value_domain",
        "phrase_count": 0,
        "phrases": [],
        "projection": "webmercator_hash_v1",
        "projection_method": "webmercator_hash_v1",
        "value": 1806
      },
      "type": "Feature"
    },
    {
      "geometry": {
        "coordinates": [
          -129.150128,
          -60.00409
        ],
        "type": "Point"
      },
      "properties": {
        "cipher": "Ordinal",
        "has_phrases": false,
        "mode": "value_domain",
        "phrase_count": 0,
        "phrases": [],
        "projection": "webmercator_hash_v1",
        "projection_method": "webmercator_hash_v1",
        "value": 1807
      },
      "type": "Feature"
    },
    {
      "geometry": {
        "coordinates": [
          -99.511422,
          44.676193
        ],
        "type": "Point"
      },
      "properties": {
        "cipher": "Ordinal",
        "has_phrases": false,
        "mode": "value_domain",
        "phrase_count": 0,
        "phrases": [],
        "projection": "webmercator_hash_v1",
        "projection_method": "webmercator_hash_v1",
        "value": 1808
      },
      "type": "Feature"
    },
    {
      "geometry": {
        "coordinates": [
          176.56601,
          17.765147
        ],
        "type": "Point"
      },
      "properties": {
        "cipher": "Ordinal",
        "has_phrases": false,
        "mode": "value_domain",
        "phrase_count": 0,
        "phrases": [],
        "projection": "webmercator_hash_v1",
        "projection_method": "webmercator_hash_v1",
        "value": 1809
      },
      "type": "Feature"
    },
    {
      "geometry": {
        "coordinates": [
          171.690798,
          -26.277789
        ],
        "type": "Point"
      },
      "properties": {
        "cipher": "Ordinal",
        "has_phrases": false,
        "mode": "value_domain",
        "phrase_count": 0,
        "phrases": [],
        "projection": "webmercator_hash_v1",
        "projection_method": "webmercator_hash_v1",
        "value": 1810
      },
      "type": "Feature"
    },
    {
      "geometry": {
        "coordinates": [
          128.146516,
          3.554376
        ],
        "type": "Point"
      },
      "properties": {
        "cipher": "Ordinal",
        "has_phrases": false,
        "mode": "value_domain",
        "phrase_count": 0,
        "phrases": [],
        "projection": "webmercator_hash_v1",
        "projection_method": "webmercator_hash_v1",
        "value": 1811
      },
      "type": "Feature"
    },
    {
      "geometry": {
        "coordinates": [
          173.008472,
          58.426137
        ],
        "type": "Point"
      },
      "properties": {
        "cipher": "Ordinal",
        "has_phrases": false,
        "mode": "value_domain",
        "phrase_count": 0,
        "phrases": [],
        "projection": "webmercator_hash_v1",
        "projection_method": "webmercator_hash_v1",
        "value": 1812
      },
      "type": "Feature"
    },
    {
      "geometry": {
        "coordinates": [
          -11.463703,
          -46.103176
        ],
        "type": "Point"
      },
      "properties": {
        "cipher": "Ordinal",
        "has_phrases": false,
        "mode": "value_domain",
        "phrase_count": 0,
        "phrases": [],
        "projection": "webmercator_hash_v1",
        "projection_method": "webmercator_hash_v1",
        "value": 1813
      },
      "type": "Feature"
    },
    {
      "geometry": {
        "coordinates": [
          64.459805,
          -26.958696
        ],
        "type": "Point"
      },
      "properties": {
        "cipher": "Ordinal",
        "has_phrases": false,
        "mode": "value_domain",
        "phrase_count": 0,
        "phrases": [],
        "projection": "webmercator_hash_v1",
        "projection_method": "webmercator_hash_v1",
        "value": 1814
      },
      "type": "Feature"
    },
    {
      "geometry": {
        "coordinates": [
          60.272591,
          28.858068
        ],
        "type": "Point"
      },
      "properties": {
        "cipher": "Ordinal",
        "has_phrases": false,
        "mode": "value_domain",
        "phrase_count": 0,
        "phrases": [],
        "projection": "webmercator_hash_v1",
        "projection_method": "webmercator_hash_v1",
        "value": 1815
      },
      "type": "Feature"
    },
    {
      "geometry": {
        "coordinates": [
          37.272933,
          29.197169
        ],
        "type": "Point"
      },
      "properties": {
        "cipher": "Ordinal",
        "has_phrases": false,
        "mode": "value_domain",
        "phrase_count": 0,
        "phrases": [],
        "projection": "webmercator_hash_v1",
        "projection_method": "webmercator_hash_v1",
        "value": 1816
      },
      "type": "Feature"
    },
    {
      "geometry": {
        "coordinates": [
          53.162478,
          33.696742
        ],
        "type": "Point"
      },
      "properties": {
        "cipher": "Ordinal",
        "has_phrases": false,
        "mode": "value_domain",
        "phrase_count": 0,
        "phrases": [],
        "projection": "webmercator_hash_v1",
        "projection_method": "webmercator_hash_v1",
        "value": 1817
      },
      "type": "Feature"
    },
    {
      "geometry": {
        "coordinates": [
          84.609398,
          22.377415
        ],
        "type": "Point"
      },
      "properties": {
        "cipher": "Ordinal",
        "has_phrases": false,
        "mode": "value_domain",
        "phrase_count": 0,
        "phrases": [],
        "projection": "webmercator_hash_v1",
        "projection_method": "webmercator_hash_v1",
        "value": 1818
      },
      "type": "Feature"
    },
    {
      "geometry": {
        "coordinates": [
          -75.924399,
          -20.951153
        ],
        "type": "Point"
      },
      "properties": {
        "cipher": "Ordinal",
        "has_phrases": false,
        "mode": "value_domain",
        "phrase_count": 0,
        "phrases": [],
        "projection": "webmercator_hash_v1",
        "projection_method": "webmercator_hash_v1",
        "value": 1819
      },
      "type": "Feature"
    },
    {
      "geometry": {
        "coordinates": [
          -22.430079,
          26.068069
        ],
        "type": "Point"
      },
      "properties": {
        "cipher": "Ordinal",
        "has_phrases": false,
        "mode": "value_domain",
        "phrase_count": 0,
        "phrases": [],
        "projection": "webmercator_hash_v1",
        "projection_method": "webmercator_hash_v1",
        "value": 1820
      },
      "type": "Feature"
    },
    {
      "geometry": {
        "coordinates": [
          36.58436,
          -55.01824
        ],
        "type": "Point"
      },
      "properties": {
        "cipher": "Ordinal",
        "has_phrases": false,
        "mode": "value_domain",
        "phrase_count": 0,
        "phrases": [],
        "projection": "webmercator_hash_v1",
        "projection_method": "webmercator_hash_v1",
        "value": 1821
      },
      "type": "Feature"
    },
    {
      "geometry": {
        "coordinates": [
          109.861774,
          38.682589
        ],
        "type": "Point"
      },
      "properties": {
        "cipher": "Ordinal",
        "has_phrases": false,
        "mode": "value_domain",
        "phrase_count": 0,
        "phrases": [],
        "projection": "webmercator_hash_v1",
        "projection_method": "webmercator_hash_v1",
        "value": 1822
      },
      "type": "Feature"
    },
    {
      "geometry": {
        "coordinates": [
          139.631519,
          54.470273
        ],
        "type": "Point"
      },
      "properties": {
        "cipher": "Ordinal",
        "has_phrases": false,
        "mode": "value_domain",
        "phrase_count": 0,
        "phrases": [],
        "projection": "webmercator_hash_v1",
        "projection_method": "webmercator_hash_v1",
        "value": 1823
      },
      "type": "Feature"
    },
    {
      "geometry": {
        "coordinates": [
          146.178416,
          56.694193
        ],
        "type": "Point"
      },
      "properties": {
        "cipher": "Ordinal",
        "has_phrases": false,
        "mode": "value_domain",
        "phrase_count": 0,
        "phrases": [],
        "projection": "webmercator_hash_v1",
        "projection_method": "webmercator_hash_v1",
        "value": 1824
      },
      "type": "Feature"
    },
    {
      "geometry": {
        "coordinates": [
          2.175589,
          -51.390115
        ],
        "type": "Point"
      },
      "properties": {
        "cipher": "Ordinal",
        "has_phrases": false,
        "mode": "value_domain",
        "phrase_count": 0,
        "phrases": [],
        "projection": "webmercator_hash_v1",
        "projection_method": "webmercator_hash_v1",
        "value": 1825
      },
      "type": "Feature"
    },
    {
      "geometry": {
        "coordinates": [
          -161.635253,
          61.031463
        ],
        "type": "Point"
      },
      "properties": {
        "cipher": "Ordinal",
        "has_phrases": false,
        "mode": "value_domain",
        "phrase_count": 0,
        "phrases": [],
        "projection": "webmercator_hash_v1",
        "projection_method": "webmercator_hash_v1",
        "value": 1826
      },
      "type": "Feature"
    },
    {
      "geometry": {
        "coordinates": [
          71.152708,
          50.746375
        ],
        "type": "Point"
      },
      "properties": {
        "cipher": "Ordinal",
        "has_phrases": false,
        "mode": "value_domain",
        "phrase_count": 0,
        "phrases": [],
        "projection": "webmercator_hash_v1",
        "projection_method": "webmercator_hash_v1",
        "value": 1827
      },
      "type": "Feature"
    },
    {
      "geometry": {
        "coordinates": [
          71.807269,
          53.729199
        ],
        "type": "Point"
      },
      "properties": {
        "cipher": "Ordinal",
        "has_phrases": false,
        "mode": "value_domain",
        "phrase_count": 0,
        "phrases": [],
        "projection": "webmercator_hash_v1",
        "projection_method": "webmercator_hash_v1",
        "value": 1828
      },
      "type": "Feature"
    },
    {
      "geometry": {
        "coordinates": [
          24.723759,
          -24.709774
        ],
        "type": "Point"
      },
      "properties": {
        "cipher": "Ordinal",
        "has_phrases": false,
        "mode": "value_domain",
        "phrase_count": 0,
        "phrases": [],
        "projection": "webmercator_hash_v1",
        "projection_method": "webmercator_hash_v1",
        "value": 1829
      },
      "type": "Feature"
    },
    {
      "geometry": {
        "coordinates": [
          -136.244348,
          -24.906176
        ],
        "type": "Point"
      },
      "properties": {
        "cipher": "Ordinal",
        "has_phrases": false,
        "mode": "value_domain",
        "phrase_count": 0,
        "phrases": [],
        "projection": "webmercator_hash_v1",
        "projection_method": "webmercator_hash_v1",
        "value": 1830
      },
      "type": "Feature"
    },
    {
      "geometry": {
        "coordinates": [
          37.053631,
          73.090256
        ],
        "type": "Point"
      },
      "properties": {
        "cipher": "Ordinal",
        "has_phrases": false,
        "mode": "value_domain",
        "phrase_count": 0,
        "phrases": [],
        "projection": "webmercator_hash_v1",
        "projection_method": "webmercator_hash_v1",
        "value": 1831
      },
      "type": "Feature"
    },
    {
      "geometry": {
        "coordinates": [
          119.294436,
          -52.231658
        ],
        "type": "Point"
      },
      "properties": {
        "cipher": "Ordinal",
        "has_phrases": false,
        "mode": "value_domain",
        "phrase_count": 0,
        "phrases": [],
        "projection": "webmercator_hash_v1",
        "projection_method": "webmercator_hash_v1",
        "value": 1832
      },
      "type": "Feature"
    },
    {
      "geometry": {
        "coordinates": [
          -76.980913,
          55.295646
        ],
        "type": "Point"
      },
      "properties": {
        "cipher": "Ordinal",
        "has_phrases": false,
        "mode": "value_domain",
        "phrase_count": 0,
        "phrases": [],
        "projection": "webmercator_hash_v1",
        "projection_method": "webmercator_hash_v1",
        "value": 1833
      },
      "type": "Feature"
    },
    {
      "geometry": {
        "coordinates": [
          173.260361,
          53.428402
        ],
        "type": "Point"
      },
      "properties": {
        "cipher": "Ordinal",
        "has_phrases": false,
        "mode": "value_domain",
        "phrase_count": 0,
        "phrases": [],
        "projection": "webmercator_hash_v1",
        "projection_method": "webmercator_hash_v1",
        "value": 1834
      },
      "type": "Feature"
    },
    {
      "geometry": {
        "coordinates": [
          149.553353,
          11.979761
        ],
        "type": "Point"
      },
      "properties": {
        "cipher": "Ordinal",
        "has_phrases": false,
        "mode": "value_domain",
        "phrase_count": 0,
        "phrases": [],
        "projection": "webmercator_hash_v1",
        "projection_method": "webmercator_hash_v1",
        "value": 1835
      },
      "type": "Feature"
    },
    {
      "geometry": {
        "coordinates": [
          -14.046188,
          -54.492708
        ],
        "type": "Point"
      },
      "properties": {
        "cipher": "Ordinal",
        "has_phrases": false,
        "mode": "value_domain",
        "phrase_count": 0,
        "phrases": [],
        "projection": "webmercator_hash_v1",
        "projection_method": "webmercator_hash_v1",
        "value": 1836
      },
      "type": "Feature"
    },
    {
      "geometry": {
        "coordinates": [
          129.72946,
          54.964249
        ],
        "type": "Point"
      },
      "properties": {
        "cipher": "Ordinal",
        "has_phrases": false,
        "mode": "value_domain",
        "phrase_count": 0,
        "phrases": [],
        "projection": "webmercator_hash_v1",
        "projection_method": "webmercator_hash_v1",
        "value": 1837
      },
      "type": "Feature"
    },
    {
      "geometry": {
        "coordinates": [
          -83.803903,
          49.70282
        ],
        "type": "Point"
      },
      "properties": {
        "cipher": "Ordinal",
        "has_phrases": false,
        "mode": "value_domain",
        "phrase_count": 0,
        "phrases": [],
        "projection": "webmercator_hash_v1",
        "projection_method": "webmercator_hash_v1",
        "value": 1838
      },
      "type": "Feature"
    },
    {
      "geometry": {
        "coordinates": [
          -165.895784,
          -27.51595
        ],
        "type": "Point"
      },
      "properties": {
        "cipher": "Ordinal",
        "has_phrases": false,
        "mode": "value_domain",
        "phrase_count": 0,
        "phrases": [],
        "projection": "webmercator_hash_v1",
        "projection_method": "webmercator_hash_v1",
        "value": 1839
      },
      "type": "Feature"
    },
    {
      "geometry": {
        "coordinates": [
          -175.652313,
          -79.577811
        ],
        "type": "Point"
      },
      "properties": {
        "cipher": "Ordinal",
        "has_phrases": false,
        "mode": "value_domain",
        "phrase_count": 0,
        "phrases": [],
        "projection": "webmercator_hash_v1",
        "projection_method": "webmercator_hash_v1",
        "value": 1840
      },
      "type": "Feature"
    },
    {
      "geometry": {
        "coordinates": [
          -166.086296,
          41.114121
        ],
        "type": "Point"
      },
      "properties": {
        "cipher": "Ordinal",
        "has_phrases": false,
        "mode": "value_domain",
        "phrase_count": 0,
        "phrases": [],
        "projection": "webmercator_hash_v1",
        "projection_method": "webmercator_hash_v1",
        "value": 1841
      },
      "type": "Feature"
    },
    {
      "geometry": {
        "coordinates": [
          161.941294,
          -37.805718
        ],
        "type": "Point"
      },
      "properties": {
        "cipher": "Ordinal",
        "has_phrases": false,
        "mode": "value_domain",
        "phrase_count": 0,
        "phrases": [],
        "projection": "webmercator_hash_v1",
        "projection_method": "webmercator_hash_v1",
        "value": 1842
      },
      "type": "Feature"
    },
    {
      "geometry": {
        "coordinates": [
          -110.176767,
          -80.597816
        ],
        "type": "Point"
      },
      "properties": {
        "cipher": "Ordinal",
        "has_phrases": false,
        "mode": "value_domain",
        "phrase_count": 0,
        "phrases": [],
        "projection": "webmercator_hash_v1",
        "projection_method": "webmercator_hash_v1",
        "value": 1843
      },
      "type": "Feature"
    },
    {
      "geometry": {
        "coordinates": [
          72.255354,
          -64.626784
        ],
        "type": "Point"
      },
      "properties": {
        "cipher": "Ordinal",
        "has_phrases": false,
        "mode": "value_domain",
        "phrase_count": 0,
        "phrases": [],
        "projection": "webmercator_hash_v1",
        "projection_method": "webmercator_hash_v1",
        "value": 1844
      },
      "type": "Feature"
    },
    {
      "geometry": {
        "coordinates": [
          62.646647,
          19.096097
        ],
        "type": "Point"
      },
      "properties": {
        "cipher": "Ordinal",
        "has_phrases": false,
        "mode": "value_domain",
        "phrase_count": 0,
        "phrases": [],
        "projection": "webmercator_hash_v1",
        "projection_method": "webmercator_hash_v1",
        "value": 1845
      },
      "type": "Feature"
    },
    {
      "geometry": {
        "coordinates": [
          87.418941,
          -7.273068
        ],
        "type": "Point"
      },
      "properties": {
        "cipher": "Ordinal",
        "has_phrases": false,
        "mode": "value_domain",
        "phrase_count": 0,
        "phrases": [],
        "projection": "webmercator_hash_v1",
        "projection_method": "webmercator_hash_v1",
        "value": 1846
      },
      "type": "Feature"
    },
    {
      "geometry": {
        "coordinates": [
          104.71183,
          54.56464
        ],
        "type": "Point"
      },
      "properties": {
        "cipher": "Ordinal",
        "has_phrases": false,
        "mode": "value_domain",
        "phrase_count": 0,
        "phrases": [],
        "projection": "webmercator_hash_v1",
        "projection_method": "webmercator_hash_v1",
        "value": 1847
      },
      "type": "Feature"
    },
    {
      "geometry": {
        "coordinates": [
          114.394994,
          72.895124
        ],
        "type": "Point"
      },
      "properties": {
        "cipher": "Ordinal",
        "has_phrases": false,
        "mode": "value_domain",
        "phrase_count": 0,
        "phrases": [],
        "projection": "webmercator_hash_v1",
        "projection_method": "webmercator_hash_v1",
        "value": 1848
      },
      "type": "Feature"
    },
    {
      "geometry": {
        "coordinates": [
          92.099817,
          30.308631
        ],
        "type": "Point"
      },
      "properties": {
        "cipher": "Ordinal",
        "has_phrases": false,
        "mode": "value_domain",
        "phrase_count": 0,
        "phrases": [],
        "projection": "webmercator_hash_v1",
        "projection_method": "webmercator_hash_v1",
        "value": 1849
      },
      "type": "Feature"
    },
    {
      "geometry": {
        "coordinates": [
          107.237071,
          -38.78146
        ],
        "type": "Point"
      },
      "properties": {
        "cipher": "Ordinal",
        "has_phrases": false,
        "mode": "value_domain",
        "phrase_count": 0,
        "phrases": [],
        "projection": "webmercator_hash_v1",
        "projection_method": "webmercator_hash_v1",
        "value": 1850
      },
      "type": "Feature"
    },
    {
      "geometry": {
        "coordinates": [
          139.980622,
          -59.230103
        ],
        "type": "Point"
      },
      "properties": {
        "cipher": "Ordinal",
        "has_phrases": false,
        "mode": "value_domain",
        "phrase_count": 0,
        "phrases": [],
        "projection": "webmercator_hash_v1",
        "projection_method": "webmercator_hash_v1",
        "value": 1851
      },
      "type": "Feature"
    },
    {
      "geometry": {
        "coordinates": [
          -144.118884,
          15.556798
        ],
        "type": "Point"
      },
      "properties": {
        "cipher": "Ordinal",
        "has_phrases": false,
        "mode": "value_domain",
        "phrase_count": 0,
        "phrases": [],
        "projection": "webmercator_hash_v1",
        "projection_method": "webmercator_hash_v1",
        "value": 1852
      },
      "type": "Feature"
    },
    {
      "geometry": {
        "coordinates": [
          85.346876,
          -47.893852
        ],
        "type": "Point"
      },
      "properties": {
        "cipher": "Ordinal",
        "has_phrases": false,
        "mode": "value_domain",
        "phrase_count": 0,
        "phrases": [],
        "projection": "webmercator_hash_v1",
        "projection_method": "webmercator_hash_v1",
        "value": 1853
      },
      "type": "Feature"
    },
    {
      "geometry": {
        "coordinates": [
          31.459421,
          60.980497
        ],
        "type": "Point"
      },
      "properties": {
        "cipher": "Ordinal",
        "has_phrases": false,
        "mode": "value_domain",
        "phrase_count": 0,
        "phrases": [],
        "projection": "webmercator_hash_v1",
        "projection_method": "webmercator_hash_v1",
        "value": 1854
      },
      "type": "Feature"
    },
    {
      "geometry": {
        "coordinates": [
          0.390552,
          -59.607879
        ],
        "type": "Point"
      },
      "properties": {
        "cipher": "Ordinal",
        "has_phrases": false,
        "mode": "value_domain",
        "phrase_count": 0,
        "phrases": [],
        "projection": "webmercator_hash_v1",
        "projection_method": "webmercator_hash_v1",
        "value": 1855
      },
      "type": "Feature"
    },
    {
      "geometry": {
        "coordinates": [
          -45.056258,
          64.120059
        ],
        "type": "Point"
      },
      "properties": {
        "cipher": "Ordinal",
        "has_phrases": false,
        "mode": "value_domain",
        "phrase_count": 0,
        "phrases": [],
        "projection": "webmercator_hash_v1",
        "projection_method": "webmercator_hash_v1",
        "value": 1856
      },
      "type": "Feature"
    },
    {
      "geometry": {
        "coordinates": [
          -18.568962,
          -29.064493
        ],
        "type": "Point"
      },
      "properties": {
        "cipher": "Ordinal",
        "has_phrases": false,
        "mode": "value_domain",
        "phrase_count": 0,
        "phrases": [],
        "projection": "webmercator_hash_v1",
        "projection_method": "webmercator_hash_v1",
        "value": 1857
      },
      "type": "Feature"
    },
    {
      "geometry": {
        "coordinates": [
          95.213602,
          4.435713
        ],
        "type": "Point"
      },
      "properties": {
        "cipher": "Ordinal",
        "has_phrases": false,
        "mode": "value_domain",
        "phrase_count": 0,
        "phrases": [],
        "projection": "webmercator_hash_v1",
        "projection_method": "webmercator_hash_v1",
        "value": 1858
      },
      "type": "Feature"
    },
    {
      "geometry": {
        "coordinates": [
          -48.603721,
          81.060122
        ],
        "type": "Point"
      },
      "properties": {
        "cipher": "Ordinal",
        "has_phrases": false,
        "mode": "value_domain",
        "phrase_count": 0,
        "phrases": [],
        "projection": "webmercator_hash_v1",
        "projection_method": "webmercator_hash_v1",
        "value": 1859
      },
      "type": "Feature"
    },
    {
      "geometry": {
        "coordinates": [
          165.810666,
          -54.041276
        ],
        "type": "Point"
      },
      "properties": {
        "cipher": "Ordinal",
        "has_phrases": false,
        "mode": "value_domain",
        "phrase_count": 0,
        "phrases": [],
        "projection": "webmercator_hash_v1",
        "projection_method": "webmercator_hash_v1",
        "value": 1860
      },
      "type": "Feature"
    },
    {
      "geometry": {
        "coordinates": [
          -38.532863,
          -6.781248
        ],
        "type": "Point"
      },
      "properties": {
        "cipher": "Ordinal",
        "has_phrases": false,
        "mode": "value_domain",
        "phrase_count": 0,
        "phrases": [],
        "projection": "webmercator_hash_v1",
        "projection_method": "webmercator_hash_v1",
        "value": 1861
      },
      "type": "Feature"
    },
    {
      "geometry": {
        "coordinates": [
          62.673777,
          72.249468
        ],
        "type": "Point"
      },
      "properties": {
        "cipher": "Ordinal",
        "has_phrases": false,
        "mode": "value_domain",
        "phrase_count": 0,
        "phrases": [],
        "projection": "webmercator_hash_v1",
        "projection_method": "webmercator_hash_v1",
        "value": 1862
      },
      "type": "Feature"
    },
    {
      "geometry": {
        "coordinates": [
          83.203017,
          2.641967
        ],
        "type": "Point"
      },
      "properties": {
        "cipher": "Ordinal",
        "has_phrases": false,
        "mode": "value_domain",
        "phrase_count": 0,
        "phrases": [],
        "projection": "webmercator_hash_v1",
        "projection_method": "webmercator_hash_v1",
        "value": 1863
      },
      "type": "Feature"
    },
    {
      "geometry": {
        "coordinates": [
          -44.863137,
          -45.208264
        ],
        "type": "Point"
      },
      "properties": {
        "cipher": "Ordinal",
        "has_phrases": false,
        "mode": "value_domain",
        "phrase_count": 0,
        "phrases": [],
        "projection": "webmercator_hash_v1",
        "projection_method": "webmercator_hash_v1",
        "value": 1864
      },
      "type": "Feature"
    },
    {
      "geometry": {
        "coordinates": [
          -36.72763,
          53.80646
        ],
        "type": "Point"
      },
      "properties": {
        "cipher": "Ordinal",
        "has_phrases": false,
        "mode": "value_domain",
        "phrase_count": 0,
        "phrases": [],
        "projection": "webmercator_hash_v1",
        "projection_method": "webmercator_hash_v1",
        "value": 1865
      },
      "type": "Feature"
    },
    {
      "geometry": {
        "coordinates": [
          -62.508527,
          -42.915138
        ],
        "type": "Point"
      },
      "properties": {
        "cipher": "Ordinal",
        "has_phrases": false,
        "mode": "value_domain",
        "phrase_count": 0,
        "phrases": [],
        "projection": "webmercator_hash_v1",
        "projection_method": "webmercator_hash_v1",
        "value": 1866
      },
      "type": "Feature"
    },
    {
      "geometry": {
        "coordinates": [
          1.875632,
          21.222469
        ],
        "type": "Point"
      },
      "properties": {
        "cipher": "Ordinal",
        "has_phrases": false,
        "mode": "value_domain",
        "phrase_count": 0,
        "phrases": [],
        "projection": "webmercator_hash_v1",
        "projection_method": "webmercator_hash_v1",
        "value": 1867
      },
      "type": "Feature"
    },
    {
      "geometry": {
        "coordinates": [
          36.108321,
          25.792599
        ],
        "type": "Point"
      },
      "properties": {
        "cipher": "Ordinal",
        "has_phrases": false,
        "mode": "value_domain",
        "phrase_count": 0,
        "phrases": [],
        "projection": "webmercator_hash_v1",
        "projection_method": "webmercator_hash_v1",
        "value": 1868
      },
      "type": "Feature"
    },
    {
      "geometry": {
        "coordinates": [
          -168.222297,
          -11.620617
        ],
        "type": "Point"
      },
      "properties": {
        "cipher": "Ordinal",
        "has_phrases": false,
        "mode": "value_domain",
        "phrase_count": 0,
        "phrases": [],
        "projection": "webmercator_hash_v1",
        "projection_method": "webmercator_hash_v1",
        "value": 1869
      },
      "type": "Feature"
    },
    {
      "geometry": {
        "coordinates": [
          69.781413,
          40.009281
        ],
        "type": "Point"
      },
      "properties": {
        "cipher": "Ordinal",
        "has_phrases": false,
        "mode": "value_domain",
        "phrase_count": 0,
        "phrases": [],
        "projection": "webmercator_hash_v1",
        "projection_method": "webmercator_hash_v1",
        "value": 1870
      },
      "type": "Feature"
    },
    {
      "geometry": {
        "coordinates": [
          4.167204,
          72.944898
        ],
        "type": "Point"
      },
      "properties": {
        "cipher": "Ordinal",
        "has_phrases": false,
        "mode": "value_domain",
        "phrase_count": 0,
        "phrases": [],
        "projection": "webmercator_hash_v1",
        "projection_method": "webmercator_hash_v1",
        "value": 1871
      },
      "type": "Feature"
    },
    {
      "geometry": {
        "coordinates": [
          -122.974598,
          18.240434
        ],
        "type": "Point"
      },
      "properties": {
        "cipher": "Ordinal",
        "has_phrases": false,
        "mode": "value_domain",
        "phrase_count": 0,
        "phrases": [],
        "projection": "webmercator_hash_v1",
        "projection_method": "webmercator_hash_v1",
        "value": 1872
      },
      "type": "Feature"
    },
    {
      "geometry": {
        "coordinates": [
          59.148208,
          27.458693
        ],
        "type": "Point"
      },
      "properties": {
        "cipher": "Ordinal",
        "has_phrases": false,
        "mode": "value_domain",
        "phrase_count": 0,
        "phrases": [],
        "projection": "webmercator_hash_v1",
        "projection_method": "webmercator_hash_v1",
        "value": 1873
      },
      "type": "Feature"
    },
    {
      "geometry": {
        "coordinates": [
          47.988662,
          -7.954406
        ],
        "type": "Point"
      },
      "properties": {
        "cipher": "Ordinal",
        "has_phrases": false,
        "mode": "value_domain",
        "phrase_count": 0,
        "phrases": [],
        "projection": "webmercator_hash_v1",
        "projection_method": "webmercator_hash_v1",
        "value": 1874
      },
      "type": "Feature"
    },
    {
      "geometry": {
        "coordinates": [
          -64.255935,
          25.804611
        ],
        "type": "Point"
      },
      "properties": {
        "cipher": "Ordinal",
        "has_phrases": false,
        "mode": "value_domain",
        "phrase_count": 0,
        "phrases": [],
        "projection": "webmercator_hash_v1",
        "projection_method": "webmercator_hash_v1",
        "value": 1875
      },
      "type": "Feature"
    },
    {
      "geometry": {
        "coordinates": [
          47.410643,
          -81.569275
        ],
        "type": "Point"
      },
      "properties": {
        "cipher": "Ordinal",
        "has_phrases": false,
        "mode": "value_domain",
        "phrase_count": 0,
        "phrases": [],
        "projection": "webmercator_hash_v1",
        "projection_method": "webmercator_hash_v1",
        "value": 1876
      },
      "type": "Feature"
    },
    {
      "geometry": {
        "coordinates": [
          -34.701628,
          27.184609
        ],
        "type": "Point"
      },
      "properties": {
        "cipher": "Ordinal",
        "has_phrases": false,
        "mode": "value_domain",
        "phrase_count": 0,
        "phrases": [],
        "projection": "webmercator_hash_v1",
        "projection_method": "webmercator_hash_v1",
        "value": 1877
      },
      "type": "Feature"
    },
    {
      "geometry": {
        "coordinates": [
          -37.077529,
          -4.591324
        ],
        "type": "Point"
      },
      "properties": {
        "cipher": "Ordinal",
        "has_phrases": false,
        "mode": "value_domain",
        "phrase_count": 0,
        "phrases": [],
        "projection": "webmercator_hash_v1",
        "projection_method": "webmercator_hash_v1",
        "value": 1878
      },
      "type": "Feature"
    },
    {
      "geometry": {
        "coordinates": [
          -64.12934,
          37.482755
        ],
        "type": "Point"
      },
      "properties": {
        "cipher": "Ordinal",
        "has_phrases": false,
        "mode": "value_domain",
        "phrase_count": 0,
        "phrases": [],
        "projection": "webmercator_hash_v1",
        "projection_method": "webmercator_hash_v1",
        "value": 1879
      },
      "type": "Feature"
    },
    {
      "geometry": {
        "coordinates": [
          13.497401,
          -10.284577
        ],
        "type": "Point"
      },
      "properties": {
        "cipher": "Ordinal",
        "has_phrases": false,
        "mode": "value_domain",
        "phrase_count": 0,
        "phrases": [],
        "projection": "webmercator_hash_v1",
        "projection_method": "webmercator_hash_v1",
        "value": 1880
      },
      "type": "Feature"
    },
    {
      "geometry": {
        "coordinates": [
          104.415182,
          -38.861779
        ],
        "type": "Point"
      },
      "properties": {
        "cipher": "Ordinal",
        "has_phrases": false,
        "mode": "value_domain",
        "phrase_count": 0,
        "phrases": [],
        "projection": "webmercator_hash_v1",
        "projection_method": "webmercator_hash_v1",
        "value": 1881
      },
      "type": "Feature"
    },
    {
      "geometry": {
        "coordinates": [
          69.114385,
          76.812773
        ],
        "type": "Point"
      },
      "properties": {
        "cipher": "Ordinal",
        "has_phrases": false,
        "mode": "value_domain",
        "phrase_count": 0,
        "phrases": [],
        "projection": "webmercator_hash_v1",
        "projection_method": "webmercator_hash_v1",
        "value": 1882
      },
      "type": "Feature"
    },
    {
      "geometry": {
        "coordinates": [
          178.382307,
          25.373266
        ],
        "type": "Point"
      },
      "properties": {
        "cipher": "Ordinal",
        "has_phrases": false,
        "mode": "value_domain",
        "phrase_count": 0,
        "phrases": [],
        "projection": "webmercator_hash_v1",
        "projection_method": "webmercator_hash_v1",
        "value": 1883
      },
      "type": "Feature"
    },
    {
      "geometry": {
        "coordinates": [
          41.62913,
          24.839883
        ],
        "type": "Point"
      },
      "properties": {
        "cipher": "Ordinal",
        "has_phrases": false,
        "mode": "value_domain",
        "phrase_count": 0,
        "phrases": [],
        "projection": "webmercator_hash_v1",
        "projection_method": "webmercator_hash_v1",
        "value": 1884
      },
      "type": "Feature"
    },
    {
      "geometry": {
        "coordinates": [
          139.57239,
          -25.521994
        ],
        "type": "Point"
      },
      "properties": {
        "cipher": "Ordinal",
        "has_phrases": false,
        "mode": "value_domain",
        "phrase_count": 0,
        "phrases": [],
        "projection": "webmercator_hash_v1",
        "projection_method": "webmercator_hash_v1",
        "value": 1885
      },
      "type": "Feature"
    },
    {
      "geometry": {
        "coordinates": [
          36.394553,
          -50.225253
        ],
        "type": "Point"
      },
      "properties": {
        "cipher": "Ordinal",
        "has_phrases": false,
        "mode": "value_domain",
        "phrase_count": 0,
        "phrases": [],
        "projection": "webmercator_hash_v1",
        "projection_method": "webmercator_hash_v1",
        "value": 1886
      },
      "type": "Feature"
    },
    {
      "geometry": {
        "coordinates": [
          45.146367,
          44.571879
        ],
        "type": "Point"
      },
      "properties": {
        "cipher": "Ordinal",
        "has_phrases": false,
        "mode": "value_domain",
        "phrase_count": 0,
        "phrases": [],
        "projection": "webmercator_hash_v1",
        "projection_method": "webmercator_hash_v1",
        "value": 1887
      },
      "type": "Feature"
    },
    {
      "geometry": {
        "coordinates": [
          164.988941,
          -46.296703
        ],
        "type": "Point"
      },
      "properties": {
        "cipher": "Ordinal",
        "has_phrases": false,
        "mode": "value_domain",
        "phrase_count": 0,
        "phrases": [],
        "projection": "webmercator_hash_v1",
        "projection_method": "webmercator_hash_v1",
        "value": 1888
      },
      "type": "Feature"
    },
    {
      "geometry": {
        "coordinates": [
          50.216705,
          -58.769811
        ],
        "type": "Point"
      },
      "properties": {
        "cipher": "Ordinal",
        "has_phrases": false,
        "mode": "value_domain",
        "phrase_count": 0,
        "phrases": [],
        "projection": "webmercator_hash_v1",
        "projection_method": "webmercator_hash_v1",
        "value": 1889
      },
      "type": "Feature"
    },
    {
      "geometry": {
        "coordinates": [
          -1.227766,
          -44.042038
        ],
        "type": "Point"
      },
      "properties": {
        "cipher": "Ordinal",
        "has_phrases": false,
        "mode": "value_domain",
        "phrase_count": 0,
        "phrases": [],
        "projection": "webmercator_hash_v1",
        "projection_method": "webmercator_hash_v1",
        "value": 1890
      },
      "type": "Feature"
    },
    {
      "geometry": {
        "coordinates": [
          63.585157,
          -33.463896
        ],
        "type": "Point"
      },
      "properties": {
        "cipher": "Ordinal",
        "has_phrases": false,
        "mode": "value_domain",
        "phrase_count": 0,
        "phrases": [],
        "projection": "webmercator_hash_v1",
        "projection_method": "webmercator_hash_v1",
        "value": 1891
      },
      "type": "Feature"
    },
    {
      "geometry": {
        "coordinates": [
          24.30036,
          -59.304469
        ],
        "type": "Point"
      },
      "properties": {
        "cipher": "Ordinal",
        "has_phrases": false,
        "mode": "value_domain",
        "phrase_count": 0,
        "phrases": [],
        "projection": "webmercator_hash_v1",
        "projection_method": "webmercator_hash_v1",
        "value": 1892
      },
      "type": "Feature"
    },
    {
      "geometry": {
        "coordinates": [
          79.018127,
          22.817454
        ],
        "type": "Point"
      },
      "properties": {
        "cipher": "Ordinal",
        "has_phrases": false,
        "mode": "value_domain",
        "phrase_count": 0,
        "phrases": [],
        "projection": "webmercator_hash_v1",
        "projection_method": "webmercator_hash_v1",
        "value": 1893
      },
      "type": "Feature"
    },
    {
      "geometry": {
        "coordinates": [
          150.408553,
          -43.536442
        ],
        "type": "Point"
      },
      "properties": {
        "cipher": "Ordinal",
        "has_phrases": false,
        "mode": "value_domain",
        "phrase_count": 0,
        "phrases": [],
        "projection": "webmercator_hash_v1",
        "projection_method": "webmercator_hash_v1",
        "value": 1894
      },
      "type": "Feature"
    },
    {
      "geometry": {
        "coordinates": [
          -112.48079,
          40.660468
        ],
        "type": "Point"
      },
      "properties": {
        "cipher": "Ordinal",
        "has_phrases": false,
        "mode": "value_domain",
        "phrase_count": 0,
        "phrases": [],
        "projection": "webmercator_hash_v1",
        "projection_method": "webmercator_hash_v1",
        "value": 1895
      },
      "type": "Feature"
    },
    {
      "geometry": {
        "coordinates": [
          -125.922871,
          15.263865
        ],
        "type": "Point"
      },
      "properties": {
        "cipher": "Ordinal",
        "has_phrases": false,
        "mode": "value_domain",
        "phrase_count": 0,
        "phrases": [],
        "projection": "webmercator_hash_v1",
        "projection_method": "webmercator_hash_v1",
        "value": 1896
      },
      "type": "Feature"
    },
    {
      "geometry": {
        "coordinates": [
          -88.921687,
          45.128932
        ],
        "type": "Point"
      },
      "properties": {
        "cipher": "Ordinal",
        "has_phrases": false,
        "mode": "value_domain",
        "phrase_count": 0,
        "phrases": [],
        "projection": "webmercator_hash_v1",
        "projection_method": "webmercator_hash_v1",
        "value": 1897
      },
      "type": "Feature"
    },
    {
      "geometry": {
        "coordinates": [
          117.010735,
          44.402545
        ],
        "type": "Point"
      },
      "properties": {
        "cipher": "Ordinal",
        "has_phrases": false,
        "mode": "value_domain",
        "phrase_count": 0,
        "phrases": [],
        "projection": "webmercator_hash_v1",
        "projection_method": "webmercator_hash_v1",
        "value": 1898
      },
      "type": "Feature"
    },
    {
      "geometry": {
        "coordinates": [
          -26.320289,
          -35.719882
        ],
        "type": "Point"
      },
      "properties": {
        "cipher": "Ordinal",
        "has_phrases": false,
        "mode": "value_domain",
        "phrase_count": 0,
        "phrases": [],
        "projection": "webmercator_hash_v1",
        "projection_method": "webmercator_hash_v1",
        "value": 1899
      },
      "type": "Feature"
    },
    {
      "geometry": {
        "coordinates": [
          140.520119,
          34.411718
        ],
        "type": "Point"
      },
      "properties": {
        "cipher": "Ordinal",
        "has_phrases": false,
        "mode": "value_domain",
        "phrase_count": 0,
        "phrases": [],
        "projection": "webmercator_hash_v1",
        "projection_method": "webmercator_hash_v1",
        "value": 1900
      },
      "type": "Feature"
    },
    {
      "geometry": {
        "coordinates": [
          -93.826732,
          37.174518
        ],
        "type": "Point"
      },
      "properties": {
        "cipher": "Ordinal",
        "has_phrases": false,
        "mode": "value_domain",
        "phrase_count": 0,
        "phrases": [],
        "projection": "webmercator_hash_v1",
        "projection_method": "webmercator_hash_v1",
        "value": 1901
      },
      "type": "Feature"
    },
    {
      "geometry": {
        "coordinates": [
          -69.460307,
          63.082224
        ],
        "type": "Point"
      },
      "properties": {
        "cipher": "Ordinal",
        "has_phrases": false,
        "mode": "value_domain",
        "phrase_count": 0,
        "phrases": [],
        "projection": "webmercator_hash_v1",
        "projection_method": "webmercator_hash_v1",
        "value": 1902
      },
      "type": "Feature"
    },
    {
      "geometry": {
        "coordinates": [
          46.423024,
          -23.820158
        ],
        "type": "Point"
      },
      "properties": {
        "cipher": "Ordinal",
        "has_phrases": false,
        "mode": "value_domain",
        "phrase_count": 0,
        "phrases": [],
        "projection": "webmercator_hash_v1",
        "projection_method": "webmercator_hash_v1",
        "value": 1903
      },
      "type": "Feature"
    },
    {
      "geometry": {
        "coordinates": [
          24.574192,
          -38.284784
        ],
        "type": "Point"
      },
      "properties": {
        "cipher": "Ordinal",
        "has_phrases": false,
        "mode": "value_domain",
        "phrase_count": 0,
        "phrases": [],
        "projection": "webmercator_hash_v1",
        "projection_method": "webmercator_hash_v1",
        "value": 1904
      },
      "type": "Feature"
    },
    {
      "geometry": {
        "coordinates": [
          150.957146,
          -45.552932
        ],
        "type": "Point"
      },
      "properties": {
        "cipher": "Ordinal",
        "has_phrases": false,
        "mode": "value_domain",
        "phrase_count": 0,
        "phrases": [],
        "projection": "webmercator_hash_v1",
        "projection_method": "webmercator_hash_v1",
        "value": 1905
      },
      "type": "Feature"
    },
    {
      "geometry": {
        "coordinates": [
          156.219637,
          -69.513314
        ],
        "type": "Point"
      },
      "properties": {
        "cipher": "Ordinal",
        "has_phrases": false,
        "mode": "value_domain",
        "phrase_count": 0,
        "phrases": [],
        "projection": "webmercator_hash_v1",
        "projection_method": "webmercator_hash_v1",
        "value": 1906
      },
      "type": "Feature"
    },
    {
      "geometry": {
        "coordinates": [
          -135.605175,
          -39.61369
        ],
        "type": "Point"
      },
      "properties": {
        "cipher": "Ordinal",
        "has_phrases": false,
        "mode": "value_domain",
        "phrase_count": 0,
        "phrases": [],
        "projection": "webmercator_hash_v1",
        "projection_method": "webmercator_hash_v1",
        "value": 1907
      },
      "type": "Feature"
    },
    {
      "geometry": {
        "coordinates": [
          169.579533,
          -80.866725
        ],
        "type": "Point"
      },
      "properties": {
        "cipher": "Ordinal",
        "has_phrases": false,
        "mode": "value_domain",
        "phrase_count": 0,
        "phrases": [],
        "projection": "webmercator_hash_v1",
        "projection_method": "webmercator_hash_v1",
        "value": 1908
      },
      "type": "Feature"
    },
    {
      "geometry": {
        "coordinates": [
          -25.81706,
          18.031585
        ],
        "type": "Point"
      },
      "properties": {
        "cipher": "Ordinal",
        "has_phrases": false,
        "mode": "value_domain",
        "phrase_count": 0,
        "phrases": [],
        "projection": "webmercator_hash_v1",
        "projection_method": "webmercator_hash_v1",
        "value": 1909
      },
      "type": "Feature"
    },
    {
      "geometry": {
        "coordinates": [
          48.486291,
          60.994757
        ],
        "type": "Point"
      },
      "properties": {
        "cipher": "Ordinal",
        "has_phrases": false,
        "mode": "value_domain",
        "phrase_count": 0,
        "phrases": [],
        "projection": "webmercator_hash_v1",
        "projection_method": "webmercator_hash_v1",
        "value": 1910
      },
      "type": "Feature"
    },
    {
      "geometry": {
        "coordinates": [
          -54.274377,
          51.572938
        ],
        "type": "Point"
      },
      "properties": {
        "cipher": "Ordinal",
        "has_phrases": false,
        "mode": "value_domain",
        "phrase_count": 0,
        "phrases": [],
        "projection": "webmercator_hash_v1",
        "projection_method": "webmercator_hash_v1",
        "value": 1911
      },
      "type": "Feature"
    },
    {
      "geometry": {
        "coordinates": [
          -53.101971,
          -9.964056
        ],
        "type": "Point"
      },
      "properties": {
        "cipher": "Ordinal",
        "has_phrases": false,
        "mode": "value_domain",
        "phrase_count": 0,
        "phrases": [],
        "projection": "webmercator_hash_v1",
        "projection_method": "webmercator_hash_v1",
        "value": 1912
      },
      "type": "Feature"
    },
    {
      "geometry": {
        "coordinates": [
          -27.805415,
          27.100216
        ],
        "type": "Point"
      },
      "properties": {
        "cipher": "Ordinal",
        "has_phrases": false,
        "mode": "value_domain",
        "phrase_count": 0,
        "phrases": [],
        "projection": "webmercator_hash_v1",
        "projection_method": "webmercator_hash_v1",
        "value": 1913
      },
      "type": "Feature"
    },
    {
      "geometry": {
        "coordinates": [
          145.240093,
          -69.221582
        ],
        "type": "Point"
      },
      "properties": {
        "cipher": "Ordinal",
        "has_phrases": false,
        "mode": "value_domain",
        "phrase_count": 0,
        "phrases": [],
        "projection": "webmercator_hash_v1",
        "projection_method": "webmercator_hash_v1",
        "value": 1914
      },
      "type": "Feature"
    },
    {
      "geometry": {
        "coordinates": [
          -105.943645,
          70.58938
        ],
        "type": "Point"
      },
      "properties": {
        "cipher": "Ordinal",
        "has_phrases": false,
        "mode": "value_domain",
        "phrase_count": 0,
        "phrases": [],
        "projection": "webmercator_hash_v1",
        "projection_method": "webmercator_hash_v1",
        "value": 1915
      },
      "type": "Feature"
    },
    {
      "geometry": {
        "coordinates": [
          58.600462,
          -20.309842
        ],
        "type": "Point"
      },
      "properties": {
        "cipher": "Ordinal",
        "has_phrases": false,
        "mode": "value_domain",
        "phrase_count": 0,
        "phrases": [],
        "projection": "webmercator_hash_v1",
        "projection_method": "webmercator_hash_v1",
        "value": 1916
      },
      "type": "Feature"
    },
    {
      "geometry": {
        "coordinates": [
          177.038469,
          71.957412
        ],
        "type": "Point"
      },
      "properties": {
        "cipher": "Ordinal",
        "has_phrases": false,
        "mode": "value_domain",
        "phrase_count": 0,
        "phrases": [],
        "projection": "webmercator_hash_v1",
        "projection_method": "webmercator_hash_v1",
        "value": 1917
      },
      "type": "Feature"
    },
    {
      "geometry": {
        "coordinates": [
          -94.49045,
          -64.143638
        ],
        "type": "Point"
      },
      "properties": {
        "cipher": "Ordinal",
        "has_phrases": false,
        "mode": "value_domain",
        "phrase_count": 0,
        "phrases": [],
        "projection": "webmercator_hash_v1",
        "projection_method": "webmercator_hash_v1",
        "value": 1918
      },
      "type": "Feature"
    },
    {
      "geometry": {
        "coordinates": [
          7.784825,
          -55.896644
        ],
        "type": "Point"
      },
      "properties": {
        "cipher": "Ordinal",
        "has_phrases": false,
        "mode": "value_domain",
        "phrase_count": 0,
        "phrases": [],
        "projection": "webmercator_hash_v1",
        "projection_method": "webmercator_hash_v1",
        "value": 1919
      },
      "type": "Feature"
    },
    {
      "geometry": {
        "coordinates": [
          69.132487,
          -45.72275
        ],
        "type": "Point"
      },
      "properties": {
        "cipher": "Ordinal",
        "has_phrases": false,
        "mode": "value_domain",
        "phrase_count": 0,
        "phrases": [],
        "projection": "webmercator_hash_v1",
        "projection_method": "webmercator_hash_v1",
        "value": 1920
      },
      "type": "Feature"
    },
    {
      "geometry": {
        "coordinates": [
          -96.795628,
          9.750751
        ],
        "type": "Point"
      },
      "properties": {
        "cipher": "Ordinal",
        "has_phrases": false,
        "mode": "value_domain",
        "phrase_count": 0,
        "phrases": [],
        "projection": "webmercator_hash_v1",
        "projection_method": "webmercator_hash_v1",
        "value": 1921
      },
      "type": "Feature"
    },
    {
      "geometry": {
        "coordinates": [
          162.521448,
          83.293207
        ],
        "type": "Point"
      },
      "properties": {
        "cipher": "Ordinal",
        "has_phrases": false,
        "mode": "value_domain",
        "phrase_count": 0,
        "phrases": [],
        "projection": "webmercator_hash_v1",
        "projection_method": "webmercator_hash_v1",
        "value": 1922
      },
      "type": "Feature"
    },
    {
      "geometry": {
        "coordinates": [
          35.051471,
          -84.336282
        ],
        "type": "Point"
      },
      "properties": {
        "cipher": "Ordinal",
        "has_phrases": false,
        "mode": "value_domain",
        "phrase_count": 0,
        "phrases": [],
        "projection": "webmercator_hash_v1",
        "projection_method": "webmercator_hash_v1",
        "value": 1923
      },
      "type": "Feature"
    },
    {
      "geometry": {
        "coordinates": [
          24.763896,
          -63.619192
        ],
        "type": "Point"
      },
      "properties": {
        "cipher": "Ordinal",
        "has_phrases": false,
        "mode": "value_domain",
        "phrase_count": 0,
        "phrases": [],
        "projection": "webmercator_hash_v1",
        "projection_method": "webmercator_hash_v1",
        "value": 1924
      },
      "type": "Feature"
    },
    {
      "geometry": {
        "coordinates": [
          -100.030683,
          55.981151
        ],
        "type": "Point"
      },
      "properties": {
        "cipher": "Ordinal",
        "has_phrases": false,
        "mode": "value_domain",
        "phrase_count": 0,
        "phrases": [],
        "projection": "webmercator_hash_v1",
        "projection_method": "webmercator_hash_v1",
        "value": 1925
      },
      "type": "Feature"
    },
    {
      "geometry": {
        "coordinates": [
          11.269893,
          -28.237399
        ],
        "type": "Point"
      },
      "properties": {
        "cipher": "Ordinal",
        "has_phrases": false,
        "mode": "value_domain",
        "phrase_count": 0,
        "phrases": [],
        "projection": "webmercator_hash_v1",
        "projection_method": "webmercator_hash_v1",
        "value": 1926
      },
      "type": "Feature"
    },
    {
      "geometry": {
        "coordinates": [
          -109.369207,
          -31.807356
        ],
        "type": "Point"
      },
      "properties": {
        "cipher": "Ordinal",
        "has_phrases": false,
        "mode": "value_domain",
        "phrase_count": 0,
        "phrases": [],
        "projection": "webmercator_hash_v1",
        "projection_method": "webmercator_hash_v1",
        "value": 1927
      },
      "type": "Feature"
    },
    {
      "geometry": {
        "coordinates": [
          140.917657,
          4.198128
        ],
        "type": "Point"
      },
      "properties": {
        "cipher": "Ordinal",
        "has_phrases": false,
        "mode": "value_domain",
        "phrase_count": 0,
        "phrases": [],
        "projection": "webmercator_hash_v1",
        "projection_method": "webmercator_hash_v1",
        "value": 1928
      },
      "type": "Feature"
    },
    {
      "geometry": {
        "coordinates": [
          175.220545,
          4.112183
        ],
        "type": "Point"
      },
      "properties": {
        "cipher": "Ordinal",
        "has_phrases": false,
        "mode": "value_domain",
        "phrase_count": 0,
        "phrases": [],
        "projection": "webmercator_hash_v1",
        "projection_method": "webmercator_hash_v1",
        "value": 1929
      },
      "type": "Feature"
    },
    {
      "geometry": {
        "coordinates": [
          36.105409,
          -79.31733
        ],
        "type": "Point"
      },
      "properties": {
        "cipher": "Ordinal",
        "has_phrases": false,
        "mode": "value_domain",
        "phrase_count": 0,
        "phrases": [],
        "projection": "webmercator_hash_v1",
        "projection_method": "webmercator_hash_v1",
        "value": 1930
      },
      "type": "Feature"
    },
    {
      "geometry": {
        "coordinates": [
          -63.089787,
          14.300509
        ],
        "type": "Point"
      },
      "properties": {
        "cipher": "Ordinal",
        "has_phrases": false,
        "mode": "value_domain",
        "phrase_count": 0,
        "phrases": [],
        "projection": "webmercator_hash_v1",
        "projection_method": "webmercator_hash_v1",
        "value": 1931
      },
      "type": "Feature"
    },
    {
      "geometry": {
        "coordinates": [
          23.864861,
          24.842433
        ],
        "type": "Point"
      },
      "properties": {
        "cipher": "Ordinal",
        "has_phrases": false,
        "mode": "value_domain",
        "phrase_count": 0,
        "phrases": [],
        "projection": "webmercator_hash_v1",
        "projection_method": "webmercator_hash_v1",
        "value": 1932
      },
      "type": "Feature"
    },
    {
      "geometry": {
        "coordinates": [
          -35.305886,
          -43.68812
        ],
        "type": "Point"
      },
      "properties": {
        "cipher": "Ordinal",
        "has_phrases": false,
        "mode": "value_domain",
        "phrase_count": 0,
        "phrases": [],
        "projection": "webmercator_hash_v1",
        "projection_method": "webmercator_hash_v1",
        "value": 1933
      },
      "type": "Feature"
    },
    {
      "geometry": {
        "coordinates": [
          113.954938,
          13.427676
        ],
        "type": "Point"
      },
      "properties": {
        "cipher": "Ordinal",
        "has_phrases": false,
        "mode": "value_domain",
        "phrase_count": 0,
        "phrases": [],
        "projection": "webmercator_hash_v1",
        "projection_method": "webmercator_hash_v1",
        "value": 1934
      },
      "type": "Feature"
    },
    {
      "geometry": {
        "coordinates": [
          -49.679141,
          10.917122
        ],
        "type": "Point"
      },
      "properties": {
        "cipher": "Ordinal",
        "has_phrases": false,
        "mode": "value_domain",
        "phrase_count": 0,
        "phrases": [],
        "projection": "webmercator_hash_v1",
        "projection_method": "webmercator_hash_v1",
        "value": 1935
      },
      "type": "Feature"
    },
    {
      "geometry": {
        "coordinates": [
          118.265687,
          -56.454535
        ],
        "type": "Point"
      },
      "properties": {
        "cipher": "Ordinal",
        "has_phrases": false,
        "mode": "value_domain",
        "phrase_count": 0,
        "phrases": [],
        "projection": "webmercator_hash_v1",
        "projection_method": "webmercator_hash_v1",
        "value": 1936
      },
      "type": "Feature"
    },
    {
      "geometry": {
        "coordinates": [
          -136.352232,
          -0.118485
        ],
        "type": "Point"
      },
      "properties": {
        "cipher": "Ordinal",
        "has_phrases": false,
        "mode": "value_domain",
        "phrase_count": 0,
        "phrases": [],
        "projection": "webmercator_hash_v1",
        "projection_method": "webmercator_hash_v1",
        "value": 1937
      },
      "type": "Feature"
    },
    {
      "geometry": {
        "coordinates": [
          70.267819,
          57.95528
        ],
        "type": "Point"
      },
      "properties": {
        "cipher": "Ordinal",
        "has_phrases": false,
        "mode": "value_domain",
        "phrase_count": 0,
        "phrases": [],
        "projection": "webmercator_hash_v1",
        "projection_method": "webmercator_hash_v1",
        "value": 1938
      },
      "type": "Feature"
    },
    {
      "geometry": {
        "coordinates": [
          -179.638185,
          10.999141
        ],
        "type": "Point"
      },
      "properties": {
        "cipher": "Ordinal",
        "has_phrases": false,
        "mode": "value_domain",
        "phrase_count": 0,
        "phrases": [],
        "projection": "webmercator_hash_v1",
        "projection_method": "webmercator_hash_v1",
        "value": 1939
      },
      "type": "Feature"
    },
    {
      "geometry": {
        "coordinates": [
          136.566429,
          38.265607
        ],
        "type": "Point"
      },
      "properties": {
        "cipher": "Ordinal",
        "has_phrases": false,
        "mode": "value_domain",
        "phrase_count": 0,
        "phrases": [],
        "projection": "webmercator_hash_v1",
        "projection_method": "webmercator_hash_v1",
        "value": 1940
      },
      "type": "Feature"
    },
    {
      "geometry": {
        "coordinates": [
          -22.064289,
          -48.986261
        ],
        "type": "Point"
      },
      "properties": {
        "cipher": "Ordinal",
        "has_phrases": false,
        "mode": "value_domain",
        "phrase_count": 0,
        "phrases": [],
        "projection": "webmercator_hash_v1",
        "projection_method": "webmercator_hash_v1",
        "value": 1941
      },
      "type": "Feature"
    },
    {
      "geometry": {
        "coordinates": [
          -162.094449,
          -77.964534
        ],
        "type": "Point"
      },
      "properties": {
        "cipher": "Ordinal",
        "has_phrases": false,
        "mode": "value_domain",
        "phrase_count": 0,
        "phrases": [],
        "projection": "webmercator_hash_v1",
        "projection_method": "webmercator_hash_v1",
        "value": 1942
      },
      "type": "Feature"
    },
    {
      "geometry": {
        "coordinates": [
          -92.464612,
          -11.216734
        ],
        "type": "Point"
      },
      "properties": {
        "cipher": "Ordinal",
        "has_phrases": false,
        "mode": "value_domain",
        "phrase_count": 0,
        "phrases": [],
        "projection": "webmercator_hash_v1",
        "projection_method": "webmercator_hash_v1",
        "value": 1943
      },
      "type": "Feature"
    },
    {
      "geometry": {
        "coordinates": [
          -16.213063,
          -43.099195
        ],
        "type": "Point"
      },
      "properties": {
        "cipher": "Ordinal",
        "has_phrases": false,
        "mode": "value_domain",
        "phrase_count": 0,
        "phrases": [],
        "projection": "webmercator_hash_v1",
        "projection_method": "webmercator_hash_v1",
        "value": 1944
      },
      "type": "Feature"
    },
    {
      "geometry": {
        "coordinates": [
          128.420346,
          -74.982175
        ],
        "type": "Point"
      },
      "properties": {
        "cipher": "Ordinal",
        "has_phrases": false,
        "mode": "value_domain",
        "phrase_count": 0,
        "phrases": [],
        "projection": "webmercator_hash_v1",
        "projection_method": "webmercator_hash_v1",
        "value": 1945
      },
      "type": "Feature"
    },
    {
      "geometry": {
        "coordinates": [
          27.75109,
          -23.871914
        ],
        "type": "Point"
      },
      "properties": {
        "cipher": "Ordinal",
        "has_phrases": false,
        "mode": "value_domain",
        "phrase_count": 0,
        "phrases": [],
        "projection": "webmercator_hash_v1",
        "projection_method": "webmercator_hash_v1",
        "value": 1946
      },
      "type": "Feature"
    },
    {
      "geometry": {
        "coordinates": [
          151.780399,
          -55.01491
        ],
        "type": "Point"
      },
      "properties": {
        "cipher": "Ordinal",
        "has_phrases": false,
        "mode": "value_domain",
        "phrase_count": 0,
        "phrases": [],
        "projection": "webmercator_hash_v1",
        "projection_method": "webmercator_hash_v1",
        "value": 1947
      },
      "type": "Feature"
    },
    {
      "geometry": {
        "coordinates": [
          143.166895,
          59.101448
        ],
        "type": "Point"
      },
      "properties": {
        "cipher": "Ordinal",
        "has_phrases": false,
        "mode": "value_domain",
        "phrase_count": 0,
        "phrases": [],
        "projection": "webmercator_hash_v1",
        "projection_method": "webmercator_hash_v1",
        "value": 1948
      },
      "type": "Feature"
    },
    {
      "geometry": {
        "coordinates": [
          75.718556,
          -41.850205
        ],
        "type": "Point"
      },
      "properties": {
        "cipher": "Ordinal",
        "has_phrases": false,
        "mode": "value_domain",
        "phrase_count": 0,
        "phrases": [],
        "projection": "webmercator_hash_v1",
        "projection_method": "webmercator_hash_v1",
        "value": 1949
      },
      "type": "Feature"
    },
    {
      "geometry": {
        "coordinates": [
          -73.833388,
          -42.750042
        ],
        "type": "Point"
      },
      "properties": {
        "cipher": "Ordinal",
        "has_phrases": false,
        "mode": "value_domain",
        "phrase_count": 0,
        "phrases": [],
        "projection": "webmercator_hash_v1",
        "projection_method": "webmercator_hash_v1",
        "value": 1950
      },
      "type": "Feature"
    },
    {
      "geometry": {
        "coordinates": [
          -113.105947,
          -82.325211
        ],
        "type": "Point"
      },
      "properties": {
        "cipher": "Ordinal",
        "has_phrases": false,
        "mode": "value_domain",
        "phrase_count": 0,
        "phrases": [],
        "projection": "webmercator_hash_v1",
        "projection_method": "webmercator_hash_v1",
        "value": 1951
      },
      "type": "Feature"
    },
    {
      "geometry": {
        "coordinates": [
          94.712217,
          -24.672152
        ],
        "type": "Point"
      },
      "properties": {
        "cipher": "Ordinal",
        "has_phrases": false,
        "mode": "value_domain",
        "phrase_count": 0,
        "phrases": [],
        "projection": "webmercator_hash_v1",
        "projection_method": "webmercator_hash_v1",
        "value": 1952
      },
      "type": "Feature"
    },
    {
      "geometry": {
        "coordinates": [
          -62.153885,
          20.011882
        ],
        "type": "Point"
      },
      "properties": {
        "cipher": "Ordinal",
        "has_phrases": false,
        "mode": "value_domain",
        "phrase_count": 0,
        "phrases": [],
        "projection": "webmercator_hash_v1",
        "projection_method": "webmercator_hash_v1",
        "value": 1953
      },
      "type": "Feature"
    },
    {
      "geometry": {
        "coordinates": [
          8.950194,
          -9.529208
        ],
        "type": "Point"
      },
      "properties": {
        "cipher": "Ordinal",
        "has_phrases": false,
        "mode": "value_domain",
        "phrase_count": 0,
        "phrases": [],
        "projection": "webmercator_hash_v1",
        "projection_method": "webmercator_hash_v1",
        "value": 1954
      },
      "type": "Feature"
    },
    {
      "geometry": {
        "coordinates": [
          -54.111964,
          -21.376274
        ],
        "type": "Point"
      },
      "properties": {
        "cipher": "Ordinal",
        "has_phrases": false,
        "mode": "value_domain",
        "phrase_count": 0,
        "phrases": [],
        "projection": "webmercator_hash_v1",
        "projection_method": "webmercator_hash_v1",
        "value": 1955
      },
      "type": "Feature"
    },
    {
      "geometry": {
        "coordinates": [
          119.121663,
          -59.380553
        ],
        "type": "Point"
      },
      "properties": {
        "cipher": "Ordinal",
        "has_phrases": false,
        "mode": "value_domain",
        "phrase_count": 0,
        "phrases": [],
        "projection": "webmercator_hash_v1",
        "projection_method": "webmercator_hash_v1",
        "value": 1956
      },
      "type": "Feature"
    },
    {
      "geometry": {
        "coordinates": [
          -117.140109,
          55.791399
        ],
        "type": "Point"
      },
      "properties": {
        "cipher": "Ordinal",
        "has_phrases": false,
        "mode": "value_domain",
        "phrase_count": 0,
        "phrases": [],
        "projection": "webmercator_hash_v1",
        "projection_method": "webmercator_hash_v1",
        "value": 1957
      },
      "type": "Feature"
    },
    {
      "geometry": {
        "coordinates": [
          46.639695,
          -29.427595
        ],
        "type": "Point"
      },
      "properties": {
        "cipher": "Ordinal",
        "has_phrases": false,
        "mode": "value_domain",
        "phrase_count": 0,
        "phrases": [],
        "projection": "webmercator_hash_v1",
        "projection_method": "webmercator_hash_v1",
        "value": 1958
      },
      "type": "Feature"
    },
    {
      "geometry": {
        "coordinates": [
          17.941603,
          -57.318871
        ],
        "type": "Point"
      },
      "properties": {
        "cipher": "Ordinal",
        "has_phrases": false,
        "mode": "value_domain",
        "phrase_count": 0,
        "phrases": [],
        "projection": "webmercator_hash_v1",
        "projection_method": "webmercator_hash_v1",
        "value": 1959
      },
      "type": "Feature"
    },
    {
      "geometry": {
        "coordinates": [
          110.363031,
          10.976856
        ],
        "type": "Point"
      },
      "properties": {
        "cipher": "Ordinal",
        "has_phrases": false,
        "mode": "value_domain",
        "phrase_count": 0,
        "phrases": [],
        "projection": "webmercator_hash_v1",
        "projection_method": "webmercator_hash_v1",
        "value": 1960
      },
      "type": "Feature"
    },
    {
      "geometry": {
        "coordinates": [
          102.12605,
          45.614676
        ],
        "type": "Point"
      },
      "properties": {
        "cipher": "Ordinal",
        "has_phrases": false,
        "mode": "value_domain",
        "phrase_count": 0,
        "phrases": [],
        "projection": "webmercator_hash_v1",
        "projection_method": "webmercator_hash_v1",
        "value": 1961
      },
      "type": "Feature"
    },
    {
      "geometry": {
        "coordinates": [
          -130.275472,
          21.808433
        ],
        "type": "Point"
      },
      "properties": {
        "cipher": "Ordinal",
        "has_phrases": false,
        "mode": "value_domain",
        "phrase_count": 0,
        "phrases": [],
        "projection": "webmercator_hash_v1",
        "projection_method": "webmercator_hash_v1",
        "value": 1962
      },
      "type": "Feature"
    },
    {
      "geometry": {
        "coordinates": [
          -37.181341,
          -10.564292
        ],
        "type": "Point"
      },
      "properties": {
        "cipher": "Ordinal",
        "has_phrases": false,
        "mode": "value_domain",
        "phrase_count": 0,
        "phrases": [],
        "projection": "webmercator_hash_v1",
        "projection_method": "webmercator_hash_v1",
        "value": 1963
      },
      "type": "Feature"
    },
    {
      "geometry": {
        "coordinates": [
          -125.133653,
          6.846797
        ],
        "type": "Point"
      },
      "properties": {
        "cipher": "Ordinal",
        "has_phrases": false,
        "mode": "value_domain",
        "phrase_count": 0,
        "phrases": [],
        "projection": "webmercator_hash_v1",
        "projection_method": "webmercator_hash_v1",
        "value": 1964
      },
      "type": "Feature"
    },
    {
      "geometry": {
        "coordinates": [
          -1.349327,
          40.617093
        ],
        "type": "Point"
      },
      "properties": {
        "cipher": "Ordinal",
        "has_phrases": false,
        "mode": "value_domain",
        "phrase_count": 0,
        "phrases": [],
        "projection": "webmercator_hash_v1",
        "projection_method": "webmercator_hash_v1",
        "value": 1965
      },
      "type": "Feature"
    },
    {
      "geometry": {
        "coordinates": [
          -154.715823,
          41.126543
        ],
        "type": "Point"
      },
      "properties": {
        "cipher": "Ordinal",
        "has_phrases": false,
        "mode": "value_domain",
        "phrase_count": 0,
        "phrases": [],
        "projection": "webmercator_hash_v1",
        "projection_method": "webmercator_hash_v1",
        "value": 1966
      },
      "type": "Feature"
    },
    {
      "geometry": {
        "coordinates": [
          142.094962,
          -72.565735
        ],
        "type": "Point"
      },
      "properties": {
        "cipher": "Ordinal",
        "has_phrases": false,
        "mode": "value_domain",
        "phrase_count": 0,
        "phrases": [],
        "projection": "webmercator_hash_v1",
        "projection_method": "webmercator_hash_v1",
        "value": 1967
      },
      "type": "Feature"
    },
    {
      "geometry": {
        "coordinates": [
          81.042695,
          -36.060124
        ],
        "type": "Point"
      },
      "properties": {
        "cipher": "Ordinal",
        "has_phrases": false,
        "mode": "value_domain",
        "phrase_count": 0,
        "phrases": [],
        "projection": "webmercator_hash_v1",
        "projection_method": "webmercator_hash_v1",
        "value": 1968
      },
      "type": "Feature"
    },
    {
      "geometry": {
        "coordinates": [
          -165.50579,
          44.281014
        ],
        "type": "Point"
      },
      "properties": {
        "cipher": "Ordinal",
        "has_phrases": false,
        "mode": "value_domain",
        "phrase_count": 0,
        "phrases": [],
        "projection": "webmercator_hash_v1",
        "projection_method": "webmercator_hash_v1",
        "value": 1969
      },
      "type": "Feature"
    },
    {
      "geometry": {
        "coordinates": [
          90.425153,
          -7.058699
        ],
        "type": "Point"
      },
      "properties": {
        "cipher": "Ordinal",
        "has_phrases": false,
        "mode": "value_domain",
        "phrase_count": 0,
        "phrases": [],
        "projection": "webmercator_hash_v1",
        "projection_method": "webmercator_hash_v1",
        "value": 1970
      },
      "type": "Feature"
    },
    {
      "geometry": {
        "coordinates": [
          146.070624,
          18.157947
        ],
        "type": "Point"
      },
      "properties": {
        "cipher": "Ordinal",
        "has_phrases": false,
        "mode": "value_domain",
        "phrase_count": 0,
        "phrases": [],
        "projection": "webmercator_hash_v1",
        "projection_method": "webmercator_hash_v1",
        "value": 1971
      },
      "type": "Feature"
    },
    {
      "geometry": {
        "coordinates": [
          -166.002459,
          -5.850478
        ],
        "type": "Point"
      },
      "properties": {
        "cipher": "Ordinal",
        "has_phrases": false,
        "mode": "value_domain",
        "phrase_count": 0,
        "phrases": [],
        "projection": "webmercator_hash_v1",
        "projection_method": "webmercator_hash_v1",
        "value": 1972
      },
      "type": "Feature"
    },
    {
      "geometry": {
        "coordinates": [
          139.28064,
          -44.631979
        ],
        "type": "Point"
      },
      "properties": {
        "cipher": "Ordinal",
        "has_phrases": false,
        "mode": "value_domain",
        "phrase_count": 0,
        "phrases": [],
        "projection": "webmercator_hash_v1",
        "projection_method": "webmercator_hash_v1",
        "value": 1973
      },
      "type": "Feature"
    },
    {
      "geometry": {
        "coordinates": [
          80.805234,
          -78.261979
        ],
        "type": "Point"
      },
      "properties": {
        "cipher": "Ordinal",
        "has_phrases": false,
        "mode": "value_domain",
        "phrase_count": 0,
        "phrases": [],
        "projection": "webmercator_hash_v1",
        "projection_method": "webmercator_hash_v1",
        "value": 1974
      },
      "type": "Feature"
    },
    {
      "geometry": {
        "coordinates": [
          -155.843129,
          36.126927
        ],
        "type": "Point"
      },
      "properties": {
        "cipher": "Ordinal",
        "has_phrases": false,
        "mode": "value_domain",
        "phrase_count": 0,
        "phrases": [],
        "projection": "webmercator_hash_v1",
        "projection_method": "webmercator_hash_v1",
        "value": 1975
      },
      "type": "Feature"
    },
    {
      "geometry": {
        "coordinates": [
          -38.225661,
          -39.31103
        ],
        "type": "Point"
      },
      "properties": {
        "cipher": "Ordinal",
        "has_phrases": false,
        "mode": "value_domain",
        "phrase_count": 0,
        "phrases": [],
        "projection": "webmercator_hash_v1",
        "projection_method": "webmercator_hash_v1",
        "value": 1976
      },
      "type": "Feature"
    },
    {
      "geometry": {
        "coordinates": [
          1.018463,
          -46.088669
        ],
        "type": "Point"
      },
      "properties": {
        "cipher": "Ordinal",
        "has_phrases": false,
        "mode": "value_domain",
        "phrase_count": 0,
        "phrases": [],
        "projection": "webmercator_hash_v1",
        "projection_method": "webmercator_hash_v1",
        "value": 1977
      },
      "type": "Feature"
    },
    {
      "geometry": {
        "coordinates": [
          -166.083847,
          17.310769
        ],
        "type": "Point"
      },
      "properties": {
        "cipher": "Ordinal",
        "has_phrases": false,
        "mode": "value_domain",
        "phrase_count": 0,
        "phrases": [],
        "projection": "webmercator_hash_v1",
        "projection_method": "webmercator_hash_v1",
        "value": 1978
      },
      "type": "Feature"
    },
    {
      "geometry": {
        "coordinates": [
          38.490722,
          -8.103625
        ],
        "type": "Point"
      },
      "properties": {
        "cipher": "Ordinal",
        "has_phrases": false,
        "mode": "value_domain",
        "phrase_count": 0,
        "phrases": [],
        "projection": "webmercator_hash_v1",
        "projection_method": "webmercator_hash_v1",
        "value": 1979
      },
      "type": "Feature"
    },
    {
      "geometry": {
        "coordinates": [
          15.613141,
          -29.473718
        ],
        "type": "Point"
      },
      "properties": {
        "cipher": "Ordinal",
        "has_phrases": false,
        "mode": "value_domain",
        "phrase_count": 0,
        "phrases": [],
        "projection": "webmercator_hash_v1",
        "projection_method": "webmercator_hash_v1",
        "value": 1980
      },
      "type": "Feature"
    },
    {
      "geometry": {
        "coordinates": [
          -38.194062,
          -9.182901
        ],
        "type": "Point"
      },
      "properties": {
        "cipher": "Ordinal",
        "has_phrases": false,
        "mode": "value_domain",
        "phrase_count": 0,
        "phrases": [],
        "projection": "webmercator_hash_v1",
        "projection_method": "webmercator_hash_v1",
        "value": 1981
      },
      "type": "Feature"
    },
    {
      "geometry": {
        "coordinates": [
          163.557342,
          -45.316161
        ],
        "type": "Point"
      },
      "properties": {
        "cipher": "Ordinal",
        "has_phrases": false,
        "mode": "value_domain",
        "phrase_count": 0,
        "phrases": [],
        "projection": "webmercator_hash_v1",
        "projection_method": "webmercator_hash_v1",
        "value": 1982
      },
      "type": "Feature"
    },
    {
      "geometry": {
        "coordinates": [
          103.176412,
          -40.049116
        ],
        "type": "Point"
      },
      "properties": {
        "cipher": "Ordinal",
        "has_phrases": false,
        "mode": "value_domain",
        "phrase_count": 0,
        "phrases": [],
        "projection": "webmercator_hash_v1",
        "projection_method": "webmercator_hash_v1",
        "value": 1983
      },
      "type": "Feature"
    },
    {
      "geometry": {
        "coordinates": [
          141.988905,
          43.650996
        ],
        "type": "Point"
      },
      "properties": {
        "cipher": "Ordinal",
        "has_phrases": false,
        "mode": "value_domain",
        "phrase_count": 0,
        "phrases": [],
        "projection": "webmercator_hash_v1",
        "projection_method": "webmercator_hash_v1",
        "value": 1984
      },
      "type": "Feature"
    },
    {
      "geometry": {
        "coordinates": [
          50.919607,
          -47.497903
        ],
        "type": "Point"
      },
      "properties": {
        "cipher": "Ordinal",
        "has_phrases": false,
        "mode": "value_domain",
        "phrase_count": 0,
        "phrases": [],
        "projection": "webmercator_hash_v1",
        "projection_method": "webmercator_hash_v1",
        "value": 1985
      },
      "type": "Feature"
    },
    {
      "geometry": {
        "coordinates": [
          -175.280231,
          10.285266
        ],
        "type": "Point"
      },
      "properties": {
        "cipher": "Ordinal",
        "has_phrases": false,
        "mode": "value_domain",
        "phrase_count": 0,
        "phrases": [],
        "projection": "webmercator_hash_v1",
        "projection_method": "webmercator_hash_v1",
        "value": 1986
      },
      "type": "Feature"
    },
    {
      "geometry": {
        "coordinates": [
          40.129099,
          -78.146601
        ],
        "type": "Point"
      },
      "properties": {
        "cipher": "Ordinal",
        "has_phrases": false,
        "mode": "value_domain",
        "phrase_count": 0,
        "phrases": [],
        "projection": "webmercator_hash_v1",
        "projection_method": "webmercator_hash_v1",
        "value": 1987
      },
      "type": "Feature"
    },
    {
      "geometry": {
        "coordinates": [
          -55.701517,
          -37.287754
        ],
        "type": "Point"
      },
      "properties": {
        "cipher": "Ordinal",
        "has_phrases": false,
        "mode": "value_domain",
        "phrase_count": 0,
        "phrases": [],
        "projection": "webmercator_hash_v1",
        "projection_method": "webmercator_hash_v1",
        "value": 1988
      },
      "type": "Feature"
    },
    {
      "geometry": {
        "coordinates": [
          -8.209148,
          75.755356
        ],
        "type": "Point"
      },
      "properties": {
        "cipher": "Ordinal",
        "has_phrases": false,
        "mode": "value_domain",
        "phrase_count": 0,
        "phrases": [],
        "projection": "webmercator_hash_v1",
        "projection_method": "webmercator_hash_v1",
        "value": 1989
      },
      "type": "Feature"
    },
    {
      "geometry": {
        "coordinates": [
          -158.342283,
          -41.991269
        ],
        "type": "Point"
      },
      "properties": {
        "cipher": "Ordinal",
        "has_phrases": false,
        "mode": "value_domain",
        "phrase_count": 0,
        "phrases": [],
        "projection": "webmercator_hash_v1",
        "projection_method": "webmercator_hash_v1",
        "value": 1990
      },
      "type": "Feature"
    },
    {
      "geometry": {
        "coordinates": [
          -90.998946,
          45.353927
        ],
        "type": "Point"
      },
      "properties": {
        "cipher": "Ordinal",
        "has_phrases": false,
        "mode": "value_domain",
        "phrase_count": 0,
        "phrases": [],
        "projection": "webmercator_hash_v1",
        "projection_method": "webmercator_hash_v1",
        "value": 1991
      },
      "type": "Feature"
    },
    {
      "geometry": {
        "coordinates": [
          -93.369299,
          13.855265
        ],
        "type": "Point"
      },
      "properties": {
        "cipher": "Ordinal",
        "has_phrases": false,
        "mode": "value_domain",
        "phrase_count": 0,
        "phrases": [],
        "projection": "webmercator_hash_v1",
        "projection_method": "webmercator_hash_v1",
        "value": 1992
      },
      "type": "Feature"
    },
    {
      "geometry": {
        "coordinates": [
          -173.994922,
          63.237242
        ],
        "type": "Point"
      },
      "properties": {
        "cipher": "Ordinal",
        "has_phrases": false,
        "mode": "value_domain",
        "phrase_count": 0,
        "phrases": [],
        "projection": "webmercator_hash_v1",
        "projection_method": "webmercator_hash_v1",
        "value": 1993
      },
      "type": "Feature"
    },
    {
      "geometry": {
        "coordinates": [
          151.975063,
          -75.773283
        ],
        "type": "Point"
      },
      "properties": {
        "cipher": "Ordinal",
        "has_phrases": false,
        "mode": "value_domain",
        "phrase_count": 0,
        "phrases": [],
        "projection": "webmercator_hash_v1",
        "projection_method": "webmercator_hash_v1",
        "value": 1994
      },
      "type": "Feature"
    },
    {
      "geometry": {
        "coordinates": [
          54.265719,
          47.900048
        ],
        "type": "Point"
      },
      "properties": {
        "cipher": "Ordinal",
        "has_phrases": false,
        "mode": "value_domain",
        "phrase_count": 0,
        "phrases": [],
        "projection": "webmercator_hash_v1",
        "projection_method": "webmercator_hash_v1",
        "value": 1995
      },
      "type": "Feature"
    },
    {
      "geometry": {
        "coordinates": [
          -21.010427,
          -74.011257
        ],
        "type": "Point"
      },
      "properties": {
        "cipher": "Ordinal",
        "has_phrases": false,
        "mode": "value_domain",
        "phrase_count": 0,
        "phrases": [],
        "projection": "webmercator_hash_v1",
        "projection_method": "webmercator_hash_v1",
        "value": 1996
      },
      "type": "Feature"
    },
    {
      "geometry": {
        "coordinates": [
          -132.694572,
          30.044506
        ],
        "type": "Point"
      },
      "properties": {
        "cipher": "Ordinal",
        "has_phrases": false,
        "mode": "value_domain",
        "phrase_count": 0,
        "phrases": [],
        "projection": "webmercator_hash_v1",
        "projection_method": "webmercator_hash_v1",
        "value": 1997
      },
      "type": "Feature"
    },
    {
      "geometry": {
        "coordinates": [
          -50.091377,
          -32.663173
        ],
        "type": "Point"
      },
      "properties": {
        "cipher": "Ordinal",
        "has_phrases": false,
        "mode": "value_domain",
        "phrase_count": 0,
        "phrases": [],
        "projection": "webmercator_hash_v1",
        "projection_method": "webmercator_hash_v1",
        "value": 1998
      },
      "type": "Feature"
    },
    {
      "geometry": {
        "coordinates": [
          129.281488,
          53.591619
        ],
        "type": "Point"
      },
      "properties": {
        "cipher": "Ordinal",
        "has_phrases": false,
        "mode": "value_domain",
        "phrase_count": 0,
        "phrases": [],
        "projection": "webmercator_hash_v1",
        "projection_method": "webmercator_hash_v1",
        "value": 1999
      },
      "type": "Feature"
    },
    {
      "geometry": {
        "coordinates": [
          -52.881122,
          30.396308
        ],
        "type": "Point"
      },
      "properties": {
        "cipher": "Ordinal",
        "has_phrases": false,
        "mode": "value_domain",
        "phrase_count": 0,
        "phrases": [],
        "projection": "webmercator_hash_v1",
        "projection_method": "webmercator_hash_v1",
        "value": 2000
      },
      "type": "Feature"
    }
  ],
  "metadata": {
    "cipher": "Ordinal",
    "max_value": 2000,
    "min_value": 1,
    "mode": "value_domain",
    "projection_method": "webmercator_hash_v1",
    "summary": {
      "domain_value_count": 2000,
      "projected_locus_count": 2000,
      "top_projected_loci_by_domain_values": [
        {
          "domain_value_count": 1,
          "latitude": 7.722028,
          "longitude": -179.930723,
          "projection_method": "webmercator_hash_v1",
          "values": [
            498
          ],
          "values_with_phrases": 0
        },
        {
          "domain_value_count": 1,
          "latitude": -68.399876,
          "longitude": -179.916013,
          "projection_method": "webmercator_hash_v1",
          "values": [
            1224
          ],
          "values_with_phrases": 0
        },
        {
          "domain_value_count": 1,
          "latitude": 10.999141,
          "longitude": -179.638185,
          "projection_method": "webmercator_hash_v1",
          "values": [
            1939
          ],
          "values_with_phrases": 0
        },
        {
          "domain_value_count": 1,
          "latitude": 24.347943,
          "longitude": -179.580983,
          "projection_method": "webmercator_hash_v1",
          "values": [
            1385
          ],
          "values_with_phrases": 0
        },
        {
          "domain_value_count": 1,
          "latitude": -79.146055,
          "longitude": -179.414618,
          "projection_method": "webmercator_hash_v1",
          "values": [
            1434
          ],
          "values_with_phrases": 0
        },
        {
          "domain_value_count": 1,
          "latitude": -75.444323,
          "longitude": -179.300118,
          "projection_method": "webmercator_hash_v1",
          "values": [
            1142
          ],
          "values_with_phrases": 0
        },
        {
          "domain_value_count": 1,
          "latitude": 8.64857,
          "longitude": -179.268899,
          "projection_method": "webmercator_hash_v1",
          "values": [
            1180
          ],
          "values_with_phrases": 0
        },
        {
          "domain_value_count": 1,
          "latitude": 74.554463,
          "longitude": -179.080667,
          "projection_method": "webmercator_hash_v1",
          "values": [
            1555
          ],
          "values_with_phrases": 0
        },
        {
          "domain_value_count": 1,
          "latitude": 8.09572,
          "longitude": -178.205394,
          "projection_method": "webmercator_hash_v1",
          "values": [
            599
          ],
          "values_with_phrases": 0
        },
        {
          "domain_value_count": 1,
          "latitude": -74.857872,
          "longitude": -178.098191,
          "projection_method": "webmercator_hash_v1",
          "values": [
            168
          ],
          "values_with_phrases": 0
        },
        {
          "domain_value_count": 1,
          "latitude": 62.547628,
          "longitude": -177.921852,
          "projection_method": "webmercator_hash_v1",
          "values": [
            43
          ],
          "values_with_phrases": 0
        },
        {
          "domain_value_count": 1,
          "latitude": -59.360014,
          "longitude": -177.686372,
          "projection_method": "webmercator_hash_v1",
          "values": [
            1514
          ],
          "values_with_phrases": 0
        },
        {
          "domain_value_count": 1,
          "latitude": -1.826146,
          "longitude": -177.673172,
          "projection_method": "webmercator_hash_v1",
          "values": [
            350
          ],
          "values_with_phrases": 0
        },
        {
          "domain_value_count": 1,
          "latitude": 24.402583,
          "longitude": -177.637104,
          "projection_method": "webmercator_hash_v1",
          "values": [
            39
          ],
          "values_with_phrases": 0
        },
        {
          "domain_value_count": 1,
          "latitude": -55.826934,
          "longitude": -177.012721,
          "projection_method": "webmercator_hash_v1",
          "values": [
            1701
          ],
          "values_with_phrases": 0
        },
        {
          "domain_value_count": 1,
          "latitude": -50.218535,
          "longitude": -176.874406,
          "projection_method": "webmercator_hash_v1",
          "values": [
            1546
          ],
          "values_with_phrases": 0
        },
        {
          "domain_value_count": 1,
          "latitude": -7.439794,
          "longitude": -176.803619,
          "projection_method": "webmercator_hash_v1",
          "values": [
            834
          ],
          "values_with_phrases": 0
        },
        {
          "domain_value_count": 1,
          "latitude": -62.185261,
          "longitude": -176.376198,
          "projection_method": "webmercator_hash_v1",
          "values": [
            388
          ],
          "values_with_phrases": 0
        },
        {
          "domain_value_count": 1,
          "latitude": -49.210475,
          "longitude": -176.315509,
          "projection_method": "webmercator_hash_v1",
          "values": [
            1112
          ],
          "values_with_phrases": 0
        },
        {
          "domain_value_count": 1,
          "latitude": -78.611351,
          "longitude": -176.138473,
          "projection_method": "webmercator_hash_v1",
          "values": [
            75
          ],
          "values_with_phrases": 0
        }
      ],
      "values_with_phrases": 0,
      "values_without_phrases": 2000
    }
  },
  "type": "FeatureCollection"
}
