{
  "features": [
    {
      "geometry": {
        "coordinates": [
          -174.219832,
          45.998597
        ],
        "type": "Point"
      },
      "properties": {
        "cipher": "QWER",
        "has_phrases": false,
        "mode": "value_domain",
        "phrase_count": 0,
        "phrases": [],
        "projection": "webmercator_hash_v1",
        "projection_method": "webmercator_hash_v1",
        "value": 1
      },
      "type": "Feature"
    },
    {
      "geometry": {
        "coordinates": [
          -149.01186,
          54.953939
        ],
        "type": "Point"
      },
      "properties": {
        "cipher": "QWER",
        "has_phrases": false,
        "mode": "value_domain",
        "phrase_count": 0,
        "phrases": [],
        "projection": "webmercator_hash_v1",
        "projection_method": "webmercator_hash_v1",
        "value": 2
      },
      "type": "Feature"
    },
    {
      "geometry": {
        "coordinates": [
          149.43746,
          -47.281974
        ],
        "type": "Point"
      },
      "properties": {
        "cipher": "QWER",
        "has_phrases": false,
        "mode": "value_domain",
        "phrase_count": 0,
        "phrases": [],
        "projection": "webmercator_hash_v1",
        "projection_method": "webmercator_hash_v1",
        "value": 3
      },
      "type": "Feature"
    },
    {
      "geometry": {
        "coordinates": [
          -74.019904,
          -1.013752
        ],
        "type": "Point"
      },
      "properties": {
        "cipher": "QWER",
        "has_phrases": false,
        "mode": "value_domain",
        "phrase_count": 0,
        "phrases": [],
        "projection": "webmercator_hash_v1",
        "projection_method": "webmercator_hash_v1",
        "value": 4
      },
      "type": "Feature"
    },
    {
      "geometry": {
        "coordinates": [
          -121.610554,
          -43.784862
        ],
        "type": "Point"
      },
      "properties": {
        "cipher": "QWER",
        "has_phrases": false,
        "mode": "value_domain",
        "phrase_count": 0,
        "phrases": [],
        "projection": "webmercator_hash_v1",
        "projection_method": "webmercator_hash_v1",
        "value": 5
      },
      "type": "Feature"
    },
    {
      "geometry": {
        "coordinates": [
          -133.671379,
          23.601975
        ],
        "type": "Point"
      },
      "properties": {
        "cipher": "QWER",
        "has_phrases": false,
        "mode": "value_domain",
        "phrase_count": 0,
        "phrases": [],
        "projection": "webmercator_hash_v1",
        "projection_method": "webmercator_hash_v1",
        "value": 6
      },
      "type": "Feature"
    },
    {
      "geometry": {
        "coordinates": [
          15.817438,
          -41.604896
        ],
        "type": "Point"
      },
      "properties": {
        "cipher": "QWER",
        "has_phrases": false,
        "mode": "value_domain",
        "phrase_count": 0,
        "phrases": [],
        "projection": "webmercator_hash_v1",
        "projection_method": "webmercator_hash_v1",
        "value": 7
      },
      "type": "Feature"
    },
    {
      "geometry": {
        "coordinates": [
          -114.644216,
          23.823114
        ],
        "type": "Point"
      },
      "properties": {
        "cipher": "QWER",
        "has_phrases": false,
        "mode": "value_domain",
        "phrase_count": 0,
        "phrases": [],
        "projection": "webmercator_hash_v1",
        "projection_method": "webmercator_hash_v1",
        "value": 8
      },
      "type": "Feature"
    },
    {
      "geometry": {
        "coordinates": [
          -68.143171,
          35.140646
        ],
        "type": "Point"
      },
      "properties": {
        "cipher": "QWER",
        "has_phrases": false,
        "mode": "value_domain",
        "phrase_count": 0,
        "phrases": [],
        "projection": "webmercator_hash_v1",
        "projection_method": "webmercator_hash_v1",
        "value": 9
      },
      "type": "Feature"
    },
    {
      "geometry": {
        "coordinates": [
          122.666171,
          -57.079046
        ],
        "type": "Point"
      },
      "properties": {
        "cipher": "QWER",
        "has_phrases": false,
        "mode": "value_domain",
        "phrase_count": 0,
        "phrases": [],
        "projection": "webmercator_hash_v1",
        "projection_method": "webmercator_hash_v1",
        "value": 10
      },
      "type": "Feature"
    },
    {
      "geometry": {
        "coordinates": [
          -116.626279,
          -29.132949
        ],
        "type": "Point"
      },
      "properties": {
        "cipher": "QWER",
        "has_phrases": false,
        "mode": "value_domain",
        "phrase_count": 0,
        "phrases": [],
        "projection": "webmercator_hash_v1",
        "projection_method": "webmercator_hash_v1",
        "value": 11
      },
      "type": "Feature"
    },
    {
      "geometry": {
        "coordinates": [
          141.740824,
          51.268592
        ],
        "type": "Point"
      },
      "properties": {
        "cipher": "QWER",
        "has_phrases": false,
        "mode": "value_domain",
        "phrase_count": 0,
        "phrases": [],
        "projection": "webmercator_hash_v1",
        "projection_method": "webmercator_hash_v1",
        "value": 12
      },
      "type": "Feature"
    },
    {
      "geometry": {
        "coordinates": [
          -135.738192,
          57.735528
        ],
        "type": "Point"
      },
      "properties": {
        "cipher": "QWER",
        "has_phrases": false,
        "mode": "value_domain",
        "phrase_count": 0,
        "phrases": [],
        "projection": "webmercator_hash_v1",
        "projection_method": "webmercator_hash_v1",
        "value": 13
      },
      "type": "Feature"
    },
    {
      "geometry": {
        "coordinates": [
          -22.596178,
          19.632533
        ],
        "type": "Point"
      },
      "properties": {
        "cipher": "QWER",
        "has_phrases": false,
        "mode": "value_domain",
        "phrase_count": 0,
        "phrases": [],
        "projection": "webmercator_hash_v1",
        "projection_method": "webmercator_hash_v1",
        "value": 14
      },
      "type": "Feature"
    },
    {
      "geometry": {
        "coordinates": [
          34.273167,
          48.887301
        ],
        "type": "Point"
      },
      "properties": {
        "cipher": "QWER",
        "has_phrases": false,
        "mode": "value_domain",
        "phrase_count": 0,
        "phrases": [],
        "projection": "webmercator_hash_v1",
        "projection_method": "webmercator_hash_v1",
        "value": 15
      },
      "type": "Feature"
    },
    {
      "geometry": {
        "coordinates": [
          123.927218,
          35.247633
        ],
        "type": "Point"
      },
      "properties": {
        "cipher": "QWER",
        "has_phrases": false,
        "mode": "value_domain",
        "phrase_count": 0,
        "phrases": [],
        "projection": "webmercator_hash_v1",
        "projection_method": "webmercator_hash_v1",
        "value": 16
      },
      "type": "Feature"
    },
    {
      "geometry": {
        "coordinates": [
          -0.830449,
          12.871344
        ],
        "type": "Point"
      },
      "properties": {
        "cipher": "QWER",
        "has_phrases": false,
        "mode": "value_domain",
        "phrase_count": 0,
        "phrases": [],
        "projection": "webmercator_hash_v1",
        "projection_method": "webmercator_hash_v1",
        "value": 17
      },
      "type": "Feature"
    },
    {
      "geometry": {
        "coordinates": [
          -161.893747,
          -14.773585
        ],
        "type": "Point"
      },
      "properties": {
        "cipher": "QWER",
        "has_phrases": false,
        "mode": "value_domain",
        "phrase_count": 0,
        "phrases": [],
        "projection": "webmercator_hash_v1",
        "projection_method": "webmercator_hash_v1",
        "value": 18
      },
      "type": "Feature"
    },
    {
      "geometry": {
        "coordinates": [
          -0.663747,
          18.249388
        ],
        "type": "Point"
      },
      "properties": {
        "cipher": "QWER",
        "has_phrases": false,
        "mode": "value_domain",
        "phrase_count": 0,
        "phrases": [],
        "projection": "webmercator_hash_v1",
        "projection_method": "webmercator_hash_v1",
        "value": 19
      },
      "type": "Feature"
    },
    {
      "geometry": {
        "coordinates": [
          -139.561148,
          79.642348
        ],
        "type": "Point"
      },
      "properties": {
        "cipher": "QWER",
        "has_phrases": false,
        "mode": "value_domain",
        "phrase_count": 0,
        "phrases": [],
        "projection": "webmercator_hash_v1",
        "projection_method": "webmercator_hash_v1",
        "value": 20
      },
      "type": "Feature"
    },
    {
      "geometry": {
        "coordinates": [
          74.873948,
          46.185047
        ],
        "type": "Point"
      },
      "properties": {
        "cipher": "QWER",
        "has_phrases": false,
        "mode": "value_domain",
        "phrase_count": 0,
        "phrases": [],
        "projection": "webmercator_hash_v1",
        "projection_method": "webmercator_hash_v1",
        "value": 21
      },
      "type": "Feature"
    },
    {
      "geometry": {
        "coordinates": [
          126.856759,
          -76.895511
        ],
        "type": "Point"
      },
      "properties": {
        "cipher": "QWER",
        "has_phrases": false,
        "mode": "value_domain",
        "phrase_count": 0,
        "phrases": [],
        "projection": "webmercator_hash_v1",
        "projection_method": "webmercator_hash_v1",
        "value": 22
      },
      "type": "Feature"
    },
    {
      "geometry": {
        "coordinates": [
          165.550702,
          -2.041602
        ],
        "type": "Point"
      },
      "properties": {
        "cipher": "QWER",
        "has_phrases": false,
        "mode": "value_domain",
        "phrase_count": 0,
        "phrases": [],
        "projection": "webmercator_hash_v1",
        "projection_method": "webmercator_hash_v1",
        "value": 23
      },
      "type": "Feature"
    },
    {
      "geometry": {
        "coordinates": [
          -4.927521,
          -24.147265
        ],
        "type": "Point"
      },
      "properties": {
        "cipher": "QWER",
        "has_phrases": false,
        "mode": "value_domain",
        "phrase_count": 0,
        "phrases": [],
        "projection": "webmercator_hash_v1",
        "projection_method": "webmercator_hash_v1",
        "value": 24
      },
      "type": "Feature"
    },
    {
      "geometry": {
        "coordinates": [
          -119.527843,
          -52.431731
        ],
        "type": "Point"
      },
      "properties": {
        "cipher": "QWER",
        "has_phrases": false,
        "mode": "value_domain",
        "phrase_count": 0,
        "phrases": [],
        "projection": "webmercator_hash_v1",
        "projection_method": "webmercator_hash_v1",
        "value": 25
      },
      "type": "Feature"
    },
    {
      "geometry": {
        "coordinates": [
          -100.724656,
          -33.087785
        ],
        "type": "Point"
      },
      "properties": {
        "cipher": "QWER",
        "has_phrases": false,
        "mode": "value_domain",
        "phrase_count": 0,
        "phrases": [],
        "projection": "webmercator_hash_v1",
        "projection_method": "webmercator_hash_v1",
        "value": 26
      },
      "type": "Feature"
    },
    {
      "geometry": {
        "coordinates": [
          -158.573533,
          -40.460428
        ],
        "type": "Point"
      },
      "properties": {
        "cipher": "QWER",
        "has_phrases": false,
        "mode": "value_domain",
        "phrase_count": 0,
        "phrases": [],
        "projection": "webmercator_hash_v1",
        "projection_method": "webmercator_hash_v1",
        "value": 27
      },
      "type": "Feature"
    },
    {
      "geometry": {
        "coordinates": [
          101.730727,
          -12.961276
        ],
        "type": "Point"
      },
      "properties": {
        "cipher": "QWER",
        "has_phrases": false,
        "mode": "value_domain",
        "phrase_count": 0,
        "phrases": [],
        "projection": "webmercator_hash_v1",
        "projection_method": "webmercator_hash_v1",
        "value": 28
      },
      "type": "Feature"
    },
    {
      "geometry": {
        "coordinates": [
          -108.092858,
          46.643614
        ],
        "type": "Point"
      },
      "properties": {
        "cipher": "QWER",
        "has_phrases": false,
        "mode": "value_domain",
        "phrase_count": 0,
        "phrases": [],
        "projection": "webmercator_hash_v1",
        "projection_method": "webmercator_hash_v1",
        "value": 29
      },
      "type": "Feature"
    },
    {
      "geometry": {
        "coordinates": [
          134.692859,
          48.45006
        ],
        "type": "Point"
      },
      "properties": {
        "cipher": "QWER",
        "has_phrases": false,
        "mode": "value_domain",
        "phrase_count": 0,
        "phrases": [],
        "projection": "webmercator_hash_v1",
        "projection_method": "webmercator_hash_v1",
        "value": 30
      },
      "type": "Feature"
    },
    {
      "geometry": {
        "coordinates": [
          -103.251058,
          72.404993
        ],
        "type": "Point"
      },
      "properties": {
        "cipher": "QWER",
        "has_phrases": false,
        "mode": "value_domain",
        "phrase_count": 0,
        "phrases": [],
        "projection": "webmercator_hash_v1",
        "projection_method": "webmercator_hash_v1",
        "value": 31
      },
      "type": "Feature"
    },
    {
      "geometry": {
        "coordinates": [
          32.360149,
          -13.665539
        ],
        "type": "Point"
      },
      "properties": {
        "cipher": "QWER",
        "has_phrases": false,
        "mode": "value_domain",
        "phrase_count": 0,
        "phrases": [],
        "projection": "webmercator_hash_v1",
        "projection_method": "webmercator_hash_v1",
        "value": 32
      },
      "type": "Feature"
    },
    {
      "geometry": {
        "coordinates": [
          -135.884545,
          28.320324
        ],
        "type": "Point"
      },
      "properties": {
        "cipher": "QWER",
        "has_phrases": false,
        "mode": "value_domain",
        "phrase_count": 0,
        "phrases": [],
        "projection": "webmercator_hash_v1",
        "projection_method": "webmercator_hash_v1",
        "value": 33
      },
      "type": "Feature"
    },
    {
      "geometry": {
        "coordinates": [
          91.457089,
          41.545377
        ],
        "type": "Point"
      },
      "properties": {
        "cipher": "QWER",
        "has_phrases": false,
        "mode": "value_domain",
        "phrase_count": 0,
        "phrases": [],
        "projection": "webmercator_hash_v1",
        "projection_method": "webmercator_hash_v1",
        "value": 34
      },
      "type": "Feature"
    },
    {
      "geometry": {
        "coordinates": [
          -116.531544,
          49.819978
        ],
        "type": "Point"
      },
      "properties": {
        "cipher": "QWER",
        "has_phrases": false,
        "mode": "value_domain",
        "phrase_count": 0,
        "phrases": [],
        "projection": "webmercator_hash_v1",
        "projection_method": "webmercator_hash_v1",
        "value": 35
      },
      "type": "Feature"
    },
    {
      "geometry": {
        "coordinates": [
          -95.459354,
          29.801921
        ],
        "type": "Point"
      },
      "properties": {
        "cipher": "QWER",
        "has_phrases": false,
        "mode": "value_domain",
        "phrase_count": 0,
        "phrases": [],
        "projection": "webmercator_hash_v1",
        "projection_method": "webmercator_hash_v1",
        "value": 36
      },
      "type": "Feature"
    },
    {
      "geometry": {
        "coordinates": [
          -5.143715,
          40.822021
        ],
        "type": "Point"
      },
      "properties": {
        "cipher": "QWER",
        "has_phrases": false,
        "mode": "value_domain",
        "phrase_count": 0,
        "phrases": [],
        "projection": "webmercator_hash_v1",
        "projection_method": "webmercator_hash_v1",
        "value": 37
      },
      "type": "Feature"
    },
    {
      "geometry": {
        "coordinates": [
          -52.452191,
          80.276019
        ],
        "type": "Point"
      },
      "properties": {
        "cipher": "QWER",
        "has_phrases": false,
        "mode": "value_domain",
        "phrase_count": 0,
        "phrases": [],
        "projection": "webmercator_hash_v1",
        "projection_method": "webmercator_hash_v1",
        "value": 38
      },
      "type": "Feature"
    },
    {
      "geometry": {
        "coordinates": [
          -149.590596,
          50.794204
        ],
        "type": "Point"
      },
      "properties": {
        "cipher": "QWER",
        "has_phrases": false,
        "mode": "value_domain",
        "phrase_count": 0,
        "phrases": [],
        "projection": "webmercator_hash_v1",
        "projection_method": "webmercator_hash_v1",
        "value": 39
      },
      "type": "Feature"
    },
    {
      "geometry": {
        "coordinates": [
          -140.861567,
          -59.937437
        ],
        "type": "Point"
      },
      "properties": {
        "cipher": "QWER",
        "has_phrases": false,
        "mode": "value_domain",
        "phrase_count": 0,
        "phrases": [],
        "projection": "webmercator_hash_v1",
        "projection_method": "webmercator_hash_v1",
        "value": 40
      },
      "type": "Feature"
    },
    {
      "geometry": {
        "coordinates": [
          66.632403,
          -12.110067
        ],
        "type": "Point"
      },
      "properties": {
        "cipher": "QWER",
        "has_phrases": false,
        "mode": "value_domain",
        "phrase_count": 0,
        "phrases": [],
        "projection": "webmercator_hash_v1",
        "projection_method": "webmercator_hash_v1",
        "value": 41
      },
      "type": "Feature"
    },
    {
      "geometry": {
        "coordinates": [
          72.414827,
          15.706062
        ],
        "type": "Point"
      },
      "properties": {
        "cipher": "QWER",
        "has_phrases": false,
        "mode": "value_domain",
        "phrase_count": 0,
        "phrases": [],
        "projection": "webmercator_hash_v1",
        "projection_method": "webmercator_hash_v1",
        "value": 42
      },
      "type": "Feature"
    },
    {
      "geometry": {
        "coordinates": [
          175.259036,
          51.688262
        ],
        "type": "Point"
      },
      "properties": {
        "cipher": "QWER",
        "has_phrases": false,
        "mode": "value_domain",
        "phrase_count": 0,
        "phrases": [],
        "projection": "webmercator_hash_v1",
        "projection_method": "webmercator_hash_v1",
        "value": 43
      },
      "type": "Feature"
    },
    {
      "geometry": {
        "coordinates": [
          51.453818,
          33.762378
        ],
        "type": "Point"
      },
      "properties": {
        "cipher": "QWER",
        "has_phrases": false,
        "mode": "value_domain",
        "phrase_count": 0,
        "phrases": [],
        "projection": "webmercator_hash_v1",
        "projection_method": "webmercator_hash_v1",
        "value": 44
      },
      "type": "Feature"
    },
    {
      "geometry": {
        "coordinates": [
          76.660757,
          -29.085689
        ],
        "type": "Point"
      },
      "properties": {
        "cipher": "QWER",
        "has_phrases": false,
        "mode": "value_domain",
        "phrase_count": 0,
        "phrases": [],
        "projection": "webmercator_hash_v1",
        "projection_method": "webmercator_hash_v1",
        "value": 45
      },
      "type": "Feature"
    },
    {
      "geometry": {
        "coordinates": [
          -93.71693,
          -32.110949
        ],
        "type": "Point"
      },
      "properties": {
        "cipher": "QWER",
        "has_phrases": false,
        "mode": "value_domain",
        "phrase_count": 0,
        "phrases": [],
        "projection": "webmercator_hash_v1",
        "projection_method": "webmercator_hash_v1",
        "value": 46
      },
      "type": "Feature"
    },
    {
      "geometry": {
        "coordinates": [
          99.888531,
          68.664609
        ],
        "type": "Point"
      },
      "properties": {
        "cipher": "QWER",
        "has_phrases": false,
        "mode": "value_domain",
        "phrase_count": 0,
        "phrases": [],
        "projection": "webmercator_hash_v1",
        "projection_method": "webmercator_hash_v1",
        "value": 47
      },
      "type": "Feature"
    },
    {
      "geometry": {
        "coordinates": [
          -24.689947,
          56.447943
        ],
        "type": "Point"
      },
      "properties": {
        "cipher": "QWER",
        "has_phrases": false,
        "mode": "value_domain",
        "phrase_count": 0,
        "phrases": [],
        "projection": "webmercator_hash_v1",
        "projection_method": "webmercator_hash_v1",
        "value": 48
      },
      "type": "Feature"
    },
    {
      "geometry": {
        "coordinates": [
          -53.298136,
          -33.147555
        ],
        "type": "Point"
      },
      "properties": {
        "cipher": "QWER",
        "has_phrases": false,
        "mode": "value_domain",
        "phrase_count": 0,
        "phrases": [],
        "projection": "webmercator_hash_v1",
        "projection_method": "webmercator_hash_v1",
        "value": 49
      },
      "type": "Feature"
    },
    {
      "geometry": {
        "coordinates": [
          -69.404653,
          -45.688139
        ],
        "type": "Point"
      },
      "properties": {
        "cipher": "QWER",
        "has_phrases": false,
        "mode": "value_domain",
        "phrase_count": 0,
        "phrases": [],
        "projection": "webmercator_hash_v1",
        "projection_method": "webmercator_hash_v1",
        "value": 50
      },
      "type": "Feature"
    },
    {
      "geometry": {
        "coordinates": [
          -140.172698,
          76.176836
        ],
        "type": "Point"
      },
      "properties": {
        "cipher": "QWER",
        "has_phrases": false,
        "mode": "value_domain",
        "phrase_count": 0,
        "phrases": [],
        "projection": "webmercator_hash_v1",
        "projection_method": "webmercator_hash_v1",
        "value": 51
      },
      "type": "Feature"
    },
    {
      "geometry": {
        "coordinates": [
          -10.085553,
          -48.227443
        ],
        "type": "Point"
      },
      "properties": {
        "cipher": "QWER",
        "has_phrases": false,
        "mode": "value_domain",
        "phrase_count": 0,
        "phrases": [],
        "projection": "webmercator_hash_v1",
        "projection_method": "webmercator_hash_v1",
        "value": 52
      },
      "type": "Feature"
    },
    {
      "geometry": {
        "coordinates": [
          122.898583,
          -35.775154
        ],
        "type": "Point"
      },
      "properties": {
        "cipher": "QWER",
        "has_phrases": false,
        "mode": "value_domain",
        "phrase_count": 0,
        "phrases": [],
        "projection": "webmercator_hash_v1",
        "projection_method": "webmercator_hash_v1",
        "value": 53
      },
      "type": "Feature"
    },
    {
      "geometry": {
        "coordinates": [
          -78.995845,
          5.507582
        ],
        "type": "Point"
      },
      "properties": {
        "cipher": "QWER",
        "has_phrases": false,
        "mode": "value_domain",
        "phrase_count": 0,
        "phrases": [],
        "projection": "webmercator_hash_v1",
        "projection_method": "webmercator_hash_v1",
        "value": 54
      },
      "type": "Feature"
    },
    {
      "geometry": {
        "coordinates": [
          113.431489,
          -21.61057
        ],
        "type": "Point"
      },
      "properties": {
        "cipher": "QWER",
        "has_phrases": false,
        "mode": "value_domain",
        "phrase_count": 0,
        "phrases": [],
        "projection": "webmercator_hash_v1",
        "projection_method": "webmercator_hash_v1",
        "value": 55
      },
      "type": "Feature"
    },
    {
      "geometry": {
        "coordinates": [
          -158.144054,
          3.686184
        ],
        "type": "Point"
      },
      "properties": {
        "cipher": "QWER",
        "has_phrases": false,
        "mode": "value_domain",
        "phrase_count": 0,
        "phrases": [],
        "projection": "webmercator_hash_v1",
        "projection_method": "webmercator_hash_v1",
        "value": 56
      },
      "type": "Feature"
    },
    {
      "geometry": {
        "coordinates": [
          -31.437167,
          -68.921297
        ],
        "type": "Point"
      },
      "properties": {
        "cipher": "QWER",
        "has_phrases": false,
        "mode": "value_domain",
        "phrase_count": 0,
        "phrases": [],
        "projection": "webmercator_hash_v1",
        "projection_method": "webmercator_hash_v1",
        "value": 57
      },
      "type": "Feature"
    },
    {
      "geometry": {
        "coordinates": [
          27.555193,
          -22.625605
        ],
        "type": "Point"
      },
      "properties": {
        "cipher": "QWER",
        "has_phrases": false,
        "mode": "value_domain",
        "phrase_count": 0,
        "phrases": [],
        "projection": "webmercator_hash_v1",
        "projection_method": "webmercator_hash_v1",
        "value": 58
      },
      "type": "Feature"
    },
    {
      "geometry": {
        "coordinates": [
          -178.659684,
          -52.201542
        ],
        "type": "Point"
      },
      "properties": {
        "cipher": "QWER",
        "has_phrases": false,
        "mode": "value_domain",
        "phrase_count": 0,
        "phrases": [],
        "projection": "webmercator_hash_v1",
        "projection_method": "webmercator_hash_v1",
        "value": 59
      },
      "type": "Feature"
    },
    {
      "geometry": {
        "coordinates": [
          124.34847,
          20.22299
        ],
        "type": "Point"
      },
      "properties": {
        "cipher": "QWER",
        "has_phrases": false,
        "mode": "value_domain",
        "phrase_count": 0,
        "phrases": [],
        "projection": "webmercator_hash_v1",
        "projection_method": "webmercator_hash_v1",
        "value": 60
      },
      "type": "Feature"
    },
    {
      "geometry": {
        "coordinates": [
          156.482358,
          -47.985152
        ],
        "type": "Point"
      },
      "properties": {
        "cipher": "QWER",
        "has_phrases": false,
        "mode": "value_domain",
        "phrase_count": 0,
        "phrases": [],
        "projection": "webmercator_hash_v1",
        "projection_method": "webmercator_hash_v1",
        "value": 61
      },
      "type": "Feature"
    },
    {
      "geometry": {
        "coordinates": [
          -153.39874,
          41.099535
        ],
        "type": "Point"
      },
      "properties": {
        "cipher": "QWER",
        "has_phrases": false,
        "mode": "value_domain",
        "phrase_count": 0,
        "phrases": [],
        "projection": "webmercator_hash_v1",
        "projection_method": "webmercator_hash_v1",
        "value": 62
      },
      "type": "Feature"
    },
    {
      "geometry": {
        "coordinates": [
          -37.861367,
          -25.822641
        ],
        "type": "Point"
      },
      "properties": {
        "cipher": "QWER",
        "has_phrases": false,
        "mode": "value_domain",
        "phrase_count": 0,
        "phrases": [],
        "projection": "webmercator_hash_v1",
        "projection_method": "webmercator_hash_v1",
        "value": 63
      },
      "type": "Feature"
    },
    {
      "geometry": {
        "coordinates": [
          -28.240992,
          -73.58111
        ],
        "type": "Point"
      },
      "properties": {
        "cipher": "QWER",
        "has_phrases": false,
        "mode": "value_domain",
        "phrase_count": 0,
        "phrases": [],
        "projection": "webmercator_hash_v1",
        "projection_method": "webmercator_hash_v1",
        "value": 64
      },
      "type": "Feature"
    },
    {
      "geometry": {
        "coordinates": [
          -43.321634,
          -6.523897
        ],
        "type": "Point"
      },
      "properties": {
        "cipher": "QWER",
        "has_phrases": false,
        "mode": "value_domain",
        "phrase_count": 0,
        "phrases": [],
        "projection": "webmercator_hash_v1",
        "projection_method": "webmercator_hash_v1",
        "value": 65
      },
      "type": "Feature"
    },
    {
      "geometry": {
        "coordinates": [
          4.212103,
          -67.482023
        ],
        "type": "Point"
      },
      "properties": {
        "cipher": "QWER",
        "has_phrases": false,
        "mode": "value_domain",
        "phrase_count": 0,
        "phrases": [],
        "projection": "webmercator_hash_v1",
        "projection_method": "webmercator_hash_v1",
        "value": 66
      },
      "type": "Feature"
    },
    {
      "geometry": {
        "coordinates": [
          -106.966535,
          68.421011
        ],
        "type": "Point"
      },
      "properties": {
        "cipher": "QWER",
        "has_phrases": false,
        "mode": "value_domain",
        "phrase_count": 0,
        "phrases": [],
        "projection": "webmercator_hash_v1",
        "projection_method": "webmercator_hash_v1",
        "value": 67
      },
      "type": "Feature"
    },
    {
      "geometry": {
        "coordinates": [
          -13.965669,
          36.948984
        ],
        "type": "Point"
      },
      "properties": {
        "cipher": "QWER",
        "has_phrases": false,
        "mode": "value_domain",
        "phrase_count": 0,
        "phrases": [],
        "projection": "webmercator_hash_v1",
        "projection_method": "webmercator_hash_v1",
        "value": 68
      },
      "type": "Feature"
    },
    {
      "geometry": {
        "coordinates": [
          -126.11236,
          -9.159669
        ],
        "type": "Point"
      },
      "properties": {
        "cipher": "QWER",
        "has_phrases": false,
        "mode": "value_domain",
        "phrase_count": 0,
        "phrases": [],
        "projection": "webmercator_hash_v1",
        "projection_method": "webmercator_hash_v1",
        "value": 69
      },
      "type": "Feature"
    },
    {
      "geometry": {
        "coordinates": [
          -140.992887,
          -25.992588
        ],
        "type": "Point"
      },
      "properties": {
        "cipher": "QWER",
        "has_phrases": false,
        "mode": "value_domain",
        "phrase_count": 0,
        "phrases": [],
        "projection": "webmercator_hash_v1",
        "projection_method": "webmercator_hash_v1",
        "value": 70
      },
      "type": "Feature"
    },
    {
      "geometry": {
        "coordinates": [
          -164.047354,
          -78.216015
        ],
        "type": "Point"
      },
      "properties": {
        "cipher": "QWER",
        "has_phrases": false,
        "mode": "value_domain",
        "phrase_count": 0,
        "phrases": [],
        "projection": "webmercator_hash_v1",
        "projection_method": "webmercator_hash_v1",
        "value": 71
      },
      "type": "Feature"
    },
    {
      "geometry": {
        "coordinates": [
          132.54572,
          -20.396416
        ],
        "type": "Point"
      },
      "properties": {
        "cipher": "QWER",
        "has_phrases": false,
        "mode": "value_domain",
        "phrase_count": 0,
        "phrases": [],
        "projection": "webmercator_hash_v1",
        "projection_method": "webmercator_hash_v1",
        "value": 72
      },
      "type": "Feature"
    },
    {
      "geometry": {
        "coordinates": [
          -108.708755,
          -39.986522
        ],
        "type": "Point"
      },
      "properties": {
        "cipher": "QWER",
        "has_phrases": false,
        "mode": "value_domain",
        "phrase_count": 0,
        "phrases": [],
        "projection": "webmercator_hash_v1",
        "projection_method": "webmercator_hash_v1",
        "value": 73
      },
      "type": "Feature"
    },
    {
      "geometry": {
        "coordinates": [
          -142.676393,
          37.243868
        ],
        "type": "Point"
      },
      "properties": {
        "cipher": "QWER",
        "has_phrases": false,
        "mode": "value_domain",
        "phrase_count": 0,
        "phrases": [],
        "projection": "webmercator_hash_v1",
        "projection_method": "webmercator_hash_v1",
        "value": 74
      },
      "type": "Feature"
    },
    {
      "geometry": {
        "coordinates": [
          -158.848747,
          41.424792
        ],
        "type": "Point"
      },
      "properties": {
        "cipher": "QWER",
        "has_phrases": false,
        "mode": "value_domain",
        "phrase_count": 0,
        "phrases": [],
        "projection": "webmercator_hash_v1",
        "projection_method": "webmercator_hash_v1",
        "value": 75
      },
      "type": "Feature"
    },
    {
      "geometry": {
        "coordinates": [
          -4.229884,
          -7.107449
        ],
        "type": "Point"
      },
      "properties": {
        "cipher": "QWER",
        "has_phrases": false,
        "mode": "value_domain",
        "phrase_count": 0,
        "phrases": [],
        "projection": "webmercator_hash_v1",
        "projection_method": "webmercator_hash_v1",
        "value": 76
      },
      "type": "Feature"
    },
    {
      "geometry": {
        "coordinates": [
          98.306196,
          -54.525763
        ],
        "type": "Point"
      },
      "properties": {
        "cipher": "QWER",
        "has_phrases": false,
        "mode": "value_domain",
        "phrase_count": 0,
        "phrases": [],
        "projection": "webmercator_hash_v1",
        "projection_method": "webmercator_hash_v1",
        "value": 77
      },
      "type": "Feature"
    },
    {
      "geometry": {
        "coordinates": [
          -73.995885,
          72.402425
        ],
        "type": "Point"
      },
      "properties": {
        "cipher": "QWER",
        "has_phrases": false,
        "mode": "value_domain",
        "phrase_count": 0,
        "phrases": [],
        "projection": "webmercator_hash_v1",
        "projection_method": "webmercator_hash_v1",
        "value": 78
      },
      "type": "Feature"
    },
    {
      "geometry": {
        "coordinates": [
          -143.109286,
          59.288149
        ],
        "type": "Point"
      },
      "properties": {
        "cipher": "QWER",
        "has_phrases": false,
        "mode": "value_domain",
        "phrase_count": 0,
        "phrases": [],
        "projection": "webmercator_hash_v1",
        "projection_method": "webmercator_hash_v1",
        "value": 79
      },
      "type": "Feature"
    },
    {
      "geometry": {
        "coordinates": [
          101.027801,
          -65.942858
        ],
        "type": "Point"
      },
      "properties": {
        "cipher": "QWER",
        "has_phrases": false,
        "mode": "value_domain",
        "phrase_count": 0,
        "phrases": [],
        "projection": "webmercator_hash_v1",
        "projection_method": "webmercator_hash_v1",
        "value": 80
      },
      "type": "Feature"
    },
    {
      "geometry": {
        "coordinates": [
          -168.608461,
          -58.299637
        ],
        "type": "Point"
      },
      "properties": {
        "cipher": "QWER",
        "has_phrases": false,
        "mode": "value_domain",
        "phrase_count": 0,
        "phrases": [],
        "projection": "webmercator_hash_v1",
        "projection_method": "webmercator_hash_v1",
        "value": 81
      },
      "type": "Feature"
    },
    {
      "geometry": {
        "coordinates": [
          -125.388003,
          12.303489
        ],
        "type": "Point"
      },
      "properties": {
        "cipher": "QWER",
        "has_phrases": false,
        "mode": "value_domain",
        "phrase_count": 0,
        "phrases": [],
        "projection": "webmercator_hash_v1",
        "projection_method": "webmercator_hash_v1",
        "value": 82
      },
      "type": "Feature"
    },
    {
      "geometry": {
        "coordinates": [
          -129.176766,
          -82.865345
        ],
        "type": "Point"
      },
      "properties": {
        "cipher": "QWER",
        "has_phrases": false,
        "mode": "value_domain",
        "phrase_count": 0,
        "phrases": [],
        "projection": "webmercator_hash_v1",
        "projection_method": "webmercator_hash_v1",
        "value": 83
      },
      "type": "Feature"
    },
    {
      "geometry": {
        "coordinates": [
          142.668893,
          -63.777618
        ],
        "type": "Point"
      },
      "properties": {
        "cipher": "QWER",
        "has_phrases": false,
        "mode": "value_domain",
        "phrase_count": 0,
        "phrases": [],
        "projection": "webmercator_hash_v1",
        "projection_method": "webmercator_hash_v1",
        "value": 84
      },
      "type": "Feature"
    },
    {
      "geometry": {
        "coordinates": [
          -95.471798,
          77.514867
        ],
        "type": "Point"
      },
      "properties": {
        "cipher": "QWER",
        "has_phrases": false,
        "mode": "value_domain",
        "phrase_count": 0,
        "phrases": [],
        "projection": "webmercator_hash_v1",
        "projection_method": "webmercator_hash_v1",
        "value": 85
      },
      "type": "Feature"
    },
    {
      "geometry": {
        "coordinates": [
          83.523195,
          -3.369562
        ],
        "type": "Point"
      },
      "properties": {
        "cipher": "QWER",
        "has_phrases": false,
        "mode": "value_domain",
        "phrase_count": 0,
        "phrases": [],
        "projection": "webmercator_hash_v1",
        "projection_method": "webmercator_hash_v1",
        "value": 86
      },
      "type": "Feature"
    },
    {
      "geometry": {
        "coordinates": [
          -160.204278,
          24.40925
        ],
        "type": "Point"
      },
      "properties": {
        "cipher": "QWER",
        "has_phrases": false,
        "mode": "value_domain",
        "phrase_count": 0,
        "phrases": [],
        "projection": "webmercator_hash_v1",
        "projection_method": "webmercator_hash_v1",
        "value": 87
      },
      "type": "Feature"
    },
    {
      "geometry": {
        "coordinates": [
          109.092453,
          -49.827259
        ],
        "type": "Point"
      },
      "properties": {
        "cipher": "QWER",
        "has_phrases": false,
        "mode": "value_domain",
        "phrase_count": 0,
        "phrases": [],
        "projection": "webmercator_hash_v1",
        "projection_method": "webmercator_hash_v1",
        "value": 88
      },
      "type": "Feature"
    },
    {
      "geometry": {
        "coordinates": [
          -167.846522,
          55.578053
        ],
        "type": "Point"
      },
      "properties": {
        "cipher": "QWER",
        "has_phrases": false,
        "mode": "value_domain",
        "phrase_count": 0,
        "phrases": [],
        "projection": "webmercator_hash_v1",
        "projection_method": "webmercator_hash_v1",
        "value": 89
      },
      "type": "Feature"
    },
    {
      "geometry": {
        "coordinates": [
          175.077644,
          77.379134
        ],
        "type": "Point"
      },
      "properties": {
        "cipher": "QWER",
        "has_phrases": false,
        "mode": "value_domain",
        "phrase_count": 0,
        "phrases": [],
        "projection": "webmercator_hash_v1",
        "projection_method": "webmercator_hash_v1",
        "value": 90
      },
      "type": "Feature"
    },
    {
      "geometry": {
        "coordinates": [
          -47.965539,
          -43.320946
        ],
        "type": "Point"
      },
      "properties": {
        "cipher": "QWER",
        "has_phrases": false,
        "mode": "value_domain",
        "phrase_count": 0,
        "phrases": [],
        "projection": "webmercator_hash_v1",
        "projection_method": "webmercator_hash_v1",
        "value": 91
      },
      "type": "Feature"
    },
    {
      "geometry": {
        "coordinates": [
          -37.747787,
          -9.325743
        ],
        "type": "Point"
      },
      "properties": {
        "cipher": "QWER",
        "has_phrases": false,
        "mode": "value_domain",
        "phrase_count": 0,
        "phrases": [],
        "projection": "webmercator_hash_v1",
        "projection_method": "webmercator_hash_v1",
        "value": 92
      },
      "type": "Feature"
    },
    {
      "geometry": {
        "coordinates": [
          119.933559,
          82.461639
        ],
        "type": "Point"
      },
      "properties": {
        "cipher": "QWER",
        "has_phrases": false,
        "mode": "value_domain",
        "phrase_count": 0,
        "phrases": [],
        "projection": "webmercator_hash_v1",
        "projection_method": "webmercator_hash_v1",
        "value": 93
      },
      "type": "Feature"
    },
    {
      "geometry": {
        "coordinates": [
          120.505056,
          38.847009
        ],
        "type": "Point"
      },
      "properties": {
        "cipher": "QWER",
        "has_phrases": false,
        "mode": "value_domain",
        "phrase_count": 0,
        "phrases": [],
        "projection": "webmercator_hash_v1",
        "projection_method": "webmercator_hash_v1",
        "value": 94
      },
      "type": "Feature"
    },
    {
      "geometry": {
        "coordinates": [
          27.734014,
          55.406099
        ],
        "type": "Point"
      },
      "properties": {
        "cipher": "QWER",
        "has_phrases": false,
        "mode": "value_domain",
        "phrase_count": 0,
        "phrases": [],
        "projection": "webmercator_hash_v1",
        "projection_method": "webmercator_hash_v1",
        "value": 95
      },
      "type": "Feature"
    },
    {
      "geometry": {
        "coordinates": [
          -159.996775,
          -61.405817
        ],
        "type": "Point"
      },
      "properties": {
        "cipher": "QWER",
        "has_phrases": false,
        "mode": "value_domain",
        "phrase_count": 0,
        "phrases": [],
        "projection": "webmercator_hash_v1",
        "projection_method": "webmercator_hash_v1",
        "value": 96
      },
      "type": "Feature"
    },
    {
      "geometry": {
        "coordinates": [
          -136.611608,
          16.30716
        ],
        "type": "Point"
      },
      "properties": {
        "cipher": "QWER",
        "has_phrases": false,
        "mode": "value_domain",
        "phrase_count": 0,
        "phrases": [],
        "projection": "webmercator_hash_v1",
        "projection_method": "webmercator_hash_v1",
        "value": 97
      },
      "type": "Feature"
    },
    {
      "geometry": {
        "coordinates": [
          145.134957,
          -40.89465
        ],
        "type": "Point"
      },
      "properties": {
        "cipher": "QWER",
        "has_phrases": false,
        "mode": "value_domain",
        "phrase_count": 0,
        "phrases": [],
        "projection": "webmercator_hash_v1",
        "projection_method": "webmercator_hash_v1",
        "value": 98
      },
      "type": "Feature"
    },
    {
      "geometry": {
        "coordinates": [
          -154.156006,
          37.327325
        ],
        "type": "Point"
      },
      "properties": {
        "cipher": "QWER",
        "has_phrases": false,
        "mode": "value_domain",
        "phrase_count": 0,
        "phrases": [],
        "projection": "webmercator_hash_v1",
        "projection_method": "webmercator_hash_v1",
        "value": 99
      },
      "type": "Feature"
    },
    {
      "geometry": {
        "coordinates": [
          -47.206557,
          18.202153
        ],
        "type": "Point"
      },
      "properties": {
        "cipher": "QWER",
        "has_phrases": false,
        "mode": "value_domain",
        "phrase_count": 0,
        "phrases": [],
        "projection": "webmercator_hash_v1",
        "projection_method": "webmercator_hash_v1",
        "value": 100
      },
      "type": "Feature"
    },
    {
      "geometry": {
        "coordinates": [
          1.107186,
          -17.917093
        ],
        "type": "Point"
      },
      "properties": {
        "cipher": "QWER",
        "has_phrases": false,
        "mode": "value_domain",
        "phrase_count": 0,
        "phrases": [],
        "projection": "webmercator_hash_v1",
        "projection_method": "webmercator_hash_v1",
        "value": 101
      },
      "type": "Feature"
    },
    {
      "geometry": {
        "coordinates": [
          13.212954,
          38.710595
        ],
        "type": "Point"
      },
      "properties": {
        "cipher": "QWER",
        "has_phrases": false,
        "mode": "value_domain",
        "phrase_count": 0,
        "phrases": [],
        "projection": "webmercator_hash_v1",
        "projection_method": "webmercator_hash_v1",
        "value": 102
      },
      "type": "Feature"
    },
    {
      "geometry": {
        "coordinates": [
          -78.233495,
          -47.787284
        ],
        "type": "Point"
      },
      "properties": {
        "cipher": "QWER",
        "has_phrases": false,
        "mode": "value_domain",
        "phrase_count": 0,
        "phrases": [],
        "projection": "webmercator_hash_v1",
        "projection_method": "webmercator_hash_v1",
        "value": 103
      },
      "type": "Feature"
    },
    {
      "geometry": {
        "coordinates": [
          -87.575339,
          1.848717
        ],
        "type": "Point"
      },
      "properties": {
        "cipher": "QWER",
        "has_phrases": false,
        "mode": "value_domain",
        "phrase_count": 0,
        "phrases": [],
        "projection": "webmercator_hash_v1",
        "projection_method": "webmercator_hash_v1",
        "value": 104
      },
      "type": "Feature"
    },
    {
      "geometry": {
        "coordinates": [
          102.548731,
          -12.85071
        ],
        "type": "Point"
      },
      "properties": {
        "cipher": "QWER",
        "has_phrases": false,
        "mode": "value_domain",
        "phrase_count": 0,
        "phrases": [],
        "projection": "webmercator_hash_v1",
        "projection_method": "webmercator_hash_v1",
        "value": 105
      },
      "type": "Feature"
    },
    {
      "geometry": {
        "coordinates": [
          -105.308954,
          -50.614245
        ],
        "type": "Point"
      },
      "properties": {
        "cipher": "QWER",
        "has_phrases": false,
        "mode": "value_domain",
        "phrase_count": 0,
        "phrases": [],
        "projection": "webmercator_hash_v1",
        "projection_method": "webmercator_hash_v1",
        "value": 106
      },
      "type": "Feature"
    },
    {
      "geometry": {
        "coordinates": [
          -140.742136,
          -47.861761
        ],
        "type": "Point"
      },
      "properties": {
        "cipher": "QWER",
        "has_phrases": false,
        "mode": "value_domain",
        "phrase_count": 0,
        "phrases": [],
        "projection": "webmercator_hash_v1",
        "projection_method": "webmercator_hash_v1",
        "value": 107
      },
      "type": "Feature"
    },
    {
      "geometry": {
        "coordinates": [
          -162.110461,
          65.190632
        ],
        "type": "Point"
      },
      "properties": {
        "cipher": "QWER",
        "has_phrases": false,
        "mode": "value_domain",
        "phrase_count": 0,
        "phrases": [],
        "projection": "webmercator_hash_v1",
        "projection_method": "webmercator_hash_v1",
        "value": 108
      },
      "type": "Feature"
    },
    {
      "geometry": {
        "coordinates": [
          -49.295665,
          66.127916
        ],
        "type": "Point"
      },
      "properties": {
        "cipher": "QWER",
        "has_phrases": false,
        "mode": "value_domain",
        "phrase_count": 0,
        "phrases": [],
        "projection": "webmercator_hash_v1",
        "projection_method": "webmercator_hash_v1",
        "value": 109
      },
      "type": "Feature"
    },
    {
      "geometry": {
        "coordinates": [
          14.7766,
          -82.838188
        ],
        "type": "Point"
      },
      "properties": {
        "cipher": "QWER",
        "has_phrases": false,
        "mode": "value_domain",
        "phrase_count": 0,
        "phrases": [],
        "projection": "webmercator_hash_v1",
        "projection_method": "webmercator_hash_v1",
        "value": 110
      },
      "type": "Feature"
    },
    {
      "geometry": {
        "coordinates": [
          -74.67246,
          -12.19833
        ],
        "type": "Point"
      },
      "properties": {
        "cipher": "QWER",
        "has_phrases": false,
        "mode": "value_domain",
        "phrase_count": 0,
        "phrases": [],
        "projection": "webmercator_hash_v1",
        "projection_method": "webmercator_hash_v1",
        "value": 111
      },
      "type": "Feature"
    },
    {
      "geometry": {
        "coordinates": [
          -1.046302,
          -6.006769
        ],
        "type": "Point"
      },
      "properties": {
        "cipher": "QWER",
        "has_phrases": false,
        "mode": "value_domain",
        "phrase_count": 0,
        "phrases": [],
        "projection": "webmercator_hash_v1",
        "projection_method": "webmercator_hash_v1",
        "value": 112
      },
      "type": "Feature"
    },
    {
      "geometry": {
        "coordinates": [
          -16.433252,
          -8.490071
        ],
        "type": "Point"
      },
      "properties": {
        "cipher": "QWER",
        "has_phrases": false,
        "mode": "value_domain",
        "phrase_count": 0,
        "phrases": [],
        "projection": "webmercator_hash_v1",
        "projection_method": "webmercator_hash_v1",
        "value": 113
      },
      "type": "Feature"
    },
    {
      "geometry": {
        "coordinates": [
          49.753289,
          11.907597
        ],
        "type": "Point"
      },
      "properties": {
        "cipher": "QWER",
        "has_phrases": false,
        "mode": "value_domain",
        "phrase_count": 0,
        "phrases": [],
        "projection": "webmercator_hash_v1",
        "projection_method": "webmercator_hash_v1",
        "value": 114
      },
      "type": "Feature"
    },
    {
      "geometry": {
        "coordinates": [
          4.031267,
          71.199055
        ],
        "type": "Point"
      },
      "properties": {
        "cipher": "QWER",
        "has_phrases": false,
        "mode": "value_domain",
        "phrase_count": 0,
        "phrases": [],
        "projection": "webmercator_hash_v1",
        "projection_method": "webmercator_hash_v1",
        "value": 115
      },
      "type": "Feature"
    },
    {
      "geometry": {
        "coordinates": [
          48.76629,
          -75.590392
        ],
        "type": "Point"
      },
      "properties": {
        "cipher": "QWER",
        "has_phrases": false,
        "mode": "value_domain",
        "phrase_count": 0,
        "phrases": [],
        "projection": "webmercator_hash_v1",
        "projection_method": "webmercator_hash_v1",
        "value": 116
      },
      "type": "Feature"
    },
    {
      "geometry": {
        "coordinates": [
          -53.048606,
          27.684142
        ],
        "type": "Point"
      },
      "properties": {
        "cipher": "QWER",
        "has_phrases": false,
        "mode": "value_domain",
        "phrase_count": 0,
        "phrases": [],
        "projection": "webmercator_hash_v1",
        "projection_method": "webmercator_hash_v1",
        "value": 117
      },
      "type": "Feature"
    },
    {
      "geometry": {
        "coordinates": [
          62.667811,
          -10.709179
        ],
        "type": "Point"
      },
      "properties": {
        "cipher": "QWER",
        "has_phrases": false,
        "mode": "value_domain",
        "phrase_count": 0,
        "phrases": [],
        "projection": "webmercator_hash_v1",
        "projection_method": "webmercator_hash_v1",
        "value": 118
      },
      "type": "Feature"
    },
    {
      "geometry": {
        "coordinates": [
          -85.176488,
          18.894777
        ],
        "type": "Point"
      },
      "properties": {
        "cipher": "QWER",
        "has_phrases": false,
        "mode": "value_domain",
        "phrase_count": 0,
        "phrases": [],
        "projection": "webmercator_hash_v1",
        "projection_method": "webmercator_hash_v1",
        "value": 119
      },
      "type": "Feature"
    },
    {
      "geometry": {
        "coordinates": [
          88.69476,
          66.052893
        ],
        "type": "Point"
      },
      "properties": {
        "cipher": "QWER",
        "has_phrases": false,
        "mode": "value_domain",
        "phrase_count": 0,
        "phrases": [],
        "projection": "webmercator_hash_v1",
        "projection_method": "webmercator_hash_v1",
        "value": 120
      },
      "type": "Feature"
    },
    {
      "geometry": {
        "coordinates": [
          -109.161132,
          50.767639
        ],
        "type": "Point"
      },
      "properties": {
        "cipher": "QWER",
        "has_phrases": false,
        "mode": "value_domain",
        "phrase_count": 0,
        "phrases": [],
        "projection": "webmercator_hash_v1",
        "projection_method": "webmercator_hash_v1",
        "value": 121
      },
      "type": "Feature"
    },
    {
      "geometry": {
        "coordinates": [
          -21.404495,
          48.957768
        ],
        "type": "Point"
      },
      "properties": {
        "cipher": "QWER",
        "has_phrases": false,
        "mode": "value_domain",
        "phrase_count": 0,
        "phrases": [],
        "projection": "webmercator_hash_v1",
        "projection_method": "webmercator_hash_v1",
        "value": 122
      },
      "type": "Feature"
    },
    {
      "geometry": {
        "coordinates": [
          -131.951264,
          -9.879402
        ],
        "type": "Point"
      },
      "properties": {
        "cipher": "QWER",
        "has_phrases": false,
        "mode": "value_domain",
        "phrase_count": 0,
        "phrases": [],
        "projection": "webmercator_hash_v1",
        "projection_method": "webmercator_hash_v1",
        "value": 123
      },
      "type": "Feature"
    },
    {
      "geometry": {
        "coordinates": [
          74.19316,
          -37.361607
        ],
        "type": "Point"
      },
      "properties": {
        "cipher": "QWER",
        "has_phrases": false,
        "mode": "value_domain",
        "phrase_count": 0,
        "phrases": [],
        "projection": "webmercator_hash_v1",
        "projection_method": "webmercator_hash_v1",
        "value": 124
      },
      "type": "Feature"
    },
    {
      "geometry": {
        "coordinates": [
          81.899863,
          -28.014711
        ],
        "type": "Point"
      },
      "properties": {
        "cipher": "QWER",
        "has_phrases": false,
        "mode": "value_domain",
        "phrase_count": 0,
        "phrases": [],
        "projection": "webmercator_hash_v1",
        "projection_method": "webmercator_hash_v1",
        "value": 125
      },
      "type": "Feature"
    },
    {
      "geometry": {
        "coordinates": [
          5.334346,
          -72.947465
        ],
        "type": "Point"
      },
      "properties": {
        "cipher": "QWER",
        "has_phrases": false,
        "mode": "value_domain",
        "phrase_count": 0,
        "phrases": [],
        "projection": "webmercator_hash_v1",
        "projection_method": "webmercator_hash_v1",
        "value": 126
      },
      "type": "Feature"
    },
    {
      "geometry": {
        "coordinates": [
          -157.902147,
          19.208213
        ],
        "type": "Point"
      },
      "properties": {
        "cipher": "QWER",
        "has_phrases": false,
        "mode": "value_domain",
        "phrase_count": 0,
        "phrases": [],
        "projection": "webmercator_hash_v1",
        "projection_method": "webmercator_hash_v1",
        "value": 127
      },
      "type": "Feature"
    },
    {
      "geometry": {
        "coordinates": [
          -23.658837,
          -50.402152
        ],
        "type": "Point"
      },
      "properties": {
        "cipher": "QWER",
        "has_phrases": false,
        "mode": "value_domain",
        "phrase_count": 0,
        "phrases": [],
        "projection": "webmercator_hash_v1",
        "projection_method": "webmercator_hash_v1",
        "value": 128
      },
      "type": "Feature"
    },
    {
      "geometry": {
        "coordinates": [
          -127.546093,
          40.177544
        ],
        "type": "Point"
      },
      "properties": {
        "cipher": "QWER",
        "has_phrases": false,
        "mode": "value_domain",
        "phrase_count": 0,
        "phrases": [],
        "projection": "webmercator_hash_v1",
        "projection_method": "webmercator_hash_v1",
        "value": 129
      },
      "type": "Feature"
    },
    {
      "geometry": {
        "coordinates": [
          -35.634371,
          53.702263
        ],
        "type": "Point"
      },
      "properties": {
        "cipher": "QWER",
        "has_phrases": false,
        "mode": "value_domain",
        "phrase_count": 0,
        "phrases": [],
        "projection": "webmercator_hash_v1",
        "projection_method": "webmercator_hash_v1",
        "value": 130
      },
      "type": "Feature"
    },
    {
      "geometry": {
        "coordinates": [
          167.964381,
          -78.554842
        ],
        "type": "Point"
      },
      "properties": {
        "cipher": "QWER",
        "has_phrases": false,
        "mode": "value_domain",
        "phrase_count": 0,
        "phrases": [],
        "projection": "webmercator_hash_v1",
        "projection_method": "webmercator_hash_v1",
        "value": 131
      },
      "type": "Feature"
    },
    {
      "geometry": {
        "coordinates": [
          157.568886,
          -73.181519
        ],
        "type": "Point"
      },
      "properties": {
        "cipher": "QWER",
        "has_phrases": false,
        "mode": "value_domain",
        "phrase_count": 0,
        "phrases": [],
        "projection": "webmercator_hash_v1",
        "projection_method": "webmercator_hash_v1",
        "value": 132
      },
      "type": "Feature"
    },
    {
      "geometry": {
        "coordinates": [
          3.704766,
          14.103793
        ],
        "type": "Point"
      },
      "properties": {
        "cipher": "QWER",
        "has_phrases": false,
        "mode": "value_domain",
        "phrase_count": 0,
        "phrases": [],
        "projection": "webmercator_hash_v1",
        "projection_method": "webmercator_hash_v1",
        "value": 133
      },
      "type": "Feature"
    },
    {
      "geometry": {
        "coordinates": [
          128.343777,
          38.043305
        ],
        "type": "Point"
      },
      "properties": {
        "cipher": "QWER",
        "has_phrases": false,
        "mode": "value_domain",
        "phrase_count": 0,
        "phrases": [],
        "projection": "webmercator_hash_v1",
        "projection_method": "webmercator_hash_v1",
        "value": 134
      },
      "type": "Feature"
    },
    {
      "geometry": {
        "coordinates": [
          -16.435513,
          54.523042
        ],
        "type": "Point"
      },
      "properties": {
        "cipher": "QWER",
        "has_phrases": false,
        "mode": "value_domain",
        "phrase_count": 0,
        "phrases": [],
        "projection": "webmercator_hash_v1",
        "projection_method": "webmercator_hash_v1",
        "value": 135
      },
      "type": "Feature"
    },
    {
      "geometry": {
        "coordinates": [
          -78.76726,
          12.549665
        ],
        "type": "Point"
      },
      "properties": {
        "cipher": "QWER",
        "has_phrases": false,
        "mode": "value_domain",
        "phrase_count": 0,
        "phrases": [],
        "projection": "webmercator_hash_v1",
        "projection_method": "webmercator_hash_v1",
        "value": 136
      },
      "type": "Feature"
    },
    {
      "geometry": {
        "coordinates": [
          32.649664,
          56.396632
        ],
        "type": "Point"
      },
      "properties": {
        "cipher": "QWER",
        "has_phrases": false,
        "mode": "value_domain",
        "phrase_count": 0,
        "phrases": [],
        "projection": "webmercator_hash_v1",
        "projection_method": "webmercator_hash_v1",
        "value": 137
      },
      "type": "Feature"
    },
    {
      "geometry": {
        "coordinates": [
          -100.375752,
          -27.570281
        ],
        "type": "Point"
      },
      "properties": {
        "cipher": "QWER",
        "has_phrases": false,
        "mode": "value_domain",
        "phrase_count": 0,
        "phrases": [],
        "projection": "webmercator_hash_v1",
        "projection_method": "webmercator_hash_v1",
        "value": 138
      },
      "type": "Feature"
    },
    {
      "geometry": {
        "coordinates": [
          -50.811337,
          45.485572
        ],
        "type": "Point"
      },
      "properties": {
        "cipher": "QWER",
        "has_phrases": false,
        "mode": "value_domain",
        "phrase_count": 0,
        "phrases": [],
        "projection": "webmercator_hash_v1",
        "projection_method": "webmercator_hash_v1",
        "value": 139
      },
      "type": "Feature"
    },
    {
      "geometry": {
        "coordinates": [
          -67.454498,
          12.956352
        ],
        "type": "Point"
      },
      "properties": {
        "cipher": "QWER",
        "has_phrases": false,
        "mode": "value_domain",
        "phrase_count": 0,
        "phrases": [],
        "projection": "webmercator_hash_v1",
        "projection_method": "webmercator_hash_v1",
        "value": 140
      },
      "type": "Feature"
    },
    {
      "geometry": {
        "coordinates": [
          -42.543323,
          -65.345346
        ],
        "type": "Point"
      },
      "properties": {
        "cipher": "QWER",
        "has_phrases": false,
        "mode": "value_domain",
        "phrase_count": 0,
        "phrases": [],
        "projection": "webmercator_hash_v1",
        "projection_method": "webmercator_hash_v1",
        "value": 141
      },
      "type": "Feature"
    },
    {
      "geometry": {
        "coordinates": [
          -129.224481,
          -54.704415
        ],
        "type": "Point"
      },
      "properties": {
        "cipher": "QWER",
        "has_phrases": false,
        "mode": "value_domain",
        "phrase_count": 0,
        "phrases": [],
        "projection": "webmercator_hash_v1",
        "projection_method": "webmercator_hash_v1",
        "value": 142
      },
      "type": "Feature"
    },
    {
      "geometry": {
        "coordinates": [
          124.670296,
          -39.043489
        ],
        "type": "Point"
      },
      "properties": {
        "cipher": "QWER",
        "has_phrases": false,
        "mode": "value_domain",
        "phrase_count": 0,
        "phrases": [],
        "projection": "webmercator_hash_v1",
        "projection_method": "webmercator_hash_v1",
        "value": 143
      },
      "type": "Feature"
    },
    {
      "geometry": {
        "coordinates": [
          -30.332496,
          59.110957
        ],
        "type": "Point"
      },
      "properties": {
        "cipher": "QWER",
        "has_phrases": false,
        "mode": "value_domain",
        "phrase_count": 0,
        "phrases": [],
        "projection": "webmercator_hash_v1",
        "projection_method": "webmercator_hash_v1",
        "value": 144
      },
      "type": "Feature"
    },
    {
      "geometry": {
        "coordinates": [
          -39.435923,
          -41.504809
        ],
        "type": "Point"
      },
      "properties": {
        "cipher": "QWER",
        "has_phrases": false,
        "mode": "value_domain",
        "phrase_count": 0,
        "phrases": [],
        "projection": "webmercator_hash_v1",
        "projection_method": "webmercator_hash_v1",
        "value": 145
      },
      "type": "Feature"
    },
    {
      "geometry": {
        "coordinates": [
          121.879061,
          71.690646
        ],
        "type": "Point"
      },
      "properties": {
        "cipher": "QWER",
        "has_phrases": false,
        "mode": "value_domain",
        "phrase_count": 0,
        "phrases": [],
        "projection": "webmercator_hash_v1",
        "projection_method": "webmercator_hash_v1",
        "value": 146
      },
      "type": "Feature"
    },
    {
      "geometry": {
        "coordinates": [
          65.358876,
          -58.667905
        ],
        "type": "Point"
      },
      "properties": {
        "cipher": "QWER",
        "has_phrases": false,
        "mode": "value_domain",
        "phrase_count": 0,
        "phrases": [],
        "projection": "webmercator_hash_v1",
        "projection_method": "webmercator_hash_v1",
        "value": 147
      },
      "type": "Feature"
    },
    {
      "geometry": {
        "coordinates": [
          158.862309,
          -5.256609
        ],
        "type": "Point"
      },
      "properties": {
        "cipher": "QWER",
        "has_phrases": false,
        "mode": "value_domain",
        "phrase_count": 0,
        "phrases": [],
        "projection": "webmercator_hash_v1",
        "projection_method": "webmercator_hash_v1",
        "value": 148
      },
      "type": "Feature"
    },
    {
      "geometry": {
        "coordinates": [
          122.857015,
          81.392795
        ],
        "type": "Point"
      },
      "properties": {
        "cipher": "QWER",
        "has_phrases": false,
        "mode": "value_domain",
        "phrase_count": 0,
        "phrases": [],
        "projection": "webmercator_hash_v1",
        "projection_method": "webmercator_hash_v1",
        "value": 149
      },
      "type": "Feature"
    },
    {
      "geometry": {
        "coordinates": [
          -8.71201,
          7.63761
        ],
        "type": "Point"
      },
      "properties": {
        "cipher": "QWER",
        "has_phrases": false,
        "mode": "value_domain",
        "phrase_count": 0,
        "phrases": [],
        "projection": "webmercator_hash_v1",
        "projection_method": "webmercator_hash_v1",
        "value": 150
      },
      "type": "Feature"
    },
    {
      "geometry": {
        "coordinates": [
          -52.140714,
          57.395916
        ],
        "type": "Point"
      },
      "properties": {
        "cipher": "QWER",
        "has_phrases": false,
        "mode": "value_domain",
        "phrase_count": 0,
        "phrases": [],
        "projection": "webmercator_hash_v1",
        "projection_method": "webmercator_hash_v1",
        "value": 151
      },
      "type": "Feature"
    },
    {
      "geometry": {
        "coordinates": [
          77.009016,
          57.569951
        ],
        "type": "Point"
      },
      "properties": {
        "cipher": "QWER",
        "has_phrases": false,
        "mode": "value_domain",
        "phrase_count": 0,
        "phrases": [],
        "projection": "webmercator_hash_v1",
        "projection_method": "webmercator_hash_v1",
        "value": 152
      },
      "type": "Feature"
    },
    {
      "geometry": {
        "coordinates": [
          -138.697737,
          -84.456876
        ],
        "type": "Point"
      },
      "properties": {
        "cipher": "QWER",
        "has_phrases": false,
        "mode": "value_domain",
        "phrase_count": 0,
        "phrases": [],
        "projection": "webmercator_hash_v1",
        "projection_method": "webmercator_hash_v1",
        "value": 153
      },
      "type": "Feature"
    },
    {
      "geometry": {
        "coordinates": [
          -170.870864,
          27.803592
        ],
        "type": "Point"
      },
      "properties": {
        "cipher": "QWER",
        "has_phrases": false,
        "mode": "value_domain",
        "phrase_count": 0,
        "phrases": [],
        "projection": "webmercator_hash_v1",
        "projection_method": "webmercator_hash_v1",
        "value": 154
      },
      "type": "Feature"
    },
    {
      "geometry": {
        "coordinates": [
          -152.595372,
          -43.34872
        ],
        "type": "Point"
      },
      "properties": {
        "cipher": "QWER",
        "has_phrases": false,
        "mode": "value_domain",
        "phrase_count": 0,
        "phrases": [],
        "projection": "webmercator_hash_v1",
        "projection_method": "webmercator_hash_v1",
        "value": 155
      },
      "type": "Feature"
    },
    {
      "geometry": {
        "coordinates": [
          -120.458734,
          -52.086163
        ],
        "type": "Point"
      },
      "properties": {
        "cipher": "QWER",
        "has_phrases": false,
        "mode": "value_domain",
        "phrase_count": 0,
        "phrases": [],
        "projection": "webmercator_hash_v1",
        "projection_method": "webmercator_hash_v1",
        "value": 156
      },
      "type": "Feature"
    },
    {
      "geometry": {
        "coordinates": [
          66.890878,
          77.738048
        ],
        "type": "Point"
      },
      "properties": {
        "cipher": "QWER",
        "has_phrases": false,
        "mode": "value_domain",
        "phrase_count": 0,
        "phrases": [],
        "projection": "webmercator_hash_v1",
        "projection_method": "webmercator_hash_v1",
        "value": 157
      },
      "type": "Feature"
    },
    {
      "geometry": {
        "coordinates": [
          159.394945,
          -14.129515
        ],
        "type": "Point"
      },
      "properties": {
        "cipher": "QWER",
        "has_phrases": false,
        "mode": "value_domain",
        "phrase_count": 0,
        "phrases": [],
        "projection": "webmercator_hash_v1",
        "projection_method": "webmercator_hash_v1",
        "value": 158
      },
      "type": "Feature"
    },
    {
      "geometry": {
        "coordinates": [
          82.51342,
          -21.771687
        ],
        "type": "Point"
      },
      "properties": {
        "cipher": "QWER",
        "has_phrases": false,
        "mode": "value_domain",
        "phrase_count": 0,
        "phrases": [],
        "projection": "webmercator_hash_v1",
        "projection_method": "webmercator_hash_v1",
        "value": 159
      },
      "type": "Feature"
    },
    {
      "geometry": {
        "coordinates": [
          10.697016,
          38.554721
        ],
        "type": "Point"
      },
      "properties": {
        "cipher": "QWER",
        "has_phrases": false,
        "mode": "value_domain",
        "phrase_count": 0,
        "phrases": [],
        "projection": "webmercator_hash_v1",
        "projection_method": "webmercator_hash_v1",
        "value": 160
      },
      "type": "Feature"
    },
    {
      "geometry": {
        "coordinates": [
          86.119368,
          6.397232
        ],
        "type": "Point"
      },
      "properties": {
        "cipher": "QWER",
        "has_phrases": false,
        "mode": "value_domain",
        "phrase_count": 0,
        "phrases": [],
        "projection": "webmercator_hash_v1",
        "projection_method": "webmercator_hash_v1",
        "value": 161
      },
      "type": "Feature"
    },
    {
      "geometry": {
        "coordinates": [
          69.052972,
          -42.425731
        ],
        "type": "Point"
      },
      "properties": {
        "cipher": "QWER",
        "has_phrases": false,
        "mode": "value_domain",
        "phrase_count": 0,
        "phrases": [],
        "projection": "webmercator_hash_v1",
        "projection_method": "webmercator_hash_v1",
        "value": 162
      },
      "type": "Feature"
    },
    {
      "geometry": {
        "coordinates": [
          -74.766219,
          -56.749274
        ],
        "type": "Point"
      },
      "properties": {
        "cipher": "QWER",
        "has_phrases": false,
        "mode": "value_domain",
        "phrase_count": 0,
        "phrases": [],
        "projection": "webmercator_hash_v1",
        "projection_method": "webmercator_hash_v1",
        "value": 163
      },
      "type": "Feature"
    },
    {
      "geometry": {
        "coordinates": [
          91.237797,
          -49.162982
        ],
        "type": "Point"
      },
      "properties": {
        "cipher": "QWER",
        "has_phrases": false,
        "mode": "value_domain",
        "phrase_count": 0,
        "phrases": [],
        "projection": "webmercator_hash_v1",
        "projection_method": "webmercator_hash_v1",
        "value": 164
      },
      "type": "Feature"
    },
    {
      "geometry": {
        "coordinates": [
          -5.423204,
          12.601895
        ],
        "type": "Point"
      },
      "properties": {
        "cipher": "QWER",
        "has_phrases": false,
        "mode": "value_domain",
        "phrase_count": 0,
        "phrases": [],
        "projection": "webmercator_hash_v1",
        "projection_method": "webmercator_hash_v1",
        "value": 165
      },
      "type": "Feature"
    },
    {
      "geometry": {
        "coordinates": [
          114.948528,
          -63.077739
        ],
        "type": "Point"
      },
      "properties": {
        "cipher": "QWER",
        "has_phrases": false,
        "mode": "value_domain",
        "phrase_count": 0,
        "phrases": [],
        "projection": "webmercator_hash_v1",
        "projection_method": "webmercator_hash_v1",
        "value": 166
      },
      "type": "Feature"
    },
    {
      "geometry": {
        "coordinates": [
          -141.519537,
          -63.711865
        ],
        "type": "Point"
      },
      "properties": {
        "cipher": "QWER",
        "has_phrases": false,
        "mode": "value_domain",
        "phrase_count": 0,
        "phrases": [],
        "projection": "webmercator_hash_v1",
        "projection_method": "webmercator_hash_v1",
        "value": 167
      },
      "type": "Feature"
    },
    {
      "geometry": {
        "coordinates": [
          150.285139,
          44.806687
        ],
        "type": "Point"
      },
      "properties": {
        "cipher": "QWER",
        "has_phrases": false,
        "mode": "value_domain",
        "phrase_count": 0,
        "phrases": [],
        "projection": "webmercator_hash_v1",
        "projection_method": "webmercator_hash_v1",
        "value": 168
      },
      "type": "Feature"
    },
    {
      "geometry": {
        "coordinates": [
          -125.437541,
          39.5074
        ],
        "type": "Point"
      },
      "properties": {
        "cipher": "QWER",
        "has_phrases": false,
        "mode": "value_domain",
        "phrase_count": 0,
        "phrases": [],
        "projection": "webmercator_hash_v1",
        "projection_method": "webmercator_hash_v1",
        "value": 169
      },
      "type": "Feature"
    },
    {
      "geometry": {
        "coordinates": [
          161.118322,
          -47.841235
        ],
        "type": "Point"
      },
      "properties": {
        "cipher": "QWER",
        "has_phrases": false,
        "mode": "value_domain",
        "phrase_count": 0,
        "phrases": [],
        "projection": "webmercator_hash_v1",
        "projection_method": "webmercator_hash_v1",
        "value": 170
      },
      "type": "Feature"
    },
    {
      "geometry": {
        "coordinates": [
          26.836645,
          -29.433431
        ],
        "type": "Point"
      },
      "properties": {
        "cipher": "QWER",
        "has_phrases": false,
        "mode": "value_domain",
        "phrase_count": 0,
        "phrases": [],
        "projection": "webmercator_hash_v1",
        "projection_method": "webmercator_hash_v1",
        "value": 171
      },
      "type": "Feature"
    },
    {
      "geometry": {
        "coordinates": [
          -130.65289,
          -77.436697
        ],
        "type": "Point"
      },
      "properties": {
        "cipher": "QWER",
        "has_phrases": false,
        "mode": "value_domain",
        "phrase_count": 0,
        "phrases": [],
        "projection": "webmercator_hash_v1",
        "projection_method": "webmercator_hash_v1",
        "value": 172
      },
      "type": "Feature"
    },
    {
      "geometry": {
        "coordinates": [
          44.483768,
          33.389343
        ],
        "type": "Point"
      },
      "properties": {
        "cipher": "QWER",
        "has_phrases": false,
        "mode": "value_domain",
        "phrase_count": 0,
        "phrases": [],
        "projection": "webmercator_hash_v1",
        "projection_method": "webmercator_hash_v1",
        "value": 173
      },
      "type": "Feature"
    },
    {
      "geometry": {
        "coordinates": [
          -63.239489,
          11.740673
        ],
        "type": "Point"
      },
      "properties": {
        "cipher": "QWER",
        "has_phrases": false,
        "mode": "value_domain",
        "phrase_count": 0,
        "phrases": [],
        "projection": "webmercator_hash_v1",
        "projection_method": "webmercator_hash_v1",
        "value": 174
      },
      "type": "Feature"
    },
    {
      "geometry": {
        "coordinates": [
          55.145893,
          10.381763
        ],
        "type": "Point"
      },
      "properties": {
        "cipher": "QWER",
        "has_phrases": false,
        "mode": "value_domain",
        "phrase_count": 0,
        "phrases": [],
        "projection": "webmercator_hash_v1",
        "projection_method": "webmercator_hash_v1",
        "value": 175
      },
      "type": "Feature"
    },
    {
      "geometry": {
        "coordinates": [
          -166.723032,
          -6.877222
        ],
        "type": "Point"
      },
      "properties": {
        "cipher": "QWER",
        "has_phrases": false,
        "mode": "value_domain",
        "phrase_count": 0,
        "phrases": [],
        "projection": "webmercator_hash_v1",
        "projection_method": "webmercator_hash_v1",
        "value": 176
      },
      "type": "Feature"
    },
    {
      "geometry": {
        "coordinates": [
          -172.938218,
          -1.936793
        ],
        "type": "Point"
      },
      "properties": {
        "cipher": "QWER",
        "has_phrases": false,
        "mode": "value_domain",
        "phrase_count": 0,
        "phrases": [],
        "projection": "webmercator_hash_v1",
        "projection_method": "webmercator_hash_v1",
        "value": 177
      },
      "type": "Feature"
    },
    {
      "geometry": {
        "coordinates": [
          -166.232004,
          -83.494293
        ],
        "type": "Point"
      },
      "properties": {
        "cipher": "QWER",
        "has_phrases": false,
        "mode": "value_domain",
        "phrase_count": 0,
        "phrases": [],
        "projection": "webmercator_hash_v1",
        "projection_method": "webmercator_hash_v1",
        "value": 178
      },
      "type": "Feature"
    },
    {
      "geometry": {
        "coordinates": [
          125.967016,
          -7.949975
        ],
        "type": "Point"
      },
      "properties": {
        "cipher": "QWER",
        "has_phrases": false,
        "mode": "value_domain",
        "phrase_count": 0,
        "phrases": [],
        "projection": "webmercator_hash_v1",
        "projection_method": "webmercator_hash_v1",
        "value": 179
      },
      "type": "Feature"
    },
    {
      "geometry": {
        "coordinates": [
          -69.837071,
          -46.905201
        ],
        "type": "Point"
      },
      "properties": {
        "cipher": "QWER",
        "has_phrases": false,
        "mode": "value_domain",
        "phrase_count": 0,
        "phrases": [],
        "projection": "webmercator_hash_v1",
        "projection_method": "webmercator_hash_v1",
        "value": 180
      },
      "type": "Feature"
    },
    {
      "geometry": {
        "coordinates": [
          10.379618,
          -35.840129
        ],
        "type": "Point"
      },
      "properties": {
        "cipher": "QWER",
        "has_phrases": false,
        "mode": "value_domain",
        "phrase_count": 0,
        "phrases": [],
        "projection": "webmercator_hash_v1",
        "projection_method": "webmercator_hash_v1",
        "value": 181
      },
      "type": "Feature"
    },
    {
      "geometry": {
        "coordinates": [
          -158.022425,
          51.566184
        ],
        "type": "Point"
      },
      "properties": {
        "cipher": "QWER",
        "has_phrases": false,
        "mode": "value_domain",
        "phrase_count": 0,
        "phrases": [],
        "projection": "webmercator_hash_v1",
        "projection_method": "webmercator_hash_v1",
        "value": 182
      },
      "type": "Feature"
    },
    {
      "geometry": {
        "coordinates": [
          1.960818,
          22.810039
        ],
        "type": "Point"
      },
      "properties": {
        "cipher": "QWER",
        "has_phrases": false,
        "mode": "value_domain",
        "phrase_count": 0,
        "phrases": [],
        "projection": "webmercator_hash_v1",
        "projection_method": "webmercator_hash_v1",
        "value": 183
      },
      "type": "Feature"
    },
    {
      "geometry": {
        "coordinates": [
          22.822024,
          -79.387188
        ],
        "type": "Point"
      },
      "properties": {
        "cipher": "QWER",
        "has_phrases": false,
        "mode": "value_domain",
        "phrase_count": 0,
        "phrases": [],
        "projection": "webmercator_hash_v1",
        "projection_method": "webmercator_hash_v1",
        "value": 184
      },
      "type": "Feature"
    },
    {
      "geometry": {
        "coordinates": [
          -44.117226,
          -43.5374
        ],
        "type": "Point"
      },
      "properties": {
        "cipher": "QWER",
        "has_phrases": false,
        "mode": "value_domain",
        "phrase_count": 0,
        "phrases": [],
        "projection": "webmercator_hash_v1",
        "projection_method": "webmercator_hash_v1",
        "value": 185
      },
      "type": "Feature"
    },
    {
      "geometry": {
        "coordinates": [
          77.662831,
          -22.658656
        ],
        "type": "Point"
      },
      "properties": {
        "cipher": "QWER",
        "has_phrases": false,
        "mode": "value_domain",
        "phrase_count": 0,
        "phrases": [],
        "projection": "webmercator_hash_v1",
        "projection_method": "webmercator_hash_v1",
        "value": 186
      },
      "type": "Feature"
    },
    {
      "geometry": {
        "coordinates": [
          162.990171,
          -30.957077
        ],
        "type": "Point"
      },
      "properties": {
        "cipher": "QWER",
        "has_phrases": false,
        "mode": "value_domain",
        "phrase_count": 0,
        "phrases": [],
        "projection": "webmercator_hash_v1",
        "projection_method": "webmercator_hash_v1",
        "value": 187
      },
      "type": "Feature"
    },
    {
      "geometry": {
        "coordinates": [
          159.099267,
          -11.942997
        ],
        "type": "Point"
      },
      "properties": {
        "cipher": "QWER",
        "has_phrases": false,
        "mode": "value_domain",
        "phrase_count": 0,
        "phrases": [],
        "projection": "webmercator_hash_v1",
        "projection_method": "webmercator_hash_v1",
        "value": 188
      },
      "type": "Feature"
    },
    {
      "geometry": {
        "coordinates": [
          22.65743,
          -71.32572
        ],
        "type": "Point"
      },
      "properties": {
        "cipher": "QWER",
        "has_phrases": false,
        "mode": "value_domain",
        "phrase_count": 0,
        "phrases": [],
        "projection": "webmercator_hash_v1",
        "projection_method": "webmercator_hash_v1",
        "value": 189
      },
      "type": "Feature"
    },
    {
      "geometry": {
        "coordinates": [
          -0.527967,
          5.396539
        ],
        "type": "Point"
      },
      "properties": {
        "cipher": "QWER",
        "has_phrases": false,
        "mode": "value_domain",
        "phrase_count": 0,
        "phrases": [],
        "projection": "webmercator_hash_v1",
        "projection_method": "webmercator_hash_v1",
        "value": 190
      },
      "type": "Feature"
    },
    {
      "geometry": {
        "coordinates": [
          160.003377,
          58.586472
        ],
        "type": "Point"
      },
      "properties": {
        "cipher": "QWER",
        "has_phrases": false,
        "mode": "value_domain",
        "phrase_count": 0,
        "phrases": [],
        "projection": "webmercator_hash_v1",
        "projection_method": "webmercator_hash_v1",
        "value": 191
      },
      "type": "Feature"
    },
    {
      "geometry": {
        "coordinates": [
          166.997114,
          -16.204268
        ],
        "type": "Point"
      },
      "properties": {
        "cipher": "QWER",
        "has_phrases": false,
        "mode": "value_domain",
        "phrase_count": 0,
        "phrases": [],
        "projection": "webmercator_hash_v1",
        "projection_method": "webmercator_hash_v1",
        "value": 192
      },
      "type": "Feature"
    },
    {
      "geometry": {
        "coordinates": [
          -99.784644,
          -4.742923
        ],
        "type": "Point"
      },
      "properties": {
        "cipher": "QWER",
        "has_phrases": false,
        "mode": "value_domain",
        "phrase_count": 0,
        "phrases": [],
        "projection": "webmercator_hash_v1",
        "projection_method": "webmercator_hash_v1",
        "value": 193
      },
      "type": "Feature"
    },
    {
      "geometry": {
        "coordinates": [
          -7.190557,
          36.940602
        ],
        "type": "Point"
      },
      "properties": {
        "cipher": "QWER",
        "has_phrases": false,
        "mode": "value_domain",
        "phrase_count": 0,
        "phrases": [],
        "projection": "webmercator_hash_v1",
        "projection_method": "webmercator_hash_v1",
        "value": 194
      },
      "type": "Feature"
    },
    {
      "geometry": {
        "coordinates": [
          111.102965,
          84.55417
        ],
        "type": "Point"
      },
      "properties": {
        "cipher": "QWER",
        "has_phrases": false,
        "mode": "value_domain",
        "phrase_count": 0,
        "phrases": [],
        "projection": "webmercator_hash_v1",
        "projection_method": "webmercator_hash_v1",
        "value": 195
      },
      "type": "Feature"
    },
    {
      "geometry": {
        "coordinates": [
          -146.020077,
          -79.539118
        ],
        "type": "Point"
      },
      "properties": {
        "cipher": "QWER",
        "has_phrases": false,
        "mode": "value_domain",
        "phrase_count": 0,
        "phrases": [],
        "projection": "webmercator_hash_v1",
        "projection_method": "webmercator_hash_v1",
        "value": 196
      },
      "type": "Feature"
    },
    {
      "geometry": {
        "coordinates": [
          37.079539,
          -18.870158
        ],
        "type": "Point"
      },
      "properties": {
        "cipher": "QWER",
        "has_phrases": false,
        "mode": "value_domain",
        "phrase_count": 0,
        "phrases": [],
        "projection": "webmercator_hash_v1",
        "projection_method": "webmercator_hash_v1",
        "value": 197
      },
      "type": "Feature"
    },
    {
      "geometry": {
        "coordinates": [
          164.607663,
          23.361811
        ],
        "type": "Point"
      },
      "properties": {
        "cipher": "QWER",
        "has_phrases": false,
        "mode": "value_domain",
        "phrase_count": 0,
        "phrases": [],
        "projection": "webmercator_hash_v1",
        "projection_method": "webmercator_hash_v1",
        "value": 198
      },
      "type": "Feature"
    },
    {
      "geometry": {
        "coordinates": [
          -46.927656,
          -8.987485
        ],
        "type": "Point"
      },
      "properties": {
        "cipher": "QWER",
        "has_phrases": false,
        "mode": "value_domain",
        "phrase_count": 0,
        "phrases": [],
        "projection": "webmercator_hash_v1",
        "projection_method": "webmercator_hash_v1",
        "value": 199
      },
      "type": "Feature"
    },
    {
      "geometry": {
        "coordinates": [
          102.032054,
          47.635831
        ],
        "type": "Point"
      },
      "properties": {
        "cipher": "QWER",
        "has_phrases": false,
        "mode": "value_domain",
        "phrase_count": 0,
        "phrases": [],
        "projection": "webmercator_hash_v1",
        "projection_method": "webmercator_hash_v1",
        "value": 200
      },
      "type": "Feature"
    },
    {
      "geometry": {
        "coordinates": [
          97.142426,
          -15.337836
        ],
        "type": "Point"
      },
      "properties": {
        "cipher": "QWER",
        "has_phrases": false,
        "mode": "value_domain",
        "phrase_count": 0,
        "phrases": [],
        "projection": "webmercator_hash_v1",
        "projection_method": "webmercator_hash_v1",
        "value": 201
      },
      "type": "Feature"
    },
    {
      "geometry": {
        "coordinates": [
          82.574486,
          62.967369
        ],
        "type": "Point"
      },
      "properties": {
        "cipher": "QWER",
        "has_phrases": false,
        "mode": "value_domain",
        "phrase_count": 0,
        "phrases": [],
        "projection": "webmercator_hash_v1",
        "projection_method": "webmercator_hash_v1",
        "value": 202
      },
      "type": "Feature"
    },
    {
      "geometry": {
        "coordinates": [
          103.985138,
          82.911988
        ],
        "type": "Point"
      },
      "properties": {
        "cipher": "QWER",
        "has_phrases": false,
        "mode": "value_domain",
        "phrase_count": 0,
        "phrases": [],
        "projection": "webmercator_hash_v1",
        "projection_method": "webmercator_hash_v1",
        "value": 203
      },
      "type": "Feature"
    },
    {
      "geometry": {
        "coordinates": [
          89.598302,
          3.451846
        ],
        "type": "Point"
      },
      "properties": {
        "cipher": "QWER",
        "has_phrases": false,
        "mode": "value_domain",
        "phrase_count": 0,
        "phrases": [],
        "projection": "webmercator_hash_v1",
        "projection_method": "webmercator_hash_v1",
        "value": 204
      },
      "type": "Feature"
    },
    {
      "geometry": {
        "coordinates": [
          -115.391643,
          -47.145132
        ],
        "type": "Point"
      },
      "properties": {
        "cipher": "QWER",
        "has_phrases": false,
        "mode": "value_domain",
        "phrase_count": 0,
        "phrases": [],
        "projection": "webmercator_hash_v1",
        "projection_method": "webmercator_hash_v1",
        "value": 205
      },
      "type": "Feature"
    },
    {
      "geometry": {
        "coordinates": [
          179.393656,
          -82.001486
        ],
        "type": "Point"
      },
      "properties": {
        "cipher": "QWER",
        "has_phrases": false,
        "mode": "value_domain",
        "phrase_count": 0,
        "phrases": [],
        "projection": "webmercator_hash_v1",
        "projection_method": "webmercator_hash_v1",
        "value": 206
      },
      "type": "Feature"
    },
    {
      "geometry": {
        "coordinates": [
          101.396854,
          2.627847
        ],
        "type": "Point"
      },
      "properties": {
        "cipher": "QWER",
        "has_phrases": false,
        "mode": "value_domain",
        "phrase_count": 0,
        "phrases": [],
        "projection": "webmercator_hash_v1",
        "projection_method": "webmercator_hash_v1",
        "value": 207
      },
      "type": "Feature"
    },
    {
      "geometry": {
        "coordinates": [
          24.257053,
          -50.336876
        ],
        "type": "Point"
      },
      "properties": {
        "cipher": "QWER",
        "has_phrases": false,
        "mode": "value_domain",
        "phrase_count": 0,
        "phrases": [],
        "projection": "webmercator_hash_v1",
        "projection_method": "webmercator_hash_v1",
        "value": 208
      },
      "type": "Feature"
    },
    {
      "geometry": {
        "coordinates": [
          147.686479,
          -76.549057
        ],
        "type": "Point"
      },
      "properties": {
        "cipher": "QWER",
        "has_phrases": false,
        "mode": "value_domain",
        "phrase_count": 0,
        "phrases": [],
        "projection": "webmercator_hash_v1",
        "projection_method": "webmercator_hash_v1",
        "value": 209
      },
      "type": "Feature"
    },
    {
      "geometry": {
        "coordinates": [
          -140.603598,
          20.397877
        ],
        "type": "Point"
      },
      "properties": {
        "cipher": "QWER",
        "has_phrases": false,
        "mode": "value_domain",
        "phrase_count": 0,
        "phrases": [],
        "projection": "webmercator_hash_v1",
        "projection_method": "webmercator_hash_v1",
        "value": 210
      },
      "type": "Feature"
    },
    {
      "geometry": {
        "coordinates": [
          -13.853026,
          7.377645
        ],
        "type": "Point"
      },
      "properties": {
        "cipher": "QWER",
        "has_phrases": false,
        "mode": "value_domain",
        "phrase_count": 0,
        "phrases": [],
        "projection": "webmercator_hash_v1",
        "projection_method": "webmercator_hash_v1",
        "value": 211
      },
      "type": "Feature"
    },
    {
      "geometry": {
        "coordinates": [
          -40.486977,
          -66.699033
        ],
        "type": "Point"
      },
      "properties": {
        "cipher": "QWER",
        "has_phrases": false,
        "mode": "value_domain",
        "phrase_count": 0,
        "phrases": [],
        "projection": "webmercator_hash_v1",
        "projection_method": "webmercator_hash_v1",
        "value": 212
      },
      "type": "Feature"
    },
    {
      "geometry": {
        "coordinates": [
          -21.815695,
          24.304204
        ],
        "type": "Point"
      },
      "properties": {
        "cipher": "QWER",
        "has_phrases": false,
        "mode": "value_domain",
        "phrase_count": 0,
        "phrases": [],
        "projection": "webmercator_hash_v1",
        "projection_method": "webmercator_hash_v1",
        "value": 213
      },
      "type": "Feature"
    },
    {
      "geometry": {
        "coordinates": [
          74.999391,
          18.154027
        ],
        "type": "Point"
      },
      "properties": {
        "cipher": "QWER",
        "has_phrases": false,
        "mode": "value_domain",
        "phrase_count": 0,
        "phrases": [],
        "projection": "webmercator_hash_v1",
        "projection_method": "webmercator_hash_v1",
        "value": 214
      },
      "type": "Feature"
    },
    {
      "geometry": {
        "coordinates": [
          37.669181,
          -25.393778
        ],
        "type": "Point"
      },
      "properties": {
        "cipher": "QWER",
        "has_phrases": false,
        "mode": "value_domain",
        "phrase_count": 0,
        "phrases": [],
        "projection": "webmercator_hash_v1",
        "projection_method": "webmercator_hash_v1",
        "value": 215
      },
      "type": "Feature"
    },
    {
      "geometry": {
        "coordinates": [
          -58.50537,
          22.004274
        ],
        "type": "Point"
      },
      "properties": {
        "cipher": "QWER",
        "has_phrases": false,
        "mode": "value_domain",
        "phrase_count": 0,
        "phrases": [],
        "projection": "webmercator_hash_v1",
        "projection_method": "webmercator_hash_v1",
        "value": 216
      },
      "type": "Feature"
    },
    {
      "geometry": {
        "coordinates": [
          -37.865983,
          72.518653
        ],
        "type": "Point"
      },
      "properties": {
        "cipher": "QWER",
        "has_phrases": false,
        "mode": "value_domain",
        "phrase_count": 0,
        "phrases": [],
        "projection": "webmercator_hash_v1",
        "projection_method": "webmercator_hash_v1",
        "value": 217
      },
      "type": "Feature"
    },
    {
      "geometry": {
        "coordinates": [
          -15.531623,
          -43.731516
        ],
        "type": "Point"
      },
      "properties": {
        "cipher": "QWER",
        "has_phrases": false,
        "mode": "value_domain",
        "phrase_count": 0,
        "phrases": [],
        "projection": "webmercator_hash_v1",
        "projection_method": "webmercator_hash_v1",
        "value": 218
      },
      "type": "Feature"
    },
    {
      "geometry": {
        "coordinates": [
          12.700758,
          30.588562
        ],
        "type": "Point"
      },
      "properties": {
        "cipher": "QWER",
        "has_phrases": false,
        "mode": "value_domain",
        "phrase_count": 0,
        "phrases": [],
        "projection": "webmercator_hash_v1",
        "projection_method": "webmercator_hash_v1",
        "value": 219
      },
      "type": "Feature"
    },
    {
      "geometry": {
        "coordinates": [
          154.041002,
          -48.620116
        ],
        "type": "Point"
      },
      "properties": {
        "cipher": "QWER",
        "has_phrases": false,
        "mode": "value_domain",
        "phrase_count": 0,
        "phrases": [],
        "projection": "webmercator_hash_v1",
        "projection_method": "webmercator_hash_v1",
        "value": 220
      },
      "type": "Feature"
    },
    {
      "geometry": {
        "coordinates": [
          -169.664343,
          13.242634
        ],
        "type": "Point"
      },
      "properties": {
        "cipher": "QWER",
        "has_phrases": false,
        "mode": "value_domain",
        "phrase_count": 0,
        "phrases": [],
        "projection": "webmercator_hash_v1",
        "projection_method": "webmercator_hash_v1",
        "value": 221
      },
      "type": "Feature"
    },
    {
      "geometry": {
        "coordinates": [
          33.189152,
          72.429294
        ],
        "type": "Point"
      },
      "properties": {
        "cipher": "QWER",
        "has_phrases": false,
        "mode": "value_domain",
        "phrase_count": 0,
        "phrases": [],
        "projection": "webmercator_hash_v1",
        "projection_method": "webmercator_hash_v1",
        "value": 222
      },
      "type": "Feature"
    },
    {
      "geometry": {
        "coordinates": [
          -162.073506,
          10.409449
        ],
        "type": "Point"
      },
      "properties": {
        "cipher": "QWER",
        "has_phrases": false,
        "mode": "value_domain",
        "phrase_count": 0,
        "phrases": [],
        "projection": "webmercator_hash_v1",
        "projection_method": "webmercator_hash_v1",
        "value": 223
      },
      "type": "Feature"
    },
    {
      "geometry": {
        "coordinates": [
          157.302657,
          6.56368
        ],
        "type": "Point"
      },
      "properties": {
        "cipher": "QWER",
        "has_phrases": false,
        "mode": "value_domain",
        "phrase_count": 0,
        "phrases": [],
        "projection": "webmercator_hash_v1",
        "projection_method": "webmercator_hash_v1",
        "value": 224
      },
      "type": "Feature"
    },
    {
      "geometry": {
        "coordinates": [
          -147.264005,
          3.012399
        ],
        "type": "Point"
      },
      "properties": {
        "cipher": "QWER",
        "has_phrases": false,
        "mode": "value_domain",
        "phrase_count": 0,
        "phrases": [],
        "projection": "webmercator_hash_v1",
        "projection_method": "webmercator_hash_v1",
        "value": 225
      },
      "type": "Feature"
    },
    {
      "geometry": {
        "coordinates": [
          158.929326,
          74.830832
        ],
        "type": "Point"
      },
      "properties": {
        "cipher": "QWER",
        "has_phrases": false,
        "mode": "value_domain",
        "phrase_count": 0,
        "phrases": [],
        "projection": "webmercator_hash_v1",
        "projection_method": "webmercator_hash_v1",
        "value": 226
      },
      "type": "Feature"
    },
    {
      "geometry": {
        "coordinates": [
          33.710769,
          84.957151
        ],
        "type": "Point"
      },
      "properties": {
        "cipher": "QWER",
        "has_phrases": false,
        "mode": "value_domain",
        "phrase_count": 0,
        "phrases": [],
        "projection": "webmercator_hash_v1",
        "projection_method": "webmercator_hash_v1",
        "value": 227
      },
      "type": "Feature"
    },
    {
      "geometry": {
        "coordinates": [
          153.489426,
          -33.867185
        ],
        "type": "Point"
      },
      "properties": {
        "cipher": "QWER",
        "has_phrases": false,
        "mode": "value_domain",
        "phrase_count": 0,
        "phrases": [],
        "projection": "webmercator_hash_v1",
        "projection_method": "webmercator_hash_v1",
        "value": 228
      },
      "type": "Feature"
    },
    {
      "geometry": {
        "coordinates": [
          -16.285742,
          26.702987
        ],
        "type": "Point"
      },
      "properties": {
        "cipher": "QWER",
        "has_phrases": false,
        "mode": "value_domain",
        "phrase_count": 0,
        "phrases": [],
        "projection": "webmercator_hash_v1",
        "projection_method": "webmercator_hash_v1",
        "value": 229
      },
      "type": "Feature"
    },
    {
      "geometry": {
        "coordinates": [
          93.635548,
          65.090326
        ],
        "type": "Point"
      },
      "properties": {
        "cipher": "QWER",
        "has_phrases": false,
        "mode": "value_domain",
        "phrase_count": 0,
        "phrases": [],
        "projection": "webmercator_hash_v1",
        "projection_method": "webmercator_hash_v1",
        "value": 230
      },
      "type": "Feature"
    },
    {
      "geometry": {
        "coordinates": [
          159.210658,
          19.748688
        ],
        "type": "Point"
      },
      "properties": {
        "cipher": "QWER",
        "has_phrases": false,
        "mode": "value_domain",
        "phrase_count": 0,
        "phrases": [],
        "projection": "webmercator_hash_v1",
        "projection_method": "webmercator_hash_v1",
        "value": 231
      },
      "type": "Feature"
    },
    {
      "geometry": {
        "coordinates": [
          25.894642,
          -1.351299
        ],
        "type": "Point"
      },
      "properties": {
        "cipher": "QWER",
        "has_phrases": false,
        "mode": "value_domain",
        "phrase_count": 0,
        "phrases": [],
        "projection": "webmercator_hash_v1",
        "projection_method": "webmercator_hash_v1",
        "value": 232
      },
      "type": "Feature"
    },
    {
      "geometry": {
        "coordinates": [
          161.424249,
          -83.118427
        ],
        "type": "Point"
      },
      "properties": {
        "cipher": "QWER",
        "has_phrases": false,
        "mode": "value_domain",
        "phrase_count": 0,
        "phrases": [],
        "projection": "webmercator_hash_v1",
        "projection_method": "webmercator_hash_v1",
        "value": 233
      },
      "type": "Feature"
    },
    {
      "geometry": {
        "coordinates": [
          109.513237,
          -36.103071
        ],
        "type": "Point"
      },
      "properties": {
        "cipher": "QWER",
        "has_phrases": false,
        "mode": "value_domain",
        "phrase_count": 0,
        "phrases": [],
        "projection": "webmercator_hash_v1",
        "projection_method": "webmercator_hash_v1",
        "value": 234
      },
      "type": "Feature"
    },
    {
      "geometry": {
        "coordinates": [
          -27.346196,
          -45.915542
        ],
        "type": "Point"
      },
      "properties": {
        "cipher": "QWER",
        "has_phrases": false,
        "mode": "value_domain",
        "phrase_count": 0,
        "phrases": [],
        "projection": "webmercator_hash_v1",
        "projection_method": "webmercator_hash_v1",
        "value": 235
      },
      "type": "Feature"
    },
    {
      "geometry": {
        "coordinates": [
          167.515232,
          -42.305111
        ],
        "type": "Point"
      },
      "properties": {
        "cipher": "QWER",
        "has_phrases": false,
        "mode": "value_domain",
        "phrase_count": 0,
        "phrases": [],
        "projection": "webmercator_hash_v1",
        "projection_method": "webmercator_hash_v1",
        "value": 236
      },
      "type": "Feature"
    },
    {
      "geometry": {
        "coordinates": [
          -129.514479,
          -18.152395
        ],
        "type": "Point"
      },
      "properties": {
        "cipher": "QWER",
        "has_phrases": false,
        "mode": "value_domain",
        "phrase_count": 0,
        "phrases": [],
        "projection": "webmercator_hash_v1",
        "projection_method": "webmercator_hash_v1",
        "value": 237
      },
      "type": "Feature"
    },
    {
      "geometry": {
        "coordinates": [
          -42.760858,
          24.348621
        ],
        "type": "Point"
      },
      "properties": {
        "cipher": "QWER",
        "has_phrases": false,
        "mode": "value_domain",
        "phrase_count": 0,
        "phrases": [],
        "projection": "webmercator_hash_v1",
        "projection_method": "webmercator_hash_v1",
        "value": 238
      },
      "type": "Feature"
    },
    {
      "geometry": {
        "coordinates": [
          -176.001445,
          -5.276894
        ],
        "type": "Point"
      },
      "properties": {
        "cipher": "QWER",
        "has_phrases": false,
        "mode": "value_domain",
        "phrase_count": 0,
        "phrases": [],
        "projection": "webmercator_hash_v1",
        "projection_method": "webmercator_hash_v1",
        "value": 239
      },
      "type": "Feature"
    },
    {
      "geometry": {
        "coordinates": [
          41.252006,
          78.070788
        ],
        "type": "Point"
      },
      "properties": {
        "cipher": "QWER",
        "has_phrases": false,
        "mode": "value_domain",
        "phrase_count": 0,
        "phrases": [],
        "projection": "webmercator_hash_v1",
        "projection_method": "webmercator_hash_v1",
        "value": 240
      },
      "type": "Feature"
    },
    {
      "geometry": {
        "coordinates": [
          108.449915,
          8.677653
        ],
        "type": "Point"
      },
      "properties": {
        "cipher": "QWER",
        "has_phrases": false,
        "mode": "value_domain",
        "phrase_count": 0,
        "phrases": [],
        "projection": "webmercator_hash_v1",
        "projection_method": "webmercator_hash_v1",
        "value": 241
      },
      "type": "Feature"
    },
    {
      "geometry": {
        "coordinates": [
          -81.898494,
          -38.650305
        ],
        "type": "Point"
      },
      "properties": {
        "cipher": "QWER",
        "has_phrases": false,
        "mode": "value_domain",
        "phrase_count": 0,
        "phrases": [],
        "projection": "webmercator_hash_v1",
        "projection_method": "webmercator_hash_v1",
        "value": 242
      },
      "type": "Feature"
    },
    {
      "geometry": {
        "coordinates": [
          80.172198,
          -6.321618
        ],
        "type": "Point"
      },
      "properties": {
        "cipher": "QWER",
        "has_phrases": false,
        "mode": "value_domain",
        "phrase_count": 0,
        "phrases": [],
        "projection": "webmercator_hash_v1",
        "projection_method": "webmercator_hash_v1",
        "value": 243
      },
      "type": "Feature"
    },
    {
      "geometry": {
        "coordinates": [
          -29.916275,
          -73.061138
        ],
        "type": "Point"
      },
      "properties": {
        "cipher": "QWER",
        "has_phrases": false,
        "mode": "value_domain",
        "phrase_count": 0,
        "phrases": [],
        "projection": "webmercator_hash_v1",
        "projection_method": "webmercator_hash_v1",
        "value": 244
      },
      "type": "Feature"
    },
    {
      "geometry": {
        "coordinates": [
          -133.789451,
          31.981767
        ],
        "type": "Point"
      },
      "properties": {
        "cipher": "QWER",
        "has_phrases": false,
        "mode": "value_domain",
        "phrase_count": 0,
        "phrases": [],
        "projection": "webmercator_hash_v1",
        "projection_method": "webmercator_hash_v1",
        "value": 245
      },
      "type": "Feature"
    },
    {
      "geometry": {
        "coordinates": [
          -123.037424,
          15.381126
        ],
        "type": "Point"
      },
      "properties": {
        "cipher": "QWER",
        "has_phrases": false,
        "mode": "value_domain",
        "phrase_count": 0,
        "phrases": [],
        "projection": "webmercator_hash_v1",
        "projection_method": "webmercator_hash_v1",
        "value": 246
      },
      "type": "Feature"
    },
    {
      "geometry": {
        "coordinates": [
          66.124534,
          11.471522
        ],
        "type": "Point"
      },
      "properties": {
        "cipher": "QWER",
        "has_phrases": false,
        "mode": "value_domain",
        "phrase_count": 0,
        "phrases": [],
        "projection": "webmercator_hash_v1",
        "projection_method": "webmercator_hash_v1",
        "value": 247
      },
      "type": "Feature"
    },
    {
      "geometry": {
        "coordinates": [
          93.481225,
          -52.612636
        ],
        "type": "Point"
      },
      "properties": {
        "cipher": "QWER",
        "has_phrases": false,
        "mode": "value_domain",
        "phrase_count": 0,
        "phrases": [],
        "projection": "webmercator_hash_v1",
        "projection_method": "webmercator_hash_v1",
        "value": 248
      },
      "type": "Feature"
    },
    {
      "geometry": {
        "coordinates": [
          -134.747528,
          6.642605
        ],
        "type": "Point"
      },
      "properties": {
        "cipher": "QWER",
        "has_phrases": false,
        "mode": "value_domain",
        "phrase_count": 0,
        "phrases": [],
        "projection": "webmercator_hash_v1",
        "projection_method": "webmercator_hash_v1",
        "value": 249
      },
      "type": "Feature"
    },
    {
      "geometry": {
        "coordinates": [
          -2.247258,
          -17.633309
        ],
        "type": "Point"
      },
      "properties": {
        "cipher": "QWER",
        "has_phrases": false,
        "mode": "value_domain",
        "phrase_count": 0,
        "phrases": [],
        "projection": "webmercator_hash_v1",
        "projection_method": "webmercator_hash_v1",
        "value": 250
      },
      "type": "Feature"
    },
    {
      "geometry": {
        "coordinates": [
          173.144207,
          -78.130442
        ],
        "type": "Point"
      },
      "properties": {
        "cipher": "QWER",
        "has_phrases": false,
        "mode": "value_domain",
        "phrase_count": 0,
        "phrases": [],
        "projection": "webmercator_hash_v1",
        "projection_method": "webmercator_hash_v1",
        "value": 251
      },
      "type": "Feature"
    },
    {
      "geometry": {
        "coordinates": [
          -55.298093,
          -41.527755
        ],
        "type": "Point"
      },
      "properties": {
        "cipher": "QWER",
        "has_phrases": false,
        "mode": "value_domain",
        "phrase_count": 0,
        "phrases": [],
        "projection": "webmercator_hash_v1",
        "projection_method": "webmercator_hash_v1",
        "value": 252
      },
      "type": "Feature"
    },
    {
      "geometry": {
        "coordinates": [
          77.617599,
          47.749638
        ],
        "type": "Point"
      },
      "properties": {
        "cipher": "QWER",
        "has_phrases": false,
        "mode": "value_domain",
        "phrase_count": 0,
        "phrases": [],
        "projection": "webmercator_hash_v1",
        "projection_method": "webmercator_hash_v1",
        "value": 253
      },
      "type": "Feature"
    },
    {
      "geometry": {
        "coordinates": [
          144.305233,
          -45.492988
        ],
        "type": "Point"
      },
      "properties": {
        "cipher": "QWER",
        "has_phrases": false,
        "mode": "value_domain",
        "phrase_count": 0,
        "phrases": [],
        "projection": "webmercator_hash_v1",
        "projection_method": "webmercator_hash_v1",
        "value": 254
      },
      "type": "Feature"
    },
    {
      "geometry": {
        "coordinates": [
          -42.410228,
          74.310085
        ],
        "type": "Point"
      },
      "properties": {
        "cipher": "QWER",
        "has_phrases": false,
        "mode": "value_domain",
        "phrase_count": 0,
        "phrases": [],
        "projection": "webmercator_hash_v1",
        "projection_method": "webmercator_hash_v1",
        "value": 255
      },
      "type": "Feature"
    },
    {
      "geometry": {
        "coordinates": [
          117.847067,
          -69.099242
        ],
        "type": "Point"
      },
      "properties": {
        "cipher": "QWER",
        "has_phrases": false,
        "mode": "value_domain",
        "phrase_count": 0,
        "phrases": [],
        "projection": "webmercator_hash_v1",
        "projection_method": "webmercator_hash_v1",
        "value": 256
      },
      "type": "Feature"
    },
    {
      "geometry": {
        "coordinates": [
          -87.759575,
          -77.468004
        ],
        "type": "Point"
      },
      "properties": {
        "cipher": "QWER",
        "has_phrases": false,
        "mode": "value_domain",
        "phrase_count": 0,
        "phrases": [],
        "projection": "webmercator_hash_v1",
        "projection_method": "webmercator_hash_v1",
        "value": 257
      },
      "type": "Feature"
    },
    {
      "geometry": {
        "coordinates": [
          114.055959,
          14.253793
        ],
        "type": "Point"
      },
      "properties": {
        "cipher": "QWER",
        "has_phrases": false,
        "mode": "value_domain",
        "phrase_count": 0,
        "phrases": [],
        "projection": "webmercator_hash_v1",
        "projection_method": "webmercator_hash_v1",
        "value": 258
      },
      "type": "Feature"
    },
    {
      "geometry": {
        "coordinates": [
          4.685322,
          9.848243
        ],
        "type": "Point"
      },
      "properties": {
        "cipher": "QWER",
        "has_phrases": false,
        "mode": "value_domain",
        "phrase_count": 0,
        "phrases": [],
        "projection": "webmercator_hash_v1",
        "projection_method": "webmercator_hash_v1",
        "value": 259
      },
      "type": "Feature"
    },
    {
      "geometry": {
        "coordinates": [
          -27.468834,
          -34.013541
        ],
        "type": "Point"
      },
      "properties": {
        "cipher": "QWER",
        "has_phrases": false,
        "mode": "value_domain",
        "phrase_count": 0,
        "phrases": [],
        "projection": "webmercator_hash_v1",
        "projection_method": "webmercator_hash_v1",
        "value": 260
      },
      "type": "Feature"
    },
    {
      "geometry": {
        "coordinates": [
          145.133369,
          85.005498
        ],
        "type": "Point"
      },
      "properties": {
        "cipher": "QWER",
        "has_phrases": false,
        "mode": "value_domain",
        "phrase_count": 0,
        "phrases": [],
        "projection": "webmercator_hash_v1",
        "projection_method": "webmercator_hash_v1",
        "value": 261
      },
      "type": "Feature"
    },
    {
      "geometry": {
        "coordinates": [
          -53.694457,
          -75.044098
        ],
        "type": "Point"
      },
      "properties": {
        "cipher": "QWER",
        "has_phrases": false,
        "mode": "value_domain",
        "phrase_count": 0,
        "phrases": [],
        "projection": "webmercator_hash_v1",
        "projection_method": "webmercator_hash_v1",
        "value": 262
      },
      "type": "Feature"
    },
    {
      "geometry": {
        "coordinates": [
          -167.982568,
          22.817485
        ],
        "type": "Point"
      },
      "properties": {
        "cipher": "QWER",
        "has_phrases": false,
        "mode": "value_domain",
        "phrase_count": 0,
        "phrases": [],
        "projection": "webmercator_hash_v1",
        "projection_method": "webmercator_hash_v1",
        "value": 263
      },
      "type": "Feature"
    },
    {
      "geometry": {
        "coordinates": [
          60.077649,
          -34.620222
        ],
        "type": "Point"
      },
      "properties": {
        "cipher": "QWER",
        "has_phrases": false,
        "mode": "value_domain",
        "phrase_count": 0,
        "phrases": [],
        "projection": "webmercator_hash_v1",
        "projection_method": "webmercator_hash_v1",
        "value": 264
      },
      "type": "Feature"
    },
    {
      "geometry": {
        "coordinates": [
          -101.228934,
          51.822549
        ],
        "type": "Point"
      },
      "properties": {
        "cipher": "QWER",
        "has_phrases": false,
        "mode": "value_domain",
        "phrase_count": 0,
        "phrases": [],
        "projection": "webmercator_hash_v1",
        "projection_method": "webmercator_hash_v1",
        "value": 265
      },
      "type": "Feature"
    },
    {
      "geometry": {
        "coordinates": [
          -51.153971,
          -39.913044
        ],
        "type": "Point"
      },
      "properties": {
        "cipher": "QWER",
        "has_phrases": false,
        "mode": "value_domain",
        "phrase_count": 0,
        "phrases": [],
        "projection": "webmercator_hash_v1",
        "projection_method": "webmercator_hash_v1",
        "value": 266
      },
      "type": "Feature"
    },
    {
      "geometry": {
        "coordinates": [
          -177.706029,
          76.612725
        ],
        "type": "Point"
      },
      "properties": {
        "cipher": "QWER",
        "has_phrases": false,
        "mode": "value_domain",
        "phrase_count": 0,
        "phrases": [],
        "projection": "webmercator_hash_v1",
        "projection_method": "webmercator_hash_v1",
        "value": 267
      },
      "type": "Feature"
    },
    {
      "geometry": {
        "coordinates": [
          102.290381,
          -11.513655
        ],
        "type": "Point"
      },
      "properties": {
        "cipher": "QWER",
        "has_phrases": false,
        "mode": "value_domain",
        "phrase_count": 0,
        "phrases": [],
        "projection": "webmercator_hash_v1",
        "projection_method": "webmercator_hash_v1",
        "value": 268
      },
      "type": "Feature"
    },
    {
      "geometry": {
        "coordinates": [
          2.916772,
          -23.533063
        ],
        "type": "Point"
      },
      "properties": {
        "cipher": "QWER",
        "has_phrases": false,
        "mode": "value_domain",
        "phrase_count": 0,
        "phrases": [],
        "projection": "webmercator_hash_v1",
        "projection_method": "webmercator_hash_v1",
        "value": 269
      },
      "type": "Feature"
    },
    {
      "geometry": {
        "coordinates": [
          -11.500102,
          27.97958
        ],
        "type": "Point"
      },
      "properties": {
        "cipher": "QWER",
        "has_phrases": false,
        "mode": "value_domain",
        "phrase_count": 0,
        "phrases": [],
        "projection": "webmercator_hash_v1",
        "projection_method": "webmercator_hash_v1",
        "value": 270
      },
      "type": "Feature"
    },
    {
      "geometry": {
        "coordinates": [
          8.55701,
          68.070482
        ],
        "type": "Point"
      },
      "properties": {
        "cipher": "QWER",
        "has_phrases": false,
        "mode": "value_domain",
        "phrase_count": 0,
        "phrases": [],
        "projection": "webmercator_hash_v1",
        "projection_method": "webmercator_hash_v1",
        "value": 271
      },
      "type": "Feature"
    },
    {
      "geometry": {
        "coordinates": [
          97.323112,
          60.737499
        ],
        "type": "Point"
      },
      "properties": {
        "cipher": "QWER",
        "has_phrases": false,
        "mode": "value_domain",
        "phrase_count": 0,
        "phrases": [],
        "projection": "webmercator_hash_v1",
        "projection_method": "webmercator_hash_v1",
        "value": 272
      },
      "type": "Feature"
    },
    {
      "geometry": {
        "coordinates": [
          -157.593429,
          17.729873
        ],
        "type": "Point"
      },
      "properties": {
        "cipher": "QWER",
        "has_phrases": false,
        "mode": "value_domain",
        "phrase_count": 0,
        "phrases": [],
        "projection": "webmercator_hash_v1",
        "projection_method": "webmercator_hash_v1",
        "value": 273
      },
      "type": "Feature"
    },
    {
      "geometry": {
        "coordinates": [
          58.77625,
          32.981705
        ],
        "type": "Point"
      },
      "properties": {
        "cipher": "QWER",
        "has_phrases": false,
        "mode": "value_domain",
        "phrase_count": 0,
        "phrases": [],
        "projection": "webmercator_hash_v1",
        "projection_method": "webmercator_hash_v1",
        "value": 274
      },
      "type": "Feature"
    },
    {
      "geometry": {
        "coordinates": [
          176.266247,
          -11.685444
        ],
        "type": "Point"
      },
      "properties": {
        "cipher": "QWER",
        "has_phrases": false,
        "mode": "value_domain",
        "phrase_count": 0,
        "phrases": [],
        "projection": "webmercator_hash_v1",
        "projection_method": "webmercator_hash_v1",
        "value": 275
      },
      "type": "Feature"
    },
    {
      "geometry": {
        "coordinates": [
          4.195181,
          -56.08849
        ],
        "type": "Point"
      },
      "properties": {
        "cipher": "QWER",
        "has_phrases": false,
        "mode": "value_domain",
        "phrase_count": 0,
        "phrases": [],
        "projection": "webmercator_hash_v1",
        "projection_method": "webmercator_hash_v1",
        "value": 276
      },
      "type": "Feature"
    },
    {
      "geometry": {
        "coordinates": [
          -96.789294,
          52.919321
        ],
        "type": "Point"
      },
      "properties": {
        "cipher": "QWER",
        "has_phrases": false,
        "mode": "value_domain",
        "phrase_count": 0,
        "phrases": [],
        "projection": "webmercator_hash_v1",
        "projection_method": "webmercator_hash_v1",
        "value": 277
      },
      "type": "Feature"
    },
    {
      "geometry": {
        "coordinates": [
          6.557555,
          18.502817
        ],
        "type": "Point"
      },
      "properties": {
        "cipher": "QWER",
        "has_phrases": false,
        "mode": "value_domain",
        "phrase_count": 0,
        "phrases": [],
        "projection": "webmercator_hash_v1",
        "projection_method": "webmercator_hash_v1",
        "value": 278
      },
      "type": "Feature"
    },
    {
      "geometry": {
        "coordinates": [
          115.206657,
          -14.109071
        ],
        "type": "Point"
      },
      "properties": {
        "cipher": "QWER",
        "has_phrases": false,
        "mode": "value_domain",
        "phrase_count": 0,
        "phrases": [],
        "projection": "webmercator_hash_v1",
        "projection_method": "webmercator_hash_v1",
        "value": 279
      },
      "type": "Feature"
    },
    {
      "geometry": {
        "coordinates": [
          -22.190968,
          -7.588221
        ],
        "type": "Point"
      },
      "properties": {
        "cipher": "QWER",
        "has_phrases": false,
        "mode": "value_domain",
        "phrase_count": 0,
        "phrases": [],
        "projection": "webmercator_hash_v1",
        "projection_method": "webmercator_hash_v1",
        "value": 280
      },
      "type": "Feature"
    },
    {
      "geometry": {
        "coordinates": [
          5.880791,
          -45.997166
        ],
        "type": "Point"
      },
      "properties": {
        "cipher": "QWER",
        "has_phrases": false,
        "mode": "value_domain",
        "phrase_count": 0,
        "phrases": [],
        "projection": "webmercator_hash_v1",
        "projection_method": "webmercator_hash_v1",
        "value": 281
      },
      "type": "Feature"
    },
    {
      "geometry": {
        "coordinates": [
          -10.676234,
          -45.983126
        ],
        "type": "Point"
      },
      "properties": {
        "cipher": "QWER",
        "has_phrases": false,
        "mode": "value_domain",
        "phrase_count": 0,
        "phrases": [],
        "projection": "webmercator_hash_v1",
        "projection_method": "webmercator_hash_v1",
        "value": 282
      },
      "type": "Feature"
    },
    {
      "geometry": {
        "coordinates": [
          -120.752562,
          -64.775323
        ],
        "type": "Point"
      },
      "properties": {
        "cipher": "QWER",
        "has_phrases": false,
        "mode": "value_domain",
        "phrase_count": 0,
        "phrases": [],
        "projection": "webmercator_hash_v1",
        "projection_method": "webmercator_hash_v1",
        "value": 283
      },
      "type": "Feature"
    },
    {
      "geometry": {
        "coordinates": [
          -152.684736,
          79.860738
        ],
        "type": "Point"
      },
      "properties": {
        "cipher": "QWER",
        "has_phrases": false,
        "mode": "value_domain",
        "phrase_count": 0,
        "phrases": [],
        "projection": "webmercator_hash_v1",
        "projection_method": "webmercator_hash_v1",
        "value": 284
      },
      "type": "Feature"
    },
    {
      "geometry": {
        "coordinates": [
          172.483103,
          5.938628
        ],
        "type": "Point"
      },
      "properties": {
        "cipher": "QWER",
        "has_phrases": false,
        "mode": "value_domain",
        "phrase_count": 0,
        "phrases": [],
        "projection": "webmercator_hash_v1",
        "projection_method": "webmercator_hash_v1",
        "value": 285
      },
      "type": "Feature"
    },
    {
      "geometry": {
        "coordinates": [
          148.124398,
          -75.796332
        ],
        "type": "Point"
      },
      "properties": {
        "cipher": "QWER",
        "has_phrases": false,
        "mode": "value_domain",
        "phrase_count": 0,
        "phrases": [],
        "projection": "webmercator_hash_v1",
        "projection_method": "webmercator_hash_v1",
        "value": 286
      },
      "type": "Feature"
    },
    {
      "geometry": {
        "coordinates": [
          -172.952453,
          -29.431122
        ],
        "type": "Point"
      },
      "properties": {
        "cipher": "QWER",
        "has_phrases": false,
        "mode": "value_domain",
        "phrase_count": 0,
        "phrases": [],
        "projection": "webmercator_hash_v1",
        "projection_method": "webmercator_hash_v1",
        "value": 287
      },
      "type": "Feature"
    },
    {
      "geometry": {
        "coordinates": [
          -56.566125,
          77.264233
        ],
        "type": "Point"
      },
      "properties": {
        "cipher": "QWER",
        "has_phrases": false,
        "mode": "value_domain",
        "phrase_count": 0,
        "phrases": [],
        "projection": "webmercator_hash_v1",
        "projection_method": "webmercator_hash_v1",
        "value": 288
      },
      "type": "Feature"
    },
    {
      "geometry": {
        "coordinates": [
          95.267154,
          67.038047
        ],
        "type": "Point"
      },
      "properties": {
        "cipher": "QWER",
        "has_phrases": false,
        "mode": "value_domain",
        "phrase_count": 0,
        "phrases": [],
        "projection": "webmercator_hash_v1",
        "projection_method": "webmercator_hash_v1",
        "value": 289
      },
      "type": "Feature"
    },
    {
      "geometry": {
        "coordinates": [
          -38.843283,
          -67.046277
        ],
        "type": "Point"
      },
      "properties": {
        "cipher": "QWER",
        "has_phrases": false,
        "mode": "value_domain",
        "phrase_count": 0,
        "phrases": [],
        "projection": "webmercator_hash_v1",
        "projection_method": "webmercator_hash_v1",
        "value": 290
      },
      "type": "Feature"
    },
    {
      "geometry": {
        "coordinates": [
          -11.453573,
          18.207701
        ],
        "type": "Point"
      },
      "properties": {
        "cipher": "QWER",
        "has_phrases": false,
        "mode": "value_domain",
        "phrase_count": 0,
        "phrases": [],
        "projection": "webmercator_hash_v1",
        "projection_method": "webmercator_hash_v1",
        "value": 291
      },
      "type": "Feature"
    },
    {
      "geometry": {
        "coordinates": [
          123.692471,
          -25.292764
        ],
        "type": "Point"
      },
      "properties": {
        "cipher": "QWER",
        "has_phrases": false,
        "mode": "value_domain",
        "phrase_count": 0,
        "phrases": [],
        "projection": "webmercator_hash_v1",
        "projection_method": "webmercator_hash_v1",
        "value": 292
      },
      "type": "Feature"
    },
    {
      "geometry": {
        "coordinates": [
          64.171937,
          78.179321
        ],
        "type": "Point"
      },
      "properties": {
        "cipher": "QWER",
        "has_phrases": false,
        "mode": "value_domain",
        "phrase_count": 0,
        "phrases": [],
        "projection": "webmercator_hash_v1",
        "projection_method": "webmercator_hash_v1",
        "value": 293
      },
      "type": "Feature"
    },
    {
      "geometry": {
        "coordinates": [
          3.667238,
          -73.588004
        ],
        "type": "Point"
      },
      "properties": {
        "cipher": "QWER",
        "has_phrases": false,
        "mode": "value_domain",
        "phrase_count": 0,
        "phrases": [],
        "projection": "webmercator_hash_v1",
        "projection_method": "webmercator_hash_v1",
        "value": 294
      },
      "type": "Feature"
    },
    {
      "geometry": {
        "coordinates": [
          -165.419968,
          66.295765
        ],
        "type": "Point"
      },
      "properties": {
        "cipher": "QWER",
        "has_phrases": false,
        "mode": "value_domain",
        "phrase_count": 0,
        "phrases": [],
        "projection": "webmercator_hash_v1",
        "projection_method": "webmercator_hash_v1",
        "value": 295
      },
      "type": "Feature"
    },
    {
      "geometry": {
        "coordinates": [
          -26.30708,
          -8.814294
        ],
        "type": "Point"
      },
      "properties": {
        "cipher": "QWER",
        "has_phrases": false,
        "mode": "value_domain",
        "phrase_count": 0,
        "phrases": [],
        "projection": "webmercator_hash_v1",
        "projection_method": "webmercator_hash_v1",
        "value": 296
      },
      "type": "Feature"
    },
    {
      "geometry": {
        "coordinates": [
          -11.191055,
          -46.950893
        ],
        "type": "Point"
      },
      "properties": {
        "cipher": "QWER",
        "has_phrases": false,
        "mode": "value_domain",
        "phrase_count": 0,
        "phrases": [],
        "projection": "webmercator_hash_v1",
        "projection_method": "webmercator_hash_v1",
        "value": 297
      },
      "type": "Feature"
    },
    {
      "geometry": {
        "coordinates": [
          124.213254,
          -58.331449
        ],
        "type": "Point"
      },
      "properties": {
        "cipher": "QWER",
        "has_phrases": false,
        "mode": "value_domain",
        "phrase_count": 0,
        "phrases": [],
        "projection": "webmercator_hash_v1",
        "projection_method": "webmercator_hash_v1",
        "value": 298
      },
      "type": "Feature"
    },
    {
      "geometry": {
        "coordinates": [
          -144.476117,
          63.981628
        ],
        "type": "Point"
      },
      "properties": {
        "cipher": "QWER",
        "has_phrases": false,
        "mode": "value_domain",
        "phrase_count": 0,
        "phrases": [],
        "projection": "webmercator_hash_v1",
        "projection_method": "webmercator_hash_v1",
        "value": 299
      },
      "type": "Feature"
    },
    {
      "geometry": {
        "coordinates": [
          -145.445994,
          -82.291531
        ],
        "type": "Point"
      },
      "properties": {
        "cipher": "QWER",
        "has_phrases": false,
        "mode": "value_domain",
        "phrase_count": 0,
        "phrases": [],
        "projection": "webmercator_hash_v1",
        "projection_method": "webmercator_hash_v1",
        "value": 300
      },
      "type": "Feature"
    },
    {
      "geometry": {
        "coordinates": [
          146.739841,
          42.166073
        ],
        "type": "Point"
      },
      "properties": {
        "cipher": "QWER",
        "has_phrases": false,
        "mode": "value_domain",
        "phrase_count": 0,
        "phrases": [],
        "projection": "webmercator_hash_v1",
        "projection_method": "webmercator_hash_v1",
        "value": 301
      },
      "type": "Feature"
    },
    {
      "geometry": {
        "coordinates": [
          112.791202,
          -65.393602
        ],
        "type": "Point"
      },
      "properties": {
        "cipher": "QWER",
        "has_phrases": false,
        "mode": "value_domain",
        "phrase_count": 0,
        "phrases": [],
        "projection": "webmercator_hash_v1",
        "projection_method": "webmercator_hash_v1",
        "value": 302
      },
      "type": "Feature"
    },
    {
      "geometry": {
        "coordinates": [
          -176.342828,
          -18.939918
        ],
        "type": "Point"
      },
      "properties": {
        "cipher": "QWER",
        "has_phrases": false,
        "mode": "value_domain",
        "phrase_count": 0,
        "phrases": [],
        "projection": "webmercator_hash_v1",
        "projection_method": "webmercator_hash_v1",
        "value": 303
      },
      "type": "Feature"
    },
    {
      "geometry": {
        "coordinates": [
          155.504972,
          80.149342
        ],
        "type": "Point"
      },
      "properties": {
        "cipher": "QWER",
        "has_phrases": false,
        "mode": "value_domain",
        "phrase_count": 0,
        "phrases": [],
        "projection": "webmercator_hash_v1",
        "projection_method": "webmercator_hash_v1",
        "value": 304
      },
      "type": "Feature"
    },
    {
      "geometry": {
        "coordinates": [
          156.967471,
          47.125437
        ],
        "type": "Point"
      },
      "properties": {
        "cipher": "QWER",
        "has_phrases": false,
        "mode": "value_domain",
        "phrase_count": 0,
        "phrases": [],
        "projection": "webmercator_hash_v1",
        "projection_method": "webmercator_hash_v1",
        "value": 305
      },
      "type": "Feature"
    },
    {
      "geometry": {
        "coordinates": [
          124.187263,
          35.899068
        ],
        "type": "Point"
      },
      "properties": {
        "cipher": "QWER",
        "has_phrases": false,
        "mode": "value_domain",
        "phrase_count": 0,
        "phrases": [],
        "projection": "webmercator_hash_v1",
        "projection_method": "webmercator_hash_v1",
        "value": 306
      },
      "type": "Feature"
    },
    {
      "geometry": {
        "coordinates": [
          34.427214,
          -68.72407
        ],
        "type": "Point"
      },
      "properties": {
        "cipher": "QWER",
        "has_phrases": false,
        "mode": "value_domain",
        "phrase_count": 0,
        "phrases": [],
        "projection": "webmercator_hash_v1",
        "projection_method": "webmercator_hash_v1",
        "value": 307
      },
      "type": "Feature"
    },
    {
      "geometry": {
        "coordinates": [
          -161.17713,
          28.666276
        ],
        "type": "Point"
      },
      "properties": {
        "cipher": "QWER",
        "has_phrases": false,
        "mode": "value_domain",
        "phrase_count": 0,
        "phrases": [],
        "projection": "webmercator_hash_v1",
        "projection_method": "webmercator_hash_v1",
        "value": 308
      },
      "type": "Feature"
    },
    {
      "geometry": {
        "coordinates": [
          96.846859,
          -42.249792
        ],
        "type": "Point"
      },
      "properties": {
        "cipher": "QWER",
        "has_phrases": false,
        "mode": "value_domain",
        "phrase_count": 0,
        "phrases": [],
        "projection": "webmercator_hash_v1",
        "projection_method": "webmercator_hash_v1",
        "value": 309
      },
      "type": "Feature"
    },
    {
      "geometry": {
        "coordinates": [
          -3.420393,
          48.958579
        ],
        "type": "Point"
      },
      "properties": {
        "cipher": "QWER",
        "has_phrases": false,
        "mode": "value_domain",
        "phrase_count": 0,
        "phrases": [],
        "projection": "webmercator_hash_v1",
        "projection_method": "webmercator_hash_v1",
        "value": 310
      },
      "type": "Feature"
    },
    {
      "geometry": {
        "coordinates": [
          62.531319,
          -23.518434
        ],
        "type": "Point"
      },
      "properties": {
        "cipher": "QWER",
        "has_phrases": false,
        "mode": "value_domain",
        "phrase_count": 0,
        "phrases": [],
        "projection": "webmercator_hash_v1",
        "projection_method": "webmercator_hash_v1",
        "value": 311
      },
      "type": "Feature"
    },
    {
      "geometry": {
        "coordinates": [
          40.747962,
          -48.660077
        ],
        "type": "Point"
      },
      "properties": {
        "cipher": "QWER",
        "has_phrases": false,
        "mode": "value_domain",
        "phrase_count": 0,
        "phrases": [],
        "projection": "webmercator_hash_v1",
        "projection_method": "webmercator_hash_v1",
        "value": 312
      },
      "type": "Feature"
    },
    {
      "geometry": {
        "coordinates": [
          149.506156,
          -77.554787
        ],
        "type": "Point"
      },
      "properties": {
        "cipher": "QWER",
        "has_phrases": false,
        "mode": "value_domain",
        "phrase_count": 0,
        "phrases": [],
        "projection": "webmercator_hash_v1",
        "projection_method": "webmercator_hash_v1",
        "value": 313
      },
      "type": "Feature"
    },
    {
      "geometry": {
        "coordinates": [
          -17.673753,
          34.047108
        ],
        "type": "Point"
      },
      "properties": {
        "cipher": "QWER",
        "has_phrases": false,
        "mode": "value_domain",
        "phrase_count": 0,
        "phrases": [],
        "projection": "webmercator_hash_v1",
        "projection_method": "webmercator_hash_v1",
        "value": 314
      },
      "type": "Feature"
    },
    {
      "geometry": {
        "coordinates": [
          -48.981835,
          -73.568766
        ],
        "type": "Point"
      },
      "properties": {
        "cipher": "QWER",
        "has_phrases": false,
        "mode": "value_domain",
        "phrase_count": 0,
        "phrases": [],
        "projection": "webmercator_hash_v1",
        "projection_method": "webmercator_hash_v1",
        "value": 315
      },
      "type": "Feature"
    },
    {
      "geometry": {
        "coordinates": [
          -53.541132,
          -2.572085
        ],
        "type": "Point"
      },
      "properties": {
        "cipher": "QWER",
        "has_phrases": false,
        "mode": "value_domain",
        "phrase_count": 0,
        "phrases": [],
        "projection": "webmercator_hash_v1",
        "projection_method": "webmercator_hash_v1",
        "value": 316
      },
      "type": "Feature"
    },
    {
      "geometry": {
        "coordinates": [
          -163.776225,
          -48.498963
        ],
        "type": "Point"
      },
      "properties": {
        "cipher": "QWER",
        "has_phrases": false,
        "mode": "value_domain",
        "phrase_count": 0,
        "phrases": [],
        "projection": "webmercator_hash_v1",
        "projection_method": "webmercator_hash_v1",
        "value": 317
      },
      "type": "Feature"
    },
    {
      "geometry": {
        "coordinates": [
          -172.331487,
          44.063951
        ],
        "type": "Point"
      },
      "properties": {
        "cipher": "QWER",
        "has_phrases": false,
        "mode": "value_domain",
        "phrase_count": 0,
        "phrases": [],
        "projection": "webmercator_hash_v1",
        "projection_method": "webmercator_hash_v1",
        "value": 318
      },
      "type": "Feature"
    },
    {
      "geometry": {
        "coordinates": [
          50.908127,
          -55.76769
        ],
        "type": "Point"
      },
      "properties": {
        "cipher": "QWER",
        "has_phrases": false,
        "mode": "value_domain",
        "phrase_count": 0,
        "phrases": [],
        "projection": "webmercator_hash_v1",
        "projection_method": "webmercator_hash_v1",
        "value": 319
      },
      "type": "Feature"
    },
    {
      "geometry": {
        "coordinates": [
          -49.335285,
          -74.648447
        ],
        "type": "Point"
      },
      "properties": {
        "cipher": "QWER",
        "has_phrases": false,
        "mode": "value_domain",
        "phrase_count": 0,
        "phrases": [],
        "projection": "webmercator_hash_v1",
        "projection_method": "webmercator_hash_v1",
        "value": 320
      },
      "type": "Feature"
    },
    {
      "geometry": {
        "coordinates": [
          89.649984,
          37.846971
        ],
        "type": "Point"
      },
      "properties": {
        "cipher": "QWER",
        "has_phrases": false,
        "mode": "value_domain",
        "phrase_count": 0,
        "phrases": [],
        "projection": "webmercator_hash_v1",
        "projection_method": "webmercator_hash_v1",
        "value": 321
      },
      "type": "Feature"
    },
    {
      "geometry": {
        "coordinates": [
          -127.262376,
          -14.754742
        ],
        "type": "Point"
      },
      "properties": {
        "cipher": "QWER",
        "has_phrases": false,
        "mode": "value_domain",
        "phrase_count": 0,
        "phrases": [],
        "projection": "webmercator_hash_v1",
        "projection_method": "webmercator_hash_v1",
        "value": 322
      },
      "type": "Feature"
    },
    {
      "geometry": {
        "coordinates": [
          -20.130316,
          68.96481
        ],
        "type": "Point"
      },
      "properties": {
        "cipher": "QWER",
        "has_phrases": false,
        "mode": "value_domain",
        "phrase_count": 0,
        "phrases": [],
        "projection": "webmercator_hash_v1",
        "projection_method": "webmercator_hash_v1",
        "value": 323
      },
      "type": "Feature"
    },
    {
      "geometry": {
        "coordinates": [
          87.137511,
          -23.252844
        ],
        "type": "Point"
      },
      "properties": {
        "cipher": "QWER",
        "has_phrases": false,
        "mode": "value_domain",
        "phrase_count": 0,
        "phrases": [],
        "projection": "webmercator_hash_v1",
        "projection_method": "webmercator_hash_v1",
        "value": 324
      },
      "type": "Feature"
    },
    {
      "geometry": {
        "coordinates": [
          -39.861439,
          -10.297618
        ],
        "type": "Point"
      },
      "properties": {
        "cipher": "QWER",
        "has_phrases": false,
        "mode": "value_domain",
        "phrase_count": 0,
        "phrases": [],
        "projection": "webmercator_hash_v1",
        "projection_method": "webmercator_hash_v1",
        "value": 325
      },
      "type": "Feature"
    },
    {
      "geometry": {
        "coordinates": [
          -95.078903,
          20.387721
        ],
        "type": "Point"
      },
      "properties": {
        "cipher": "QWER",
        "has_phrases": false,
        "mode": "value_domain",
        "phrase_count": 0,
        "phrases": [],
        "projection": "webmercator_hash_v1",
        "projection_method": "webmercator_hash_v1",
        "value": 326
      },
      "type": "Feature"
    },
    {
      "geometry": {
        "coordinates": [
          -107.510794,
          14.65368
        ],
        "type": "Point"
      },
      "properties": {
        "cipher": "QWER",
        "has_phrases": false,
        "mode": "value_domain",
        "phrase_count": 0,
        "phrases": [],
        "projection": "webmercator_hash_v1",
        "projection_method": "webmercator_hash_v1",
        "value": 327
      },
      "type": "Feature"
    },
    {
      "geometry": {
        "coordinates": [
          92.978669,
          -77.477335
        ],
        "type": "Point"
      },
      "properties": {
        "cipher": "QWER",
        "has_phrases": false,
        "mode": "value_domain",
        "phrase_count": 0,
        "phrases": [],
        "projection": "webmercator_hash_v1",
        "projection_method": "webmercator_hash_v1",
        "value": 328
      },
      "type": "Feature"
    },
    {
      "geometry": {
        "coordinates": [
          -57.878801,
          20.369903
        ],
        "type": "Point"
      },
      "properties": {
        "cipher": "QWER",
        "has_phrases": false,
        "mode": "value_domain",
        "phrase_count": 0,
        "phrases": [],
        "projection": "webmercator_hash_v1",
        "projection_method": "webmercator_hash_v1",
        "value": 329
      },
      "type": "Feature"
    },
    {
      "geometry": {
        "coordinates": [
          146.031696,
          71.670758
        ],
        "type": "Point"
      },
      "properties": {
        "cipher": "QWER",
        "has_phrases": false,
        "mode": "value_domain",
        "phrase_count": 0,
        "phrases": [],
        "projection": "webmercator_hash_v1",
        "projection_method": "webmercator_hash_v1",
        "value": 330
      },
      "type": "Feature"
    },
    {
      "geometry": {
        "coordinates": [
          -68.46462,
          20.683827
        ],
        "type": "Point"
      },
      "properties": {
        "cipher": "QWER",
        "has_phrases": false,
        "mode": "value_domain",
        "phrase_count": 0,
        "phrases": [],
        "projection": "webmercator_hash_v1",
        "projection_method": "webmercator_hash_v1",
        "value": 331
      },
      "type": "Feature"
    },
    {
      "geometry": {
        "coordinates": [
          -53.114505,
          59.275322
        ],
        "type": "Point"
      },
      "properties": {
        "cipher": "QWER",
        "has_phrases": false,
        "mode": "value_domain",
        "phrase_count": 0,
        "phrases": [],
        "projection": "webmercator_hash_v1",
        "projection_method": "webmercator_hash_v1",
        "value": 332
      },
      "type": "Feature"
    },
    {
      "geometry": {
        "coordinates": [
          89.199304,
          52.895671
        ],
        "type": "Point"
      },
      "properties": {
        "cipher": "QWER",
        "has_phrases": false,
        "mode": "value_domain",
        "phrase_count": 0,
        "phrases": [],
        "projection": "webmercator_hash_v1",
        "projection_method": "webmercator_hash_v1",
        "value": 333
      },
      "type": "Feature"
    },
    {
      "geometry": {
        "coordinates": [
          11.066339,
          -42.921293
        ],
        "type": "Point"
      },
      "properties": {
        "cipher": "QWER",
        "has_phrases": false,
        "mode": "value_domain",
        "phrase_count": 0,
        "phrases": [],
        "projection": "webmercator_hash_v1",
        "projection_method": "webmercator_hash_v1",
        "value": 334
      },
      "type": "Feature"
    },
    {
      "geometry": {
        "coordinates": [
          -113.142479,
          21.298429
        ],
        "type": "Point"
      },
      "properties": {
        "cipher": "QWER",
        "has_phrases": false,
        "mode": "value_domain",
        "phrase_count": 0,
        "phrases": [],
        "projection": "webmercator_hash_v1",
        "projection_method": "webmercator_hash_v1",
        "value": 335
      },
      "type": "Feature"
    },
    {
      "geometry": {
        "coordinates": [
          162.834827,
          19.885198
        ],
        "type": "Point"
      },
      "properties": {
        "cipher": "QWER",
        "has_phrases": false,
        "mode": "value_domain",
        "phrase_count": 0,
        "phrases": [],
        "projection": "webmercator_hash_v1",
        "projection_method": "webmercator_hash_v1",
        "value": 336
      },
      "type": "Feature"
    },
    {
      "geometry": {
        "coordinates": [
          29.955894,
          -8.224748
        ],
        "type": "Point"
      },
      "properties": {
        "cipher": "QWER",
        "has_phrases": false,
        "mode": "value_domain",
        "phrase_count": 0,
        "phrases": [],
        "projection": "webmercator_hash_v1",
        "projection_method": "webmercator_hash_v1",
        "value": 337
      },
      "type": "Feature"
    },
    {
      "geometry": {
        "coordinates": [
          -129.645645,
          12.826987
        ],
        "type": "Point"
      },
      "properties": {
        "cipher": "QWER",
        "has_phrases": false,
        "mode": "value_domain",
        "phrase_count": 0,
        "phrases": [],
        "projection": "webmercator_hash_v1",
        "projection_method": "webmercator_hash_v1",
        "value": 338
      },
      "type": "Feature"
    },
    {
      "geometry": {
        "coordinates": [
          -131.871851,
          46.422763
        ],
        "type": "Point"
      },
      "properties": {
        "cipher": "QWER",
        "has_phrases": false,
        "mode": "value_domain",
        "phrase_count": 0,
        "phrases": [],
        "projection": "webmercator_hash_v1",
        "projection_method": "webmercator_hash_v1",
        "value": 339
      },
      "type": "Feature"
    },
    {
      "geometry": {
        "coordinates": [
          131.72837,
          -56.837717
        ],
        "type": "Point"
      },
      "properties": {
        "cipher": "QWER",
        "has_phrases": false,
        "mode": "value_domain",
        "phrase_count": 0,
        "phrases": [],
        "projection": "webmercator_hash_v1",
        "projection_method": "webmercator_hash_v1",
        "value": 340
      },
      "type": "Feature"
    },
    {
      "geometry": {
        "coordinates": [
          -85.407891,
          47.423557
        ],
        "type": "Point"
      },
      "properties": {
        "cipher": "QWER",
        "has_phrases": false,
        "mode": "value_domain",
        "phrase_count": 0,
        "phrases": [],
        "projection": "webmercator_hash_v1",
        "projection_method": "webmercator_hash_v1",
        "value": 341
      },
      "type": "Feature"
    },
    {
      "geometry": {
        "coordinates": [
          -55.727539,
          -5.750148
        ],
        "type": "Point"
      },
      "properties": {
        "cipher": "QWER",
        "has_phrases": false,
        "mode": "value_domain",
        "phrase_count": 0,
        "phrases": [],
        "projection": "webmercator_hash_v1",
        "projection_method": "webmercator_hash_v1",
        "value": 342
      },
      "type": "Feature"
    },
    {
      "geometry": {
        "coordinates": [
          92.515337,
          -46.053937
        ],
        "type": "Point"
      },
      "properties": {
        "cipher": "QWER",
        "has_phrases": false,
        "mode": "value_domain",
        "phrase_count": 0,
        "phrases": [],
        "projection": "webmercator_hash_v1",
        "projection_method": "webmercator_hash_v1",
        "value": 343
      },
      "type": "Feature"
    },
    {
      "geometry": {
        "coordinates": [
          140.389397,
          -51.271494
        ],
        "type": "Point"
      },
      "properties": {
        "cipher": "QWER",
        "has_phrases": false,
        "mode": "value_domain",
        "phrase_count": 0,
        "phrases": [],
        "projection": "webmercator_hash_v1",
        "projection_method": "webmercator_hash_v1",
        "value": 344
      },
      "type": "Feature"
    },
    {
      "geometry": {
        "coordinates": [
          163.785666,
          -52.83553
        ],
        "type": "Point"
      },
      "properties": {
        "cipher": "QWER",
        "has_phrases": false,
        "mode": "value_domain",
        "phrase_count": 0,
        "phrases": [],
        "projection": "webmercator_hash_v1",
        "projection_method": "webmercator_hash_v1",
        "value": 345
      },
      "type": "Feature"
    },
    {
      "geometry": {
        "coordinates": [
          -155.685312,
          18.166603
        ],
        "type": "Point"
      },
      "properties": {
        "cipher": "QWER",
        "has_phrases": false,
        "mode": "value_domain",
        "phrase_count": 0,
        "phrases": [],
        "projection": "webmercator_hash_v1",
        "projection_method": "webmercator_hash_v1",
        "value": 346
      },
      "type": "Feature"
    },
    {
      "geometry": {
        "coordinates": [
          19.369373,
          80.197788
        ],
        "type": "Point"
      },
      "properties": {
        "cipher": "QWER",
        "has_phrases": false,
        "mode": "value_domain",
        "phrase_count": 0,
        "phrases": [],
        "projection": "webmercator_hash_v1",
        "projection_method": "webmercator_hash_v1",
        "value": 347
      },
      "type": "Feature"
    },
    {
      "geometry": {
        "coordinates": [
          13.419577,
          31.963227
        ],
        "type": "Point"
      },
      "properties": {
        "cipher": "QWER",
        "has_phrases": false,
        "mode": "value_domain",
        "phrase_count": 0,
        "phrases": [],
        "projection": "webmercator_hash_v1",
        "projection_method": "webmercator_hash_v1",
        "value": 348
      },
      "type": "Feature"
    },
    {
      "geometry": {
        "coordinates": [
          11.280211,
          -31.469632
        ],
        "type": "Point"
      },
      "properties": {
        "cipher": "QWER",
        "has_phrases": false,
        "mode": "value_domain",
        "phrase_count": 0,
        "phrases": [],
        "projection": "webmercator_hash_v1",
        "projection_method": "webmercator_hash_v1",
        "value": 349
      },
      "type": "Feature"
    },
    {
      "geometry": {
        "coordinates": [
          172.198493,
          -38.641846
        ],
        "type": "Point"
      },
      "properties": {
        "cipher": "QWER",
        "has_phrases": false,
        "mode": "value_domain",
        "phrase_count": 0,
        "phrases": [],
        "projection": "webmercator_hash_v1",
        "projection_method": "webmercator_hash_v1",
        "value": 350
      },
      "type": "Feature"
    },
    {
      "geometry": {
        "coordinates": [
          113.369762,
          -72.851089
        ],
        "type": "Point"
      },
      "properties": {
        "cipher": "QWER",
        "has_phrases": false,
        "mode": "value_domain",
        "phrase_count": 0,
        "phrases": [],
        "projection": "webmercator_hash_v1",
        "projection_method": "webmercator_hash_v1",
        "value": 351
      },
      "type": "Feature"
    },
    {
      "geometry": {
        "coordinates": [
          -157.099123,
          -5.484821
        ],
        "type": "Point"
      },
      "properties": {
        "cipher": "QWER",
        "has_phrases": false,
        "mode": "value_domain",
        "phrase_count": 0,
        "phrases": [],
        "projection": "webmercator_hash_v1",
        "projection_method": "webmercator_hash_v1",
        "value": 352
      },
      "type": "Feature"
    },
    {
      "geometry": {
        "coordinates": [
          -35.048184,
          36.402603
        ],
        "type": "Point"
      },
      "properties": {
        "cipher": "QWER",
        "has_phrases": false,
        "mode": "value_domain",
        "phrase_count": 0,
        "phrases": [],
        "projection": "webmercator_hash_v1",
        "projection_method": "webmercator_hash_v1",
        "value": 353
      },
      "type": "Feature"
    },
    {
      "geometry": {
        "coordinates": [
          105.117836,
          -73.522443
        ],
        "type": "Point"
      },
      "properties": {
        "cipher": "QWER",
        "has_phrases": false,
        "mode": "value_domain",
        "phrase_count": 0,
        "phrases": [],
        "projection": "webmercator_hash_v1",
        "projection_method": "webmercator_hash_v1",
        "value": 354
      },
      "type": "Feature"
    },
    {
      "geometry": {
        "coordinates": [
          59.942225,
          -44.104327
        ],
        "type": "Point"
      },
      "properties": {
        "cipher": "QWER",
        "has_phrases": false,
        "mode": "value_domain",
        "phrase_count": 0,
        "phrases": [],
        "projection": "webmercator_hash_v1",
        "projection_method": "webmercator_hash_v1",
        "value": 355
      },
      "type": "Feature"
    },
    {
      "geometry": {
        "coordinates": [
          13.633241,
          -9.322225
        ],
        "type": "Point"
      },
      "properties": {
        "cipher": "QWER",
        "has_phrases": false,
        "mode": "value_domain",
        "phrase_count": 0,
        "phrases": [],
        "projection": "webmercator_hash_v1",
        "projection_method": "webmercator_hash_v1",
        "value": 356
      },
      "type": "Feature"
    },
    {
      "geometry": {
        "coordinates": [
          -19.737296,
          41.733066
        ],
        "type": "Point"
      },
      "properties": {
        "cipher": "QWER",
        "has_phrases": false,
        "mode": "value_domain",
        "phrase_count": 0,
        "phrases": [],
        "projection": "webmercator_hash_v1",
        "projection_method": "webmercator_hash_v1",
        "value": 357
      },
      "type": "Feature"
    },
    {
      "geometry": {
        "coordinates": [
          -149.783135,
          53.986345
        ],
        "type": "Point"
      },
      "properties": {
        "cipher": "QWER",
        "has_phrases": false,
        "mode": "value_domain",
        "phrase_count": 0,
        "phrases": [],
        "projection": "webmercator_hash_v1",
        "projection_method": "webmercator_hash_v1",
        "value": 358
      },
      "type": "Feature"
    },
    {
      "geometry": {
        "coordinates": [
          -136.046241,
          54.646462
        ],
        "type": "Point"
      },
      "properties": {
        "cipher": "QWER",
        "has_phrases": false,
        "mode": "value_domain",
        "phrase_count": 0,
        "phrases": [],
        "projection": "webmercator_hash_v1",
        "projection_method": "webmercator_hash_v1",
        "value": 359
      },
      "type": "Feature"
    },
    {
      "geometry": {
        "coordinates": [
          -56.788327,
          77.635873
        ],
        "type": "Point"
      },
      "properties": {
        "cipher": "QWER",
        "has_phrases": false,
        "mode": "value_domain",
        "phrase_count": 0,
        "phrases": [],
        "projection": "webmercator_hash_v1",
        "projection_method": "webmercator_hash_v1",
        "value": 360
      },
      "type": "Feature"
    },
    {
      "geometry": {
        "coordinates": [
          -81.659676,
          -28.172639
        ],
        "type": "Point"
      },
      "properties": {
        "cipher": "QWER",
        "has_phrases": false,
        "mode": "value_domain",
        "phrase_count": 0,
        "phrases": [],
        "projection": "webmercator_hash_v1",
        "projection_method": "webmercator_hash_v1",
        "value": 361
      },
      "type": "Feature"
    },
    {
      "geometry": {
        "coordinates": [
          -88.435878,
          0.477927
        ],
        "type": "Point"
      },
      "properties": {
        "cipher": "QWER",
        "has_phrases": false,
        "mode": "value_domain",
        "phrase_count": 0,
        "phrases": [],
        "projection": "webmercator_hash_v1",
        "projection_method": "webmercator_hash_v1",
        "value": 362
      },
      "type": "Feature"
    },
    {
      "geometry": {
        "coordinates": [
          -34.166369,
          73.566208
        ],
        "type": "Point"
      },
      "properties": {
        "cipher": "QWER",
        "has_phrases": false,
        "mode": "value_domain",
        "phrase_count": 0,
        "phrases": [],
        "projection": "webmercator_hash_v1",
        "projection_method": "webmercator_hash_v1",
        "value": 363
      },
      "type": "Feature"
    },
    {
      "geometry": {
        "coordinates": [
          -166.197087,
          41.919818
        ],
        "type": "Point"
      },
      "properties": {
        "cipher": "QWER",
        "has_phrases": false,
        "mode": "value_domain",
        "phrase_count": 0,
        "phrases": [],
        "projection": "webmercator_hash_v1",
        "projection_method": "webmercator_hash_v1",
        "value": 364
      },
      "type": "Feature"
    },
    {
      "geometry": {
        "coordinates": [
          -31.589549,
          4.303676
        ],
        "type": "Point"
      },
      "properties": {
        "cipher": "QWER",
        "has_phrases": false,
        "mode": "value_domain",
        "phrase_count": 0,
        "phrases": [],
        "projection": "webmercator_hash_v1",
        "projection_method": "webmercator_hash_v1",
        "value": 365
      },
      "type": "Feature"
    },
    {
      "geometry": {
        "coordinates": [
          162.496005,
          78.990261
        ],
        "type": "Point"
      },
      "properties": {
        "cipher": "QWER",
        "has_phrases": false,
        "mode": "value_domain",
        "phrase_count": 0,
        "phrases": [],
        "projection": "webmercator_hash_v1",
        "projection_method": "webmercator_hash_v1",
        "value": 366
      },
      "type": "Feature"
    },
    {
      "geometry": {
        "coordinates": [
          50.890099,
          38.104264
        ],
        "type": "Point"
      },
      "properties": {
        "cipher": "QWER",
        "has_phrases": false,
        "mode": "value_domain",
        "phrase_count": 0,
        "phrases": [],
        "projection": "webmercator_hash_v1",
        "projection_method": "webmercator_hash_v1",
        "value": 367
      },
      "type": "Feature"
    },
    {
      "geometry": {
        "coordinates": [
          51.075615,
          54.826113
        ],
        "type": "Point"
      },
      "properties": {
        "cipher": "QWER",
        "has_phrases": false,
        "mode": "value_domain",
        "phrase_count": 0,
        "phrases": [],
        "projection": "webmercator_hash_v1",
        "projection_method": "webmercator_hash_v1",
        "value": 368
      },
      "type": "Feature"
    },
    {
      "geometry": {
        "coordinates": [
          -131.696451,
          -58.698857
        ],
        "type": "Point"
      },
      "properties": {
        "cipher": "QWER",
        "has_phrases": false,
        "mode": "value_domain",
        "phrase_count": 0,
        "phrases": [],
        "projection": "webmercator_hash_v1",
        "projection_method": "webmercator_hash_v1",
        "value": 369
      },
      "type": "Feature"
    },
    {
      "geometry": {
        "coordinates": [
          63.858362,
          -35.536309
        ],
        "type": "Point"
      },
      "properties": {
        "cipher": "QWER",
        "has_phrases": false,
        "mode": "value_domain",
        "phrase_count": 0,
        "phrases": [],
        "projection": "webmercator_hash_v1",
        "projection_method": "webmercator_hash_v1",
        "value": 370
      },
      "type": "Feature"
    },
    {
      "geometry": {
        "coordinates": [
          -72.437589,
          -18.455188
        ],
        "type": "Point"
      },
      "properties": {
        "cipher": "QWER",
        "has_phrases": false,
        "mode": "value_domain",
        "phrase_count": 0,
        "phrases": [],
        "projection": "webmercator_hash_v1",
        "projection_method": "webmercator_hash_v1",
        "value": 371
      },
      "type": "Feature"
    },
    {
      "geometry": {
        "coordinates": [
          41.734061,
          -35.174069
        ],
        "type": "Point"
      },
      "properties": {
        "cipher": "QWER",
        "has_phrases": false,
        "mode": "value_domain",
        "phrase_count": 0,
        "phrases": [],
        "projection": "webmercator_hash_v1",
        "projection_method": "webmercator_hash_v1",
        "value": 372
      },
      "type": "Feature"
    },
    {
      "geometry": {
        "coordinates": [
          -62.315396,
          3.388328
        ],
        "type": "Point"
      },
      "properties": {
        "cipher": "QWER",
        "has_phrases": false,
        "mode": "value_domain",
        "phrase_count": 0,
        "phrases": [],
        "projection": "webmercator_hash_v1",
        "projection_method": "webmercator_hash_v1",
        "value": 373
      },
      "type": "Feature"
    },
    {
      "geometry": {
        "coordinates": [
          -173.939362,
          25.26572
        ],
        "type": "Point"
      },
      "properties": {
        "cipher": "QWER",
        "has_phrases": false,
        "mode": "value_domain",
        "phrase_count": 0,
        "phrases": [],
        "projection": "webmercator_hash_v1",
        "projection_method": "webmercator_hash_v1",
        "value": 374
      },
      "type": "Feature"
    },
    {
      "geometry": {
        "coordinates": [
          145.847302,
          -69.698696
        ],
        "type": "Point"
      },
      "properties": {
        "cipher": "QWER",
        "has_phrases": false,
        "mode": "value_domain",
        "phrase_count": 0,
        "phrases": [],
        "projection": "webmercator_hash_v1",
        "projection_method": "webmercator_hash_v1",
        "value": 375
      },
      "type": "Feature"
    },
    {
      "geometry": {
        "coordinates": [
          54.304315,
          -28.241231
        ],
        "type": "Point"
      },
      "properties": {
        "cipher": "QWER",
        "has_phrases": false,
        "mode": "value_domain",
        "phrase_count": 0,
        "phrases": [],
        "projection": "webmercator_hash_v1",
        "projection_method": "webmercator_hash_v1",
        "value": 376
      },
      "type": "Feature"
    },
    {
      "geometry": {
        "coordinates": [
          -59.966885,
          77.544228
        ],
        "type": "Point"
      },
      "properties": {
        "cipher": "QWER",
        "has_phrases": false,
        "mode": "value_domain",
        "phrase_count": 0,
        "phrases": [],
        "projection": "webmercator_hash_v1",
        "projection_method": "webmercator_hash_v1",
        "value": 377
      },
      "type": "Feature"
    },
    {
      "geometry": {
        "coordinates": [
          93.316821,
          24.120853
        ],
        "type": "Point"
      },
      "properties": {
        "cipher": "QWER",
        "has_phrases": false,
        "mode": "value_domain",
        "phrase_count": 0,
        "phrases": [],
        "projection": "webmercator_hash_v1",
        "projection_method": "webmercator_hash_v1",
        "value": 378
      },
      "type": "Feature"
    },
    {
      "geometry": {
        "coordinates": [
          150.153408,
          -56.712883
        ],
        "type": "Point"
      },
      "properties": {
        "cipher": "QWER",
        "has_phrases": false,
        "mode": "value_domain",
        "phrase_count": 0,
        "phrases": [],
        "projection": "webmercator_hash_v1",
        "projection_method": "webmercator_hash_v1",
        "value": 379
      },
      "type": "Feature"
    },
    {
      "geometry": {
        "coordinates": [
          -125.958012,
          68.717158
        ],
        "type": "Point"
      },
      "properties": {
        "cipher": "QWER",
        "has_phrases": false,
        "mode": "value_domain",
        "phrase_count": 0,
        "phrases": [],
        "projection": "webmercator_hash_v1",
        "projection_method": "webmercator_hash_v1",
        "value": 380
      },
      "type": "Feature"
    },
    {
      "geometry": {
        "coordinates": [
          -151.494271,
          -28.146863
        ],
        "type": "Point"
      },
      "properties": {
        "cipher": "QWER",
        "has_phrases": false,
        "mode": "value_domain",
        "phrase_count": 0,
        "phrases": [],
        "projection": "webmercator_hash_v1",
        "projection_method": "webmercator_hash_v1",
        "value": 381
      },
      "type": "Feature"
    },
    {
      "geometry": {
        "coordinates": [
          43.901113,
          81.594101
        ],
        "type": "Point"
      },
      "properties": {
        "cipher": "QWER",
        "has_phrases": false,
        "mode": "value_domain",
        "phrase_count": 0,
        "phrases": [],
        "projection": "webmercator_hash_v1",
        "projection_method": "webmercator_hash_v1",
        "value": 382
      },
      "type": "Feature"
    },
    {
      "geometry": {
        "coordinates": [
          165.300246,
          -66.436056
        ],
        "type": "Point"
      },
      "properties": {
        "cipher": "QWER",
        "has_phrases": false,
        "mode": "value_domain",
        "phrase_count": 0,
        "phrases": [],
        "projection": "webmercator_hash_v1",
        "projection_method": "webmercator_hash_v1",
        "value": 383
      },
      "type": "Feature"
    },
    {
      "geometry": {
        "coordinates": [
          -1.958301,
          20.023664
        ],
        "type": "Point"
      },
      "properties": {
        "cipher": "QWER",
        "has_phrases": false,
        "mode": "value_domain",
        "phrase_count": 0,
        "phrases": [],
        "projection": "webmercator_hash_v1",
        "projection_method": "webmercator_hash_v1",
        "value": 384
      },
      "type": "Feature"
    },
    {
      "geometry": {
        "coordinates": [
          -107.194164,
          32.03846
        ],
        "type": "Point"
      },
      "properties": {
        "cipher": "QWER",
        "has_phrases": false,
        "mode": "value_domain",
        "phrase_count": 0,
        "phrases": [],
        "projection": "webmercator_hash_v1",
        "projection_method": "webmercator_hash_v1",
        "value": 385
      },
      "type": "Feature"
    },
    {
      "geometry": {
        "coordinates": [
          -71.961241,
          31.433254
        ],
        "type": "Point"
      },
      "properties": {
        "cipher": "QWER",
        "has_phrases": false,
        "mode": "value_domain",
        "phrase_count": 0,
        "phrases": [],
        "projection": "webmercator_hash_v1",
        "projection_method": "webmercator_hash_v1",
        "value": 386
      },
      "type": "Feature"
    },
    {
      "geometry": {
        "coordinates": [
          -82.019798,
          -27.374472
        ],
        "type": "Point"
      },
      "properties": {
        "cipher": "QWER",
        "has_phrases": false,
        "mode": "value_domain",
        "phrase_count": 0,
        "phrases": [],
        "projection": "webmercator_hash_v1",
        "projection_method": "webmercator_hash_v1",
        "value": 387
      },
      "type": "Feature"
    },
    {
      "geometry": {
        "coordinates": [
          -173.063066,
          80.919641
        ],
        "type": "Point"
      },
      "properties": {
        "cipher": "QWER",
        "has_phrases": false,
        "mode": "value_domain",
        "phrase_count": 0,
        "phrases": [],
        "projection": "webmercator_hash_v1",
        "projection_method": "webmercator_hash_v1",
        "value": 388
      },
      "type": "Feature"
    },
    {
      "geometry": {
        "coordinates": [
          -162.600957,
          -15.613253
        ],
        "type": "Point"
      },
      "properties": {
        "cipher": "QWER",
        "has_phrases": false,
        "mode": "value_domain",
        "phrase_count": 0,
        "phrases": [],
        "projection": "webmercator_hash_v1",
        "projection_method": "webmercator_hash_v1",
        "value": 389
      },
      "type": "Feature"
    },
    {
      "geometry": {
        "coordinates": [
          -82.152198,
          -19.560351
        ],
        "type": "Point"
      },
      "properties": {
        "cipher": "QWER",
        "has_phrases": false,
        "mode": "value_domain",
        "phrase_count": 0,
        "phrases": [],
        "projection": "webmercator_hash_v1",
        "projection_method": "webmercator_hash_v1",
        "value": 390
      },
      "type": "Feature"
    },
    {
      "geometry": {
        "coordinates": [
          130.433523,
          53.473746
        ],
        "type": "Point"
      },
      "properties": {
        "cipher": "QWER",
        "has_phrases": false,
        "mode": "value_domain",
        "phrase_count": 0,
        "phrases": [],
        "projection": "webmercator_hash_v1",
        "projection_method": "webmercator_hash_v1",
        "value": 391
      },
      "type": "Feature"
    },
    {
      "geometry": {
        "coordinates": [
          -86.941206,
          -47.198078
        ],
        "type": "Point"
      },
      "properties": {
        "cipher": "QWER",
        "has_phrases": false,
        "mode": "value_domain",
        "phrase_count": 0,
        "phrases": [],
        "projection": "webmercator_hash_v1",
        "projection_method": "webmercator_hash_v1",
        "value": 392
      },
      "type": "Feature"
    },
    {
      "geometry": {
        "coordinates": [
          -113.110139,
          -36.987105
        ],
        "type": "Point"
      },
      "properties": {
        "cipher": "QWER",
        "has_phrases": false,
        "mode": "value_domain",
        "phrase_count": 0,
        "phrases": [],
        "projection": "webmercator_hash_v1",
        "projection_method": "webmercator_hash_v1",
        "value": 393
      },
      "type": "Feature"
    },
    {
      "geometry": {
        "coordinates": [
          -36.644788,
          -43.499632
        ],
        "type": "Point"
      },
      "properties": {
        "cipher": "QWER",
        "has_phrases": false,
        "mode": "value_domain",
        "phrase_count": 0,
        "phrases": [],
        "projection": "webmercator_hash_v1",
        "projection_method": "webmercator_hash_v1",
        "value": 394
      },
      "type": "Feature"
    },
    {
      "geometry": {
        "coordinates": [
          -131.90844,
          -15.777076
        ],
        "type": "Point"
      },
      "properties": {
        "cipher": "QWER",
        "has_phrases": false,
        "mode": "value_domain",
        "phrase_count": 0,
        "phrases": [],
        "projection": "webmercator_hash_v1",
        "projection_method": "webmercator_hash_v1",
        "value": 395
      },
      "type": "Feature"
    },
    {
      "geometry": {
        "coordinates": [
          94.074426,
          81.618523
        ],
        "type": "Point"
      },
      "properties": {
        "cipher": "QWER",
        "has_phrases": false,
        "mode": "value_domain",
        "phrase_count": 0,
        "phrases": [],
        "projection": "webmercator_hash_v1",
        "projection_method": "webmercator_hash_v1",
        "value": 396
      },
      "type": "Feature"
    },
    {
      "geometry": {
        "coordinates": [
          41.210854,
          -36.380785
        ],
        "type": "Point"
      },
      "properties": {
        "cipher": "QWER",
        "has_phrases": false,
        "mode": "value_domain",
        "phrase_count": 0,
        "phrases": [],
        "projection": "webmercator_hash_v1",
        "projection_method": "webmercator_hash_v1",
        "value": 397
      },
      "type": "Feature"
    },
    {
      "geometry": {
        "coordinates": [
          -87.0964,
          14.881966
        ],
        "type": "Point"
      },
      "properties": {
        "cipher": "QWER",
        "has_phrases": false,
        "mode": "value_domain",
        "phrase_count": 0,
        "phrases": [],
        "projection": "webmercator_hash_v1",
        "projection_method": "webmercator_hash_v1",
        "value": 398
      },
      "type": "Feature"
    },
    {
      "geometry": {
        "coordinates": [
          141.26718,
          39.595201
        ],
        "type": "Point"
      },
      "properties": {
        "cipher": "QWER",
        "has_phrases": false,
        "mode": "value_domain",
        "phrase_count": 0,
        "phrases": [],
        "projection": "webmercator_hash_v1",
        "projection_method": "webmercator_hash_v1",
        "value": 399
      },
      "type": "Feature"
    },
    {
      "geometry": {
        "coordinates": [
          90.059201,
          -30.542215
        ],
        "type": "Point"
      },
      "properties": {
        "cipher": "QWER",
        "has_phrases": false,
        "mode": "value_domain",
        "phrase_count": 0,
        "phrases": [],
        "projection": "webmercator_hash_v1",
        "projection_method": "webmercator_hash_v1",
        "value": 400
      },
      "type": "Feature"
    },
    {
      "geometry": {
        "coordinates": [
          140.248818,
          43.845867
        ],
        "type": "Point"
      },
      "properties": {
        "cipher": "QWER",
        "has_phrases": false,
        "mode": "value_domain",
        "phrase_count": 0,
        "phrases": [],
        "projection": "webmercator_hash_v1",
        "projection_method": "webmercator_hash_v1",
        "value": 401
      },
      "type": "Feature"
    },
    {
      "geometry": {
        "coordinates": [
          -152.928743,
          -40.545957
        ],
        "type": "Point"
      },
      "properties": {
        "cipher": "QWER",
        "has_phrases": false,
        "mode": "value_domain",
        "phrase_count": 0,
        "phrases": [],
        "projection": "webmercator_hash_v1",
        "projection_method": "webmercator_hash_v1",
        "value": 402
      },
      "type": "Feature"
    },
    {
      "geometry": {
        "coordinates": [
          -91.719972,
          -12.374345
        ],
        "type": "Point"
      },
      "properties": {
        "cipher": "QWER",
        "has_phrases": false,
        "mode": "value_domain",
        "phrase_count": 0,
        "phrases": [],
        "projection": "webmercator_hash_v1",
        "projection_method": "webmercator_hash_v1",
        "value": 403
      },
      "type": "Feature"
    },
    {
      "geometry": {
        "coordinates": [
          -41.359911,
          -16.465873
        ],
        "type": "Point"
      },
      "properties": {
        "cipher": "QWER",
        "has_phrases": false,
        "mode": "value_domain",
        "phrase_count": 0,
        "phrases": [],
        "projection": "webmercator_hash_v1",
        "projection_method": "webmercator_hash_v1",
        "value": 404
      },
      "type": "Feature"
    },
    {
      "geometry": {
        "coordinates": [
          -139.984956,
          56.634053
        ],
        "type": "Point"
      },
      "properties": {
        "cipher": "QWER",
        "has_phrases": false,
        "mode": "value_domain",
        "phrase_count": 0,
        "phrases": [],
        "projection": "webmercator_hash_v1",
        "projection_method": "webmercator_hash_v1",
        "value": 405
      },
      "type": "Feature"
    },
    {
      "geometry": {
        "coordinates": [
          -90.417564,
          12.915999
        ],
        "type": "Point"
      },
      "properties": {
        "cipher": "QWER",
        "has_phrases": false,
        "mode": "value_domain",
        "phrase_count": 0,
        "phrases": [],
        "projection": "webmercator_hash_v1",
        "projection_method": "webmercator_hash_v1",
        "value": 406
      },
      "type": "Feature"
    },
    {
      "geometry": {
        "coordinates": [
          167.404333,
          -48.910526
        ],
        "type": "Point"
      },
      "properties": {
        "cipher": "QWER",
        "has_phrases": false,
        "mode": "value_domain",
        "phrase_count": 0,
        "phrases": [],
        "projection": "webmercator_hash_v1",
        "projection_method": "webmercator_hash_v1",
        "value": 407
      },
      "type": "Feature"
    },
    {
      "geometry": {
        "coordinates": [
          48.910737,
          9.290869
        ],
        "type": "Point"
      },
      "properties": {
        "cipher": "QWER",
        "has_phrases": false,
        "mode": "value_domain",
        "phrase_count": 0,
        "phrases": [],
        "projection": "webmercator_hash_v1",
        "projection_method": "webmercator_hash_v1",
        "value": 408
      },
      "type": "Feature"
    },
    {
      "geometry": {
        "coordinates": [
          163.142099,
          60.408071
        ],
        "type": "Point"
      },
      "properties": {
        "cipher": "QWER",
        "has_phrases": false,
        "mode": "value_domain",
        "phrase_count": 0,
        "phrases": [],
        "projection": "webmercator_hash_v1",
        "projection_method": "webmercator_hash_v1",
        "value": 409
      },
      "type": "Feature"
    },
    {
      "geometry": {
        "coordinates": [
          179.605767,
          -39.430969
        ],
        "type": "Point"
      },
      "properties": {
        "cipher": "QWER",
        "has_phrases": false,
        "mode": "value_domain",
        "phrase_count": 0,
        "phrases": [],
        "projection": "webmercator_hash_v1",
        "projection_method": "webmercator_hash_v1",
        "value": 410
      },
      "type": "Feature"
    },
    {
      "geometry": {
        "coordinates": [
          -86.560361,
          -8.717766
        ],
        "type": "Point"
      },
      "properties": {
        "cipher": "QWER",
        "has_phrases": false,
        "mode": "value_domain",
        "phrase_count": 0,
        "phrases": [],
        "projection": "webmercator_hash_v1",
        "projection_method": "webmercator_hash_v1",
        "value": 411
      },
      "type": "Feature"
    },
    {
      "geometry": {
        "coordinates": [
          -91.106711,
          36.656834
        ],
        "type": "Point"
      },
      "properties": {
        "cipher": "QWER",
        "has_phrases": false,
        "mode": "value_domain",
        "phrase_count": 0,
        "phrases": [],
        "projection": "webmercator_hash_v1",
        "projection_method": "webmercator_hash_v1",
        "value": 412
      },
      "type": "Feature"
    },
    {
      "geometry": {
        "coordinates": [
          77.210123,
          66.032091
        ],
        "type": "Point"
      },
      "properties": {
        "cipher": "QWER",
        "has_phrases": false,
        "mode": "value_domain",
        "phrase_count": 0,
        "phrases": [],
        "projection": "webmercator_hash_v1",
        "projection_method": "webmercator_hash_v1",
        "value": 413
      },
      "type": "Feature"
    },
    {
      "geometry": {
        "coordinates": [
          -117.410993,
          -25.115179
        ],
        "type": "Point"
      },
      "properties": {
        "cipher": "QWER",
        "has_phrases": false,
        "mode": "value_domain",
        "phrase_count": 0,
        "phrases": [],
        "projection": "webmercator_hash_v1",
        "projection_method": "webmercator_hash_v1",
        "value": 414
      },
      "type": "Feature"
    },
    {
      "geometry": {
        "coordinates": [
          -166.369901,
          -68.958739
        ],
        "type": "Point"
      },
      "properties": {
        "cipher": "QWER",
        "has_phrases": false,
        "mode": "value_domain",
        "phrase_count": 0,
        "phrases": [],
        "projection": "webmercator_hash_v1",
        "projection_method": "webmercator_hash_v1",
        "value": 415
      },
      "type": "Feature"
    },
    {
      "geometry": {
        "coordinates": [
          -7.551895,
          10.307546
        ],
        "type": "Point"
      },
      "properties": {
        "cipher": "QWER",
        "has_phrases": false,
        "mode": "value_domain",
        "phrase_count": 0,
        "phrases": [],
        "projection": "webmercator_hash_v1",
        "projection_method": "webmercator_hash_v1",
        "value": 416
      },
      "type": "Feature"
    },
    {
      "geometry": {
        "coordinates": [
          50.606975,
          12.489208
        ],
        "type": "Point"
      },
      "properties": {
        "cipher": "QWER",
        "has_phrases": false,
        "mode": "value_domain",
        "phrase_count": 0,
        "phrases": [],
        "projection": "webmercator_hash_v1",
        "projection_method": "webmercator_hash_v1",
        "value": 417
      },
      "type": "Feature"
    },
    {
      "geometry": {
        "coordinates": [
          67.460846,
          74.414832
        ],
        "type": "Point"
      },
      "properties": {
        "cipher": "QWER",
        "has_phrases": false,
        "mode": "value_domain",
        "phrase_count": 0,
        "phrases": [],
        "projection": "webmercator_hash_v1",
        "projection_method": "webmercator_hash_v1",
        "value": 418
      },
      "type": "Feature"
    },
    {
      "geometry": {
        "coordinates": [
          27.680639,
          67.442688
        ],
        "type": "Point"
      },
      "properties": {
        "cipher": "QWER",
        "has_phrases": false,
        "mode": "value_domain",
        "phrase_count": 0,
        "phrases": [],
        "projection": "webmercator_hash_v1",
        "projection_method": "webmercator_hash_v1",
        "value": 419
      },
      "type": "Feature"
    },
    {
      "geometry": {
        "coordinates": [
          173.130594,
          9.444008
        ],
        "type": "Point"
      },
      "properties": {
        "cipher": "QWER",
        "has_phrases": false,
        "mode": "value_domain",
        "phrase_count": 0,
        "phrases": [],
        "projection": "webmercator_hash_v1",
        "projection_method": "webmercator_hash_v1",
        "value": 420
      },
      "type": "Feature"
    },
    {
      "geometry": {
        "coordinates": [
          -148.241389,
          -65.846083
        ],
        "type": "Point"
      },
      "properties": {
        "cipher": "QWER",
        "has_phrases": false,
        "mode": "value_domain",
        "phrase_count": 0,
        "phrases": [],
        "projection": "webmercator_hash_v1",
        "projection_method": "webmercator_hash_v1",
        "value": 421
      },
      "type": "Feature"
    },
    {
      "geometry": {
        "coordinates": [
          80.713589,
          -29.531298
        ],
        "type": "Point"
      },
      "properties": {
        "cipher": "QWER",
        "has_phrases": false,
        "mode": "value_domain",
        "phrase_count": 0,
        "phrases": [],
        "projection": "webmercator_hash_v1",
        "projection_method": "webmercator_hash_v1",
        "value": 422
      },
      "type": "Feature"
    },
    {
      "geometry": {
        "coordinates": [
          7.913788,
          -6.563737
        ],
        "type": "Point"
      },
      "properties": {
        "cipher": "QWER",
        "has_phrases": false,
        "mode": "value_domain",
        "phrase_count": 0,
        "phrases": [],
        "projection": "webmercator_hash_v1",
        "projection_method": "webmercator_hash_v1",
        "value": 423
      },
      "type": "Feature"
    },
    {
      "geometry": {
        "coordinates": [
          106.502837,
          62.802136
        ],
        "type": "Point"
      },
      "properties": {
        "cipher": "QWER",
        "has_phrases": false,
        "mode": "value_domain",
        "phrase_count": 0,
        "phrases": [],
        "projection": "webmercator_hash_v1",
        "projection_method": "webmercator_hash_v1",
        "value": 424
      },
      "type": "Feature"
    },
    {
      "geometry": {
        "coordinates": [
          -176.305586,
          -18.033909
        ],
        "type": "Point"
      },
      "properties": {
        "cipher": "QWER",
        "has_phrases": false,
        "mode": "value_domain",
        "phrase_count": 0,
        "phrases": [],
        "projection": "webmercator_hash_v1",
        "projection_method": "webmercator_hash_v1",
        "value": 425
      },
      "type": "Feature"
    },
    {
      "geometry": {
        "coordinates": [
          8.492399,
          48.389735
        ],
        "type": "Point"
      },
      "properties": {
        "cipher": "QWER",
        "has_phrases": false,
        "mode": "value_domain",
        "phrase_count": 0,
        "phrases": [],
        "projection": "webmercator_hash_v1",
        "projection_method": "webmercator_hash_v1",
        "value": 426
      },
      "type": "Feature"
    },
    {
      "geometry": {
        "coordinates": [
          -25.122202,
          -79.581853
        ],
        "type": "Point"
      },
      "properties": {
        "cipher": "QWER",
        "has_phrases": false,
        "mode": "value_domain",
        "phrase_count": 0,
        "phrases": [],
        "projection": "webmercator_hash_v1",
        "projection_method": "webmercator_hash_v1",
        "value": 427
      },
      "type": "Feature"
    },
    {
      "geometry": {
        "coordinates": [
          -16.297612,
          27.784334
        ],
        "type": "Point"
      },
      "properties": {
        "cipher": "QWER",
        "has_phrases": false,
        "mode": "value_domain",
        "phrase_count": 0,
        "phrases": [],
        "projection": "webmercator_hash_v1",
        "projection_method": "webmercator_hash_v1",
        "value": 428
      },
      "type": "Feature"
    },
    {
      "geometry": {
        "coordinates": [
          -110.198682,
          31.466664
        ],
        "type": "Point"
      },
      "properties": {
        "cipher": "QWER",
        "has_phrases": false,
        "mode": "value_domain",
        "phrase_count": 0,
        "phrases": [],
        "projection": "webmercator_hash_v1",
        "projection_method": "webmercator_hash_v1",
        "value": 429
      },
      "type": "Feature"
    },
    {
      "geometry": {
        "coordinates": [
          -62.000619,
          25.687634
        ],
        "type": "Point"
      },
      "properties": {
        "cipher": "QWER",
        "has_phrases": false,
        "mode": "value_domain",
        "phrase_count": 0,
        "phrases": [],
        "projection": "webmercator_hash_v1",
        "projection_method": "webmercator_hash_v1",
        "value": 430
      },
      "type": "Feature"
    },
    {
      "geometry": {
        "coordinates": [
          168.953043,
          -34.546672
        ],
        "type": "Point"
      },
      "properties": {
        "cipher": "QWER",
        "has_phrases": false,
        "mode": "value_domain",
        "phrase_count": 0,
        "phrases": [],
        "projection": "webmercator_hash_v1",
        "projection_method": "webmercator_hash_v1",
        "value": 431
      },
      "type": "Feature"
    },
    {
      "geometry": {
        "coordinates": [
          98.76992,
          -23.743936
        ],
        "type": "Point"
      },
      "properties": {
        "cipher": "QWER",
        "has_phrases": false,
        "mode": "value_domain",
        "phrase_count": 0,
        "phrases": [],
        "projection": "webmercator_hash_v1",
        "projection_method": "webmercator_hash_v1",
        "value": 432
      },
      "type": "Feature"
    },
    {
      "geometry": {
        "coordinates": [
          -170.273606,
          18.435631
        ],
        "type": "Point"
      },
      "properties": {
        "cipher": "QWER",
        "has_phrases": false,
        "mode": "value_domain",
        "phrase_count": 0,
        "phrases": [],
        "projection": "webmercator_hash_v1",
        "projection_method": "webmercator_hash_v1",
        "value": 433
      },
      "type": "Feature"
    },
    {
      "geometry": {
        "coordinates": [
          3.158234,
          -34.789843
        ],
        "type": "Point"
      },
      "properties": {
        "cipher": "QWER",
        "has_phrases": false,
        "mode": "value_domain",
        "phrase_count": 0,
        "phrases": [],
        "projection": "webmercator_hash_v1",
        "projection_method": "webmercator_hash_v1",
        "value": 434
      },
      "type": "Feature"
    },
    {
      "geometry": {
        "coordinates": [
          -122.138889,
          27.844476
        ],
        "type": "Point"
      },
      "properties": {
        "cipher": "QWER",
        "has_phrases": false,
        "mode": "value_domain",
        "phrase_count": 0,
        "phrases": [],
        "projection": "webmercator_hash_v1",
        "projection_method": "webmercator_hash_v1",
        "value": 435
      },
      "type": "Feature"
    },
    {
      "geometry": {
        "coordinates": [
          -50.226912,
          -39.527223
        ],
        "type": "Point"
      },
      "properties": {
        "cipher": "QWER",
        "has_phrases": false,
        "mode": "value_domain",
        "phrase_count": 0,
        "phrases": [],
        "projection": "webmercator_hash_v1",
        "projection_method": "webmercator_hash_v1",
        "value": 436
      },
      "type": "Feature"
    },
    {
      "geometry": {
        "coordinates": [
          -96.233394,
          -31.850434
        ],
        "type": "Point"
      },
      "properties": {
        "cipher": "QWER",
        "has_phrases": false,
        "mode": "value_domain",
        "phrase_count": 0,
        "phrases": [],
        "projection": "webmercator_hash_v1",
        "projection_method": "webmercator_hash_v1",
        "value": 437
      },
      "type": "Feature"
    },
    {
      "geometry": {
        "coordinates": [
          108.596732,
          17.160509
        ],
        "type": "Point"
      },
      "properties": {
        "cipher": "QWER",
        "has_phrases": false,
        "mode": "value_domain",
        "phrase_count": 0,
        "phrases": [],
        "projection": "webmercator_hash_v1",
        "projection_method": "webmercator_hash_v1",
        "value": 438
      },
      "type": "Feature"
    },
    {
      "geometry": {
        "coordinates": [
          124.872888,
          -56.30827
        ],
        "type": "Point"
      },
      "properties": {
        "cipher": "QWER",
        "has_phrases": false,
        "mode": "value_domain",
        "phrase_count": 0,
        "phrases": [],
        "projection": "webmercator_hash_v1",
        "projection_method": "webmercator_hash_v1",
        "value": 439
      },
      "type": "Feature"
    },
    {
      "geometry": {
        "coordinates": [
          33.752399,
          -6.73323
        ],
        "type": "Point"
      },
      "properties": {
        "cipher": "QWER",
        "has_phrases": false,
        "mode": "value_domain",
        "phrase_count": 0,
        "phrases": [],
        "projection": "webmercator_hash_v1",
        "projection_method": "webmercator_hash_v1",
        "value": 440
      },
      "type": "Feature"
    },
    {
      "geometry": {
        "coordinates": [
          -140.236633,
          9.239175
        ],
        "type": "Point"
      },
      "properties": {
        "cipher": "QWER",
        "has_phrases": false,
        "mode": "value_domain",
        "phrase_count": 0,
        "phrases": [],
        "projection": "webmercator_hash_v1",
        "projection_method": "webmercator_hash_v1",
        "value": 441
      },
      "type": "Feature"
    },
    {
      "geometry": {
        "coordinates": [
          -167.402633,
          -82.911578
        ],
        "type": "Point"
      },
      "properties": {
        "cipher": "QWER",
        "has_phrases": false,
        "mode": "value_domain",
        "phrase_count": 0,
        "phrases": [],
        "projection": "webmercator_hash_v1",
        "projection_method": "webmercator_hash_v1",
        "value": 442
      },
      "type": "Feature"
    },
    {
      "geometry": {
        "coordinates": [
          89.751789,
          57.859228
        ],
        "type": "Point"
      },
      "properties": {
        "cipher": "QWER",
        "has_phrases": false,
        "mode": "value_domain",
        "phrase_count": 0,
        "phrases": [],
        "projection": "webmercator_hash_v1",
        "projection_method": "webmercator_hash_v1",
        "value": 443
      },
      "type": "Feature"
    },
    {
      "geometry": {
        "coordinates": [
          -169.67631,
          -16.43007
        ],
        "type": "Point"
      },
      "properties": {
        "cipher": "QWER",
        "has_phrases": false,
        "mode": "value_domain",
        "phrase_count": 0,
        "phrases": [],
        "projection": "webmercator_hash_v1",
        "projection_method": "webmercator_hash_v1",
        "value": 444
      },
      "type": "Feature"
    },
    {
      "geometry": {
        "coordinates": [
          24.309363,
          -26.914503
        ],
        "type": "Point"
      },
      "properties": {
        "cipher": "QWER",
        "has_phrases": false,
        "mode": "value_domain",
        "phrase_count": 0,
        "phrases": [],
        "projection": "webmercator_hash_v1",
        "projection_method": "webmercator_hash_v1",
        "value": 445
      },
      "type": "Feature"
    },
    {
      "geometry": {
        "coordinates": [
          -20.076264,
          -75.873759
        ],
        "type": "Point"
      },
      "properties": {
        "cipher": "QWER",
        "has_phrases": false,
        "mode": "value_domain",
        "phrase_count": 0,
        "phrases": [],
        "projection": "webmercator_hash_v1",
        "projection_method": "webmercator_hash_v1",
        "value": 446
      },
      "type": "Feature"
    },
    {
      "geometry": {
        "coordinates": [
          27.233539,
          9.214677
        ],
        "type": "Point"
      },
      "properties": {
        "cipher": "QWER",
        "has_phrases": false,
        "mode": "value_domain",
        "phrase_count": 0,
        "phrases": [],
        "projection": "webmercator_hash_v1",
        "projection_method": "webmercator_hash_v1",
        "value": 447
      },
      "type": "Feature"
    },
    {
      "geometry": {
        "coordinates": [
          -39.875046,
          68.053206
        ],
        "type": "Point"
      },
      "properties": {
        "cipher": "QWER",
        "has_phrases": false,
        "mode": "value_domain",
        "phrase_count": 0,
        "phrases": [],
        "projection": "webmercator_hash_v1",
        "projection_method": "webmercator_hash_v1",
        "value": 448
      },
      "type": "Feature"
    },
    {
      "geometry": {
        "coordinates": [
          -40.33328,
          4.530974
        ],
        "type": "Point"
      },
      "properties": {
        "cipher": "QWER",
        "has_phrases": false,
        "mode": "value_domain",
        "phrase_count": 0,
        "phrases": [],
        "projection": "webmercator_hash_v1",
        "projection_method": "webmercator_hash_v1",
        "value": 449
      },
      "type": "Feature"
    },
    {
      "geometry": {
        "coordinates": [
          45.971684,
          37.265278
        ],
        "type": "Point"
      },
      "properties": {
        "cipher": "QWER",
        "has_phrases": false,
        "mode": "value_domain",
        "phrase_count": 0,
        "phrases": [],
        "projection": "webmercator_hash_v1",
        "projection_method": "webmercator_hash_v1",
        "value": 450
      },
      "type": "Feature"
    },
    {
      "geometry": {
        "coordinates": [
          139.160514,
          -68.192487
        ],
        "type": "Point"
      },
      "properties": {
        "cipher": "QWER",
        "has_phrases": false,
        "mode": "value_domain",
        "phrase_count": 0,
        "phrases": [],
        "projection": "webmercator_hash_v1",
        "projection_method": "webmercator_hash_v1",
        "value": 451
      },
      "type": "Feature"
    },
    {
      "geometry": {
        "coordinates": [
          77.28665,
          52.271083
        ],
        "type": "Point"
      },
      "properties": {
        "cipher": "QWER",
        "has_phrases": false,
        "mode": "value_domain",
        "phrase_count": 0,
        "phrases": [],
        "projection": "webmercator_hash_v1",
        "projection_method": "webmercator_hash_v1",
        "value": 452
      },
      "type": "Feature"
    },
    {
      "geometry": {
        "coordinates": [
          -107.080879,
          57.624782
        ],
        "type": "Point"
      },
      "properties": {
        "cipher": "QWER",
        "has_phrases": false,
        "mode": "value_domain",
        "phrase_count": 0,
        "phrases": [],
        "projection": "webmercator_hash_v1",
        "projection_method": "webmercator_hash_v1",
        "value": 453
      },
      "type": "Feature"
    },
    {
      "geometry": {
        "coordinates": [
          156.527364,
          37.959819
        ],
        "type": "Point"
      },
      "properties": {
        "cipher": "QWER",
        "has_phrases": false,
        "mode": "value_domain",
        "phrase_count": 0,
        "phrases": [],
        "projection": "webmercator_hash_v1",
        "projection_method": "webmercator_hash_v1",
        "value": 454
      },
      "type": "Feature"
    },
    {
      "geometry": {
        "coordinates": [
          -119.767793,
          8.138927
        ],
        "type": "Point"
      },
      "properties": {
        "cipher": "QWER",
        "has_phrases": false,
        "mode": "value_domain",
        "phrase_count": 0,
        "phrases": [],
        "projection": "webmercator_hash_v1",
        "projection_method": "webmercator_hash_v1",
        "value": 455
      },
      "type": "Feature"
    },
    {
      "geometry": {
        "coordinates": [
          -104.086591,
          15.984098
        ],
        "type": "Point"
      },
      "properties": {
        "cipher": "QWER",
        "has_phrases": false,
        "mode": "value_domain",
        "phrase_count": 0,
        "phrases": [],
        "projection": "webmercator_hash_v1",
        "projection_method": "webmercator_hash_v1",
        "value": 456
      },
      "type": "Feature"
    },
    {
      "geometry": {
        "coordinates": [
          162.95981,
          81.037447
        ],
        "type": "Point"
      },
      "properties": {
        "cipher": "QWER",
        "has_phrases": false,
        "mode": "value_domain",
        "phrase_count": 0,
        "phrases": [],
        "projection": "webmercator_hash_v1",
        "projection_method": "webmercator_hash_v1",
        "value": 457
      },
      "type": "Feature"
    },
    {
      "geometry": {
        "coordinates": [
          -135.688047,
          54.099379
        ],
        "type": "Point"
      },
      "properties": {
        "cipher": "QWER",
        "has_phrases": false,
        "mode": "value_domain",
        "phrase_count": 0,
        "phrases": [],
        "projection": "webmercator_hash_v1",
        "projection_method": "webmercator_hash_v1",
        "value": 458
      },
      "type": "Feature"
    },
    {
      "geometry": {
        "coordinates": [
          -56.193562,
          -2.867665
        ],
        "type": "Point"
      },
      "properties": {
        "cipher": "QWER",
        "has_phrases": false,
        "mode": "value_domain",
        "phrase_count": 0,
        "phrases": [],
        "projection": "webmercator_hash_v1",
        "projection_method": "webmercator_hash_v1",
        "value": 459
      },
      "type": "Feature"
    },
    {
      "geometry": {
        "coordinates": [
          58.039163,
          -66.097848
        ],
        "type": "Point"
      },
      "properties": {
        "cipher": "QWER",
        "has_phrases": false,
        "mode": "value_domain",
        "phrase_count": 0,
        "phrases": [],
        "projection": "webmercator_hash_v1",
        "projection_method": "webmercator_hash_v1",
        "value": 460
      },
      "type": "Feature"
    },
    {
      "geometry": {
        "coordinates": [
          164.001794,
          -47.456069
        ],
        "type": "Point"
      },
      "properties": {
        "cipher": "QWER",
        "has_phrases": false,
        "mode": "value_domain",
        "phrase_count": 0,
        "phrases": [],
        "projection": "webmercator_hash_v1",
        "projection_method": "webmercator_hash_v1",
        "value": 461
      },
      "type": "Feature"
    },
    {
      "geometry": {
        "coordinates": [
          -108.75746,
          35.776603
        ],
        "type": "Point"
      },
      "properties": {
        "cipher": "QWER",
        "has_phrases": false,
        "mode": "value_domain",
        "phrase_count": 0,
        "phrases": [],
        "projection": "webmercator_hash_v1",
        "projection_method": "webmercator_hash_v1",
        "value": 462
      },
      "type": "Feature"
    },
    {
      "geometry": {
        "coordinates": [
          176.566298,
          28.893369
        ],
        "type": "Point"
      },
      "properties": {
        "cipher": "QWER",
        "has_phrases": false,
        "mode": "value_domain",
        "phrase_count": 0,
        "phrases": [],
        "projection": "webmercator_hash_v1",
        "projection_method": "webmercator_hash_v1",
        "value": 463
      },
      "type": "Feature"
    },
    {
      "geometry": {
        "coordinates": [
          -86.203218,
          57.710282
        ],
        "type": "Point"
      },
      "properties": {
        "cipher": "QWER",
        "has_phrases": false,
        "mode": "value_domain",
        "phrase_count": 0,
        "phrases": [],
        "projection": "webmercator_hash_v1",
        "projection_method": "webmercator_hash_v1",
        "value": 464
      },
      "type": "Feature"
    },
    {
      "geometry": {
        "coordinates": [
          -141.612554,
          -15.359389
        ],
        "type": "Point"
      },
      "properties": {
        "cipher": "QWER",
        "has_phrases": false,
        "mode": "value_domain",
        "phrase_count": 0,
        "phrases": [],
        "projection": "webmercator_hash_v1",
        "projection_method": "webmercator_hash_v1",
        "value": 465
      },
      "type": "Feature"
    },
    {
      "geometry": {
        "coordinates": [
          100.567973,
          24.791783
        ],
        "type": "Point"
      },
      "properties": {
        "cipher": "QWER",
        "has_phrases": false,
        "mode": "value_domain",
        "phrase_count": 0,
        "phrases": [],
        "projection": "webmercator_hash_v1",
        "projection_method": "webmercator_hash_v1",
        "value": 466
      },
      "type": "Feature"
    },
    {
      "geometry": {
        "coordinates": [
          -38.369564,
          9.292096
        ],
        "type": "Point"
      },
      "properties": {
        "cipher": "QWER",
        "has_phrases": false,
        "mode": "value_domain",
        "phrase_count": 0,
        "phrases": [],
        "projection": "webmercator_hash_v1",
        "projection_method": "webmercator_hash_v1",
        "value": 467
      },
      "type": "Feature"
    },
    {
      "geometry": {
        "coordinates": [
          -157.091695,
          -10.316937
        ],
        "type": "Point"
      },
      "properties": {
        "cipher": "QWER",
        "has_phrases": false,
        "mode": "value_domain",
        "phrase_count": 0,
        "phrases": [],
        "projection": "webmercator_hash_v1",
        "projection_method": "webmercator_hash_v1",
        "value": 468
      },
      "type": "Feature"
    },
    {
      "geometry": {
        "coordinates": [
          -153.161956,
          -84.824574
        ],
        "type": "Point"
      },
      "properties": {
        "cipher": "QWER",
        "has_phrases": false,
        "mode": "value_domain",
        "phrase_count": 0,
        "phrases": [],
        "projection": "webmercator_hash_v1",
        "projection_method": "webmercator_hash_v1",
        "value": 469
      },
      "type": "Feature"
    },
    {
      "geometry": {
        "coordinates": [
          38.250075,
          64.498814
        ],
        "type": "Point"
      },
      "properties": {
        "cipher": "QWER",
        "has_phrases": false,
        "mode": "value_domain",
        "phrase_count": 0,
        "phrases": [],
        "projection": "webmercator_hash_v1",
        "projection_method": "webmercator_hash_v1",
        "value": 470
      },
      "type": "Feature"
    },
    {
      "geometry": {
        "coordinates": [
          77.494308,
          80.98559
        ],
        "type": "Point"
      },
      "properties": {
        "cipher": "QWER",
        "has_phrases": false,
        "mode": "value_domain",
        "phrase_count": 0,
        "phrases": [],
        "projection": "webmercator_hash_v1",
        "projection_method": "webmercator_hash_v1",
        "value": 471
      },
      "type": "Feature"
    },
    {
      "geometry": {
        "coordinates": [
          -168.910761,
          76.024639
        ],
        "type": "Point"
      },
      "properties": {
        "cipher": "QWER",
        "has_phrases": false,
        "mode": "value_domain",
        "phrase_count": 0,
        "phrases": [],
        "projection": "webmercator_hash_v1",
        "projection_method": "webmercator_hash_v1",
        "value": 472
      },
      "type": "Feature"
    },
    {
      "geometry": {
        "coordinates": [
          106.706287,
          -74.780702
        ],
        "type": "Point"
      },
      "properties": {
        "cipher": "QWER",
        "has_phrases": false,
        "mode": "value_domain",
        "phrase_count": 0,
        "phrases": [],
        "projection": "webmercator_hash_v1",
        "projection_method": "webmercator_hash_v1",
        "value": 473
      },
      "type": "Feature"
    },
    {
      "geometry": {
        "coordinates": [
          -129.219304,
          -75.102441
        ],
        "type": "Point"
      },
      "properties": {
        "cipher": "QWER",
        "has_phrases": false,
        "mode": "value_domain",
        "phrase_count": 0,
        "phrases": [],
        "projection": "webmercator_hash_v1",
        "projection_method": "webmercator_hash_v1",
        "value": 474
      },
      "type": "Feature"
    },
    {
      "geometry": {
        "coordinates": [
          20.136792,
          -73.072413
        ],
        "type": "Point"
      },
      "properties": {
        "cipher": "QWER",
        "has_phrases": false,
        "mode": "value_domain",
        "phrase_count": 0,
        "phrases": [],
        "projection": "webmercator_hash_v1",
        "projection_method": "webmercator_hash_v1",
        "value": 475
      },
      "type": "Feature"
    },
    {
      "geometry": {
        "coordinates": [
          51.678641,
          52.403695
        ],
        "type": "Point"
      },
      "properties": {
        "cipher": "QWER",
        "has_phrases": false,
        "mode": "value_domain",
        "phrase_count": 0,
        "phrases": [],
        "projection": "webmercator_hash_v1",
        "projection_method": "webmercator_hash_v1",
        "value": 476
      },
      "type": "Feature"
    },
    {
      "geometry": {
        "coordinates": [
          135.084776,
          25.948562
        ],
        "type": "Point"
      },
      "properties": {
        "cipher": "QWER",
        "has_phrases": false,
        "mode": "value_domain",
        "phrase_count": 0,
        "phrases": [],
        "projection": "webmercator_hash_v1",
        "projection_method": "webmercator_hash_v1",
        "value": 477
      },
      "type": "Feature"
    },
    {
      "geometry": {
        "coordinates": [
          173.323159,
          -8.614753
        ],
        "type": "Point"
      },
      "properties": {
        "cipher": "QWER",
        "has_phrases": false,
        "mode": "value_domain",
        "phrase_count": 0,
        "phrases": [],
        "projection": "webmercator_hash_v1",
        "projection_method": "webmercator_hash_v1",
        "value": 478
      },
      "type": "Feature"
    },
    {
      "geometry": {
        "coordinates": [
          -155.955005,
          82.93931
        ],
        "type": "Point"
      },
      "properties": {
        "cipher": "QWER",
        "has_phrases": false,
        "mode": "value_domain",
        "phrase_count": 0,
        "phrases": [],
        "projection": "webmercator_hash_v1",
        "projection_method": "webmercator_hash_v1",
        "value": 479
      },
      "type": "Feature"
    },
    {
      "geometry": {
        "coordinates": [
          52.893434,
          13.532682
        ],
        "type": "Point"
      },
      "properties": {
        "cipher": "QWER",
        "has_phrases": false,
        "mode": "value_domain",
        "phrase_count": 0,
        "phrases": [],
        "projection": "webmercator_hash_v1",
        "projection_method": "webmercator_hash_v1",
        "value": 480
      },
      "type": "Feature"
    },
    {
      "geometry": {
        "coordinates": [
          134.289742,
          74.668612
        ],
        "type": "Point"
      },
      "properties": {
        "cipher": "QWER",
        "has_phrases": false,
        "mode": "value_domain",
        "phrase_count": 0,
        "phrases": [],
        "projection": "webmercator_hash_v1",
        "projection_method": "webmercator_hash_v1",
        "value": 481
      },
      "type": "Feature"
    },
    {
      "geometry": {
        "coordinates": [
          117.907671,
          -69.783309
        ],
        "type": "Point"
      },
      "properties": {
        "cipher": "QWER",
        "has_phrases": false,
        "mode": "value_domain",
        "phrase_count": 0,
        "phrases": [],
        "projection": "webmercator_hash_v1",
        "projection_method": "webmercator_hash_v1",
        "value": 482
      },
      "type": "Feature"
    },
    {
      "geometry": {
        "coordinates": [
          -3.408801,
          -16.380989
        ],
        "type": "Point"
      },
      "properties": {
        "cipher": "QWER",
        "has_phrases": false,
        "mode": "value_domain",
        "phrase_count": 0,
        "phrases": [],
        "projection": "webmercator_hash_v1",
        "projection_method": "webmercator_hash_v1",
        "value": 483
      },
      "type": "Feature"
    },
    {
      "geometry": {
        "coordinates": [
          166.239047,
          -40.18142
        ],
        "type": "Point"
      },
      "properties": {
        "cipher": "QWER",
        "has_phrases": false,
        "mode": "value_domain",
        "phrase_count": 0,
        "phrases": [],
        "projection": "webmercator_hash_v1",
        "projection_method": "webmercator_hash_v1",
        "value": 484
      },
      "type": "Feature"
    },
    {
      "geometry": {
        "coordinates": [
          -9.077806,
          -75.182908
        ],
        "type": "Point"
      },
      "properties": {
        "cipher": "QWER",
        "has_phrases": false,
        "mode": "value_domain",
        "phrase_count": 0,
        "phrases": [],
        "projection": "webmercator_hash_v1",
        "projection_method": "webmercator_hash_v1",
        "value": 485
      },
      "type": "Feature"
    },
    {
      "geometry": {
        "coordinates": [
          3.961883,
          -11.376405
        ],
        "type": "Point"
      },
      "properties": {
        "cipher": "QWER",
        "has_phrases": false,
        "mode": "value_domain",
        "phrase_count": 0,
        "phrases": [],
        "projection": "webmercator_hash_v1",
        "projection_method": "webmercator_hash_v1",
        "value": 486
      },
      "type": "Feature"
    },
    {
      "geometry": {
        "coordinates": [
          -162.038334,
          4.570989
        ],
        "type": "Point"
      },
      "properties": {
        "cipher": "QWER",
        "has_phrases": false,
        "mode": "value_domain",
        "phrase_count": 0,
        "phrases": [],
        "projection": "webmercator_hash_v1",
        "projection_method": "webmercator_hash_v1",
        "value": 487
      },
      "type": "Feature"
    },
    {
      "geometry": {
        "coordinates": [
          -172.08925,
          -75.615929
        ],
        "type": "Point"
      },
      "properties": {
        "cipher": "QWER",
        "has_phrases": false,
        "mode": "value_domain",
        "phrase_count": 0,
        "phrases": [],
        "projection": "webmercator_hash_v1",
        "projection_method": "webmercator_hash_v1",
        "value": 488
      },
      "type": "Feature"
    },
    {
      "geometry": {
        "coordinates": [
          45.900827,
          -27.753937
        ],
        "type": "Point"
      },
      "properties": {
        "cipher": "QWER",
        "has_phrases": false,
        "mode": "value_domain",
        "phrase_count": 0,
        "phrases": [],
        "projection": "webmercator_hash_v1",
        "projection_method": "webmercator_hash_v1",
        "value": 489
      },
      "type": "Feature"
    },
    {
      "geometry": {
        "coordinates": [
          86.457329,
          53.351115
        ],
        "type": "Point"
      },
      "properties": {
        "cipher": "QWER",
        "has_phrases": false,
        "mode": "value_domain",
        "phrase_count": 0,
        "phrases": [],
        "projection": "webmercator_hash_v1",
        "projection_method": "webmercator_hash_v1",
        "value": 490
      },
      "type": "Feature"
    },
    {
      "geometry": {
        "coordinates": [
          118.017404,
          -76.433519
        ],
        "type": "Point"
      },
      "properties": {
        "cipher": "QWER",
        "has_phrases": false,
        "mode": "value_domain",
        "phrase_count": 0,
        "phrases": [],
        "projection": "webmercator_hash_v1",
        "projection_method": "webmercator_hash_v1",
        "value": 491
      },
      "type": "Feature"
    },
    {
      "geometry": {
        "coordinates": [
          65.041187,
          76.820697
        ],
        "type": "Point"
      },
      "properties": {
        "cipher": "QWER",
        "has_phrases": false,
        "mode": "value_domain",
        "phrase_count": 0,
        "phrases": [],
        "projection": "webmercator_hash_v1",
        "projection_method": "webmercator_hash_v1",
        "value": 492
      },
      "type": "Feature"
    },
    {
      "geometry": {
        "coordinates": [
          177.390449,
          1.818511
        ],
        "type": "Point"
      },
      "properties": {
        "cipher": "QWER",
        "has_phrases": false,
        "mode": "value_domain",
        "phrase_count": 0,
        "phrases": [],
        "projection": "webmercator_hash_v1",
        "projection_method": "webmercator_hash_v1",
        "value": 493
      },
      "type": "Feature"
    },
    {
      "geometry": {
        "coordinates": [
          -133.398717,
          38.945817
        ],
        "type": "Point"
      },
      "properties": {
        "cipher": "QWER",
        "has_phrases": false,
        "mode": "value_domain",
        "phrase_count": 0,
        "phrases": [],
        "projection": "webmercator_hash_v1",
        "projection_method": "webmercator_hash_v1",
        "value": 494
      },
      "type": "Feature"
    },
    {
      "geometry": {
        "coordinates": [
          -142.696311,
          31.441568
        ],
        "type": "Point"
      },
      "properties": {
        "cipher": "QWER",
        "has_phrases": false,
        "mode": "value_domain",
        "phrase_count": 0,
        "phrases": [],
        "projection": "webmercator_hash_v1",
        "projection_method": "webmercator_hash_v1",
        "value": 495
      },
      "type": "Feature"
    },
    {
      "geometry": {
        "coordinates": [
          139.694149,
          -47.576675
        ],
        "type": "Point"
      },
      "properties": {
        "cipher": "QWER",
        "has_phrases": false,
        "mode": "value_domain",
        "phrase_count": 0,
        "phrases": [],
        "projection": "webmercator_hash_v1",
        "projection_method": "webmercator_hash_v1",
        "value": 496
      },
      "type": "Feature"
    },
    {
      "geometry": {
        "coordinates": [
          9.833281,
          61.928896
        ],
        "type": "Point"
      },
      "properties": {
        "cipher": "QWER",
        "has_phrases": false,
        "mode": "value_domain",
        "phrase_count": 0,
        "phrases": [],
        "projection": "webmercator_hash_v1",
        "projection_method": "webmercator_hash_v1",
        "value": 497
      },
      "type": "Feature"
    },
    {
      "geometry": {
        "coordinates": [
          96.311747,
          80.948801
        ],
        "type": "Point"
      },
      "properties": {
        "cipher": "QWER",
        "has_phrases": false,
        "mode": "value_domain",
        "phrase_count": 0,
        "phrases": [],
        "projection": "webmercator_hash_v1",
        "projection_method": "webmercator_hash_v1",
        "value": 498
      },
      "type": "Feature"
    },
    {
      "geometry": {
        "coordinates": [
          138.989572,
          -55.73568
        ],
        "type": "Point"
      },
      "properties": {
        "cipher": "QWER",
        "has_phrases": false,
        "mode": "value_domain",
        "phrase_count": 0,
        "phrases": [],
        "projection": "webmercator_hash_v1",
        "projection_method": "webmercator_hash_v1",
        "value": 499
      },
      "type": "Feature"
    },
    {
      "geometry": {
        "coordinates": [
          -58.573939,
          38.700552
        ],
        "type": "Point"
      },
      "properties": {
        "cipher": "QWER",
        "has_phrases": false,
        "mode": "value_domain",
        "phrase_count": 0,
        "phrases": [],
        "projection": "webmercator_hash_v1",
        "projection_method": "webmercator_hash_v1",
        "value": 500
      },
      "type": "Feature"
    },
    {
      "geometry": {
        "coordinates": [
          -107.131093,
          -2.78701
        ],
        "type": "Point"
      },
      "properties": {
        "cipher": "QWER",
        "has_phrases": false,
        "mode": "value_domain",
        "phrase_count": 0,
        "phrases": [],
        "projection": "webmercator_hash_v1",
        "projection_method": "webmercator_hash_v1",
        "value": 501
      },
      "type": "Feature"
    },
    {
      "geometry": {
        "coordinates": [
          -134.622835,
          58.416508
        ],
        "type": "Point"
      },
      "properties": {
        "cipher": "QWER",
        "has_phrases": false,
        "mode": "value_domain",
        "phrase_count": 0,
        "phrases": [],
        "projection": "webmercator_hash_v1",
        "projection_method": "webmercator_hash_v1",
        "value": 502
      },
      "type": "Feature"
    },
    {
      "geometry": {
        "coordinates": [
          -161.890611,
          -78.305928
        ],
        "type": "Point"
      },
      "properties": {
        "cipher": "QWER",
        "has_phrases": false,
        "mode": "value_domain",
        "phrase_count": 0,
        "phrases": [],
        "projection": "webmercator_hash_v1",
        "projection_method": "webmercator_hash_v1",
        "value": 503
      },
      "type": "Feature"
    },
    {
      "geometry": {
        "coordinates": [
          176.308614,
          -73.22707
        ],
        "type": "Point"
      },
      "properties": {
        "cipher": "QWER",
        "has_phrases": false,
        "mode": "value_domain",
        "phrase_count": 0,
        "phrases": [],
        "projection": "webmercator_hash_v1",
        "projection_method": "webmercator_hash_v1",
        "value": 504
      },
      "type": "Feature"
    },
    {
      "geometry": {
        "coordinates": [
          162.156161,
          10.113764
        ],
        "type": "Point"
      },
      "properties": {
        "cipher": "QWER",
        "has_phrases": false,
        "mode": "value_domain",
        "phrase_count": 0,
        "phrases": [],
        "projection": "webmercator_hash_v1",
        "projection_method": "webmercator_hash_v1",
        "value": 505
      },
      "type": "Feature"
    },
    {
      "geometry": {
        "coordinates": [
          -163.596086,
          43.36136
        ],
        "type": "Point"
      },
      "properties": {
        "cipher": "QWER",
        "has_phrases": false,
        "mode": "value_domain",
        "phrase_count": 0,
        "phrases": [],
        "projection": "webmercator_hash_v1",
        "projection_method": "webmercator_hash_v1",
        "value": 506
      },
      "type": "Feature"
    },
    {
      "geometry": {
        "coordinates": [
          176.42358,
          -52.35699
        ],
        "type": "Point"
      },
      "properties": {
        "cipher": "QWER",
        "has_phrases": false,
        "mode": "value_domain",
        "phrase_count": 0,
        "phrases": [],
        "projection": "webmercator_hash_v1",
        "projection_method": "webmercator_hash_v1",
        "value": 507
      },
      "type": "Feature"
    },
    {
      "geometry": {
        "coordinates": [
          37.078146,
          -51.248669
        ],
        "type": "Point"
      },
      "properties": {
        "cipher": "QWER",
        "has_phrases": false,
        "mode": "value_domain",
        "phrase_count": 0,
        "phrases": [],
        "projection": "webmercator_hash_v1",
        "projection_method": "webmercator_hash_v1",
        "value": 508
      },
      "type": "Feature"
    },
    {
      "geometry": {
        "coordinates": [
          68.981448,
          32.666327
        ],
        "type": "Point"
      },
      "properties": {
        "cipher": "QWER",
        "has_phrases": false,
        "mode": "value_domain",
        "phrase_count": 0,
        "phrases": [],
        "projection": "webmercator_hash_v1",
        "projection_method": "webmercator_hash_v1",
        "value": 509
      },
      "type": "Feature"
    },
    {
      "geometry": {
        "coordinates": [
          -62.60114,
          46.412656
        ],
        "type": "Point"
      },
      "properties": {
        "cipher": "QWER",
        "has_phrases": false,
        "mode": "value_domain",
        "phrase_count": 0,
        "phrases": [],
        "projection": "webmercator_hash_v1",
        "projection_method": "webmercator_hash_v1",
        "value": 510
      },
      "type": "Feature"
    },
    {
      "geometry": {
        "coordinates": [
          -47.406133,
          -15.597177
        ],
        "type": "Point"
      },
      "properties": {
        "cipher": "QWER",
        "has_phrases": false,
        "mode": "value_domain",
        "phrase_count": 0,
        "phrases": [],
        "projection": "webmercator_hash_v1",
        "projection_method": "webmercator_hash_v1",
        "value": 511
      },
      "type": "Feature"
    },
    {
      "geometry": {
        "coordinates": [
          163.393779,
          30.546349
        ],
        "type": "Point"
      },
      "properties": {
        "cipher": "QWER",
        "has_phrases": false,
        "mode": "value_domain",
        "phrase_count": 0,
        "phrases": [],
        "projection": "webmercator_hash_v1",
        "projection_method": "webmercator_hash_v1",
        "value": 512
      },
      "type": "Feature"
    },
    {
      "geometry": {
        "coordinates": [
          89.119922,
          -55.22503
        ],
        "type": "Point"
      },
      "properties": {
        "cipher": "QWER",
        "has_phrases": false,
        "mode": "value_domain",
        "phrase_count": 0,
        "phrases": [],
        "projection": "webmercator_hash_v1",
        "projection_method": "webmercator_hash_v1",
        "value": 513
      },
      "type": "Feature"
    },
    {
      "geometry": {
        "coordinates": [
          -9.693872,
          -31.944039
        ],
        "type": "Point"
      },
      "properties": {
        "cipher": "QWER",
        "has_phrases": false,
        "mode": "value_domain",
        "phrase_count": 0,
        "phrases": [],
        "projection": "webmercator_hash_v1",
        "projection_method": "webmercator_hash_v1",
        "value": 514
      },
      "type": "Feature"
    },
    {
      "geometry": {
        "coordinates": [
          42.973239,
          -19.491735
        ],
        "type": "Point"
      },
      "properties": {
        "cipher": "QWER",
        "has_phrases": false,
        "mode": "value_domain",
        "phrase_count": 0,
        "phrases": [],
        "projection": "webmercator_hash_v1",
        "projection_method": "webmercator_hash_v1",
        "value": 515
      },
      "type": "Feature"
    },
    {
      "geometry": {
        "coordinates": [
          -124.384218,
          46.042839
        ],
        "type": "Point"
      },
      "properties": {
        "cipher": "QWER",
        "has_phrases": false,
        "mode": "value_domain",
        "phrase_count": 0,
        "phrases": [],
        "projection": "webmercator_hash_v1",
        "projection_method": "webmercator_hash_v1",
        "value": 516
      },
      "type": "Feature"
    },
    {
      "geometry": {
        "coordinates": [
          -25.155694,
          -60.957563
        ],
        "type": "Point"
      },
      "properties": {
        "cipher": "QWER",
        "has_phrases": false,
        "mode": "value_domain",
        "phrase_count": 0,
        "phrases": [],
        "projection": "webmercator_hash_v1",
        "projection_method": "webmercator_hash_v1",
        "value": 517
      },
      "type": "Feature"
    },
    {
      "geometry": {
        "coordinates": [
          -49.963342,
          -18.268017
        ],
        "type": "Point"
      },
      "properties": {
        "cipher": "QWER",
        "has_phrases": false,
        "mode": "value_domain",
        "phrase_count": 0,
        "phrases": [],
        "projection": "webmercator_hash_v1",
        "projection_method": "webmercator_hash_v1",
        "value": 518
      },
      "type": "Feature"
    },
    {
      "geometry": {
        "coordinates": [
          -142.361114,
          -73.88695
        ],
        "type": "Point"
      },
      "properties": {
        "cipher": "QWER",
        "has_phrases": false,
        "mode": "value_domain",
        "phrase_count": 0,
        "phrases": [],
        "projection": "webmercator_hash_v1",
        "projection_method": "webmercator_hash_v1",
        "value": 519
      },
      "type": "Feature"
    },
    {
      "geometry": {
        "coordinates": [
          -36.743793,
          -84.359642
        ],
        "type": "Point"
      },
      "properties": {
        "cipher": "QWER",
        "has_phrases": false,
        "mode": "value_domain",
        "phrase_count": 0,
        "phrases": [],
        "projection": "webmercator_hash_v1",
        "projection_method": "webmercator_hash_v1",
        "value": 520
      },
      "type": "Feature"
    },
    {
      "geometry": {
        "coordinates": [
          131.450863,
          77.76593
        ],
        "type": "Point"
      },
      "properties": {
        "cipher": "QWER",
        "has_phrases": false,
        "mode": "value_domain",
        "phrase_count": 0,
        "phrases": [],
        "projection": "webmercator_hash_v1",
        "projection_method": "webmercator_hash_v1",
        "value": 521
      },
      "type": "Feature"
    },
    {
      "geometry": {
        "coordinates": [
          60.575027,
          69.891895
        ],
        "type": "Point"
      },
      "properties": {
        "cipher": "QWER",
        "has_phrases": false,
        "mode": "value_domain",
        "phrase_count": 0,
        "phrases": [],
        "projection": "webmercator_hash_v1",
        "projection_method": "webmercator_hash_v1",
        "value": 522
      },
      "type": "Feature"
    },
    {
      "geometry": {
        "coordinates": [
          17.985697,
          62.467525
        ],
        "type": "Point"
      },
      "properties": {
        "cipher": "QWER",
        "has_phrases": false,
        "mode": "value_domain",
        "phrase_count": 0,
        "phrases": [],
        "projection": "webmercator_hash_v1",
        "projection_method": "webmercator_hash_v1",
        "value": 523
      },
      "type": "Feature"
    },
    {
      "geometry": {
        "coordinates": [
          50.195404,
          63.340289
        ],
        "type": "Point"
      },
      "properties": {
        "cipher": "QWER",
        "has_phrases": false,
        "mode": "value_domain",
        "phrase_count": 0,
        "phrases": [],
        "projection": "webmercator_hash_v1",
        "projection_method": "webmercator_hash_v1",
        "value": 524
      },
      "type": "Feature"
    },
    {
      "geometry": {
        "coordinates": [
          -5.564249,
          2.283549
        ],
        "type": "Point"
      },
      "properties": {
        "cipher": "QWER",
        "has_phrases": false,
        "mode": "value_domain",
        "phrase_count": 0,
        "phrases": [],
        "projection": "webmercator_hash_v1",
        "projection_method": "webmercator_hash_v1",
        "value": 525
      },
      "type": "Feature"
    },
    {
      "geometry": {
        "coordinates": [
          165.570782,
          19.345269
        ],
        "type": "Point"
      },
      "properties": {
        "cipher": "QWER",
        "has_phrases": false,
        "mode": "value_domain",
        "phrase_count": 0,
        "phrases": [],
        "projection": "webmercator_hash_v1",
        "projection_method": "webmercator_hash_v1",
        "value": 526
      },
      "type": "Feature"
    },
    {
      "geometry": {
        "coordinates": [
          -61.167263,
          -58.475322
        ],
        "type": "Point"
      },
      "properties": {
        "cipher": "QWER",
        "has_phrases": false,
        "mode": "value_domain",
        "phrase_count": 0,
        "phrases": [],
        "projection": "webmercator_hash_v1",
        "projection_method": "webmercator_hash_v1",
        "value": 527
      },
      "type": "Feature"
    },
    {
      "geometry": {
        "coordinates": [
          16.360104,
          39.563401
        ],
        "type": "Point"
      },
      "properties": {
        "cipher": "QWER",
        "has_phrases": false,
        "mode": "value_domain",
        "phrase_count": 0,
        "phrases": [],
        "projection": "webmercator_hash_v1",
        "projection_method": "webmercator_hash_v1",
        "value": 528
      },
      "type": "Feature"
    },
    {
      "geometry": {
        "coordinates": [
          150.011101,
          21.372324
        ],
        "type": "Point"
      },
      "properties": {
        "cipher": "QWER",
        "has_phrases": false,
        "mode": "value_domain",
        "phrase_count": 0,
        "phrases": [],
        "projection": "webmercator_hash_v1",
        "projection_method": "webmercator_hash_v1",
        "value": 529
      },
      "type": "Feature"
    },
    {
      "geometry": {
        "coordinates": [
          21.747943,
          5.084244
        ],
        "type": "Point"
      },
      "properties": {
        "cipher": "QWER",
        "has_phrases": false,
        "mode": "value_domain",
        "phrase_count": 0,
        "phrases": [],
        "projection": "webmercator_hash_v1",
        "projection_method": "webmercator_hash_v1",
        "value": 530
      },
      "type": "Feature"
    },
    {
      "geometry": {
        "coordinates": [
          -46.65347,
          54.463184
        ],
        "type": "Point"
      },
      "properties": {
        "cipher": "QWER",
        "has_phrases": false,
        "mode": "value_domain",
        "phrase_count": 0,
        "phrases": [],
        "projection": "webmercator_hash_v1",
        "projection_method": "webmercator_hash_v1",
        "value": 531
      },
      "type": "Feature"
    },
    {
      "geometry": {
        "coordinates": [
          -139.983429,
          45.350388
        ],
        "type": "Point"
      },
      "properties": {
        "cipher": "QWER",
        "has_phrases": false,
        "mode": "value_domain",
        "phrase_count": 0,
        "phrases": [],
        "projection": "webmercator_hash_v1",
        "projection_method": "webmercator_hash_v1",
        "value": 532
      },
      "type": "Feature"
    },
    {
      "geometry": {
        "coordinates": [
          0.084838,
          15.279291
        ],
        "type": "Point"
      },
      "properties": {
        "cipher": "QWER",
        "has_phrases": false,
        "mode": "value_domain",
        "phrase_count": 0,
        "phrases": [],
        "projection": "webmercator_hash_v1",
        "projection_method": "webmercator_hash_v1",
        "value": 533
      },
      "type": "Feature"
    },
    {
      "geometry": {
        "coordinates": [
          -99.263477,
          74.531829
        ],
        "type": "Point"
      },
      "properties": {
        "cipher": "QWER",
        "has_phrases": false,
        "mode": "value_domain",
        "phrase_count": 0,
        "phrases": [],
        "projection": "webmercator_hash_v1",
        "projection_method": "webmercator_hash_v1",
        "value": 534
      },
      "type": "Feature"
    },
    {
      "geometry": {
        "coordinates": [
          87.727626,
          51.614697
        ],
        "type": "Point"
      },
      "properties": {
        "cipher": "QWER",
        "has_phrases": false,
        "mode": "value_domain",
        "phrase_count": 0,
        "phrases": [],
        "projection": "webmercator_hash_v1",
        "projection_method": "webmercator_hash_v1",
        "value": 535
      },
      "type": "Feature"
    },
    {
      "geometry": {
        "coordinates": [
          148.611488,
          -72.609559
        ],
        "type": "Point"
      },
      "properties": {
        "cipher": "QWER",
        "has_phrases": false,
        "mode": "value_domain",
        "phrase_count": 0,
        "phrases": [],
        "projection": "webmercator_hash_v1",
        "projection_method": "webmercator_hash_v1",
        "value": 536
      },
      "type": "Feature"
    },
    {
      "geometry": {
        "coordinates": [
          -75.641873,
          19.797056
        ],
        "type": "Point"
      },
      "properties": {
        "cipher": "QWER",
        "has_phrases": false,
        "mode": "value_domain",
        "phrase_count": 0,
        "phrases": [],
        "projection": "webmercator_hash_v1",
        "projection_method": "webmercator_hash_v1",
        "value": 537
      },
      "type": "Feature"
    },
    {
      "geometry": {
        "coordinates": [
          66.318018,
          49.963066
        ],
        "type": "Point"
      },
      "properties": {
        "cipher": "QWER",
        "has_phrases": false,
        "mode": "value_domain",
        "phrase_count": 0,
        "phrases": [],
        "projection": "webmercator_hash_v1",
        "projection_method": "webmercator_hash_v1",
        "value": 538
      },
      "type": "Feature"
    },
    {
      "geometry": {
        "coordinates": [
          -30.822667,
          -63.826236
        ],
        "type": "Point"
      },
      "properties": {
        "cipher": "QWER",
        "has_phrases": false,
        "mode": "value_domain",
        "phrase_count": 0,
        "phrases": [],
        "projection": "webmercator_hash_v1",
        "projection_method": "webmercator_hash_v1",
        "value": 539
      },
      "type": "Feature"
    },
    {
      "geometry": {
        "coordinates": [
          -85.21512,
          32.227073
        ],
        "type": "Point"
      },
      "properties": {
        "cipher": "QWER",
        "has_phrases": false,
        "mode": "value_domain",
        "phrase_count": 0,
        "phrases": [],
        "projection": "webmercator_hash_v1",
        "projection_method": "webmercator_hash_v1",
        "value": 540
      },
      "type": "Feature"
    },
    {
      "geometry": {
        "coordinates": [
          126.396043,
          -37.242812
        ],
        "type": "Point"
      },
      "properties": {
        "cipher": "QWER",
        "has_phrases": false,
        "mode": "value_domain",
        "phrase_count": 0,
        "phrases": [],
        "projection": "webmercator_hash_v1",
        "projection_method": "webmercator_hash_v1",
        "value": 541
      },
      "type": "Feature"
    },
    {
      "geometry": {
        "coordinates": [
          4.738701,
          -17.312357
        ],
        "type": "Point"
      },
      "properties": {
        "cipher": "QWER",
        "has_phrases": false,
        "mode": "value_domain",
        "phrase_count": 0,
        "phrases": [],
        "projection": "webmercator_hash_v1",
        "projection_method": "webmercator_hash_v1",
        "value": 542
      },
      "type": "Feature"
    },
    {
      "geometry": {
        "coordinates": [
          -21.00769,
          30.280361
        ],
        "type": "Point"
      },
      "properties": {
        "cipher": "QWER",
        "has_phrases": false,
        "mode": "value_domain",
        "phrase_count": 0,
        "phrases": [],
        "projection": "webmercator_hash_v1",
        "projection_method": "webmercator_hash_v1",
        "value": 543
      },
      "type": "Feature"
    },
    {
      "geometry": {
        "coordinates": [
          145.011685,
          19.250259
        ],
        "type": "Point"
      },
      "properties": {
        "cipher": "QWER",
        "has_phrases": false,
        "mode": "value_domain",
        "phrase_count": 0,
        "phrases": [],
        "projection": "webmercator_hash_v1",
        "projection_method": "webmercator_hash_v1",
        "value": 544
      },
      "type": "Feature"
    },
    {
      "geometry": {
        "coordinates": [
          -13.537917,
          -3.457482
        ],
        "type": "Point"
      },
      "properties": {
        "cipher": "QWER",
        "has_phrases": false,
        "mode": "value_domain",
        "phrase_count": 0,
        "phrases": [],
        "projection": "webmercator_hash_v1",
        "projection_method": "webmercator_hash_v1",
        "value": 545
      },
      "type": "Feature"
    },
    {
      "geometry": {
        "coordinates": [
          -123.392494,
          -82.811595
        ],
        "type": "Point"
      },
      "properties": {
        "cipher": "QWER",
        "has_phrases": false,
        "mode": "value_domain",
        "phrase_count": 0,
        "phrases": [],
        "projection": "webmercator_hash_v1",
        "projection_method": "webmercator_hash_v1",
        "value": 546
      },
      "type": "Feature"
    },
    {
      "geometry": {
        "coordinates": [
          154.987413,
          72.6055
        ],
        "type": "Point"
      },
      "properties": {
        "cipher": "QWER",
        "has_phrases": false,
        "mode": "value_domain",
        "phrase_count": 0,
        "phrases": [],
        "projection": "webmercator_hash_v1",
        "projection_method": "webmercator_hash_v1",
        "value": 547
      },
      "type": "Feature"
    },
    {
      "geometry": {
        "coordinates": [
          58.257558,
          9.597416
        ],
        "type": "Point"
      },
      "properties": {
        "cipher": "QWER",
        "has_phrases": false,
        "mode": "value_domain",
        "phrase_count": 0,
        "phrases": [],
        "projection": "webmercator_hash_v1",
        "projection_method": "webmercator_hash_v1",
        "value": 548
      },
      "type": "Feature"
    },
    {
      "geometry": {
        "coordinates": [
          100.339654,
          -82.979661
        ],
        "type": "Point"
      },
      "properties": {
        "cipher": "QWER",
        "has_phrases": false,
        "mode": "value_domain",
        "phrase_count": 0,
        "phrases": [],
        "projection": "webmercator_hash_v1",
        "projection_method": "webmercator_hash_v1",
        "value": 549
      },
      "type": "Feature"
    },
    {
      "geometry": {
        "coordinates": [
          68.821558,
          81.710879
        ],
        "type": "Point"
      },
      "properties": {
        "cipher": "QWER",
        "has_phrases": false,
        "mode": "value_domain",
        "phrase_count": 0,
        "phrases": [],
        "projection": "webmercator_hash_v1",
        "projection_method": "webmercator_hash_v1",
        "value": 550
      },
      "type": "Feature"
    },
    {
      "geometry": {
        "coordinates": [
          -70.413505,
          -68.255203
        ],
        "type": "Point"
      },
      "properties": {
        "cipher": "QWER",
        "has_phrases": false,
        "mode": "value_domain",
        "phrase_count": 0,
        "phrases": [],
        "projection": "webmercator_hash_v1",
        "projection_method": "webmercator_hash_v1",
        "value": 551
      },
      "type": "Feature"
    },
    {
      "geometry": {
        "coordinates": [
          5.625922,
          -8.053406
        ],
        "type": "Point"
      },
      "properties": {
        "cipher": "QWER",
        "has_phrases": false,
        "mode": "value_domain",
        "phrase_count": 0,
        "phrases": [],
        "projection": "webmercator_hash_v1",
        "projection_method": "webmercator_hash_v1",
        "value": 552
      },
      "type": "Feature"
    },
    {
      "geometry": {
        "coordinates": [
          -81.656045,
          16.717378
        ],
        "type": "Point"
      },
      "properties": {
        "cipher": "QWER",
        "has_phrases": false,
        "mode": "value_domain",
        "phrase_count": 0,
        "phrases": [],
        "projection": "webmercator_hash_v1",
        "projection_method": "webmercator_hash_v1",
        "value": 553
      },
      "type": "Feature"
    },
    {
      "geometry": {
        "coordinates": [
          161.249687,
          33.387674
        ],
        "type": "Point"
      },
      "properties": {
        "cipher": "QWER",
        "has_phrases": false,
        "mode": "value_domain",
        "phrase_count": 0,
        "phrases": [],
        "projection": "webmercator_hash_v1",
        "projection_method": "webmercator_hash_v1",
        "value": 554
      },
      "type": "Feature"
    },
    {
      "geometry": {
        "coordinates": [
          -146.502877,
          -79.920066
        ],
        "type": "Point"
      },
      "properties": {
        "cipher": "QWER",
        "has_phrases": false,
        "mode": "value_domain",
        "phrase_count": 0,
        "phrases": [],
        "projection": "webmercator_hash_v1",
        "projection_method": "webmercator_hash_v1",
        "value": 555
      },
      "type": "Feature"
    },
    {
      "geometry": {
        "coordinates": [
          -167.736137,
          12.606736
        ],
        "type": "Point"
      },
      "properties": {
        "cipher": "QWER",
        "has_phrases": false,
        "mode": "value_domain",
        "phrase_count": 0,
        "phrases": [],
        "projection": "webmercator_hash_v1",
        "projection_method": "webmercator_hash_v1",
        "value": 556
      },
      "type": "Feature"
    },
    {
      "geometry": {
        "coordinates": [
          -66.638619,
          1.792456
        ],
        "type": "Point"
      },
      "properties": {
        "cipher": "QWER",
        "has_phrases": false,
        "mode": "value_domain",
        "phrase_count": 0,
        "phrases": [],
        "projection": "webmercator_hash_v1",
        "projection_method": "webmercator_hash_v1",
        "value": 557
      },
      "type": "Feature"
    },
    {
      "geometry": {
        "coordinates": [
          99.453516,
          -18.430839
        ],
        "type": "Point"
      },
      "properties": {
        "cipher": "QWER",
        "has_phrases": false,
        "mode": "value_domain",
        "phrase_count": 0,
        "phrases": [],
        "projection": "webmercator_hash_v1",
        "projection_method": "webmercator_hash_v1",
        "value": 558
      },
      "type": "Feature"
    },
    {
      "geometry": {
        "coordinates": [
          130.832371,
          12.855299
        ],
        "type": "Point"
      },
      "properties": {
        "cipher": "QWER",
        "has_phrases": false,
        "mode": "value_domain",
        "phrase_count": 0,
        "phrases": [],
        "projection": "webmercator_hash_v1",
        "projection_method": "webmercator_hash_v1",
        "value": 559
      },
      "type": "Feature"
    },
    {
      "geometry": {
        "coordinates": [
          173.253795,
          -5.616771
        ],
        "type": "Point"
      },
      "properties": {
        "cipher": "QWER",
        "has_phrases": false,
        "mode": "value_domain",
        "phrase_count": 0,
        "phrases": [],
        "projection": "webmercator_hash_v1",
        "projection_method": "webmercator_hash_v1",
        "value": 560
      },
      "type": "Feature"
    },
    {
      "geometry": {
        "coordinates": [
          78.966153,
          63.196085
        ],
        "type": "Point"
      },
      "properties": {
        "cipher": "QWER",
        "has_phrases": false,
        "mode": "value_domain",
        "phrase_count": 0,
        "phrases": [],
        "projection": "webmercator_hash_v1",
        "projection_method": "webmercator_hash_v1",
        "value": 561
      },
      "type": "Feature"
    },
    {
      "geometry": {
        "coordinates": [
          154.720903,
          -38.067064
        ],
        "type": "Point"
      },
      "properties": {
        "cipher": "QWER",
        "has_phrases": false,
        "mode": "value_domain",
        "phrase_count": 0,
        "phrases": [],
        "projection": "webmercator_hash_v1",
        "projection_method": "webmercator_hash_v1",
        "value": 562
      },
      "type": "Feature"
    },
    {
      "geometry": {
        "coordinates": [
          -24.991357,
          11.846962
        ],
        "type": "Point"
      },
      "properties": {
        "cipher": "QWER",
        "has_phrases": false,
        "mode": "value_domain",
        "phrase_count": 0,
        "phrases": [],
        "projection": "webmercator_hash_v1",
        "projection_method": "webmercator_hash_v1",
        "value": 563
      },
      "type": "Feature"
    },
    {
      "geometry": {
        "coordinates": [
          -159.397166,
          -52.266811
        ],
        "type": "Point"
      },
      "properties": {
        "cipher": "QWER",
        "has_phrases": false,
        "mode": "value_domain",
        "phrase_count": 0,
        "phrases": [],
        "projection": "webmercator_hash_v1",
        "projection_method": "webmercator_hash_v1",
        "value": 564
      },
      "type": "Feature"
    },
    {
      "geometry": {
        "coordinates": [
          167.426756,
          -38.702168
        ],
        "type": "Point"
      },
      "properties": {
        "cipher": "QWER",
        "has_phrases": false,
        "mode": "value_domain",
        "phrase_count": 0,
        "phrases": [],
        "projection": "webmercator_hash_v1",
        "projection_method": "webmercator_hash_v1",
        "value": 565
      },
      "type": "Feature"
    },
    {
      "geometry": {
        "coordinates": [
          94.366619,
          4.244174
        ],
        "type": "Point"
      },
      "properties": {
        "cipher": "QWER",
        "has_phrases": false,
        "mode": "value_domain",
        "phrase_count": 0,
        "phrases": [],
        "projection": "webmercator_hash_v1",
        "projection_method": "webmercator_hash_v1",
        "value": 566
      },
      "type": "Feature"
    },
    {
      "geometry": {
        "coordinates": [
          20.98648,
          -49.90556
        ],
        "type": "Point"
      },
      "properties": {
        "cipher": "QWER",
        "has_phrases": false,
        "mode": "value_domain",
        "phrase_count": 0,
        "phrases": [],
        "projection": "webmercator_hash_v1",
        "projection_method": "webmercator_hash_v1",
        "value": 567
      },
      "type": "Feature"
    },
    {
      "geometry": {
        "coordinates": [
          6.526136,
          -70.781966
        ],
        "type": "Point"
      },
      "properties": {
        "cipher": "QWER",
        "has_phrases": false,
        "mode": "value_domain",
        "phrase_count": 0,
        "phrases": [],
        "projection": "webmercator_hash_v1",
        "projection_method": "webmercator_hash_v1",
        "value": 568
      },
      "type": "Feature"
    },
    {
      "geometry": {
        "coordinates": [
          50.426451,
          -62.68207
        ],
        "type": "Point"
      },
      "properties": {
        "cipher": "QWER",
        "has_phrases": false,
        "mode": "value_domain",
        "phrase_count": 0,
        "phrases": [],
        "projection": "webmercator_hash_v1",
        "projection_method": "webmercator_hash_v1",
        "value": 569
      },
      "type": "Feature"
    },
    {
      "geometry": {
        "coordinates": [
          85.985137,
          -10.041399
        ],
        "type": "Point"
      },
      "properties": {
        "cipher": "QWER",
        "has_phrases": false,
        "mode": "value_domain",
        "phrase_count": 0,
        "phrases": [],
        "projection": "webmercator_hash_v1",
        "projection_method": "webmercator_hash_v1",
        "value": 570
      },
      "type": "Feature"
    },
    {
      "geometry": {
        "coordinates": [
          -29.784187,
          14.182413
        ],
        "type": "Point"
      },
      "properties": {
        "cipher": "QWER",
        "has_phrases": false,
        "mode": "value_domain",
        "phrase_count": 0,
        "phrases": [],
        "projection": "webmercator_hash_v1",
        "projection_method": "webmercator_hash_v1",
        "value": 571
      },
      "type": "Feature"
    },
    {
      "geometry": {
        "coordinates": [
          144.801435,
          -71.382691
        ],
        "type": "Point"
      },
      "properties": {
        "cipher": "QWER",
        "has_phrases": false,
        "mode": "value_domain",
        "phrase_count": 0,
        "phrases": [],
        "projection": "webmercator_hash_v1",
        "projection_method": "webmercator_hash_v1",
        "value": 572
      },
      "type": "Feature"
    },
    {
      "geometry": {
        "coordinates": [
          -91.978649,
          24.766723
        ],
        "type": "Point"
      },
      "properties": {
        "cipher": "QWER",
        "has_phrases": false,
        "mode": "value_domain",
        "phrase_count": 0,
        "phrases": [],
        "projection": "webmercator_hash_v1",
        "projection_method": "webmercator_hash_v1",
        "value": 573
      },
      "type": "Feature"
    },
    {
      "geometry": {
        "coordinates": [
          -114.78566,
          -84.909007
        ],
        "type": "Point"
      },
      "properties": {
        "cipher": "QWER",
        "has_phrases": false,
        "mode": "value_domain",
        "phrase_count": 0,
        "phrases": [],
        "projection": "webmercator_hash_v1",
        "projection_method": "webmercator_hash_v1",
        "value": 574
      },
      "type": "Feature"
    },
    {
      "geometry": {
        "coordinates": [
          101.441602,
          -63.423927
        ],
        "type": "Point"
      },
      "properties": {
        "cipher": "QWER",
        "has_phrases": false,
        "mode": "value_domain",
        "phrase_count": 0,
        "phrases": [],
        "projection": "webmercator_hash_v1",
        "projection_method": "webmercator_hash_v1",
        "value": 575
      },
      "type": "Feature"
    },
    {
      "geometry": {
        "coordinates": [
          -166.088968,
          74.247588
        ],
        "type": "Point"
      },
      "properties": {
        "cipher": "QWER",
        "has_phrases": false,
        "mode": "value_domain",
        "phrase_count": 0,
        "phrases": [],
        "projection": "webmercator_hash_v1",
        "projection_method": "webmercator_hash_v1",
        "value": 576
      },
      "type": "Feature"
    },
    {
      "geometry": {
        "coordinates": [
          -16.924909,
          -73.249082
        ],
        "type": "Point"
      },
      "properties": {
        "cipher": "QWER",
        "has_phrases": false,
        "mode": "value_domain",
        "phrase_count": 0,
        "phrases": [],
        "projection": "webmercator_hash_v1",
        "projection_method": "webmercator_hash_v1",
        "value": 577
      },
      "type": "Feature"
    },
    {
      "geometry": {
        "coordinates": [
          43.071331,
          -19.872049
        ],
        "type": "Point"
      },
      "properties": {
        "cipher": "QWER",
        "has_phrases": false,
        "mode": "value_domain",
        "phrase_count": 0,
        "phrases": [],
        "projection": "webmercator_hash_v1",
        "projection_method": "webmercator_hash_v1",
        "value": 578
      },
      "type": "Feature"
    },
    {
      "geometry": {
        "coordinates": [
          137.801288,
          -77.321781
        ],
        "type": "Point"
      },
      "properties": {
        "cipher": "QWER",
        "has_phrases": false,
        "mode": "value_domain",
        "phrase_count": 0,
        "phrases": [],
        "projection": "webmercator_hash_v1",
        "projection_method": "webmercator_hash_v1",
        "value": 579
      },
      "type": "Feature"
    },
    {
      "geometry": {
        "coordinates": [
          -15.494859,
          33.237441
        ],
        "type": "Point"
      },
      "properties": {
        "cipher": "QWER",
        "has_phrases": false,
        "mode": "value_domain",
        "phrase_count": 0,
        "phrases": [],
        "projection": "webmercator_hash_v1",
        "projection_method": "webmercator_hash_v1",
        "value": 580
      },
      "type": "Feature"
    },
    {
      "geometry": {
        "coordinates": [
          -49.627363,
          -15.06856
        ],
        "type": "Point"
      },
      "properties": {
        "cipher": "QWER",
        "has_phrases": false,
        "mode": "value_domain",
        "phrase_count": 0,
        "phrases": [],
        "projection": "webmercator_hash_v1",
        "projection_method": "webmercator_hash_v1",
        "value": 581
      },
      "type": "Feature"
    },
    {
      "geometry": {
        "coordinates": [
          -69.530651,
          -56.352916
        ],
        "type": "Point"
      },
      "properties": {
        "cipher": "QWER",
        "has_phrases": false,
        "mode": "value_domain",
        "phrase_count": 0,
        "phrases": [],
        "projection": "webmercator_hash_v1",
        "projection_method": "webmercator_hash_v1",
        "value": 582
      },
      "type": "Feature"
    },
    {
      "geometry": {
        "coordinates": [
          -135.794647,
          -30.806677
        ],
        "type": "Point"
      },
      "properties": {
        "cipher": "QWER",
        "has_phrases": false,
        "mode": "value_domain",
        "phrase_count": 0,
        "phrases": [],
        "projection": "webmercator_hash_v1",
        "projection_method": "webmercator_hash_v1",
        "value": 583
      },
      "type": "Feature"
    },
    {
      "geometry": {
        "coordinates": [
          167.824344,
          84.829257
        ],
        "type": "Point"
      },
      "properties": {
        "cipher": "QWER",
        "has_phrases": false,
        "mode": "value_domain",
        "phrase_count": 0,
        "phrases": [],
        "projection": "webmercator_hash_v1",
        "projection_method": "webmercator_hash_v1",
        "value": 584
      },
      "type": "Feature"
    },
    {
      "geometry": {
        "coordinates": [
          -114.170394,
          -66.464064
        ],
        "type": "Point"
      },
      "properties": {
        "cipher": "QWER",
        "has_phrases": false,
        "mode": "value_domain",
        "phrase_count": 0,
        "phrases": [],
        "projection": "webmercator_hash_v1",
        "projection_method": "webmercator_hash_v1",
        "value": 585
      },
      "type": "Feature"
    },
    {
      "geometry": {
        "coordinates": [
          -1.106397,
          48.062358
        ],
        "type": "Point"
      },
      "properties": {
        "cipher": "QWER",
        "has_phrases": false,
        "mode": "value_domain",
        "phrase_count": 0,
        "phrases": [],
        "projection": "webmercator_hash_v1",
        "projection_method": "webmercator_hash_v1",
        "value": 586
      },
      "type": "Feature"
    },
    {
      "geometry": {
        "coordinates": [
          -127.062178,
          -45.816543
        ],
        "type": "Point"
      },
      "properties": {
        "cipher": "QWER",
        "has_phrases": false,
        "mode": "value_domain",
        "phrase_count": 0,
        "phrases": [],
        "projection": "webmercator_hash_v1",
        "projection_method": "webmercator_hash_v1",
        "value": 587
      },
      "type": "Feature"
    },
    {
      "geometry": {
        "coordinates": [
          61.052697,
          32.245656
        ],
        "type": "Point"
      },
      "properties": {
        "cipher": "QWER",
        "has_phrases": false,
        "mode": "value_domain",
        "phrase_count": 0,
        "phrases": [],
        "projection": "webmercator_hash_v1",
        "projection_method": "webmercator_hash_v1",
        "value": 588
      },
      "type": "Feature"
    },
    {
      "geometry": {
        "coordinates": [
          -170.923098,
          20.002334
        ],
        "type": "Point"
      },
      "properties": {
        "cipher": "QWER",
        "has_phrases": false,
        "mode": "value_domain",
        "phrase_count": 0,
        "phrases": [],
        "projection": "webmercator_hash_v1",
        "projection_method": "webmercator_hash_v1",
        "value": 589
      },
      "type": "Feature"
    },
    {
      "geometry": {
        "coordinates": [
          125.591874,
          13.198313
        ],
        "type": "Point"
      },
      "properties": {
        "cipher": "QWER",
        "has_phrases": false,
        "mode": "value_domain",
        "phrase_count": 0,
        "phrases": [],
        "projection": "webmercator_hash_v1",
        "projection_method": "webmercator_hash_v1",
        "value": 590
      },
      "type": "Feature"
    },
    {
      "geometry": {
        "coordinates": [
          -154.135813,
          5.862797
        ],
        "type": "Point"
      },
      "properties": {
        "cipher": "QWER",
        "has_phrases": false,
        "mode": "value_domain",
        "phrase_count": 0,
        "phrases": [],
        "projection": "webmercator_hash_v1",
        "projection_method": "webmercator_hash_v1",
        "value": 591
      },
      "type": "Feature"
    },
    {
      "geometry": {
        "coordinates": [
          -175.597681,
          -44.093974
        ],
        "type": "Point"
      },
      "properties": {
        "cipher": "QWER",
        "has_phrases": false,
        "mode": "value_domain",
        "phrase_count": 0,
        "phrases": [],
        "projection": "webmercator_hash_v1",
        "projection_method": "webmercator_hash_v1",
        "value": 592
      },
      "type": "Feature"
    },
    {
      "geometry": {
        "coordinates": [
          -61.838021,
          6.976836
        ],
        "type": "Point"
      },
      "properties": {
        "cipher": "QWER",
        "has_phrases": false,
        "mode": "value_domain",
        "phrase_count": 0,
        "phrases": [],
        "projection": "webmercator_hash_v1",
        "projection_method": "webmercator_hash_v1",
        "value": 593
      },
      "type": "Feature"
    },
    {
      "geometry": {
        "coordinates": [
          -100.577471,
          77.129968
        ],
        "type": "Point"
      },
      "properties": {
        "cipher": "QWER",
        "has_phrases": false,
        "mode": "value_domain",
        "phrase_count": 0,
        "phrases": [],
        "projection": "webmercator_hash_v1",
        "projection_method": "webmercator_hash_v1",
        "value": 594
      },
      "type": "Feature"
    },
    {
      "geometry": {
        "coordinates": [
          -109.032959,
          -4.981899
        ],
        "type": "Point"
      },
      "properties": {
        "cipher": "QWER",
        "has_phrases": false,
        "mode": "value_domain",
        "phrase_count": 0,
        "phrases": [],
        "projection": "webmercator_hash_v1",
        "projection_method": "webmercator_hash_v1",
        "value": 595
      },
      "type": "Feature"
    },
    {
      "geometry": {
        "coordinates": [
          -17.779063,
          -73.158723
        ],
        "type": "Point"
      },
      "properties": {
        "cipher": "QWER",
        "has_phrases": false,
        "mode": "value_domain",
        "phrase_count": 0,
        "phrases": [],
        "projection": "webmercator_hash_v1",
        "projection_method": "webmercator_hash_v1",
        "value": 596
      },
      "type": "Feature"
    },
    {
      "geometry": {
        "coordinates": [
          -17.042175,
          26.98248
        ],
        "type": "Point"
      },
      "properties": {
        "cipher": "QWER",
        "has_phrases": false,
        "mode": "value_domain",
        "phrase_count": 0,
        "phrases": [],
        "projection": "webmercator_hash_v1",
        "projection_method": "webmercator_hash_v1",
        "value": 597
      },
      "type": "Feature"
    },
    {
      "geometry": {
        "coordinates": [
          149.696508,
          24.865411
        ],
        "type": "Point"
      },
      "properties": {
        "cipher": "QWER",
        "has_phrases": false,
        "mode": "value_domain",
        "phrase_count": 0,
        "phrases": [],
        "projection": "webmercator_hash_v1",
        "projection_method": "webmercator_hash_v1",
        "value": 598
      },
      "type": "Feature"
    },
    {
      "geometry": {
        "coordinates": [
          115.613449,
          20.101529
        ],
        "type": "Point"
      },
      "properties": {
        "cipher": "QWER",
        "has_phrases": false,
        "mode": "value_domain",
        "phrase_count": 0,
        "phrases": [],
        "projection": "webmercator_hash_v1",
        "projection_method": "webmercator_hash_v1",
        "value": 599
      },
      "type": "Feature"
    },
    {
      "geometry": {
        "coordinates": [
          82.871169,
          -9.102715
        ],
        "type": "Point"
      },
      "properties": {
        "cipher": "QWER",
        "has_phrases": false,
        "mode": "value_domain",
        "phrase_count": 0,
        "phrases": [],
        "projection": "webmercator_hash_v1",
        "projection_method": "webmercator_hash_v1",
        "value": 600
      },
      "type": "Feature"
    },
    {
      "geometry": {
        "coordinates": [
          31.1503,
          40.513235
        ],
        "type": "Point"
      },
      "properties": {
        "cipher": "QWER",
        "has_phrases": false,
        "mode": "value_domain",
        "phrase_count": 0,
        "phrases": [],
        "projection": "webmercator_hash_v1",
        "projection_method": "webmercator_hash_v1",
        "value": 601
      },
      "type": "Feature"
    },
    {
      "geometry": {
        "coordinates": [
          -120.566426,
          18.079503
        ],
        "type": "Point"
      },
      "properties": {
        "cipher": "QWER",
        "has_phrases": false,
        "mode": "value_domain",
        "phrase_count": 0,
        "phrases": [],
        "projection": "webmercator_hash_v1",
        "projection_method": "webmercator_hash_v1",
        "value": 602
      },
      "type": "Feature"
    },
    {
      "geometry": {
        "coordinates": [
          -65.418364,
          -38.140222
        ],
        "type": "Point"
      },
      "properties": {
        "cipher": "QWER",
        "has_phrases": false,
        "mode": "value_domain",
        "phrase_count": 0,
        "phrases": [],
        "projection": "webmercator_hash_v1",
        "projection_method": "webmercator_hash_v1",
        "value": 603
      },
      "type": "Feature"
    },
    {
      "geometry": {
        "coordinates": [
          167.690732,
          53.727481
        ],
        "type": "Point"
      },
      "properties": {
        "cipher": "QWER",
        "has_phrases": false,
        "mode": "value_domain",
        "phrase_count": 0,
        "phrases": [],
        "projection": "webmercator_hash_v1",
        "projection_method": "webmercator_hash_v1",
        "value": 604
      },
      "type": "Feature"
    },
    {
      "geometry": {
        "coordinates": [
          11.373336,
          -68.329561
        ],
        "type": "Point"
      },
      "properties": {
        "cipher": "QWER",
        "has_phrases": false,
        "mode": "value_domain",
        "phrase_count": 0,
        "phrases": [],
        "projection": "webmercator_hash_v1",
        "projection_method": "webmercator_hash_v1",
        "value": 605
      },
      "type": "Feature"
    },
    {
      "geometry": {
        "coordinates": [
          -21.968505,
          -42.056874
        ],
        "type": "Point"
      },
      "properties": {
        "cipher": "QWER",
        "has_phrases": false,
        "mode": "value_domain",
        "phrase_count": 0,
        "phrases": [],
        "projection": "webmercator_hash_v1",
        "projection_method": "webmercator_hash_v1",
        "value": 606
      },
      "type": "Feature"
    },
    {
      "geometry": {
        "coordinates": [
          -121.08854,
          69.773941
        ],
        "type": "Point"
      },
      "properties": {
        "cipher": "QWER",
        "has_phrases": false,
        "mode": "value_domain",
        "phrase_count": 0,
        "phrases": [],
        "projection": "webmercator_hash_v1",
        "projection_method": "webmercator_hash_v1",
        "value": 607
      },
      "type": "Feature"
    },
    {
      "geometry": {
        "coordinates": [
          -50.360662,
          49.470718
        ],
        "type": "Point"
      },
      "properties": {
        "cipher": "QWER",
        "has_phrases": false,
        "mode": "value_domain",
        "phrase_count": 0,
        "phrases": [],
        "projection": "webmercator_hash_v1",
        "projection_method": "webmercator_hash_v1",
        "value": 608
      },
      "type": "Feature"
    },
    {
      "geometry": {
        "coordinates": [
          -32.779889,
          -37.934529
        ],
        "type": "Point"
      },
      "properties": {
        "cipher": "QWER",
        "has_phrases": false,
        "mode": "value_domain",
        "phrase_count": 0,
        "phrases": [],
        "projection": "webmercator_hash_v1",
        "projection_method": "webmercator_hash_v1",
        "value": 609
      },
      "type": "Feature"
    },
    {
      "geometry": {
        "coordinates": [
          73.757285,
          16.819359
        ],
        "type": "Point"
      },
      "properties": {
        "cipher": "QWER",
        "has_phrases": false,
        "mode": "value_domain",
        "phrase_count": 0,
        "phrases": [],
        "projection": "webmercator_hash_v1",
        "projection_method": "webmercator_hash_v1",
        "value": 610
      },
      "type": "Feature"
    },
    {
      "geometry": {
        "coordinates": [
          -176.609601,
          -60.259556
        ],
        "type": "Point"
      },
      "properties": {
        "cipher": "QWER",
        "has_phrases": false,
        "mode": "value_domain",
        "phrase_count": 0,
        "phrases": [],
        "projection": "webmercator_hash_v1",
        "projection_method": "webmercator_hash_v1",
        "value": 611
      },
      "type": "Feature"
    },
    {
      "geometry": {
        "coordinates": [
          159.986106,
          77.610471
        ],
        "type": "Point"
      },
      "properties": {
        "cipher": "QWER",
        "has_phrases": false,
        "mode": "value_domain",
        "phrase_count": 0,
        "phrases": [],
        "projection": "webmercator_hash_v1",
        "projection_method": "webmercator_hash_v1",
        "value": 612
      },
      "type": "Feature"
    },
    {
      "geometry": {
        "coordinates": [
          -82.13295,
          77.543634
        ],
        "type": "Point"
      },
      "properties": {
        "cipher": "QWER",
        "has_phrases": false,
        "mode": "value_domain",
        "phrase_count": 0,
        "phrases": [],
        "projection": "webmercator_hash_v1",
        "projection_method": "webmercator_hash_v1",
        "value": 613
      },
      "type": "Feature"
    },
    {
      "geometry": {
        "coordinates": [
          82.939406,
          58.962879
        ],
        "type": "Point"
      },
      "properties": {
        "cipher": "QWER",
        "has_phrases": false,
        "mode": "value_domain",
        "phrase_count": 0,
        "phrases": [],
        "projection": "webmercator_hash_v1",
        "projection_method": "webmercator_hash_v1",
        "value": 614
      },
      "type": "Feature"
    },
    {
      "geometry": {
        "coordinates": [
          96.902762,
          -84.933447
        ],
        "type": "Point"
      },
      "properties": {
        "cipher": "QWER",
        "has_phrases": false,
        "mode": "value_domain",
        "phrase_count": 0,
        "phrases": [],
        "projection": "webmercator_hash_v1",
        "projection_method": "webmercator_hash_v1",
        "value": 615
      },
      "type": "Feature"
    },
    {
      "geometry": {
        "coordinates": [
          -154.951895,
          -67.441392
        ],
        "type": "Point"
      },
      "properties": {
        "cipher": "QWER",
        "has_phrases": false,
        "mode": "value_domain",
        "phrase_count": 0,
        "phrases": [],
        "projection": "webmercator_hash_v1",
        "projection_method": "webmercator_hash_v1",
        "value": 616
      },
      "type": "Feature"
    },
    {
      "geometry": {
        "coordinates": [
          -152.483453,
          8.154082
        ],
        "type": "Point"
      },
      "properties": {
        "cipher": "QWER",
        "has_phrases": false,
        "mode": "value_domain",
        "phrase_count": 0,
        "phrases": [],
        "projection": "webmercator_hash_v1",
        "projection_method": "webmercator_hash_v1",
        "value": 617
      },
      "type": "Feature"
    },
    {
      "geometry": {
        "coordinates": [
          -101.080537,
          80.291091
        ],
        "type": "Point"
      },
      "properties": {
        "cipher": "QWER",
        "has_phrases": false,
        "mode": "value_domain",
        "phrase_count": 0,
        "phrases": [],
        "projection": "webmercator_hash_v1",
        "projection_method": "webmercator_hash_v1",
        "value": 618
      },
      "type": "Feature"
    },
    {
      "geometry": {
        "coordinates": [
          -123.205777,
          21.338491
        ],
        "type": "Point"
      },
      "properties": {
        "cipher": "QWER",
        "has_phrases": false,
        "mode": "value_domain",
        "phrase_count": 0,
        "phrases": [],
        "projection": "webmercator_hash_v1",
        "projection_method": "webmercator_hash_v1",
        "value": 619
      },
      "type": "Feature"
    },
    {
      "geometry": {
        "coordinates": [
          -146.081411,
          -3.867029
        ],
        "type": "Point"
      },
      "properties": {
        "cipher": "QWER",
        "has_phrases": false,
        "mode": "value_domain",
        "phrase_count": 0,
        "phrases": [],
        "projection": "webmercator_hash_v1",
        "projection_method": "webmercator_hash_v1",
        "value": 620
      },
      "type": "Feature"
    },
    {
      "geometry": {
        "coordinates": [
          -20.084282,
          -60.80341
        ],
        "type": "Point"
      },
      "properties": {
        "cipher": "QWER",
        "has_phrases": false,
        "mode": "value_domain",
        "phrase_count": 0,
        "phrases": [],
        "projection": "webmercator_hash_v1",
        "projection_method": "webmercator_hash_v1",
        "value": 621
      },
      "type": "Feature"
    },
    {
      "geometry": {
        "coordinates": [
          -129.854532,
          26.461051
        ],
        "type": "Point"
      },
      "properties": {
        "cipher": "QWER",
        "has_phrases": false,
        "mode": "value_domain",
        "phrase_count": 0,
        "phrases": [],
        "projection": "webmercator_hash_v1",
        "projection_method": "webmercator_hash_v1",
        "value": 622
      },
      "type": "Feature"
    },
    {
      "geometry": {
        "coordinates": [
          19.349373,
          13.000331
        ],
        "type": "Point"
      },
      "properties": {
        "cipher": "QWER",
        "has_phrases": false,
        "mode": "value_domain",
        "phrase_count": 0,
        "phrases": [],
        "projection": "webmercator_hash_v1",
        "projection_method": "webmercator_hash_v1",
        "value": 623
      },
      "type": "Feature"
    },
    {
      "geometry": {
        "coordinates": [
          -14.009734,
          -4.150435
        ],
        "type": "Point"
      },
      "properties": {
        "cipher": "QWER",
        "has_phrases": false,
        "mode": "value_domain",
        "phrase_count": 0,
        "phrases": [],
        "projection": "webmercator_hash_v1",
        "projection_method": "webmercator_hash_v1",
        "value": 624
      },
      "type": "Feature"
    },
    {
      "geometry": {
        "coordinates": [
          -31.263243,
          72.45954
        ],
        "type": "Point"
      },
      "properties": {
        "cipher": "QWER",
        "has_phrases": false,
        "mode": "value_domain",
        "phrase_count": 0,
        "phrases": [],
        "projection": "webmercator_hash_v1",
        "projection_method": "webmercator_hash_v1",
        "value": 625
      },
      "type": "Feature"
    },
    {
      "geometry": {
        "coordinates": [
          -3.329033,
          20.814007
        ],
        "type": "Point"
      },
      "properties": {
        "cipher": "QWER",
        "has_phrases": false,
        "mode": "value_domain",
        "phrase_count": 0,
        "phrases": [],
        "projection": "webmercator_hash_v1",
        "projection_method": "webmercator_hash_v1",
        "value": 626
      },
      "type": "Feature"
    },
    {
      "geometry": {
        "coordinates": [
          -159.656649,
          -72.476645
        ],
        "type": "Point"
      },
      "properties": {
        "cipher": "QWER",
        "has_phrases": false,
        "mode": "value_domain",
        "phrase_count": 0,
        "phrases": [],
        "projection": "webmercator_hash_v1",
        "projection_method": "webmercator_hash_v1",
        "value": 627
      },
      "type": "Feature"
    },
    {
      "geometry": {
        "coordinates": [
          -89.884311,
          -45.920011
        ],
        "type": "Point"
      },
      "properties": {
        "cipher": "QWER",
        "has_phrases": false,
        "mode": "value_domain",
        "phrase_count": 0,
        "phrases": [],
        "projection": "webmercator_hash_v1",
        "projection_method": "webmercator_hash_v1",
        "value": 628
      },
      "type": "Feature"
    },
    {
      "geometry": {
        "coordinates": [
          -129.708436,
          36.731845
        ],
        "type": "Point"
      },
      "properties": {
        "cipher": "QWER",
        "has_phrases": false,
        "mode": "value_domain",
        "phrase_count": 0,
        "phrases": [],
        "projection": "webmercator_hash_v1",
        "projection_method": "webmercator_hash_v1",
        "value": 629
      },
      "type": "Feature"
    },
    {
      "geometry": {
        "coordinates": [
          109.442302,
          3.131405
        ],
        "type": "Point"
      },
      "properties": {
        "cipher": "QWER",
        "has_phrases": false,
        "mode": "value_domain",
        "phrase_count": 0,
        "phrases": [],
        "projection": "webmercator_hash_v1",
        "projection_method": "webmercator_hash_v1",
        "value": 630
      },
      "type": "Feature"
    },
    {
      "geometry": {
        "coordinates": [
          103.539346,
          57.276679
        ],
        "type": "Point"
      },
      "properties": {
        "cipher": "QWER",
        "has_phrases": false,
        "mode": "value_domain",
        "phrase_count": 0,
        "phrases": [],
        "projection": "webmercator_hash_v1",
        "projection_method": "webmercator_hash_v1",
        "value": 631
      },
      "type": "Feature"
    },
    {
      "geometry": {
        "coordinates": [
          52.087191,
          -26.465668
        ],
        "type": "Point"
      },
      "properties": {
        "cipher": "QWER",
        "has_phrases": false,
        "mode": "value_domain",
        "phrase_count": 0,
        "phrases": [],
        "projection": "webmercator_hash_v1",
        "projection_method": "webmercator_hash_v1",
        "value": 632
      },
      "type": "Feature"
    },
    {
      "geometry": {
        "coordinates": [
          64.405613,
          -52.338895
        ],
        "type": "Point"
      },
      "properties": {
        "cipher": "QWER",
        "has_phrases": false,
        "mode": "value_domain",
        "phrase_count": 0,
        "phrases": [],
        "projection": "webmercator_hash_v1",
        "projection_method": "webmercator_hash_v1",
        "value": 633
      },
      "type": "Feature"
    },
    {
      "geometry": {
        "coordinates": [
          -45.419461,
          8.024625
        ],
        "type": "Point"
      },
      "properties": {
        "cipher": "QWER",
        "has_phrases": false,
        "mode": "value_domain",
        "phrase_count": 0,
        "phrases": [],
        "projection": "webmercator_hash_v1",
        "projection_method": "webmercator_hash_v1",
        "value": 634
      },
      "type": "Feature"
    },
    {
      "geometry": {
        "coordinates": [
          -101.263539,
          67.774919
        ],
        "type": "Point"
      },
      "properties": {
        "cipher": "QWER",
        "has_phrases": false,
        "mode": "value_domain",
        "phrase_count": 0,
        "phrases": [],
        "projection": "webmercator_hash_v1",
        "projection_method": "webmercator_hash_v1",
        "value": 635
      },
      "type": "Feature"
    },
    {
      "geometry": {
        "coordinates": [
          -21.728285,
          45.904206
        ],
        "type": "Point"
      },
      "properties": {
        "cipher": "QWER",
        "has_phrases": false,
        "mode": "value_domain",
        "phrase_count": 0,
        "phrases": [],
        "projection": "webmercator_hash_v1",
        "projection_method": "webmercator_hash_v1",
        "value": 636
      },
      "type": "Feature"
    },
    {
      "geometry": {
        "coordinates": [
          85.596255,
          40.287467
        ],
        "type": "Point"
      },
      "properties": {
        "cipher": "QWER",
        "has_phrases": false,
        "mode": "value_domain",
        "phrase_count": 0,
        "phrases": [],
        "projection": "webmercator_hash_v1",
        "projection_method": "webmercator_hash_v1",
        "value": 637
      },
      "type": "Feature"
    },
    {
      "geometry": {
        "coordinates": [
          101.748706,
          -84.403309
        ],
        "type": "Point"
      },
      "properties": {
        "cipher": "QWER",
        "has_phrases": false,
        "mode": "value_domain",
        "phrase_count": 0,
        "phrases": [],
        "projection": "webmercator_hash_v1",
        "projection_method": "webmercator_hash_v1",
        "value": 638
      },
      "type": "Feature"
    },
    {
      "geometry": {
        "coordinates": [
          -67.166969,
          47.364526
        ],
        "type": "Point"
      },
      "properties": {
        "cipher": "QWER",
        "has_phrases": false,
        "mode": "value_domain",
        "phrase_count": 0,
        "phrases": [],
        "projection": "webmercator_hash_v1",
        "projection_method": "webmercator_hash_v1",
        "value": 639
      },
      "type": "Feature"
    },
    {
      "geometry": {
        "coordinates": [
          148.929936,
          28.399429
        ],
        "type": "Point"
      },
      "properties": {
        "cipher": "QWER",
        "has_phrases": false,
        "mode": "value_domain",
        "phrase_count": 0,
        "phrases": [],
        "projection": "webmercator_hash_v1",
        "projection_method": "webmercator_hash_v1",
        "value": 640
      },
      "type": "Feature"
    },
    {
      "geometry": {
        "coordinates": [
          48.491615,
          -27.511087
        ],
        "type": "Point"
      },
      "properties": {
        "cipher": "QWER",
        "has_phrases": false,
        "mode": "value_domain",
        "phrase_count": 0,
        "phrases": [],
        "projection": "webmercator_hash_v1",
        "projection_method": "webmercator_hash_v1",
        "value": 641
      },
      "type": "Feature"
    },
    {
      "geometry": {
        "coordinates": [
          -63.260176,
          -8.39749
        ],
        "type": "Point"
      },
      "properties": {
        "cipher": "QWER",
        "has_phrases": false,
        "mode": "value_domain",
        "phrase_count": 0,
        "phrases": [],
        "projection": "webmercator_hash_v1",
        "projection_method": "webmercator_hash_v1",
        "value": 642
      },
      "type": "Feature"
    },
    {
      "geometry": {
        "coordinates": [
          92.332727,
          -62.289132
        ],
        "type": "Point"
      },
      "properties": {
        "cipher": "QWER",
        "has_phrases": false,
        "mode": "value_domain",
        "phrase_count": 0,
        "phrases": [],
        "projection": "webmercator_hash_v1",
        "projection_method": "webmercator_hash_v1",
        "value": 643
      },
      "type": "Feature"
    },
    {
      "geometry": {
        "coordinates": [
          -145.193045,
          -18.12047
        ],
        "type": "Point"
      },
      "properties": {
        "cipher": "QWER",
        "has_phrases": false,
        "mode": "value_domain",
        "phrase_count": 0,
        "phrases": [],
        "projection": "webmercator_hash_v1",
        "projection_method": "webmercator_hash_v1",
        "value": 644
      },
      "type": "Feature"
    },
    {
      "geometry": {
        "coordinates": [
          -125.462988,
          47.128692
        ],
        "type": "Point"
      },
      "properties": {
        "cipher": "QWER",
        "has_phrases": false,
        "mode": "value_domain",
        "phrase_count": 0,
        "phrases": [],
        "projection": "webmercator_hash_v1",
        "projection_method": "webmercator_hash_v1",
        "value": 645
      },
      "type": "Feature"
    },
    {
      "geometry": {
        "coordinates": [
          -163.518657,
          -50.066764
        ],
        "type": "Point"
      },
      "properties": {
        "cipher": "QWER",
        "has_phrases": false,
        "mode": "value_domain",
        "phrase_count": 0,
        "phrases": [],
        "projection": "webmercator_hash_v1",
        "projection_method": "webmercator_hash_v1",
        "value": 646
      },
      "type": "Feature"
    },
    {
      "geometry": {
        "coordinates": [
          14.92464,
          83.406489
        ],
        "type": "Point"
      },
      "properties": {
        "cipher": "QWER",
        "has_phrases": false,
        "mode": "value_domain",
        "phrase_count": 0,
        "phrases": [],
        "projection": "webmercator_hash_v1",
        "projection_method": "webmercator_hash_v1",
        "value": 647
      },
      "type": "Feature"
    },
    {
      "geometry": {
        "coordinates": [
          -107.696732,
          3.071607
        ],
        "type": "Point"
      },
      "properties": {
        "cipher": "QWER",
        "has_phrases": false,
        "mode": "value_domain",
        "phrase_count": 0,
        "phrases": [],
        "projection": "webmercator_hash_v1",
        "projection_method": "webmercator_hash_v1",
        "value": 648
      },
      "type": "Feature"
    },
    {
      "geometry": {
        "coordinates": [
          -54.252504,
          -46.368162
        ],
        "type": "Point"
      },
      "properties": {
        "cipher": "QWER",
        "has_phrases": false,
        "mode": "value_domain",
        "phrase_count": 0,
        "phrases": [],
        "projection": "webmercator_hash_v1",
        "projection_method": "webmercator_hash_v1",
        "value": 649
      },
      "type": "Feature"
    },
    {
      "geometry": {
        "coordinates": [
          -43.098723,
          47.119758
        ],
        "type": "Point"
      },
      "properties": {
        "cipher": "QWER",
        "has_phrases": false,
        "mode": "value_domain",
        "phrase_count": 0,
        "phrases": [],
        "projection": "webmercator_hash_v1",
        "projection_method": "webmercator_hash_v1",
        "value": 650
      },
      "type": "Feature"
    },
    {
      "geometry": {
        "coordinates": [
          98.715456,
          79.729621
        ],
        "type": "Point"
      },
      "properties": {
        "cipher": "QWER",
        "has_phrases": false,
        "mode": "value_domain",
        "phrase_count": 0,
        "phrases": [],
        "projection": "webmercator_hash_v1",
        "projection_method": "webmercator_hash_v1",
        "value": 651
      },
      "type": "Feature"
    },
    {
      "geometry": {
        "coordinates": [
          -101.88151,
          12.709587
        ],
        "type": "Point"
      },
      "properties": {
        "cipher": "QWER",
        "has_phrases": false,
        "mode": "value_domain",
        "phrase_count": 0,
        "phrases": [],
        "projection": "webmercator_hash_v1",
        "projection_method": "webmercator_hash_v1",
        "value": 652
      },
      "type": "Feature"
    },
    {
      "geometry": {
        "coordinates": [
          -63.199776,
          4.143449
        ],
        "type": "Point"
      },
      "properties": {
        "cipher": "QWER",
        "has_phrases": false,
        "mode": "value_domain",
        "phrase_count": 0,
        "phrases": [],
        "projection": "webmercator_hash_v1",
        "projection_method": "webmercator_hash_v1",
        "value": 653
      },
      "type": "Feature"
    },
    {
      "geometry": {
        "coordinates": [
          22.099618,
          42.603886
        ],
        "type": "Point"
      },
      "properties": {
        "cipher": "QWER",
        "has_phrases": false,
        "mode": "value_domain",
        "phrase_count": 0,
        "phrases": [],
        "projection": "webmercator_hash_v1",
        "projection_method": "webmercator_hash_v1",
        "value": 654
      },
      "type": "Feature"
    },
    {
      "geometry": {
        "coordinates": [
          11.686051,
          -59.60186
        ],
        "type": "Point"
      },
      "properties": {
        "cipher": "QWER",
        "has_phrases": false,
        "mode": "value_domain",
        "phrase_count": 0,
        "phrases": [],
        "projection": "webmercator_hash_v1",
        "projection_method": "webmercator_hash_v1",
        "value": 655
      },
      "type": "Feature"
    },
    {
      "geometry": {
        "coordinates": [
          1.764152,
          -25.104185
        ],
        "type": "Point"
      },
      "properties": {
        "cipher": "QWER",
        "has_phrases": false,
        "mode": "value_domain",
        "phrase_count": 0,
        "phrases": [],
        "projection": "webmercator_hash_v1",
        "projection_method": "webmercator_hash_v1",
        "value": 656
      },
      "type": "Feature"
    },
    {
      "geometry": {
        "coordinates": [
          53.474788,
          7.277128
        ],
        "type": "Point"
      },
      "properties": {
        "cipher": "QWER",
        "has_phrases": false,
        "mode": "value_domain",
        "phrase_count": 0,
        "phrases": [],
        "projection": "webmercator_hash_v1",
        "projection_method": "webmercator_hash_v1",
        "value": 657
      },
      "type": "Feature"
    },
    {
      "geometry": {
        "coordinates": [
          175.407452,
          -0.385093
        ],
        "type": "Point"
      },
      "properties": {
        "cipher": "QWER",
        "has_phrases": false,
        "mode": "value_domain",
        "phrase_count": 0,
        "phrases": [],
        "projection": "webmercator_hash_v1",
        "projection_method": "webmercator_hash_v1",
        "value": 658
      },
      "type": "Feature"
    },
    {
      "geometry": {
        "coordinates": [
          154.275134,
          -6.531608
        ],
        "type": "Point"
      },
      "properties": {
        "cipher": "QWER",
        "has_phrases": false,
        "mode": "value_domain",
        "phrase_count": 0,
        "phrases": [],
        "projection": "webmercator_hash_v1",
        "projection_method": "webmercator_hash_v1",
        "value": 659
      },
      "type": "Feature"
    },
    {
      "geometry": {
        "coordinates": [
          10.513242,
          55.721329
        ],
        "type": "Point"
      },
      "properties": {
        "cipher": "QWER",
        "has_phrases": false,
        "mode": "value_domain",
        "phrase_count": 0,
        "phrases": [],
        "projection": "webmercator_hash_v1",
        "projection_method": "webmercator_hash_v1",
        "value": 660
      },
      "type": "Feature"
    },
    {
      "geometry": {
        "coordinates": [
          -23.490321,
          -38.211562
        ],
        "type": "Point"
      },
      "properties": {
        "cipher": "QWER",
        "has_phrases": false,
        "mode": "value_domain",
        "phrase_count": 0,
        "phrases": [],
        "projection": "webmercator_hash_v1",
        "projection_method": "webmercator_hash_v1",
        "value": 661
      },
      "type": "Feature"
    },
    {
      "geometry": {
        "coordinates": [
          59.310438,
          -9.93873
        ],
        "type": "Point"
      },
      "properties": {
        "cipher": "QWER",
        "has_phrases": false,
        "mode": "value_domain",
        "phrase_count": 0,
        "phrases": [],
        "projection": "webmercator_hash_v1",
        "projection_method": "webmercator_hash_v1",
        "value": 662
      },
      "type": "Feature"
    },
    {
      "geometry": {
        "coordinates": [
          97.018291,
          -49.245694
        ],
        "type": "Point"
      },
      "properties": {
        "cipher": "QWER",
        "has_phrases": false,
        "mode": "value_domain",
        "phrase_count": 0,
        "phrases": [],
        "projection": "webmercator_hash_v1",
        "projection_method": "webmercator_hash_v1",
        "value": 663
      },
      "type": "Feature"
    },
    {
      "geometry": {
        "coordinates": [
          -129.278677,
          60.630932
        ],
        "type": "Point"
      },
      "properties": {
        "cipher": "QWER",
        "has_phrases": false,
        "mode": "value_domain",
        "phrase_count": 0,
        "phrases": [],
        "projection": "webmercator_hash_v1",
        "projection_method": "webmercator_hash_v1",
        "value": 664
      },
      "type": "Feature"
    },
    {
      "geometry": {
        "coordinates": [
          -171.435818,
          -11.650708
        ],
        "type": "Point"
      },
      "properties": {
        "cipher": "QWER",
        "has_phrases": false,
        "mode": "value_domain",
        "phrase_count": 0,
        "phrases": [],
        "projection": "webmercator_hash_v1",
        "projection_method": "webmercator_hash_v1",
        "value": 665
      },
      "type": "Feature"
    },
    {
      "geometry": {
        "coordinates": [
          122.065478,
          -40.321606
        ],
        "type": "Point"
      },
      "properties": {
        "cipher": "QWER",
        "has_phrases": false,
        "mode": "value_domain",
        "phrase_count": 0,
        "phrases": [],
        "projection": "webmercator_hash_v1",
        "projection_method": "webmercator_hash_v1",
        "value": 666
      },
      "type": "Feature"
    },
    {
      "geometry": {
        "coordinates": [
          -177.608357,
          -29.816938
        ],
        "type": "Point"
      },
      "properties": {
        "cipher": "QWER",
        "has_phrases": false,
        "mode": "value_domain",
        "phrase_count": 0,
        "phrases": [],
        "projection": "webmercator_hash_v1",
        "projection_method": "webmercator_hash_v1",
        "value": 667
      },
      "type": "Feature"
    },
    {
      "geometry": {
        "coordinates": [
          -4.275891,
          61.521076
        ],
        "type": "Point"
      },
      "properties": {
        "cipher": "QWER",
        "has_phrases": false,
        "mode": "value_domain",
        "phrase_count": 0,
        "phrases": [],
        "projection": "webmercator_hash_v1",
        "projection_method": "webmercator_hash_v1",
        "value": 668
      },
      "type": "Feature"
    },
    {
      "geometry": {
        "coordinates": [
          129.327349,
          20.768131
        ],
        "type": "Point"
      },
      "properties": {
        "cipher": "QWER",
        "has_phrases": false,
        "mode": "value_domain",
        "phrase_count": 0,
        "phrases": [],
        "projection": "webmercator_hash_v1",
        "projection_method": "webmercator_hash_v1",
        "value": 669
      },
      "type": "Feature"
    },
    {
      "geometry": {
        "coordinates": [
          101.249844,
          -34.000302
        ],
        "type": "Point"
      },
      "properties": {
        "cipher": "QWER",
        "has_phrases": false,
        "mode": "value_domain",
        "phrase_count": 0,
        "phrases": [],
        "projection": "webmercator_hash_v1",
        "projection_method": "webmercator_hash_v1",
        "value": 670
      },
      "type": "Feature"
    },
    {
      "geometry": {
        "coordinates": [
          63.73627,
          -57.085013
        ],
        "type": "Point"
      },
      "properties": {
        "cipher": "QWER",
        "has_phrases": false,
        "mode": "value_domain",
        "phrase_count": 0,
        "phrases": [],
        "projection": "webmercator_hash_v1",
        "projection_method": "webmercator_hash_v1",
        "value": 671
      },
      "type": "Feature"
    },
    {
      "geometry": {
        "coordinates": [
          15.059822,
          -18.873778
        ],
        "type": "Point"
      },
      "properties": {
        "cipher": "QWER",
        "has_phrases": false,
        "mode": "value_domain",
        "phrase_count": 0,
        "phrases": [],
        "projection": "webmercator_hash_v1",
        "projection_method": "webmercator_hash_v1",
        "value": 672
      },
      "type": "Feature"
    },
    {
      "geometry": {
        "coordinates": [
          -3.769641,
          52.822995
        ],
        "type": "Point"
      },
      "properties": {
        "cipher": "QWER",
        "has_phrases": false,
        "mode": "value_domain",
        "phrase_count": 0,
        "phrases": [],
        "projection": "webmercator_hash_v1",
        "projection_method": "webmercator_hash_v1",
        "value": 673
      },
      "type": "Feature"
    },
    {
      "geometry": {
        "coordinates": [
          -149.98513,
          54.395013
        ],
        "type": "Point"
      },
      "properties": {
        "cipher": "QWER",
        "has_phrases": false,
        "mode": "value_domain",
        "phrase_count": 0,
        "phrases": [],
        "projection": "webmercator_hash_v1",
        "projection_method": "webmercator_hash_v1",
        "value": 674
      },
      "type": "Feature"
    },
    {
      "geometry": {
        "coordinates": [
          -170.918691,
          -46.036765
        ],
        "type": "Point"
      },
      "properties": {
        "cipher": "QWER",
        "has_phrases": false,
        "mode": "value_domain",
        "phrase_count": 0,
        "phrases": [],
        "projection": "webmercator_hash_v1",
        "projection_method": "webmercator_hash_v1",
        "value": 675
      },
      "type": "Feature"
    },
    {
      "geometry": {
        "coordinates": [
          13.055567,
          14.177757
        ],
        "type": "Point"
      },
      "properties": {
        "cipher": "QWER",
        "has_phrases": false,
        "mode": "value_domain",
        "phrase_count": 0,
        "phrases": [],
        "projection": "webmercator_hash_v1",
        "projection_method": "webmercator_hash_v1",
        "value": 676
      },
      "type": "Feature"
    },
    {
      "geometry": {
        "coordinates": [
          -160.278509,
          -23.423187
        ],
        "type": "Point"
      },
      "properties": {
        "cipher": "QWER",
        "has_phrases": false,
        "mode": "value_domain",
        "phrase_count": 0,
        "phrases": [],
        "projection": "webmercator_hash_v1",
        "projection_method": "webmercator_hash_v1",
        "value": 677
      },
      "type": "Feature"
    },
    {
      "geometry": {
        "coordinates": [
          -105.81628,
          4.114508
        ],
        "type": "Point"
      },
      "properties": {
        "cipher": "QWER",
        "has_phrases": false,
        "mode": "value_domain",
        "phrase_count": 0,
        "phrases": [],
        "projection": "webmercator_hash_v1",
        "projection_method": "webmercator_hash_v1",
        "value": 678
      },
      "type": "Feature"
    },
    {
      "geometry": {
        "coordinates": [
          -10.462945,
          72.955103
        ],
        "type": "Point"
      },
      "properties": {
        "cipher": "QWER",
        "has_phrases": false,
        "mode": "value_domain",
        "phrase_count": 0,
        "phrases": [],
        "projection": "webmercator_hash_v1",
        "projection_method": "webmercator_hash_v1",
        "value": 679
      },
      "type": "Feature"
    },
    {
      "geometry": {
        "coordinates": [
          171.784035,
          76.002427
        ],
        "type": "Point"
      },
      "properties": {
        "cipher": "QWER",
        "has_phrases": false,
        "mode": "value_domain",
        "phrase_count": 0,
        "phrases": [],
        "projection": "webmercator_hash_v1",
        "projection_method": "webmercator_hash_v1",
        "value": 680
      },
      "type": "Feature"
    },
    {
      "geometry": {
        "coordinates": [
          12.470589,
          73.139466
        ],
        "type": "Point"
      },
      "properties": {
        "cipher": "QWER",
        "has_phrases": false,
        "mode": "value_domain",
        "phrase_count": 0,
        "phrases": [],
        "projection": "webmercator_hash_v1",
        "projection_method": "webmercator_hash_v1",
        "value": 681
      },
      "type": "Feature"
    },
    {
      "geometry": {
        "coordinates": [
          -178.13568,
          -81.149758
        ],
        "type": "Point"
      },
      "properties": {
        "cipher": "QWER",
        "has_phrases": false,
        "mode": "value_domain",
        "phrase_count": 0,
        "phrases": [],
        "projection": "webmercator_hash_v1",
        "projection_method": "webmercator_hash_v1",
        "value": 682
      },
      "type": "Feature"
    },
    {
      "geometry": {
        "coordinates": [
          21.893692,
          -39.727436
        ],
        "type": "Point"
      },
      "properties": {
        "cipher": "QWER",
        "has_phrases": false,
        "mode": "value_domain",
        "phrase_count": 0,
        "phrases": [],
        "projection": "webmercator_hash_v1",
        "projection_method": "webmercator_hash_v1",
        "value": 683
      },
      "type": "Feature"
    },
    {
      "geometry": {
        "coordinates": [
          -106.208203,
          3.181232
        ],
        "type": "Point"
      },
      "properties": {
        "cipher": "QWER",
        "has_phrases": false,
        "mode": "value_domain",
        "phrase_count": 0,
        "phrases": [],
        "projection": "webmercator_hash_v1",
        "projection_method": "webmercator_hash_v1",
        "value": 684
      },
      "type": "Feature"
    },
    {
      "geometry": {
        "coordinates": [
          100.537581,
          -10.59466
        ],
        "type": "Point"
      },
      "properties": {
        "cipher": "QWER",
        "has_phrases": false,
        "mode": "value_domain",
        "phrase_count": 0,
        "phrases": [],
        "projection": "webmercator_hash_v1",
        "projection_method": "webmercator_hash_v1",
        "value": 685
      },
      "type": "Feature"
    },
    {
      "geometry": {
        "coordinates": [
          -105.267128,
          -53.337042
        ],
        "type": "Point"
      },
      "properties": {
        "cipher": "QWER",
        "has_phrases": false,
        "mode": "value_domain",
        "phrase_count": 0,
        "phrases": [],
        "projection": "webmercator_hash_v1",
        "projection_method": "webmercator_hash_v1",
        "value": 686
      },
      "type": "Feature"
    },
    {
      "geometry": {
        "coordinates": [
          75.813141,
          -74.466513
        ],
        "type": "Point"
      },
      "properties": {
        "cipher": "QWER",
        "has_phrases": false,
        "mode": "value_domain",
        "phrase_count": 0,
        "phrases": [],
        "projection": "webmercator_hash_v1",
        "projection_method": "webmercator_hash_v1",
        "value": 687
      },
      "type": "Feature"
    },
    {
      "geometry": {
        "coordinates": [
          -158.118461,
          -5.478199
        ],
        "type": "Point"
      },
      "properties": {
        "cipher": "QWER",
        "has_phrases": false,
        "mode": "value_domain",
        "phrase_count": 0,
        "phrases": [],
        "projection": "webmercator_hash_v1",
        "projection_method": "webmercator_hash_v1",
        "value": 688
      },
      "type": "Feature"
    },
    {
      "geometry": {
        "coordinates": [
          159.994324,
          40.265575
        ],
        "type": "Point"
      },
      "properties": {
        "cipher": "QWER",
        "has_phrases": false,
        "mode": "value_domain",
        "phrase_count": 0,
        "phrases": [],
        "projection": "webmercator_hash_v1",
        "projection_method": "webmercator_hash_v1",
        "value": 689
      },
      "type": "Feature"
    },
    {
      "geometry": {
        "coordinates": [
          -10.612873,
          -18.631587
        ],
        "type": "Point"
      },
      "properties": {
        "cipher": "QWER",
        "has_phrases": false,
        "mode": "value_domain",
        "phrase_count": 0,
        "phrases": [],
        "projection": "webmercator_hash_v1",
        "projection_method": "webmercator_hash_v1",
        "value": 690
      },
      "type": "Feature"
    },
    {
      "geometry": {
        "coordinates": [
          99.239832,
          -65.068954
        ],
        "type": "Point"
      },
      "properties": {
        "cipher": "QWER",
        "has_phrases": false,
        "mode": "value_domain",
        "phrase_count": 0,
        "phrases": [],
        "projection": "webmercator_hash_v1",
        "projection_method": "webmercator_hash_v1",
        "value": 691
      },
      "type": "Feature"
    },
    {
      "geometry": {
        "coordinates": [
          -60.975057,
          66.547795
        ],
        "type": "Point"
      },
      "properties": {
        "cipher": "QWER",
        "has_phrases": false,
        "mode": "value_domain",
        "phrase_count": 0,
        "phrases": [],
        "projection": "webmercator_hash_v1",
        "projection_method": "webmercator_hash_v1",
        "value": 692
      },
      "type": "Feature"
    },
    {
      "geometry": {
        "coordinates": [
          -138.186079,
          -75.288959
        ],
        "type": "Point"
      },
      "properties": {
        "cipher": "QWER",
        "has_phrases": false,
        "mode": "value_domain",
        "phrase_count": 0,
        "phrases": [],
        "projection": "webmercator_hash_v1",
        "projection_method": "webmercator_hash_v1",
        "value": 693
      },
      "type": "Feature"
    },
    {
      "geometry": {
        "coordinates": [
          4.67613,
          -32.144472
        ],
        "type": "Point"
      },
      "properties": {
        "cipher": "QWER",
        "has_phrases": false,
        "mode": "value_domain",
        "phrase_count": 0,
        "phrases": [],
        "projection": "webmercator_hash_v1",
        "projection_method": "webmercator_hash_v1",
        "value": 694
      },
      "type": "Feature"
    },
    {
      "geometry": {
        "coordinates": [
          169.888039,
          19.245604
        ],
        "type": "Point"
      },
      "properties": {
        "cipher": "QWER",
        "has_phrases": false,
        "mode": "value_domain",
        "phrase_count": 0,
        "phrases": [],
        "projection": "webmercator_hash_v1",
        "projection_method": "webmercator_hash_v1",
        "value": 695
      },
      "type": "Feature"
    },
    {
      "geometry": {
        "coordinates": [
          -65.846137,
          -0.798803
        ],
        "type": "Point"
      },
      "properties": {
        "cipher": "QWER",
        "has_phrases": false,
        "mode": "value_domain",
        "phrase_count": 0,
        "phrases": [],
        "projection": "webmercator_hash_v1",
        "projection_method": "webmercator_hash_v1",
        "value": 696
      },
      "type": "Feature"
    },
    {
      "geometry": {
        "coordinates": [
          -121.64887,
          -55.801005
        ],
        "type": "Point"
      },
      "properties": {
        "cipher": "QWER",
        "has_phrases": false,
        "mode": "value_domain",
        "phrase_count": 0,
        "phrases": [],
        "projection": "webmercator_hash_v1",
        "projection_method": "webmercator_hash_v1",
        "value": 697
      },
      "type": "Feature"
    },
    {
      "geometry": {
        "coordinates": [
          168.183323,
          62.053783
        ],
        "type": "Point"
      },
      "properties": {
        "cipher": "QWER",
        "has_phrases": false,
        "mode": "value_domain",
        "phrase_count": 0,
        "phrases": [],
        "projection": "webmercator_hash_v1",
        "projection_method": "webmercator_hash_v1",
        "value": 698
      },
      "type": "Feature"
    },
    {
      "geometry": {
        "coordinates": [
          95.520533,
          -58.086262
        ],
        "type": "Point"
      },
      "properties": {
        "cipher": "QWER",
        "has_phrases": false,
        "mode": "value_domain",
        "phrase_count": 0,
        "phrases": [],
        "projection": "webmercator_hash_v1",
        "projection_method": "webmercator_hash_v1",
        "value": 699
      },
      "type": "Feature"
    },
    {
      "geometry": {
        "coordinates": [
          36.932551,
          -17.580712
        ],
        "type": "Point"
      },
      "properties": {
        "cipher": "QWER",
        "has_phrases": false,
        "mode": "value_domain",
        "phrase_count": 0,
        "phrases": [],
        "projection": "webmercator_hash_v1",
        "projection_method": "webmercator_hash_v1",
        "value": 700
      },
      "type": "Feature"
    },
    {
      "geometry": {
        "coordinates": [
          104.409307,
          -30.077413
        ],
        "type": "Point"
      },
      "properties": {
        "cipher": "QWER",
        "has_phrases": false,
        "mode": "value_domain",
        "phrase_count": 0,
        "phrases": [],
        "projection": "webmercator_hash_v1",
        "projection_method": "webmercator_hash_v1",
        "value": 701
      },
      "type": "Feature"
    },
    {
      "geometry": {
        "coordinates": [
          -83.680611,
          36.8147
        ],
        "type": "Point"
      },
      "properties": {
        "cipher": "QWER",
        "has_phrases": false,
        "mode": "value_domain",
        "phrase_count": 0,
        "phrases": [],
        "projection": "webmercator_hash_v1",
        "projection_method": "webmercator_hash_v1",
        "value": 702
      },
      "type": "Feature"
    },
    {
      "geometry": {
        "coordinates": [
          -33.502142,
          63.617162
        ],
        "type": "Point"
      },
      "properties": {
        "cipher": "QWER",
        "has_phrases": false,
        "mode": "value_domain",
        "phrase_count": 0,
        "phrases": [],
        "projection": "webmercator_hash_v1",
        "projection_method": "webmercator_hash_v1",
        "value": 703
      },
      "type": "Feature"
    },
    {
      "geometry": {
        "coordinates": [
          159.554521,
          -1.792245
        ],
        "type": "Point"
      },
      "properties": {
        "cipher": "QWER",
        "has_phrases": false,
        "mode": "value_domain",
        "phrase_count": 0,
        "phrases": [],
        "projection": "webmercator_hash_v1",
        "projection_method": "webmercator_hash_v1",
        "value": 704
      },
      "type": "Feature"
    },
    {
      "geometry": {
        "coordinates": [
          -51.3537,
          -79.506179
        ],
        "type": "Point"
      },
      "properties": {
        "cipher": "QWER",
        "has_phrases": false,
        "mode": "value_domain",
        "phrase_count": 0,
        "phrases": [],
        "projection": "webmercator_hash_v1",
        "projection_method": "webmercator_hash_v1",
        "value": 705
      },
      "type": "Feature"
    },
    {
      "geometry": {
        "coordinates": [
          137.79036,
          58.902722
        ],
        "type": "Point"
      },
      "properties": {
        "cipher": "QWER",
        "has_phrases": false,
        "mode": "value_domain",
        "phrase_count": 0,
        "phrases": [],
        "projection": "webmercator_hash_v1",
        "projection_method": "webmercator_hash_v1",
        "value": 706
      },
      "type": "Feature"
    },
    {
      "geometry": {
        "coordinates": [
          -137.975144,
          84.489718
        ],
        "type": "Point"
      },
      "properties": {
        "cipher": "QWER",
        "has_phrases": false,
        "mode": "value_domain",
        "phrase_count": 0,
        "phrases": [],
        "projection": "webmercator_hash_v1",
        "projection_method": "webmercator_hash_v1",
        "value": 707
      },
      "type": "Feature"
    },
    {
      "geometry": {
        "coordinates": [
          -23.831382,
          -10.55408
        ],
        "type": "Point"
      },
      "properties": {
        "cipher": "QWER",
        "has_phrases": false,
        "mode": "value_domain",
        "phrase_count": 0,
        "phrases": [],
        "projection": "webmercator_hash_v1",
        "projection_method": "webmercator_hash_v1",
        "value": 708
      },
      "type": "Feature"
    },
    {
      "geometry": {
        "coordinates": [
          -37.01344,
          -69.104863
        ],
        "type": "Point"
      },
      "properties": {
        "cipher": "QWER",
        "has_phrases": false,
        "mode": "value_domain",
        "phrase_count": 0,
        "phrases": [],
        "projection": "webmercator_hash_v1",
        "projection_method": "webmercator_hash_v1",
        "value": 709
      },
      "type": "Feature"
    },
    {
      "geometry": {
        "coordinates": [
          43.438898,
          12.468136
        ],
        "type": "Point"
      },
      "properties": {
        "cipher": "QWER",
        "has_phrases": false,
        "mode": "value_domain",
        "phrase_count": 0,
        "phrases": [],
        "projection": "webmercator_hash_v1",
        "projection_method": "webmercator_hash_v1",
        "value": 710
      },
      "type": "Feature"
    },
    {
      "geometry": {
        "coordinates": [
          40.339393,
          26.13482
        ],
        "type": "Point"
      },
      "properties": {
        "cipher": "QWER",
        "has_phrases": false,
        "mode": "value_domain",
        "phrase_count": 0,
        "phrases": [],
        "projection": "webmercator_hash_v1",
        "projection_method": "webmercator_hash_v1",
        "value": 711
      },
      "type": "Feature"
    },
    {
      "geometry": {
        "coordinates": [
          53.557686,
          61.180717
        ],
        "type": "Point"
      },
      "properties": {
        "cipher": "QWER",
        "has_phrases": false,
        "mode": "value_domain",
        "phrase_count": 0,
        "phrases": [],
        "projection": "webmercator_hash_v1",
        "projection_method": "webmercator_hash_v1",
        "value": 712
      },
      "type": "Feature"
    },
    {
      "geometry": {
        "coordinates": [
          -6.825401,
          -10.178058
        ],
        "type": "Point"
      },
      "properties": {
        "cipher": "QWER",
        "has_phrases": false,
        "mode": "value_domain",
        "phrase_count": 0,
        "phrases": [],
        "projection": "webmercator_hash_v1",
        "projection_method": "webmercator_hash_v1",
        "value": 713
      },
      "type": "Feature"
    },
    {
      "geometry": {
        "coordinates": [
          -118.172598,
          -63.646937
        ],
        "type": "Point"
      },
      "properties": {
        "cipher": "QWER",
        "has_phrases": false,
        "mode": "value_domain",
        "phrase_count": 0,
        "phrases": [],
        "projection": "webmercator_hash_v1",
        "projection_method": "webmercator_hash_v1",
        "value": 714
      },
      "type": "Feature"
    },
    {
      "geometry": {
        "coordinates": [
          72.242245,
          -77.476972
        ],
        "type": "Point"
      },
      "properties": {
        "cipher": "QWER",
        "has_phrases": false,
        "mode": "value_domain",
        "phrase_count": 0,
        "phrases": [],
        "projection": "webmercator_hash_v1",
        "projection_method": "webmercator_hash_v1",
        "value": 715
      },
      "type": "Feature"
    },
    {
      "geometry": {
        "coordinates": [
          72.348113,
          58.859515
        ],
        "type": "Point"
      },
      "properties": {
        "cipher": "QWER",
        "has_phrases": false,
        "mode": "value_domain",
        "phrase_count": 0,
        "phrases": [],
        "projection": "webmercator_hash_v1",
        "projection_method": "webmercator_hash_v1",
        "value": 716
      },
      "type": "Feature"
    },
    {
      "geometry": {
        "coordinates": [
          164.21327,
          -48.23276
        ],
        "type": "Point"
      },
      "properties": {
        "cipher": "QWER",
        "has_phrases": false,
        "mode": "value_domain",
        "phrase_count": 0,
        "phrases": [],
        "projection": "webmercator_hash_v1",
        "projection_method": "webmercator_hash_v1",
        "value": 717
      },
      "type": "Feature"
    },
    {
      "geometry": {
        "coordinates": [
          69.413779,
          -46.788133
        ],
        "type": "Point"
      },
      "properties": {
        "cipher": "QWER",
        "has_phrases": false,
        "mode": "value_domain",
        "phrase_count": 0,
        "phrases": [],
        "projection": "webmercator_hash_v1",
        "projection_method": "webmercator_hash_v1",
        "value": 718
      },
      "type": "Feature"
    },
    {
      "geometry": {
        "coordinates": [
          113.575921,
          45.209358
        ],
        "type": "Point"
      },
      "properties": {
        "cipher": "QWER",
        "has_phrases": false,
        "mode": "value_domain",
        "phrase_count": 0,
        "phrases": [],
        "projection": "webmercator_hash_v1",
        "projection_method": "webmercator_hash_v1",
        "value": 719
      },
      "type": "Feature"
    },
    {
      "geometry": {
        "coordinates": [
          -132.713521,
          83.147891
        ],
        "type": "Point"
      },
      "properties": {
        "cipher": "QWER",
        "has_phrases": false,
        "mode": "value_domain",
        "phrase_count": 0,
        "phrases": [],
        "projection": "webmercator_hash_v1",
        "projection_method": "webmercator_hash_v1",
        "value": 720
      },
      "type": "Feature"
    },
    {
      "geometry": {
        "coordinates": [
          -38.900753,
          64.51147
        ],
        "type": "Point"
      },
      "properties": {
        "cipher": "QWER",
        "has_phrases": false,
        "mode": "value_domain",
        "phrase_count": 0,
        "phrases": [],
        "projection": "webmercator_hash_v1",
        "projection_method": "webmercator_hash_v1",
        "value": 721
      },
      "type": "Feature"
    },
    {
      "geometry": {
        "coordinates": [
          139.214117,
          65.457914
        ],
        "type": "Point"
      },
      "properties": {
        "cipher": "QWER",
        "has_phrases": false,
        "mode": "value_domain",
        "phrase_count": 0,
        "phrases": [],
        "projection": "webmercator_hash_v1",
        "projection_method": "webmercator_hash_v1",
        "value": 722
      },
      "type": "Feature"
    },
    {
      "geometry": {
        "coordinates": [
          89.154859,
          -43.941127
        ],
        "type": "Point"
      },
      "properties": {
        "cipher": "QWER",
        "has_phrases": false,
        "mode": "value_domain",
        "phrase_count": 0,
        "phrases": [],
        "projection": "webmercator_hash_v1",
        "projection_method": "webmercator_hash_v1",
        "value": 723
      },
      "type": "Feature"
    },
    {
      "geometry": {
        "coordinates": [
          163.688431,
          39.606935
        ],
        "type": "Point"
      },
      "properties": {
        "cipher": "QWER",
        "has_phrases": false,
        "mode": "value_domain",
        "phrase_count": 0,
        "phrases": [],
        "projection": "webmercator_hash_v1",
        "projection_method": "webmercator_hash_v1",
        "value": 724
      },
      "type": "Feature"
    },
    {
      "geometry": {
        "coordinates": [
          -0.570467,
          -45.34946
        ],
        "type": "Point"
      },
      "properties": {
        "cipher": "QWER",
        "has_phrases": false,
        "mode": "value_domain",
        "phrase_count": 0,
        "phrases": [],
        "projection": "webmercator_hash_v1",
        "projection_method": "webmercator_hash_v1",
        "value": 725
      },
      "type": "Feature"
    },
    {
      "geometry": {
        "coordinates": [
          -109.07894,
          72.350512
        ],
        "type": "Point"
      },
      "properties": {
        "cipher": "QWER",
        "has_phrases": false,
        "mode": "value_domain",
        "phrase_count": 0,
        "phrases": [],
        "projection": "webmercator_hash_v1",
        "projection_method": "webmercator_hash_v1",
        "value": 726
      },
      "type": "Feature"
    },
    {
      "geometry": {
        "coordinates": [
          21.391952,
          -71.862257
        ],
        "type": "Point"
      },
      "properties": {
        "cipher": "QWER",
        "has_phrases": false,
        "mode": "value_domain",
        "phrase_count": 0,
        "phrases": [],
        "projection": "webmercator_hash_v1",
        "projection_method": "webmercator_hash_v1",
        "value": 727
      },
      "type": "Feature"
    },
    {
      "geometry": {
        "coordinates": [
          82.739575,
          46.021259
        ],
        "type": "Point"
      },
      "properties": {
        "cipher": "QWER",
        "has_phrases": false,
        "mode": "value_domain",
        "phrase_count": 0,
        "phrases": [],
        "projection": "webmercator_hash_v1",
        "projection_method": "webmercator_hash_v1",
        "value": 728
      },
      "type": "Feature"
    },
    {
      "geometry": {
        "coordinates": [
          -24.749113,
          74.784487
        ],
        "type": "Point"
      },
      "properties": {
        "cipher": "QWER",
        "has_phrases": false,
        "mode": "value_domain",
        "phrase_count": 0,
        "phrases": [],
        "projection": "webmercator_hash_v1",
        "projection_method": "webmercator_hash_v1",
        "value": 729
      },
      "type": "Feature"
    },
    {
      "geometry": {
        "coordinates": [
          132.972854,
          75.897039
        ],
        "type": "Point"
      },
      "properties": {
        "cipher": "QWER",
        "has_phrases": false,
        "mode": "value_domain",
        "phrase_count": 0,
        "phrases": [],
        "projection": "webmercator_hash_v1",
        "projection_method": "webmercator_hash_v1",
        "value": 730
      },
      "type": "Feature"
    },
    {
      "geometry": {
        "coordinates": [
          -91.233453,
          -55.223661
        ],
        "type": "Point"
      },
      "properties": {
        "cipher": "QWER",
        "has_phrases": false,
        "mode": "value_domain",
        "phrase_count": 0,
        "phrases": [],
        "projection": "webmercator_hash_v1",
        "projection_method": "webmercator_hash_v1",
        "value": 731
      },
      "type": "Feature"
    },
    {
      "geometry": {
        "coordinates": [
          -145.302248,
          30.162285
        ],
        "type": "Point"
      },
      "properties": {
        "cipher": "QWER",
        "has_phrases": false,
        "mode": "value_domain",
        "phrase_count": 0,
        "phrases": [],
        "projection": "webmercator_hash_v1",
        "projection_method": "webmercator_hash_v1",
        "value": 732
      },
      "type": "Feature"
    },
    {
      "geometry": {
        "coordinates": [
          4.645763,
          -79.537666
        ],
        "type": "Point"
      },
      "properties": {
        "cipher": "QWER",
        "has_phrases": false,
        "mode": "value_domain",
        "phrase_count": 0,
        "phrases": [],
        "projection": "webmercator_hash_v1",
        "projection_method": "webmercator_hash_v1",
        "value": 733
      },
      "type": "Feature"
    },
    {
      "geometry": {
        "coordinates": [
          131.026615,
          -43.269369
        ],
        "type": "Point"
      },
      "properties": {
        "cipher": "QWER",
        "has_phrases": false,
        "mode": "value_domain",
        "phrase_count": 0,
        "phrases": [],
        "projection": "webmercator_hash_v1",
        "projection_method": "webmercator_hash_v1",
        "value": 734
      },
      "type": "Feature"
    },
    {
      "geometry": {
        "coordinates": [
          53.018499,
          -42.512086
        ],
        "type": "Point"
      },
      "properties": {
        "cipher": "QWER",
        "has_phrases": false,
        "mode": "value_domain",
        "phrase_count": 0,
        "phrases": [],
        "projection": "webmercator_hash_v1",
        "projection_method": "webmercator_hash_v1",
        "value": 735
      },
      "type": "Feature"
    },
    {
      "geometry": {
        "coordinates": [
          -169.566167,
          -39.791613
        ],
        "type": "Point"
      },
      "properties": {
        "cipher": "QWER",
        "has_phrases": false,
        "mode": "value_domain",
        "phrase_count": 0,
        "phrases": [],
        "projection": "webmercator_hash_v1",
        "projection_method": "webmercator_hash_v1",
        "value": 736
      },
      "type": "Feature"
    },
    {
      "geometry": {
        "coordinates": [
          83.058607,
          36.16764
        ],
        "type": "Point"
      },
      "properties": {
        "cipher": "QWER",
        "has_phrases": false,
        "mode": "value_domain",
        "phrase_count": 0,
        "phrases": [],
        "projection": "webmercator_hash_v1",
        "projection_method": "webmercator_hash_v1",
        "value": 737
      },
      "type": "Feature"
    },
    {
      "geometry": {
        "coordinates": [
          119.355092,
          -58.285725
        ],
        "type": "Point"
      },
      "properties": {
        "cipher": "QWER",
        "has_phrases": false,
        "mode": "value_domain",
        "phrase_count": 0,
        "phrases": [],
        "projection": "webmercator_hash_v1",
        "projection_method": "webmercator_hash_v1",
        "value": 738
      },
      "type": "Feature"
    },
    {
      "geometry": {
        "coordinates": [
          132.977757,
          -47.511037
        ],
        "type": "Point"
      },
      "properties": {
        "cipher": "QWER",
        "has_phrases": false,
        "mode": "value_domain",
        "phrase_count": 0,
        "phrases": [],
        "projection": "webmercator_hash_v1",
        "projection_method": "webmercator_hash_v1",
        "value": 739
      },
      "type": "Feature"
    },
    {
      "geometry": {
        "coordinates": [
          82.476051,
          78.134585
        ],
        "type": "Point"
      },
      "properties": {
        "cipher": "QWER",
        "has_phrases": false,
        "mode": "value_domain",
        "phrase_count": 0,
        "phrases": [],
        "projection": "webmercator_hash_v1",
        "projection_method": "webmercator_hash_v1",
        "value": 740
      },
      "type": "Feature"
    },
    {
      "geometry": {
        "coordinates": [
          -38.619008,
          71.006951
        ],
        "type": "Point"
      },
      "properties": {
        "cipher": "QWER",
        "has_phrases": false,
        "mode": "value_domain",
        "phrase_count": 0,
        "phrases": [],
        "projection": "webmercator_hash_v1",
        "projection_method": "webmercator_hash_v1",
        "value": 741
      },
      "type": "Feature"
    },
    {
      "geometry": {
        "coordinates": [
          -157.553205,
          -16.971673
        ],
        "type": "Point"
      },
      "properties": {
        "cipher": "QWER",
        "has_phrases": false,
        "mode": "value_domain",
        "phrase_count": 0,
        "phrases": [],
        "projection": "webmercator_hash_v1",
        "projection_method": "webmercator_hash_v1",
        "value": 742
      },
      "type": "Feature"
    },
    {
      "geometry": {
        "coordinates": [
          -141.982339,
          32.096713
        ],
        "type": "Point"
      },
      "properties": {
        "cipher": "QWER",
        "has_phrases": false,
        "mode": "value_domain",
        "phrase_count": 0,
        "phrases": [],
        "projection": "webmercator_hash_v1",
        "projection_method": "webmercator_hash_v1",
        "value": 743
      },
      "type": "Feature"
    },
    {
      "geometry": {
        "coordinates": [
          -36.904047,
          -11.778598
        ],
        "type": "Point"
      },
      "properties": {
        "cipher": "QWER",
        "has_phrases": false,
        "mode": "value_domain",
        "phrase_count": 0,
        "phrases": [],
        "projection": "webmercator_hash_v1",
        "projection_method": "webmercator_hash_v1",
        "value": 744
      },
      "type": "Feature"
    },
    {
      "geometry": {
        "coordinates": [
          32.341577,
          -36.037816
        ],
        "type": "Point"
      },
      "properties": {
        "cipher": "QWER",
        "has_phrases": false,
        "mode": "value_domain",
        "phrase_count": 0,
        "phrases": [],
        "projection": "webmercator_hash_v1",
        "projection_method": "webmercator_hash_v1",
        "value": 745
      },
      "type": "Feature"
    },
    {
      "geometry": {
        "coordinates": [
          -175.721151,
          -41.951384
        ],
        "type": "Point"
      },
      "properties": {
        "cipher": "QWER",
        "has_phrases": false,
        "mode": "value_domain",
        "phrase_count": 0,
        "phrases": [],
        "projection": "webmercator_hash_v1",
        "projection_method": "webmercator_hash_v1",
        "value": 746
      },
      "type": "Feature"
    },
    {
      "geometry": {
        "coordinates": [
          150.399145,
          -20.611323
        ],
        "type": "Point"
      },
      "properties": {
        "cipher": "QWER",
        "has_phrases": false,
        "mode": "value_domain",
        "phrase_count": 0,
        "phrases": [],
        "projection": "webmercator_hash_v1",
        "projection_method": "webmercator_hash_v1",
        "value": 747
      },
      "type": "Feature"
    },
    {
      "geometry": {
        "coordinates": [
          -125.815304,
          24.865627
        ],
        "type": "Point"
      },
      "properties": {
        "cipher": "QWER",
        "has_phrases": false,
        "mode": "value_domain",
        "phrase_count": 0,
        "phrases": [],
        "projection": "webmercator_hash_v1",
        "projection_method": "webmercator_hash_v1",
        "value": 748
      },
      "type": "Feature"
    },
    {
      "geometry": {
        "coordinates": [
          149.152621,
          12.61494
        ],
        "type": "Point"
      },
      "properties": {
        "cipher": "QWER",
        "has_phrases": false,
        "mode": "value_domain",
        "phrase_count": 0,
        "phrases": [],
        "projection": "webmercator_hash_v1",
        "projection_method": "webmercator_hash_v1",
        "value": 749
      },
      "type": "Feature"
    },
    {
      "geometry": {
        "coordinates": [
          -51.180656,
          52.156669
        ],
        "type": "Point"
      },
      "properties": {
        "cipher": "QWER",
        "has_phrases": false,
        "mode": "value_domain",
        "phrase_count": 0,
        "phrases": [],
        "projection": "webmercator_hash_v1",
        "projection_method": "webmercator_hash_v1",
        "value": 750
      },
      "type": "Feature"
    },
    {
      "geometry": {
        "coordinates": [
          -42.64367,
          -68.69519
        ],
        "type": "Point"
      },
      "properties": {
        "cipher": "QWER",
        "has_phrases": false,
        "mode": "value_domain",
        "phrase_count": 0,
        "phrases": [],
        "projection": "webmercator_hash_v1",
        "projection_method": "webmercator_hash_v1",
        "value": 751
      },
      "type": "Feature"
    },
    {
      "geometry": {
        "coordinates": [
          89.954953,
          70.575329
        ],
        "type": "Point"
      },
      "properties": {
        "cipher": "QWER",
        "has_phrases": false,
        "mode": "value_domain",
        "phrase_count": 0,
        "phrases": [],
        "projection": "webmercator_hash_v1",
        "projection_method": "webmercator_hash_v1",
        "value": 752
      },
      "type": "Feature"
    },
    {
      "geometry": {
        "coordinates": [
          -45.252377,
          1.682289
        ],
        "type": "Point"
      },
      "properties": {
        "cipher": "QWER",
        "has_phrases": false,
        "mode": "value_domain",
        "phrase_count": 0,
        "phrases": [],
        "projection": "webmercator_hash_v1",
        "projection_method": "webmercator_hash_v1",
        "value": 753
      },
      "type": "Feature"
    },
    {
      "geometry": {
        "coordinates": [
          -23.149734,
          36.556726
        ],
        "type": "Point"
      },
      "properties": {
        "cipher": "QWER",
        "has_phrases": false,
        "mode": "value_domain",
        "phrase_count": 0,
        "phrases": [],
        "projection": "webmercator_hash_v1",
        "projection_method": "webmercator_hash_v1",
        "value": 754
      },
      "type": "Feature"
    },
    {
      "geometry": {
        "coordinates": [
          -173.923576,
          -79.651069
        ],
        "type": "Point"
      },
      "properties": {
        "cipher": "QWER",
        "has_phrases": false,
        "mode": "value_domain",
        "phrase_count": 0,
        "phrases": [],
        "projection": "webmercator_hash_v1",
        "projection_method": "webmercator_hash_v1",
        "value": 755
      },
      "type": "Feature"
    },
    {
      "geometry": {
        "coordinates": [
          155.780787,
          35.251328
        ],
        "type": "Point"
      },
      "properties": {
        "cipher": "QWER",
        "has_phrases": false,
        "mode": "value_domain",
        "phrase_count": 0,
        "phrases": [],
        "projection": "webmercator_hash_v1",
        "projection_method": "webmercator_hash_v1",
        "value": 756
      },
      "type": "Feature"
    },
    {
      "geometry": {
        "coordinates": [
          87.61438,
          -24.462082
        ],
        "type": "Point"
      },
      "properties": {
        "cipher": "QWER",
        "has_phrases": false,
        "mode": "value_domain",
        "phrase_count": 0,
        "phrases": [],
        "projection": "webmercator_hash_v1",
        "projection_method": "webmercator_hash_v1",
        "value": 757
      },
      "type": "Feature"
    },
    {
      "geometry": {
        "coordinates": [
          31.467476,
          -52.731286
        ],
        "type": "Point"
      },
      "properties": {
        "cipher": "QWER",
        "has_phrases": false,
        "mode": "value_domain",
        "phrase_count": 0,
        "phrases": [],
        "projection": "webmercator_hash_v1",
        "projection_method": "webmercator_hash_v1",
        "value": 758
      },
      "type": "Feature"
    },
    {
      "geometry": {
        "coordinates": [
          -43.877851,
          -1.758268
        ],
        "type": "Point"
      },
      "properties": {
        "cipher": "QWER",
        "has_phrases": false,
        "mode": "value_domain",
        "phrase_count": 0,
        "phrases": [],
        "projection": "webmercator_hash_v1",
        "projection_method": "webmercator_hash_v1",
        "value": 759
      },
      "type": "Feature"
    },
    {
      "geometry": {
        "coordinates": [
          53.939036,
          -64.462392
        ],
        "type": "Point"
      },
      "properties": {
        "cipher": "QWER",
        "has_phrases": false,
        "mode": "value_domain",
        "phrase_count": 0,
        "phrases": [],
        "projection": "webmercator_hash_v1",
        "projection_method": "webmercator_hash_v1",
        "value": 760
      },
      "type": "Feature"
    },
    {
      "geometry": {
        "coordinates": [
          -116.833379,
          48.141185
        ],
        "type": "Point"
      },
      "properties": {
        "cipher": "QWER",
        "has_phrases": false,
        "mode": "value_domain",
        "phrase_count": 0,
        "phrases": [],
        "projection": "webmercator_hash_v1",
        "projection_method": "webmercator_hash_v1",
        "value": 761
      },
      "type": "Feature"
    },
    {
      "geometry": {
        "coordinates": [
          -55.594997,
          84.570782
        ],
        "type": "Point"
      },
      "properties": {
        "cipher": "QWER",
        "has_phrases": false,
        "mode": "value_domain",
        "phrase_count": 0,
        "phrases": [],
        "projection": "webmercator_hash_v1",
        "projection_method": "webmercator_hash_v1",
        "value": 762
      },
      "type": "Feature"
    },
    {
      "geometry": {
        "coordinates": [
          106.262449,
          -63.43294
        ],
        "type": "Point"
      },
      "properties": {
        "cipher": "QWER",
        "has_phrases": false,
        "mode": "value_domain",
        "phrase_count": 0,
        "phrases": [],
        "projection": "webmercator_hash_v1",
        "projection_method": "webmercator_hash_v1",
        "value": 763
      },
      "type": "Feature"
    },
    {
      "geometry": {
        "coordinates": [
          152.689366,
          84.175343
        ],
        "type": "Point"
      },
      "properties": {
        "cipher": "QWER",
        "has_phrases": false,
        "mode": "value_domain",
        "phrase_count": 0,
        "phrases": [],
        "projection": "webmercator_hash_v1",
        "projection_method": "webmercator_hash_v1",
        "value": 764
      },
      "type": "Feature"
    },
    {
      "geometry": {
        "coordinates": [
          -18.501365,
          -35.647483
        ],
        "type": "Point"
      },
      "properties": {
        "cipher": "QWER",
        "has_phrases": false,
        "mode": "value_domain",
        "phrase_count": 0,
        "phrases": [],
        "projection": "webmercator_hash_v1",
        "projection_method": "webmercator_hash_v1",
        "value": 765
      },
      "type": "Feature"
    },
    {
      "geometry": {
        "coordinates": [
          -9.668453,
          -25.604721
        ],
        "type": "Point"
      },
      "properties": {
        "cipher": "QWER",
        "has_phrases": false,
        "mode": "value_domain",
        "phrase_count": 0,
        "phrases": [],
        "projection": "webmercator_hash_v1",
        "projection_method": "webmercator_hash_v1",
        "value": 766
      },
      "type": "Feature"
    },
    {
      "geometry": {
        "coordinates": [
          -100.832943,
          80.494617
        ],
        "type": "Point"
      },
      "properties": {
        "cipher": "QWER",
        "has_phrases": false,
        "mode": "value_domain",
        "phrase_count": 0,
        "phrases": [],
        "projection": "webmercator_hash_v1",
        "projection_method": "webmercator_hash_v1",
        "value": 767
      },
      "type": "Feature"
    },
    {
      "geometry": {
        "coordinates": [
          4.371758,
          14.02403
        ],
        "type": "Point"
      },
      "properties": {
        "cipher": "QWER",
        "has_phrases": false,
        "mode": "value_domain",
        "phrase_count": 0,
        "phrases": [],
        "projection": "webmercator_hash_v1",
        "projection_method": "webmercator_hash_v1",
        "value": 768
      },
      "type": "Feature"
    },
    {
      "geometry": {
        "coordinates": [
          123.638221,
          -45.526206
        ],
        "type": "Point"
      },
      "properties": {
        "cipher": "QWER",
        "has_phrases": false,
        "mode": "value_domain",
        "phrase_count": 0,
        "phrases": [],
        "projection": "webmercator_hash_v1",
        "projection_method": "webmercator_hash_v1",
        "value": 769
      },
      "type": "Feature"
    },
    {
      "geometry": {
        "coordinates": [
          129.978058,
          5.296694
        ],
        "type": "Point"
      },
      "properties": {
        "cipher": "QWER",
        "has_phrases": false,
        "mode": "value_domain",
        "phrase_count": 0,
        "phrases": [],
        "projection": "webmercator_hash_v1",
        "projection_method": "webmercator_hash_v1",
        "value": 770
      },
      "type": "Feature"
    },
    {
      "geometry": {
        "coordinates": [
          103.047901,
          33.424025
        ],
        "type": "Point"
      },
      "properties": {
        "cipher": "QWER",
        "has_phrases": false,
        "mode": "value_domain",
        "phrase_count": 0,
        "phrases": [],
        "projection": "webmercator_hash_v1",
        "projection_method": "webmercator_hash_v1",
        "value": 771
      },
      "type": "Feature"
    },
    {
      "geometry": {
        "coordinates": [
          -30.918912,
          45.009925
        ],
        "type": "Point"
      },
      "properties": {
        "cipher": "QWER",
        "has_phrases": false,
        "mode": "value_domain",
        "phrase_count": 0,
        "phrases": [],
        "projection": "webmercator_hash_v1",
        "projection_method": "webmercator_hash_v1",
        "value": 772
      },
      "type": "Feature"
    },
    {
      "geometry": {
        "coordinates": [
          -46.617004,
          -1.910219
        ],
        "type": "Point"
      },
      "properties": {
        "cipher": "QWER",
        "has_phrases": false,
        "mode": "value_domain",
        "phrase_count": 0,
        "phrases": [],
        "projection": "webmercator_hash_v1",
        "projection_method": "webmercator_hash_v1",
        "value": 773
      },
      "type": "Feature"
    },
    {
      "geometry": {
        "coordinates": [
          134.554605,
          -23.017622
        ],
        "type": "Point"
      },
      "properties": {
        "cipher": "QWER",
        "has_phrases": false,
        "mode": "value_domain",
        "phrase_count": 0,
        "phrases": [],
        "projection": "webmercator_hash_v1",
        "projection_method": "webmercator_hash_v1",
        "value": 774
      },
      "type": "Feature"
    },
    {
      "geometry": {
        "coordinates": [
          -143.573294,
          -77.536219
        ],
        "type": "Point"
      },
      "properties": {
        "cipher": "QWER",
        "has_phrases": false,
        "mode": "value_domain",
        "phrase_count": 0,
        "phrases": [],
        "projection": "webmercator_hash_v1",
        "projection_method": "webmercator_hash_v1",
        "value": 775
      },
      "type": "Feature"
    },
    {
      "geometry": {
        "coordinates": [
          77.110317,
          -82.146657
        ],
        "type": "Point"
      },
      "properties": {
        "cipher": "QWER",
        "has_phrases": false,
        "mode": "value_domain",
        "phrase_count": 0,
        "phrases": [],
        "projection": "webmercator_hash_v1",
        "projection_method": "webmercator_hash_v1",
        "value": 776
      },
      "type": "Feature"
    },
    {
      "geometry": {
        "coordinates": [
          -6.407804,
          -49.725416
        ],
        "type": "Point"
      },
      "properties": {
        "cipher": "QWER",
        "has_phrases": false,
        "mode": "value_domain",
        "phrase_count": 0,
        "phrases": [],
        "projection": "webmercator_hash_v1",
        "projection_method": "webmercator_hash_v1",
        "value": 777
      },
      "type": "Feature"
    },
    {
      "geometry": {
        "coordinates": [
          -128.21298,
          -26.195637
        ],
        "type": "Point"
      },
      "properties": {
        "cipher": "QWER",
        "has_phrases": false,
        "mode": "value_domain",
        "phrase_count": 0,
        "phrases": [],
        "projection": "webmercator_hash_v1",
        "projection_method": "webmercator_hash_v1",
        "value": 778
      },
      "type": "Feature"
    },
    {
      "geometry": {
        "coordinates": [
          -176.828141,
          -70.37674
        ],
        "type": "Point"
      },
      "properties": {
        "cipher": "QWER",
        "has_phrases": false,
        "mode": "value_domain",
        "phrase_count": 0,
        "phrases": [],
        "projection": "webmercator_hash_v1",
        "projection_method": "webmercator_hash_v1",
        "value": 779
      },
      "type": "Feature"
    },
    {
      "geometry": {
        "coordinates": [
          117.172393,
          -62.152324
        ],
        "type": "Point"
      },
      "properties": {
        "cipher": "QWER",
        "has_phrases": false,
        "mode": "value_domain",
        "phrase_count": 0,
        "phrases": [],
        "projection": "webmercator_hash_v1",
        "projection_method": "webmercator_hash_v1",
        "value": 780
      },
      "type": "Feature"
    },
    {
      "geometry": {
        "coordinates": [
          82.669655,
          -4.709045
        ],
        "type": "Point"
      },
      "properties": {
        "cipher": "QWER",
        "has_phrases": false,
        "mode": "value_domain",
        "phrase_count": 0,
        "phrases": [],
        "projection": "webmercator_hash_v1",
        "projection_method": "webmercator_hash_v1",
        "value": 781
      },
      "type": "Feature"
    },
    {
      "geometry": {
        "coordinates": [
          11.155794,
          -23.760533
        ],
        "type": "Point"
      },
      "properties": {
        "cipher": "QWER",
        "has_phrases": false,
        "mode": "value_domain",
        "phrase_count": 0,
        "phrases": [],
        "projection": "webmercator_hash_v1",
        "projection_method": "webmercator_hash_v1",
        "value": 782
      },
      "type": "Feature"
    },
    {
      "geometry": {
        "coordinates": [
          146.87909,
          43.818607
        ],
        "type": "Point"
      },
      "properties": {
        "cipher": "QWER",
        "has_phrases": false,
        "mode": "value_domain",
        "phrase_count": 0,
        "phrases": [],
        "projection": "webmercator_hash_v1",
        "projection_method": "webmercator_hash_v1",
        "value": 783
      },
      "type": "Feature"
    },
    {
      "geometry": {
        "coordinates": [
          158.429297,
          9.83699
        ],
        "type": "Point"
      },
      "properties": {
        "cipher": "QWER",
        "has_phrases": false,
        "mode": "value_domain",
        "phrase_count": 0,
        "phrases": [],
        "projection": "webmercator_hash_v1",
        "projection_method": "webmercator_hash_v1",
        "value": 784
      },
      "type": "Feature"
    },
    {
      "geometry": {
        "coordinates": [
          -85.03746,
          -73.185959
        ],
        "type": "Point"
      },
      "properties": {
        "cipher": "QWER",
        "has_phrases": false,
        "mode": "value_domain",
        "phrase_count": 0,
        "phrases": [],
        "projection": "webmercator_hash_v1",
        "projection_method": "webmercator_hash_v1",
        "value": 785
      },
      "type": "Feature"
    },
    {
      "geometry": {
        "coordinates": [
          -153.048323,
          -47.996042
        ],
        "type": "Point"
      },
      "properties": {
        "cipher": "QWER",
        "has_phrases": false,
        "mode": "value_domain",
        "phrase_count": 0,
        "phrases": [],
        "projection": "webmercator_hash_v1",
        "projection_method": "webmercator_hash_v1",
        "value": 786
      },
      "type": "Feature"
    },
    {
      "geometry": {
        "coordinates": [
          133.932681,
          -80.870883
        ],
        "type": "Point"
      },
      "properties": {
        "cipher": "QWER",
        "has_phrases": false,
        "mode": "value_domain",
        "phrase_count": 0,
        "phrases": [],
        "projection": "webmercator_hash_v1",
        "projection_method": "webmercator_hash_v1",
        "value": 787
      },
      "type": "Feature"
    },
    {
      "geometry": {
        "coordinates": [
          129.020028,
          15.948347
        ],
        "type": "Point"
      },
      "properties": {
        "cipher": "QWER",
        "has_phrases": false,
        "mode": "value_domain",
        "phrase_count": 0,
        "phrases": [],
        "projection": "webmercator_hash_v1",
        "projection_method": "webmercator_hash_v1",
        "value": 788
      },
      "type": "Feature"
    },
    {
      "geometry": {
        "coordinates": [
          169.463587,
          76.154207
        ],
        "type": "Point"
      },
      "properties": {
        "cipher": "QWER",
        "has_phrases": false,
        "mode": "value_domain",
        "phrase_count": 0,
        "phrases": [],
        "projection": "webmercator_hash_v1",
        "projection_method": "webmercator_hash_v1",
        "value": 789
      },
      "type": "Feature"
    },
    {
      "geometry": {
        "coordinates": [
          -8.687503,
          -79.966281
        ],
        "type": "Point"
      },
      "properties": {
        "cipher": "QWER",
        "has_phrases": false,
        "mode": "value_domain",
        "phrase_count": 0,
        "phrases": [],
        "projection": "webmercator_hash_v1",
        "projection_method": "webmercator_hash_v1",
        "value": 790
      },
      "type": "Feature"
    },
    {
      "geometry": {
        "coordinates": [
          -169.84711,
          83.246856
        ],
        "type": "Point"
      },
      "properties": {
        "cipher": "QWER",
        "has_phrases": false,
        "mode": "value_domain",
        "phrase_count": 0,
        "phrases": [],
        "projection": "webmercator_hash_v1",
        "projection_method": "webmercator_hash_v1",
        "value": 791
      },
      "type": "Feature"
    },
    {
      "geometry": {
        "coordinates": [
          -19.064595,
          29.586383
        ],
        "type": "Point"
      },
      "properties": {
        "cipher": "QWER",
        "has_phrases": false,
        "mode": "value_domain",
        "phrase_count": 0,
        "phrases": [],
        "projection": "webmercator_hash_v1",
        "projection_method": "webmercator_hash_v1",
        "value": 792
      },
      "type": "Feature"
    },
    {
      "geometry": {
        "coordinates": [
          138.390799,
          -4.721226
        ],
        "type": "Point"
      },
      "properties": {
        "cipher": "QWER",
        "has_phrases": false,
        "mode": "value_domain",
        "phrase_count": 0,
        "phrases": [],
        "projection": "webmercator_hash_v1",
        "projection_method": "webmercator_hash_v1",
        "value": 793
      },
      "type": "Feature"
    },
    {
      "geometry": {
        "coordinates": [
          118.367742,
          28.842506
        ],
        "type": "Point"
      },
      "properties": {
        "cipher": "QWER",
        "has_phrases": false,
        "mode": "value_domain",
        "phrase_count": 0,
        "phrases": [],
        "projection": "webmercator_hash_v1",
        "projection_method": "webmercator_hash_v1",
        "value": 794
      },
      "type": "Feature"
    },
    {
      "geometry": {
        "coordinates": [
          120.020348,
          31.44247
        ],
        "type": "Point"
      },
      "properties": {
        "cipher": "QWER",
        "has_phrases": false,
        "mode": "value_domain",
        "phrase_count": 0,
        "phrases": [],
        "projection": "webmercator_hash_v1",
        "projection_method": "webmercator_hash_v1",
        "value": 795
      },
      "type": "Feature"
    },
    {
      "geometry": {
        "coordinates": [
          -143.07084,
          -71.892872
        ],
        "type": "Point"
      },
      "properties": {
        "cipher": "QWER",
        "has_phrases": false,
        "mode": "value_domain",
        "phrase_count": 0,
        "phrases": [],
        "projection": "webmercator_hash_v1",
        "projection_method": "webmercator_hash_v1",
        "value": 796
      },
      "type": "Feature"
    },
    {
      "geometry": {
        "coordinates": [
          50.44179,
          -9.535936
        ],
        "type": "Point"
      },
      "properties": {
        "cipher": "QWER",
        "has_phrases": false,
        "mode": "value_domain",
        "phrase_count": 0,
        "phrases": [],
        "projection": "webmercator_hash_v1",
        "projection_method": "webmercator_hash_v1",
        "value": 797
      },
      "type": "Feature"
    },
    {
      "geometry": {
        "coordinates": [
          97.225775,
          34.632032
        ],
        "type": "Point"
      },
      "properties": {
        "cipher": "QWER",
        "has_phrases": false,
        "mode": "value_domain",
        "phrase_count": 0,
        "phrases": [],
        "projection": "webmercator_hash_v1",
        "projection_method": "webmercator_hash_v1",
        "value": 798
      },
      "type": "Feature"
    },
    {
      "geometry": {
        "coordinates": [
          -55.293856,
          17.912854
        ],
        "type": "Point"
      },
      "properties": {
        "cipher": "QWER",
        "has_phrases": false,
        "mode": "value_domain",
        "phrase_count": 0,
        "phrases": [],
        "projection": "webmercator_hash_v1",
        "projection_method": "webmercator_hash_v1",
        "value": 799
      },
      "type": "Feature"
    },
    {
      "geometry": {
        "coordinates": [
          82.585134,
          78.58613
        ],
        "type": "Point"
      },
      "properties": {
        "cipher": "QWER",
        "has_phrases": false,
        "mode": "value_domain",
        "phrase_count": 0,
        "phrases": [],
        "projection": "webmercator_hash_v1",
        "projection_method": "webmercator_hash_v1",
        "value": 800
      },
      "type": "Feature"
    },
    {
      "geometry": {
        "coordinates": [
          -18.526173,
          -73.371408
        ],
        "type": "Point"
      },
      "properties": {
        "cipher": "QWER",
        "has_phrases": false,
        "mode": "value_domain",
        "phrase_count": 0,
        "phrases": [],
        "projection": "webmercator_hash_v1",
        "projection_method": "webmercator_hash_v1",
        "value": 801
      },
      "type": "Feature"
    },
    {
      "geometry": {
        "coordinates": [
          5.461294,
          -33.353394
        ],
        "type": "Point"
      },
      "properties": {
        "cipher": "QWER",
        "has_phrases": false,
        "mode": "value_domain",
        "phrase_count": 0,
        "phrases": [],
        "projection": "webmercator_hash_v1",
        "projection_method": "webmercator_hash_v1",
        "value": 802
      },
      "type": "Feature"
    },
    {
      "geometry": {
        "coordinates": [
          -74.4912,
          -29.829677
        ],
        "type": "Point"
      },
      "properties": {
        "cipher": "QWER",
        "has_phrases": false,
        "mode": "value_domain",
        "phrase_count": 0,
        "phrases": [],
        "projection": "webmercator_hash_v1",
        "projection_method": "webmercator_hash_v1",
        "value": 803
      },
      "type": "Feature"
    },
    {
      "geometry": {
        "coordinates": [
          -50.490056,
          -76.767534
        ],
        "type": "Point"
      },
      "properties": {
        "cipher": "QWER",
        "has_phrases": false,
        "mode": "value_domain",
        "phrase_count": 0,
        "phrases": [],
        "projection": "webmercator_hash_v1",
        "projection_method": "webmercator_hash_v1",
        "value": 804
      },
      "type": "Feature"
    },
    {
      "geometry": {
        "coordinates": [
          6.318453,
          76.316307
        ],
        "type": "Point"
      },
      "properties": {
        "cipher": "QWER",
        "has_phrases": false,
        "mode": "value_domain",
        "phrase_count": 0,
        "phrases": [],
        "projection": "webmercator_hash_v1",
        "projection_method": "webmercator_hash_v1",
        "value": 805
      },
      "type": "Feature"
    },
    {
      "geometry": {
        "coordinates": [
          102.952934,
          -75.90944
        ],
        "type": "Point"
      },
      "properties": {
        "cipher": "QWER",
        "has_phrases": false,
        "mode": "value_domain",
        "phrase_count": 0,
        "phrases": [],
        "projection": "webmercator_hash_v1",
        "projection_method": "webmercator_hash_v1",
        "value": 806
      },
      "type": "Feature"
    },
    {
      "geometry": {
        "coordinates": [
          -48.186804,
          16.939069
        ],
        "type": "Point"
      },
      "properties": {
        "cipher": "QWER",
        "has_phrases": false,
        "mode": "value_domain",
        "phrase_count": 0,
        "phrases": [],
        "projection": "webmercator_hash_v1",
        "projection_method": "webmercator_hash_v1",
        "value": 807
      },
      "type": "Feature"
    },
    {
      "geometry": {
        "coordinates": [
          -4.970199,
          48.52242
        ],
        "type": "Point"
      },
      "properties": {
        "cipher": "QWER",
        "has_phrases": false,
        "mode": "value_domain",
        "phrase_count": 0,
        "phrases": [],
        "projection": "webmercator_hash_v1",
        "projection_method": "webmercator_hash_v1",
        "value": 808
      },
      "type": "Feature"
    },
    {
      "geometry": {
        "coordinates": [
          56.607637,
          -56.453548
        ],
        "type": "Point"
      },
      "properties": {
        "cipher": "QWER",
        "has_phrases": false,
        "mode": "value_domain",
        "phrase_count": 0,
        "phrases": [],
        "projection": "webmercator_hash_v1",
        "projection_method": "webmercator_hash_v1",
        "value": 809
      },
      "type": "Feature"
    },
    {
      "geometry": {
        "coordinates": [
          5.221172,
          -37.729115
        ],
        "type": "Point"
      },
      "properties": {
        "cipher": "QWER",
        "has_phrases": false,
        "mode": "value_domain",
        "phrase_count": 0,
        "phrases": [],
        "projection": "webmercator_hash_v1",
        "projection_method": "webmercator_hash_v1",
        "value": 810
      },
      "type": "Feature"
    },
    {
      "geometry": {
        "coordinates": [
          -163.818897,
          24.306313
        ],
        "type": "Point"
      },
      "properties": {
        "cipher": "QWER",
        "has_phrases": false,
        "mode": "value_domain",
        "phrase_count": 0,
        "phrases": [],
        "projection": "webmercator_hash_v1",
        "projection_method": "webmercator_hash_v1",
        "value": 811
      },
      "type": "Feature"
    },
    {
      "geometry": {
        "coordinates": [
          -26.175277,
          -63.198303
        ],
        "type": "Point"
      },
      "properties": {
        "cipher": "QWER",
        "has_phrases": false,
        "mode": "value_domain",
        "phrase_count": 0,
        "phrases": [],
        "projection": "webmercator_hash_v1",
        "projection_method": "webmercator_hash_v1",
        "value": 812
      },
      "type": "Feature"
    },
    {
      "geometry": {
        "coordinates": [
          24.153013,
          -43.197676
        ],
        "type": "Point"
      },
      "properties": {
        "cipher": "QWER",
        "has_phrases": false,
        "mode": "value_domain",
        "phrase_count": 0,
        "phrases": [],
        "projection": "webmercator_hash_v1",
        "projection_method": "webmercator_hash_v1",
        "value": 813
      },
      "type": "Feature"
    },
    {
      "geometry": {
        "coordinates": [
          -165.666171,
          64.787083
        ],
        "type": "Point"
      },
      "properties": {
        "cipher": "QWER",
        "has_phrases": false,
        "mode": "value_domain",
        "phrase_count": 0,
        "phrases": [],
        "projection": "webmercator_hash_v1",
        "projection_method": "webmercator_hash_v1",
        "value": 814
      },
      "type": "Feature"
    },
    {
      "geometry": {
        "coordinates": [
          43.718996,
          -2.218265
        ],
        "type": "Point"
      },
      "properties": {
        "cipher": "QWER",
        "has_phrases": false,
        "mode": "value_domain",
        "phrase_count": 0,
        "phrases": [],
        "projection": "webmercator_hash_v1",
        "projection_method": "webmercator_hash_v1",
        "value": 815
      },
      "type": "Feature"
    },
    {
      "geometry": {
        "coordinates": [
          -164.273168,
          25.327113
        ],
        "type": "Point"
      },
      "properties": {
        "cipher": "QWER",
        "has_phrases": false,
        "mode": "value_domain",
        "phrase_count": 0,
        "phrases": [],
        "projection": "webmercator_hash_v1",
        "projection_method": "webmercator_hash_v1",
        "value": 816
      },
      "type": "Feature"
    },
    {
      "geometry": {
        "coordinates": [
          -123.800012,
          -58.974696
        ],
        "type": "Point"
      },
      "properties": {
        "cipher": "QWER",
        "has_phrases": false,
        "mode": "value_domain",
        "phrase_count": 0,
        "phrases": [],
        "projection": "webmercator_hash_v1",
        "projection_method": "webmercator_hash_v1",
        "value": 817
      },
      "type": "Feature"
    },
    {
      "geometry": {
        "coordinates": [
          25.55867,
          27.948899
        ],
        "type": "Point"
      },
      "properties": {
        "cipher": "QWER",
        "has_phrases": false,
        "mode": "value_domain",
        "phrase_count": 0,
        "phrases": [],
        "projection": "webmercator_hash_v1",
        "projection_method": "webmercator_hash_v1",
        "value": 818
      },
      "type": "Feature"
    },
    {
      "geometry": {
        "coordinates": [
          -93.908402,
          -47.874474
        ],
        "type": "Point"
      },
      "properties": {
        "cipher": "QWER",
        "has_phrases": false,
        "mode": "value_domain",
        "phrase_count": 0,
        "phrases": [],
        "projection": "webmercator_hash_v1",
        "projection_method": "webmercator_hash_v1",
        "value": 819
      },
      "type": "Feature"
    },
    {
      "geometry": {
        "coordinates": [
          -66.090282,
          21.478961
        ],
        "type": "Point"
      },
      "properties": {
        "cipher": "QWER",
        "has_phrases": false,
        "mode": "value_domain",
        "phrase_count": 0,
        "phrases": [],
        "projection": "webmercator_hash_v1",
        "projection_method": "webmercator_hash_v1",
        "value": 820
      },
      "type": "Feature"
    },
    {
      "geometry": {
        "coordinates": [
          112.858973,
          -26.97642
        ],
        "type": "Point"
      },
      "properties": {
        "cipher": "QWER",
        "has_phrases": false,
        "mode": "value_domain",
        "phrase_count": 0,
        "phrases": [],
        "projection": "webmercator_hash_v1",
        "projection_method": "webmercator_hash_v1",
        "value": 821
      },
      "type": "Feature"
    },
    {
      "geometry": {
        "coordinates": [
          -85.356573,
          -71.75373
        ],
        "type": "Point"
      },
      "properties": {
        "cipher": "QWER",
        "has_phrases": false,
        "mode": "value_domain",
        "phrase_count": 0,
        "phrases": [],
        "projection": "webmercator_hash_v1",
        "projection_method": "webmercator_hash_v1",
        "value": 822
      },
      "type": "Feature"
    },
    {
      "geometry": {
        "coordinates": [
          135.60064,
          -25.83935
        ],
        "type": "Point"
      },
      "properties": {
        "cipher": "QWER",
        "has_phrases": false,
        "mode": "value_domain",
        "phrase_count": 0,
        "phrases": [],
        "projection": "webmercator_hash_v1",
        "projection_method": "webmercator_hash_v1",
        "value": 823
      },
      "type": "Feature"
    },
    {
      "geometry": {
        "coordinates": [
          68.963666,
          67.89865
        ],
        "type": "Point"
      },
      "properties": {
        "cipher": "QWER",
        "has_phrases": false,
        "mode": "value_domain",
        "phrase_count": 0,
        "phrases": [],
        "projection": "webmercator_hash_v1",
        "projection_method": "webmercator_hash_v1",
        "value": 824
      },
      "type": "Feature"
    },
    {
      "geometry": {
        "coordinates": [
          -99.399977,
          62.62124
        ],
        "type": "Point"
      },
      "properties": {
        "cipher": "QWER",
        "has_phrases": false,
        "mode": "value_domain",
        "phrase_count": 0,
        "phrases": [],
        "projection": "webmercator_hash_v1",
        "projection_method": "webmercator_hash_v1",
        "value": 825
      },
      "type": "Feature"
    },
    {
      "geometry": {
        "coordinates": [
          -14.087131,
          34.578136
        ],
        "type": "Point"
      },
      "properties": {
        "cipher": "QWER",
        "has_phrases": false,
        "mode": "value_domain",
        "phrase_count": 0,
        "phrases": [],
        "projection": "webmercator_hash_v1",
        "projection_method": "webmercator_hash_v1",
        "value": 826
      },
      "type": "Feature"
    },
    {
      "geometry": {
        "coordinates": [
          162.191924,
          61.253
        ],
        "type": "Point"
      },
      "properties": {
        "cipher": "QWER",
        "has_phrases": false,
        "mode": "value_domain",
        "phrase_count": 0,
        "phrases": [],
        "projection": "webmercator_hash_v1",
        "projection_method": "webmercator_hash_v1",
        "value": 827
      },
      "type": "Feature"
    },
    {
      "geometry": {
        "coordinates": [
          -38.478807,
          38.129491
        ],
        "type": "Point"
      },
      "properties": {
        "cipher": "QWER",
        "has_phrases": false,
        "mode": "value_domain",
        "phrase_count": 0,
        "phrases": [],
        "projection": "webmercator_hash_v1",
        "projection_method": "webmercator_hash_v1",
        "value": 828
      },
      "type": "Feature"
    },
    {
      "geometry": {
        "coordinates": [
          33.210686,
          31.823676
        ],
        "type": "Point"
      },
      "properties": {
        "cipher": "QWER",
        "has_phrases": false,
        "mode": "value_domain",
        "phrase_count": 0,
        "phrases": [],
        "projection": "webmercator_hash_v1",
        "projection_method": "webmercator_hash_v1",
        "value": 829
      },
      "type": "Feature"
    },
    {
      "geometry": {
        "coordinates": [
          -157.990341,
          -82.651736
        ],
        "type": "Point"
      },
      "properties": {
        "cipher": "QWER",
        "has_phrases": false,
        "mode": "value_domain",
        "phrase_count": 0,
        "phrases": [],
        "projection": "webmercator_hash_v1",
        "projection_method": "webmercator_hash_v1",
        "value": 830
      },
      "type": "Feature"
    },
    {
      "geometry": {
        "coordinates": [
          131.779153,
          32.224025
        ],
        "type": "Point"
      },
      "properties": {
        "cipher": "QWER",
        "has_phrases": false,
        "mode": "value_domain",
        "phrase_count": 0,
        "phrases": [],
        "projection": "webmercator_hash_v1",
        "projection_method": "webmercator_hash_v1",
        "value": 831
      },
      "type": "Feature"
    },
    {
      "geometry": {
        "coordinates": [
          38.435017,
          49.272207
        ],
        "type": "Point"
      },
      "properties": {
        "cipher": "QWER",
        "has_phrases": false,
        "mode": "value_domain",
        "phrase_count": 0,
        "phrases": [],
        "projection": "webmercator_hash_v1",
        "projection_method": "webmercator_hash_v1",
        "value": 832
      },
      "type": "Feature"
    },
    {
      "geometry": {
        "coordinates": [
          -136.063279,
          -81.866521
        ],
        "type": "Point"
      },
      "properties": {
        "cipher": "QWER",
        "has_phrases": false,
        "mode": "value_domain",
        "phrase_count": 0,
        "phrases": [],
        "projection": "webmercator_hash_v1",
        "projection_method": "webmercator_hash_v1",
        "value": 833
      },
      "type": "Feature"
    },
    {
      "geometry": {
        "coordinates": [
          -48.31971,
          -70.511592
        ],
        "type": "Point"
      },
      "properties": {
        "cipher": "QWER",
        "has_phrases": false,
        "mode": "value_domain",
        "phrase_count": 0,
        "phrases": [],
        "projection": "webmercator_hash_v1",
        "projection_method": "webmercator_hash_v1",
        "value": 834
      },
      "type": "Feature"
    },
    {
      "geometry": {
        "coordinates": [
          -157.260002,
          60.189269
        ],
        "type": "Point"
      },
      "properties": {
        "cipher": "QWER",
        "has_phrases": false,
        "mode": "value_domain",
        "phrase_count": 0,
        "phrases": [],
        "projection": "webmercator_hash_v1",
        "projection_method": "webmercator_hash_v1",
        "value": 835
      },
      "type": "Feature"
    },
    {
      "geometry": {
        "coordinates": [
          -148.069829,
          53.840917
        ],
        "type": "Point"
      },
      "properties": {
        "cipher": "QWER",
        "has_phrases": false,
        "mode": "value_domain",
        "phrase_count": 0,
        "phrases": [],
        "projection": "webmercator_hash_v1",
        "projection_method": "webmercator_hash_v1",
        "value": 836
      },
      "type": "Feature"
    },
    {
      "geometry": {
        "coordinates": [
          5.345449,
          74.15674
        ],
        "type": "Point"
      },
      "properties": {
        "cipher": "QWER",
        "has_phrases": false,
        "mode": "value_domain",
        "phrase_count": 0,
        "phrases": [],
        "projection": "webmercator_hash_v1",
        "projection_method": "webmercator_hash_v1",
        "value": 837
      },
      "type": "Feature"
    },
    {
      "geometry": {
        "coordinates": [
          152.95747,
          -25.565002
        ],
        "type": "Point"
      },
      "properties": {
        "cipher": "QWER",
        "has_phrases": false,
        "mode": "value_domain",
        "phrase_count": 0,
        "phrases": [],
        "projection": "webmercator_hash_v1",
        "projection_method": "webmercator_hash_v1",
        "value": 838
      },
      "type": "Feature"
    },
    {
      "geometry": {
        "coordinates": [
          -105.450186,
          -49.33443
        ],
        "type": "Point"
      },
      "properties": {
        "cipher": "QWER",
        "has_phrases": false,
        "mode": "value_domain",
        "phrase_count": 0,
        "phrases": [],
        "projection": "webmercator_hash_v1",
        "projection_method": "webmercator_hash_v1",
        "value": 839
      },
      "type": "Feature"
    },
    {
      "geometry": {
        "coordinates": [
          -156.516747,
          -35.687807
        ],
        "type": "Point"
      },
      "properties": {
        "cipher": "QWER",
        "has_phrases": false,
        "mode": "value_domain",
        "phrase_count": 0,
        "phrases": [],
        "projection": "webmercator_hash_v1",
        "projection_method": "webmercator_hash_v1",
        "value": 840
      },
      "type": "Feature"
    },
    {
      "geometry": {
        "coordinates": [
          -171.104658,
          -23.174131
        ],
        "type": "Point"
      },
      "properties": {
        "cipher": "QWER",
        "has_phrases": false,
        "mode": "value_domain",
        "phrase_count": 0,
        "phrases": [],
        "projection": "webmercator_hash_v1",
        "projection_method": "webmercator_hash_v1",
        "value": 841
      },
      "type": "Feature"
    },
    {
      "geometry": {
        "coordinates": [
          131.112142,
          -49.445142
        ],
        "type": "Point"
      },
      "properties": {
        "cipher": "QWER",
        "has_phrases": false,
        "mode": "value_domain",
        "phrase_count": 0,
        "phrases": [],
        "projection": "webmercator_hash_v1",
        "projection_method": "webmercator_hash_v1",
        "value": 842
      },
      "type": "Feature"
    },
    {
      "geometry": {
        "coordinates": [
          35.709661,
          -20.500311
        ],
        "type": "Point"
      },
      "properties": {
        "cipher": "QWER",
        "has_phrases": false,
        "mode": "value_domain",
        "phrase_count": 0,
        "phrases": [],
        "projection": "webmercator_hash_v1",
        "projection_method": "webmercator_hash_v1",
        "value": 843
      },
      "type": "Feature"
    },
    {
      "geometry": {
        "coordinates": [
          -161.091492,
          -75.360653
        ],
        "type": "Point"
      },
      "properties": {
        "cipher": "QWER",
        "has_phrases": false,
        "mode": "value_domain",
        "phrase_count": 0,
        "phrases": [],
        "projection": "webmercator_hash_v1",
        "projection_method": "webmercator_hash_v1",
        "value": 844
      },
      "type": "Feature"
    },
    {
      "geometry": {
        "coordinates": [
          152.391626,
          77.422781
        ],
        "type": "Point"
      },
      "properties": {
        "cipher": "QWER",
        "has_phrases": false,
        "mode": "value_domain",
        "phrase_count": 0,
        "phrases": [],
        "projection": "webmercator_hash_v1",
        "projection_method": "webmercator_hash_v1",
        "value": 845
      },
      "type": "Feature"
    },
    {
      "geometry": {
        "coordinates": [
          -98.834903,
          58.865712
        ],
        "type": "Point"
      },
      "properties": {
        "cipher": "QWER",
        "has_phrases": false,
        "mode": "value_domain",
        "phrase_count": 0,
        "phrases": [],
        "projection": "webmercator_hash_v1",
        "projection_method": "webmercator_hash_v1",
        "value": 846
      },
      "type": "Feature"
    },
    {
      "geometry": {
        "coordinates": [
          14.018087,
          -33.557623
        ],
        "type": "Point"
      },
      "properties": {
        "cipher": "QWER",
        "has_phrases": false,
        "mode": "value_domain",
        "phrase_count": 0,
        "phrases": [],
        "projection": "webmercator_hash_v1",
        "projection_method": "webmercator_hash_v1",
        "value": 847
      },
      "type": "Feature"
    },
    {
      "geometry": {
        "coordinates": [
          -63.198229,
          34.123415
        ],
        "type": "Point"
      },
      "properties": {
        "cipher": "QWER",
        "has_phrases": false,
        "mode": "value_domain",
        "phrase_count": 0,
        "phrases": [],
        "projection": "webmercator_hash_v1",
        "projection_method": "webmercator_hash_v1",
        "value": 848
      },
      "type": "Feature"
    },
    {
      "geometry": {
        "coordinates": [
          -26.040605,
          24.769882
        ],
        "type": "Point"
      },
      "properties": {
        "cipher": "QWER",
        "has_phrases": false,
        "mode": "value_domain",
        "phrase_count": 0,
        "phrases": [],
        "projection": "webmercator_hash_v1",
        "projection_method": "webmercator_hash_v1",
        "value": 849
      },
      "type": "Feature"
    },
    {
      "geometry": {
        "coordinates": [
          167.304554,
          49.825164
        ],
        "type": "Point"
      },
      "properties": {
        "cipher": "QWER",
        "has_phrases": false,
        "mode": "value_domain",
        "phrase_count": 0,
        "phrases": [],
        "projection": "webmercator_hash_v1",
        "projection_method": "webmercator_hash_v1",
        "value": 850
      },
      "type": "Feature"
    },
    {
      "geometry": {
        "coordinates": [
          64.14584,
          -41.937264
        ],
        "type": "Point"
      },
      "properties": {
        "cipher": "QWER",
        "has_phrases": false,
        "mode": "value_domain",
        "phrase_count": 0,
        "phrases": [],
        "projection": "webmercator_hash_v1",
        "projection_method": "webmercator_hash_v1",
        "value": 851
      },
      "type": "Feature"
    },
    {
      "geometry": {
        "coordinates": [
          66.863782,
          -13.897621
        ],
        "type": "Point"
      },
      "properties": {
        "cipher": "QWER",
        "has_phrases": false,
        "mode": "value_domain",
        "phrase_count": 0,
        "phrases": [],
        "projection": "webmercator_hash_v1",
        "projection_method": "webmercator_hash_v1",
        "value": 852
      },
      "type": "Feature"
    },
    {
      "geometry": {
        "coordinates": [
          -100.528695,
          52.205938
        ],
        "type": "Point"
      },
      "properties": {
        "cipher": "QWER",
        "has_phrases": false,
        "mode": "value_domain",
        "phrase_count": 0,
        "phrases": [],
        "projection": "webmercator_hash_v1",
        "projection_method": "webmercator_hash_v1",
        "value": 853
      },
      "type": "Feature"
    },
    {
      "geometry": {
        "coordinates": [
          127.376789,
          79.776206
        ],
        "type": "Point"
      },
      "properties": {
        "cipher": "QWER",
        "has_phrases": false,
        "mode": "value_domain",
        "phrase_count": 0,
        "phrases": [],
        "projection": "webmercator_hash_v1",
        "projection_method": "webmercator_hash_v1",
        "value": 854
      },
      "type": "Feature"
    },
    {
      "geometry": {
        "coordinates": [
          165.420802,
          -36.609341
        ],
        "type": "Point"
      },
      "properties": {
        "cipher": "QWER",
        "has_phrases": false,
        "mode": "value_domain",
        "phrase_count": 0,
        "phrases": [],
        "projection": "webmercator_hash_v1",
        "projection_method": "webmercator_hash_v1",
        "value": 855
      },
      "type": "Feature"
    },
    {
      "geometry": {
        "coordinates": [
          -115.38176,
          -76.030999
        ],
        "type": "Point"
      },
      "properties": {
        "cipher": "QWER",
        "has_phrases": false,
        "mode": "value_domain",
        "phrase_count": 0,
        "phrases": [],
        "projection": "webmercator_hash_v1",
        "projection_method": "webmercator_hash_v1",
        "value": 856
      },
      "type": "Feature"
    },
    {
      "geometry": {
        "coordinates": [
          -163.132183,
          26.034466
        ],
        "type": "Point"
      },
      "properties": {
        "cipher": "QWER",
        "has_phrases": false,
        "mode": "value_domain",
        "phrase_count": 0,
        "phrases": [],
        "projection": "webmercator_hash_v1",
        "projection_method": "webmercator_hash_v1",
        "value": 857
      },
      "type": "Feature"
    },
    {
      "geometry": {
        "coordinates": [
          -53.293462,
          -29.804106
        ],
        "type": "Point"
      },
      "properties": {
        "cipher": "QWER",
        "has_phrases": false,
        "mode": "value_domain",
        "phrase_count": 0,
        "phrases": [],
        "projection": "webmercator_hash_v1",
        "projection_method": "webmercator_hash_v1",
        "value": 858
      },
      "type": "Feature"
    },
    {
      "geometry": {
        "coordinates": [
          97.962233,
          -62.10909
        ],
        "type": "Point"
      },
      "properties": {
        "cipher": "QWER",
        "has_phrases": false,
        "mode": "value_domain",
        "phrase_count": 0,
        "phrases": [],
        "projection": "webmercator_hash_v1",
        "projection_method": "webmercator_hash_v1",
        "value": 859
      },
      "type": "Feature"
    },
    {
      "geometry": {
        "coordinates": [
          35.565451,
          74.36893
        ],
        "type": "Point"
      },
      "properties": {
        "cipher": "QWER",
        "has_phrases": false,
        "mode": "value_domain",
        "phrase_count": 0,
        "phrases": [],
        "projection": "webmercator_hash_v1",
        "projection_method": "webmercator_hash_v1",
        "value": 860
      },
      "type": "Feature"
    },
    {
      "geometry": {
        "coordinates": [
          -112.799525,
          -45.311804
        ],
        "type": "Point"
      },
      "properties": {
        "cipher": "QWER",
        "has_phrases": false,
        "mode": "value_domain",
        "phrase_count": 0,
        "phrases": [],
        "projection": "webmercator_hash_v1",
        "projection_method": "webmercator_hash_v1",
        "value": 861
      },
      "type": "Feature"
    },
    {
      "geometry": {
        "coordinates": [
          43.662039,
          -74.35602
        ],
        "type": "Point"
      },
      "properties": {
        "cipher": "QWER",
        "has_phrases": false,
        "mode": "value_domain",
        "phrase_count": 0,
        "phrases": [],
        "projection": "webmercator_hash_v1",
        "projection_method": "webmercator_hash_v1",
        "value": 862
      },
      "type": "Feature"
    },
    {
      "geometry": {
        "coordinates": [
          -165.11327,
          62.858836
        ],
        "type": "Point"
      },
      "properties": {
        "cipher": "QWER",
        "has_phrases": false,
        "mode": "value_domain",
        "phrase_count": 0,
        "phrases": [],
        "projection": "webmercator_hash_v1",
        "projection_method": "webmercator_hash_v1",
        "value": 863
      },
      "type": "Feature"
    },
    {
      "geometry": {
        "coordinates": [
          -68.478473,
          -5.4741
        ],
        "type": "Point"
      },
      "properties": {
        "cipher": "QWER",
        "has_phrases": false,
        "mode": "value_domain",
        "phrase_count": 0,
        "phrases": [],
        "projection": "webmercator_hash_v1",
        "projection_method": "webmercator_hash_v1",
        "value": 864
      },
      "type": "Feature"
    },
    {
      "geometry": {
        "coordinates": [
          20.041394,
          -6.304844
        ],
        "type": "Point"
      },
      "properties": {
        "cipher": "QWER",
        "has_phrases": false,
        "mode": "value_domain",
        "phrase_count": 0,
        "phrases": [],
        "projection": "webmercator_hash_v1",
        "projection_method": "webmercator_hash_v1",
        "value": 865
      },
      "type": "Feature"
    },
    {
      "geometry": {
        "coordinates": [
          -120.684154,
          -25.955102
        ],
        "type": "Point"
      },
      "properties": {
        "cipher": "QWER",
        "has_phrases": false,
        "mode": "value_domain",
        "phrase_count": 0,
        "phrases": [],
        "projection": "webmercator_hash_v1",
        "projection_method": "webmercator_hash_v1",
        "value": 866
      },
      "type": "Feature"
    },
    {
      "geometry": {
        "coordinates": [
          -1.522723,
          11.295152
        ],
        "type": "Point"
      },
      "properties": {
        "cipher": "QWER",
        "has_phrases": false,
        "mode": "value_domain",
        "phrase_count": 0,
        "phrases": [],
        "projection": "webmercator_hash_v1",
        "projection_method": "webmercator_hash_v1",
        "value": 867
      },
      "type": "Feature"
    },
    {
      "geometry": {
        "coordinates": [
          1.026096,
          -81.560526
        ],
        "type": "Point"
      },
      "properties": {
        "cipher": "QWER",
        "has_phrases": false,
        "mode": "value_domain",
        "phrase_count": 0,
        "phrases": [],
        "projection": "webmercator_hash_v1",
        "projection_method": "webmercator_hash_v1",
        "value": 868
      },
      "type": "Feature"
    },
    {
      "geometry": {
        "coordinates": [
          -17.617363,
          -53.901098
        ],
        "type": "Point"
      },
      "properties": {
        "cipher": "QWER",
        "has_phrases": false,
        "mode": "value_domain",
        "phrase_count": 0,
        "phrases": [],
        "projection": "webmercator_hash_v1",
        "projection_method": "webmercator_hash_v1",
        "value": 869
      },
      "type": "Feature"
    },
    {
      "geometry": {
        "coordinates": [
          152.499247,
          2.32516
        ],
        "type": "Point"
      },
      "properties": {
        "cipher": "QWER",
        "has_phrases": false,
        "mode": "value_domain",
        "phrase_count": 0,
        "phrases": [],
        "projection": "webmercator_hash_v1",
        "projection_method": "webmercator_hash_v1",
        "value": 870
      },
      "type": "Feature"
    },
    {
      "geometry": {
        "coordinates": [
          -88.506678,
          48.74074
        ],
        "type": "Point"
      },
      "properties": {
        "cipher": "QWER",
        "has_phrases": false,
        "mode": "value_domain",
        "phrase_count": 0,
        "phrases": [],
        "projection": "webmercator_hash_v1",
        "projection_method": "webmercator_hash_v1",
        "value": 871
      },
      "type": "Feature"
    },
    {
      "geometry": {
        "coordinates": [
          -42.741732,
          79.568488
        ],
        "type": "Point"
      },
      "properties": {
        "cipher": "QWER",
        "has_phrases": false,
        "mode": "value_domain",
        "phrase_count": 0,
        "phrases": [],
        "projection": "webmercator_hash_v1",
        "projection_method": "webmercator_hash_v1",
        "value": 872
      },
      "type": "Feature"
    },
    {
      "geometry": {
        "coordinates": [
          -116.601771,
          -32.186235
        ],
        "type": "Point"
      },
      "properties": {
        "cipher": "QWER",
        "has_phrases": false,
        "mode": "value_domain",
        "phrase_count": 0,
        "phrases": [],
        "projection": "webmercator_hash_v1",
        "projection_method": "webmercator_hash_v1",
        "value": 873
      },
      "type": "Feature"
    },
    {
      "geometry": {
        "coordinates": [
          -43.173312,
          -70.856167
        ],
        "type": "Point"
      },
      "properties": {
        "cipher": "QWER",
        "has_phrases": false,
        "mode": "value_domain",
        "phrase_count": 0,
        "phrases": [],
        "projection": "webmercator_hash_v1",
        "projection_method": "webmercator_hash_v1",
        "value": 874
      },
      "type": "Feature"
    },
    {
      "geometry": {
        "coordinates": [
          -78.470285,
          -51.273068
        ],
        "type": "Point"
      },
      "properties": {
        "cipher": "QWER",
        "has_phrases": false,
        "mode": "value_domain",
        "phrase_count": 0,
        "phrases": [],
        "projection": "webmercator_hash_v1",
        "projection_method": "webmercator_hash_v1",
        "value": 875
      },
      "type": "Feature"
    },
    {
      "geometry": {
        "coordinates": [
          -132.665343,
          -60.869262
        ],
        "type": "Point"
      },
      "properties": {
        "cipher": "QWER",
        "has_phrases": false,
        "mode": "value_domain",
        "phrase_count": 0,
        "phrases": [],
        "projection": "webmercator_hash_v1",
        "projection_method": "webmercator_hash_v1",
        "value": 876
      },
      "type": "Feature"
    },
    {
      "geometry": {
        "coordinates": [
          161.290154,
          -10.258277
        ],
        "type": "Point"
      },
      "properties": {
        "cipher": "QWER",
        "has_phrases": false,
        "mode": "value_domain",
        "phrase_count": 0,
        "phrases": [],
        "projection": "webmercator_hash_v1",
        "projection_method": "webmercator_hash_v1",
        "value": 877
      },
      "type": "Feature"
    },
    {
      "geometry": {
        "coordinates": [
          -83.255087,
          -54.052227
        ],
        "type": "Point"
      },
      "properties": {
        "cipher": "QWER",
        "has_phrases": false,
        "mode": "value_domain",
        "phrase_count": 0,
        "phrases": [],
        "projection": "webmercator_hash_v1",
        "projection_method": "webmercator_hash_v1",
        "value": 878
      },
      "type": "Feature"
    },
    {
      "geometry": {
        "coordinates": [
          99.261285,
          50.087041
        ],
        "type": "Point"
      },
      "properties": {
        "cipher": "QWER",
        "has_phrases": false,
        "mode": "value_domain",
        "phrase_count": 0,
        "phrases": [],
        "projection": "webmercator_hash_v1",
        "projection_method": "webmercator_hash_v1",
        "value": 879
      },
      "type": "Feature"
    },
    {
      "geometry": {
        "coordinates": [
          -85.90618,
          39.764712
        ],
        "type": "Point"
      },
      "properties": {
        "cipher": "QWER",
        "has_phrases": false,
        "mode": "value_domain",
        "phrase_count": 0,
        "phrases": [],
        "projection": "webmercator_hash_v1",
        "projection_method": "webmercator_hash_v1",
        "value": 880
      },
      "type": "Feature"
    },
    {
      "geometry": {
        "coordinates": [
          -45.82938,
          40.459623
        ],
        "type": "Point"
      },
      "properties": {
        "cipher": "QWER",
        "has_phrases": false,
        "mode": "value_domain",
        "phrase_count": 0,
        "phrases": [],
        "projection": "webmercator_hash_v1",
        "projection_method": "webmercator_hash_v1",
        "value": 881
      },
      "type": "Feature"
    },
    {
      "geometry": {
        "coordinates": [
          59.493769,
          41.795882
        ],
        "type": "Point"
      },
      "properties": {
        "cipher": "QWER",
        "has_phrases": false,
        "mode": "value_domain",
        "phrase_count": 0,
        "phrases": [],
        "projection": "webmercator_hash_v1",
        "projection_method": "webmercator_hash_v1",
        "value": 882
      },
      "type": "Feature"
    },
    {
      "geometry": {
        "coordinates": [
          86.22552,
          71.675255
        ],
        "type": "Point"
      },
      "properties": {
        "cipher": "QWER",
        "has_phrases": false,
        "mode": "value_domain",
        "phrase_count": 0,
        "phrases": [],
        "projection": "webmercator_hash_v1",
        "projection_method": "webmercator_hash_v1",
        "value": 883
      },
      "type": "Feature"
    },
    {
      "geometry": {
        "coordinates": [
          141.524091,
          -68.591591
        ],
        "type": "Point"
      },
      "properties": {
        "cipher": "QWER",
        "has_phrases": false,
        "mode": "value_domain",
        "phrase_count": 0,
        "phrases": [],
        "projection": "webmercator_hash_v1",
        "projection_method": "webmercator_hash_v1",
        "value": 884
      },
      "type": "Feature"
    },
    {
      "geometry": {
        "coordinates": [
          -52.839399,
          81.718661
        ],
        "type": "Point"
      },
      "properties": {
        "cipher": "QWER",
        "has_phrases": false,
        "mode": "value_domain",
        "phrase_count": 0,
        "phrases": [],
        "projection": "webmercator_hash_v1",
        "projection_method": "webmercator_hash_v1",
        "value": 885
      },
      "type": "Feature"
    },
    {
      "geometry": {
        "coordinates": [
          23.321186,
          -45.119424
        ],
        "type": "Point"
      },
      "properties": {
        "cipher": "QWER",
        "has_phrases": false,
        "mode": "value_domain",
        "phrase_count": 0,
        "phrases": [],
        "projection": "webmercator_hash_v1",
        "projection_method": "webmercator_hash_v1",
        "value": 886
      },
      "type": "Feature"
    },
    {
      "geometry": {
        "coordinates": [
          142.384431,
          2.215951
        ],
        "type": "Point"
      },
      "properties": {
        "cipher": "QWER",
        "has_phrases": false,
        "mode": "value_domain",
        "phrase_count": 0,
        "phrases": [],
        "projection": "webmercator_hash_v1",
        "projection_method": "webmercator_hash_v1",
        "value": 887
      },
      "type": "Feature"
    },
    {
      "geometry": {
        "coordinates": [
          25.2174,
          -71.318112
        ],
        "type": "Point"
      },
      "properties": {
        "cipher": "QWER",
        "has_phrases": false,
        "mode": "value_domain",
        "phrase_count": 0,
        "phrases": [],
        "projection": "webmercator_hash_v1",
        "projection_method": "webmercator_hash_v1",
        "value": 888
      },
      "type": "Feature"
    },
    {
      "geometry": {
        "coordinates": [
          -7.942234,
          -62.820162
        ],
        "type": "Point"
      },
      "properties": {
        "cipher": "QWER",
        "has_phrases": false,
        "mode": "value_domain",
        "phrase_count": 0,
        "phrases": [],
        "projection": "webmercator_hash_v1",
        "projection_method": "webmercator_hash_v1",
        "value": 889
      },
      "type": "Feature"
    },
    {
      "geometry": {
        "coordinates": [
          117.592022,
          14.583227
        ],
        "type": "Point"
      },
      "properties": {
        "cipher": "QWER",
        "has_phrases": false,
        "mode": "value_domain",
        "phrase_count": 0,
        "phrases": [],
        "projection": "webmercator_hash_v1",
        "projection_method": "webmercator_hash_v1",
        "value": 890
      },
      "type": "Feature"
    },
    {
      "geometry": {
        "coordinates": [
          -55.154202,
          -44.167349
        ],
        "type": "Point"
      },
      "properties": {
        "cipher": "QWER",
        "has_phrases": false,
        "mode": "value_domain",
        "phrase_count": 0,
        "phrases": [],
        "projection": "webmercator_hash_v1",
        "projection_method": "webmercator_hash_v1",
        "value": 891
      },
      "type": "Feature"
    },
    {
      "geometry": {
        "coordinates": [
          -148.471055,
          -9.581487
        ],
        "type": "Point"
      },
      "properties": {
        "cipher": "QWER",
        "has_phrases": false,
        "mode": "value_domain",
        "phrase_count": 0,
        "phrases": [],
        "projection": "webmercator_hash_v1",
        "projection_method": "webmercator_hash_v1",
        "value": 892
      },
      "type": "Feature"
    },
    {
      "geometry": {
        "coordinates": [
          118.124515,
          -37.415607
        ],
        "type": "Point"
      },
      "properties": {
        "cipher": "QWER",
        "has_phrases": false,
        "mode": "value_domain",
        "phrase_count": 0,
        "phrases": [],
        "projection": "webmercator_hash_v1",
        "projection_method": "webmercator_hash_v1",
        "value": 893
      },
      "type": "Feature"
    },
    {
      "geometry": {
        "coordinates": [
          -38.562282,
          -10.513785
        ],
        "type": "Point"
      },
      "properties": {
        "cipher": "QWER",
        "has_phrases": false,
        "mode": "value_domain",
        "phrase_count": 0,
        "phrases": [],
        "projection": "webmercator_hash_v1",
        "projection_method": "webmercator_hash_v1",
        "value": 894
      },
      "type": "Feature"
    },
    {
      "geometry": {
        "coordinates": [
          -52.151391,
          -3.702006
        ],
        "type": "Point"
      },
      "properties": {
        "cipher": "QWER",
        "has_phrases": false,
        "mode": "value_domain",
        "phrase_count": 0,
        "phrases": [],
        "projection": "webmercator_hash_v1",
        "projection_method": "webmercator_hash_v1",
        "value": 895
      },
      "type": "Feature"
    },
    {
      "geometry": {
        "coordinates": [
          -7.686869,
          10.89096
        ],
        "type": "Point"
      },
      "properties": {
        "cipher": "QWER",
        "has_phrases": false,
        "mode": "value_domain",
        "phrase_count": 0,
        "phrases": [],
        "projection": "webmercator_hash_v1",
        "projection_method": "webmercator_hash_v1",
        "value": 896
      },
      "type": "Feature"
    },
    {
      "geometry": {
        "coordinates": [
          -88.103685,
          3.871327
        ],
        "type": "Point"
      },
      "properties": {
        "cipher": "QWER",
        "has_phrases": false,
        "mode": "value_domain",
        "phrase_count": 0,
        "phrases": [],
        "projection": "webmercator_hash_v1",
        "projection_method": "webmercator_hash_v1",
        "value": 897
      },
      "type": "Feature"
    },
    {
      "geometry": {
        "coordinates": [
          -34.347926,
          -55.049803
        ],
        "type": "Point"
      },
      "properties": {
        "cipher": "QWER",
        "has_phrases": false,
        "mode": "value_domain",
        "phrase_count": 0,
        "phrases": [],
        "projection": "webmercator_hash_v1",
        "projection_method": "webmercator_hash_v1",
        "value": 898
      },
      "type": "Feature"
    },
    {
      "geometry": {
        "coordinates": [
          37.971141,
          48.82539
        ],
        "type": "Point"
      },
      "properties": {
        "cipher": "QWER",
        "has_phrases": false,
        "mode": "value_domain",
        "phrase_count": 0,
        "phrases": [],
        "projection": "webmercator_hash_v1",
        "projection_method": "webmercator_hash_v1",
        "value": 899
      },
      "type": "Feature"
    },
    {
      "geometry": {
        "coordinates": [
          48.536949,
          -19.217244
        ],
        "type": "Point"
      },
      "properties": {
        "cipher": "QWER",
        "has_phrases": false,
        "mode": "value_domain",
        "phrase_count": 0,
        "phrases": [],
        "projection": "webmercator_hash_v1",
        "projection_method": "webmercator_hash_v1",
        "value": 900
      },
      "type": "Feature"
    },
    {
      "geometry": {
        "coordinates": [
          -34.752408,
          25.661663
        ],
        "type": "Point"
      },
      "properties": {
        "cipher": "QWER",
        "has_phrases": false,
        "mode": "value_domain",
        "phrase_count": 0,
        "phrases": [],
        "projection": "webmercator_hash_v1",
        "projection_method": "webmercator_hash_v1",
        "value": 901
      },
      "type": "Feature"
    },
    {
      "geometry": {
        "coordinates": [
          -144.07783,
          51.672215
        ],
        "type": "Point"
      },
      "properties": {
        "cipher": "QWER",
        "has_phrases": false,
        "mode": "value_domain",
        "phrase_count": 0,
        "phrases": [],
        "projection": "webmercator_hash_v1",
        "projection_method": "webmercator_hash_v1",
        "value": 902
      },
      "type": "Feature"
    },
    {
      "geometry": {
        "coordinates": [
          -4.84528,
          76.047716
        ],
        "type": "Point"
      },
      "properties": {
        "cipher": "QWER",
        "has_phrases": false,
        "mode": "value_domain",
        "phrase_count": 0,
        "phrases": [],
        "projection": "webmercator_hash_v1",
        "projection_method": "webmercator_hash_v1",
        "value": 903
      },
      "type": "Feature"
    },
    {
      "geometry": {
        "coordinates": [
          93.304026,
          82.100304
        ],
        "type": "Point"
      },
      "properties": {
        "cipher": "QWER",
        "has_phrases": false,
        "mode": "value_domain",
        "phrase_count": 0,
        "phrases": [],
        "projection": "webmercator_hash_v1",
        "projection_method": "webmercator_hash_v1",
        "value": 904
      },
      "type": "Feature"
    },
    {
      "geometry": {
        "coordinates": [
          89.117267,
          82.050564
        ],
        "type": "Point"
      },
      "properties": {
        "cipher": "QWER",
        "has_phrases": false,
        "mode": "value_domain",
        "phrase_count": 0,
        "phrases": [],
        "projection": "webmercator_hash_v1",
        "projection_method": "webmercator_hash_v1",
        "value": 905
      },
      "type": "Feature"
    },
    {
      "geometry": {
        "coordinates": [
          121.001533,
          35.643313
        ],
        "type": "Point"
      },
      "properties": {
        "cipher": "QWER",
        "has_phrases": false,
        "mode": "value_domain",
        "phrase_count": 0,
        "phrases": [],
        "projection": "webmercator_hash_v1",
        "projection_method": "webmercator_hash_v1",
        "value": 906
      },
      "type": "Feature"
    },
    {
      "geometry": {
        "coordinates": [
          113.680377,
          10.83975
        ],
        "type": "Point"
      },
      "properties": {
        "cipher": "QWER",
        "has_phrases": false,
        "mode": "value_domain",
        "phrase_count": 0,
        "phrases": [],
        "projection": "webmercator_hash_v1",
        "projection_method": "webmercator_hash_v1",
        "value": 907
      },
      "type": "Feature"
    },
    {
      "geometry": {
        "coordinates": [
          101.523454,
          15.723367
        ],
        "type": "Point"
      },
      "properties": {
        "cipher": "QWER",
        "has_phrases": false,
        "mode": "value_domain",
        "phrase_count": 0,
        "phrases": [],
        "projection": "webmercator_hash_v1",
        "projection_method": "webmercator_hash_v1",
        "value": 908
      },
      "type": "Feature"
    },
    {
      "geometry": {
        "coordinates": [
          -136.222979,
          -23.764791
        ],
        "type": "Point"
      },
      "properties": {
        "cipher": "QWER",
        "has_phrases": false,
        "mode": "value_domain",
        "phrase_count": 0,
        "phrases": [],
        "projection": "webmercator_hash_v1",
        "projection_method": "webmercator_hash_v1",
        "value": 909
      },
      "type": "Feature"
    },
    {
      "geometry": {
        "coordinates": [
          -52.219534,
          -34.775574
        ],
        "type": "Point"
      },
      "properties": {
        "cipher": "QWER",
        "has_phrases": false,
        "mode": "value_domain",
        "phrase_count": 0,
        "phrases": [],
        "projection": "webmercator_hash_v1",
        "projection_method": "webmercator_hash_v1",
        "value": 910
      },
      "type": "Feature"
    },
    {
      "geometry": {
        "coordinates": [
          -155.178285,
          75.021508
        ],
        "type": "Point"
      },
      "properties": {
        "cipher": "QWER",
        "has_phrases": false,
        "mode": "value_domain",
        "phrase_count": 0,
        "phrases": [],
        "projection": "webmercator_hash_v1",
        "projection_method": "webmercator_hash_v1",
        "value": 911
      },
      "type": "Feature"
    },
    {
      "geometry": {
        "coordinates": [
          -82.274741,
          57.273546
        ],
        "type": "Point"
      },
      "properties": {
        "cipher": "QWER",
        "has_phrases": false,
        "mode": "value_domain",
        "phrase_count": 0,
        "phrases": [],
        "projection": "webmercator_hash_v1",
        "projection_method": "webmercator_hash_v1",
        "value": 912
      },
      "type": "Feature"
    },
    {
      "geometry": {
        "coordinates": [
          170.759576,
          -18.738194
        ],
        "type": "Point"
      },
      "properties": {
        "cipher": "QWER",
        "has_phrases": false,
        "mode": "value_domain",
        "phrase_count": 0,
        "phrases": [],
        "projection": "webmercator_hash_v1",
        "projection_method": "webmercator_hash_v1",
        "value": 913
      },
      "type": "Feature"
    },
    {
      "geometry": {
        "coordinates": [
          156.385655,
          50.380486
        ],
        "type": "Point"
      },
      "properties": {
        "cipher": "QWER",
        "has_phrases": false,
        "mode": "value_domain",
        "phrase_count": 0,
        "phrases": [],
        "projection": "webmercator_hash_v1",
        "projection_method": "webmercator_hash_v1",
        "value": 914
      },
      "type": "Feature"
    },
    {
      "geometry": {
        "coordinates": [
          45.510894,
          79.485972
        ],
        "type": "Point"
      },
      "properties": {
        "cipher": "QWER",
        "has_phrases": false,
        "mode": "value_domain",
        "phrase_count": 0,
        "phrases": [],
        "projection": "webmercator_hash_v1",
        "projection_method": "webmercator_hash_v1",
        "value": 915
      },
      "type": "Feature"
    },
    {
      "geometry": {
        "coordinates": [
          11.892986,
          9.824974
        ],
        "type": "Point"
      },
      "properties": {
        "cipher": "QWER",
        "has_phrases": false,
        "mode": "value_domain",
        "phrase_count": 0,
        "phrases": [],
        "projection": "webmercator_hash_v1",
        "projection_method": "webmercator_hash_v1",
        "value": 916
      },
      "type": "Feature"
    },
    {
      "geometry": {
        "coordinates": [
          170.775668,
          -52.723489
        ],
        "type": "Point"
      },
      "properties": {
        "cipher": "QWER",
        "has_phrases": false,
        "mode": "value_domain",
        "phrase_count": 0,
        "phrases": [],
        "projection": "webmercator_hash_v1",
        "projection_method": "webmercator_hash_v1",
        "value": 917
      },
      "type": "Feature"
    },
    {
      "geometry": {
        "coordinates": [
          166.018056,
          -6.259461
        ],
        "type": "Point"
      },
      "properties": {
        "cipher": "QWER",
        "has_phrases": false,
        "mode": "value_domain",
        "phrase_count": 0,
        "phrases": [],
        "projection": "webmercator_hash_v1",
        "projection_method": "webmercator_hash_v1",
        "value": 918
      },
      "type": "Feature"
    },
    {
      "geometry": {
        "coordinates": [
          -67.469208,
          3.056211
        ],
        "type": "Point"
      },
      "properties": {
        "cipher": "QWER",
        "has_phrases": false,
        "mode": "value_domain",
        "phrase_count": 0,
        "phrases": [],
        "projection": "webmercator_hash_v1",
        "projection_method": "webmercator_hash_v1",
        "value": 919
      },
      "type": "Feature"
    },
    {
      "geometry": {
        "coordinates": [
          73.313748,
          12.860411
        ],
        "type": "Point"
      },
      "properties": {
        "cipher": "QWER",
        "has_phrases": false,
        "mode": "value_domain",
        "phrase_count": 0,
        "phrases": [],
        "projection": "webmercator_hash_v1",
        "projection_method": "webmercator_hash_v1",
        "value": 920
      },
      "type": "Feature"
    },
    {
      "geometry": {
        "coordinates": [
          -54.731739,
          72.857797
        ],
        "type": "Point"
      },
      "properties": {
        "cipher": "QWER",
        "has_phrases": false,
        "mode": "value_domain",
        "phrase_count": 0,
        "phrases": [],
        "projection": "webmercator_hash_v1",
        "projection_method": "webmercator_hash_v1",
        "value": 921
      },
      "type": "Feature"
    },
    {
      "geometry": {
        "coordinates": [
          -166.321434,
          -23.562989
        ],
        "type": "Point"
      },
      "properties": {
        "cipher": "QWER",
        "has_phrases": false,
        "mode": "value_domain",
        "phrase_count": 0,
        "phrases": [],
        "projection": "webmercator_hash_v1",
        "projection_method": "webmercator_hash_v1",
        "value": 922
      },
      "type": "Feature"
    },
    {
      "geometry": {
        "coordinates": [
          46.514707,
          -82.196639
        ],
        "type": "Point"
      },
      "properties": {
        "cipher": "QWER",
        "has_phrases": false,
        "mode": "value_domain",
        "phrase_count": 0,
        "phrases": [],
        "projection": "webmercator_hash_v1",
        "projection_method": "webmercator_hash_v1",
        "value": 923
      },
      "type": "Feature"
    },
    {
      "geometry": {
        "coordinates": [
          -125.78121,
          12.238739
        ],
        "type": "Point"
      },
      "properties": {
        "cipher": "QWER",
        "has_phrases": false,
        "mode": "value_domain",
        "phrase_count": 0,
        "phrases": [],
        "projection": "webmercator_hash_v1",
        "projection_method": "webmercator_hash_v1",
        "value": 924
      },
      "type": "Feature"
    },
    {
      "geometry": {
        "coordinates": [
          -146.180086,
          67.413834
        ],
        "type": "Point"
      },
      "properties": {
        "cipher": "QWER",
        "has_phrases": false,
        "mode": "value_domain",
        "phrase_count": 0,
        "phrases": [],
        "projection": "webmercator_hash_v1",
        "projection_method": "webmercator_hash_v1",
        "value": 925
      },
      "type": "Feature"
    },
    {
      "geometry": {
        "coordinates": [
          164.166319,
          -50.496118
        ],
        "type": "Point"
      },
      "properties": {
        "cipher": "QWER",
        "has_phrases": false,
        "mode": "value_domain",
        "phrase_count": 0,
        "phrases": [],
        "projection": "webmercator_hash_v1",
        "projection_method": "webmercator_hash_v1",
        "value": 926
      },
      "type": "Feature"
    },
    {
      "geometry": {
        "coordinates": [
          154.031842,
          -30.553651
        ],
        "type": "Point"
      },
      "properties": {
        "cipher": "QWER",
        "has_phrases": false,
        "mode": "value_domain",
        "phrase_count": 0,
        "phrases": [],
        "projection": "webmercator_hash_v1",
        "projection_method": "webmercator_hash_v1",
        "value": 927
      },
      "type": "Feature"
    },
    {
      "geometry": {
        "coordinates": [
          81.682039,
          43.849273
        ],
        "type": "Point"
      },
      "properties": {
        "cipher": "QWER",
        "has_phrases": false,
        "mode": "value_domain",
        "phrase_count": 0,
        "phrases": [],
        "projection": "webmercator_hash_v1",
        "projection_method": "webmercator_hash_v1",
        "value": 928
      },
      "type": "Feature"
    },
    {
      "geometry": {
        "coordinates": [
          154.998261,
          -36.995754
        ],
        "type": "Point"
      },
      "properties": {
        "cipher": "QWER",
        "has_phrases": false,
        "mode": "value_domain",
        "phrase_count": 0,
        "phrases": [],
        "projection": "webmercator_hash_v1",
        "projection_method": "webmercator_hash_v1",
        "value": 929
      },
      "type": "Feature"
    },
    {
      "geometry": {
        "coordinates": [
          48.239354,
          -53.28717
        ],
        "type": "Point"
      },
      "properties": {
        "cipher": "QWER",
        "has_phrases": false,
        "mode": "value_domain",
        "phrase_count": 0,
        "phrases": [],
        "projection": "webmercator_hash_v1",
        "projection_method": "webmercator_hash_v1",
        "value": 930
      },
      "type": "Feature"
    },
    {
      "geometry": {
        "coordinates": [
          -163.008355,
          81.033361
        ],
        "type": "Point"
      },
      "properties": {
        "cipher": "QWER",
        "has_phrases": false,
        "mode": "value_domain",
        "phrase_count": 0,
        "phrases": [],
        "projection": "webmercator_hash_v1",
        "projection_method": "webmercator_hash_v1",
        "value": 931
      },
      "type": "Feature"
    },
    {
      "geometry": {
        "coordinates": [
          154.366826,
          11.458471
        ],
        "type": "Point"
      },
      "properties": {
        "cipher": "QWER",
        "has_phrases": false,
        "mode": "value_domain",
        "phrase_count": 0,
        "phrases": [],
        "projection": "webmercator_hash_v1",
        "projection_method": "webmercator_hash_v1",
        "value": 932
      },
      "type": "Feature"
    },
    {
      "geometry": {
        "coordinates": [
          -117.39109,
          24.51711
        ],
        "type": "Point"
      },
      "properties": {
        "cipher": "QWER",
        "has_phrases": false,
        "mode": "value_domain",
        "phrase_count": 0,
        "phrases": [],
        "projection": "webmercator_hash_v1",
        "projection_method": "webmercator_hash_v1",
        "value": 933
      },
      "type": "Feature"
    },
    {
      "geometry": {
        "coordinates": [
          38.820348,
          30.370961
        ],
        "type": "Point"
      },
      "properties": {
        "cipher": "QWER",
        "has_phrases": false,
        "mode": "value_domain",
        "phrase_count": 0,
        "phrases": [],
        "projection": "webmercator_hash_v1",
        "projection_method": "webmercator_hash_v1",
        "value": 934
      },
      "type": "Feature"
    },
    {
      "geometry": {
        "coordinates": [
          -96.956599,
          19.567849
        ],
        "type": "Point"
      },
      "properties": {
        "cipher": "QWER",
        "has_phrases": false,
        "mode": "value_domain",
        "phrase_count": 0,
        "phrases": [],
        "projection": "webmercator_hash_v1",
        "projection_method": "webmercator_hash_v1",
        "value": 935
      },
      "type": "Feature"
    },
    {
      "geometry": {
        "coordinates": [
          -95.008396,
          62.955078
        ],
        "type": "Point"
      },
      "properties": {
        "cipher": "QWER",
        "has_phrases": false,
        "mode": "value_domain",
        "phrase_count": 0,
        "phrases": [],
        "projection": "webmercator_hash_v1",
        "projection_method": "webmercator_hash_v1",
        "value": 936
      },
      "type": "Feature"
    },
    {
      "geometry": {
        "coordinates": [
          22.34766,
          73.825441
        ],
        "type": "Point"
      },
      "properties": {
        "cipher": "QWER",
        "has_phrases": false,
        "mode": "value_domain",
        "phrase_count": 0,
        "phrases": [],
        "projection": "webmercator_hash_v1",
        "projection_method": "webmercator_hash_v1",
        "value": 937
      },
      "type": "Feature"
    },
    {
      "geometry": {
        "coordinates": [
          -71.32103,
          57.901947
        ],
        "type": "Point"
      },
      "properties": {
        "cipher": "QWER",
        "has_phrases": false,
        "mode": "value_domain",
        "phrase_count": 0,
        "phrases": [],
        "projection": "webmercator_hash_v1",
        "projection_method": "webmercator_hash_v1",
        "value": 938
      },
      "type": "Feature"
    },
    {
      "geometry": {
        "coordinates": [
          -56.769765,
          31.050522
        ],
        "type": "Point"
      },
      "properties": {
        "cipher": "QWER",
        "has_phrases": false,
        "mode": "value_domain",
        "phrase_count": 0,
        "phrases": [],
        "projection": "webmercator_hash_v1",
        "projection_method": "webmercator_hash_v1",
        "value": 939
      },
      "type": "Feature"
    },
    {
      "geometry": {
        "coordinates": [
          -74.123336,
          -68.451413
        ],
        "type": "Point"
      },
      "properties": {
        "cipher": "QWER",
        "has_phrases": false,
        "mode": "value_domain",
        "phrase_count": 0,
        "phrases": [],
        "projection": "webmercator_hash_v1",
        "projection_method": "webmercator_hash_v1",
        "value": 940
      },
      "type": "Feature"
    },
    {
      "geometry": {
        "coordinates": [
          -60.040218,
          -6.685917
        ],
        "type": "Point"
      },
      "properties": {
        "cipher": "QWER",
        "has_phrases": false,
        "mode": "value_domain",
        "phrase_count": 0,
        "phrases": [],
        "projection": "webmercator_hash_v1",
        "projection_method": "webmercator_hash_v1",
        "value": 941
      },
      "type": "Feature"
    },
    {
      "geometry": {
        "coordinates": [
          -22.274339,
          42.925522
        ],
        "type": "Point"
      },
      "properties": {
        "cipher": "QWER",
        "has_phrases": false,
        "mode": "value_domain",
        "phrase_count": 0,
        "phrases": [],
        "projection": "webmercator_hash_v1",
        "projection_method": "webmercator_hash_v1",
        "value": 942
      },
      "type": "Feature"
    },
    {
      "geometry": {
        "coordinates": [
          97.365289,
          -44.001326
        ],
        "type": "Point"
      },
      "properties": {
        "cipher": "QWER",
        "has_phrases": false,
        "mode": "value_domain",
        "phrase_count": 0,
        "phrases": [],
        "projection": "webmercator_hash_v1",
        "projection_method": "webmercator_hash_v1",
        "value": 943
      },
      "type": "Feature"
    },
    {
      "geometry": {
        "coordinates": [
          -16.550661,
          -44.799807
        ],
        "type": "Point"
      },
      "properties": {
        "cipher": "QWER",
        "has_phrases": false,
        "mode": "value_domain",
        "phrase_count": 0,
        "phrases": [],
        "projection": "webmercator_hash_v1",
        "projection_method": "webmercator_hash_v1",
        "value": 944
      },
      "type": "Feature"
    },
    {
      "geometry": {
        "coordinates": [
          -160.257682,
          -38.002641
        ],
        "type": "Point"
      },
      "properties": {
        "cipher": "QWER",
        "has_phrases": false,
        "mode": "value_domain",
        "phrase_count": 0,
        "phrases": [],
        "projection": "webmercator_hash_v1",
        "projection_method": "webmercator_hash_v1",
        "value": 945
      },
      "type": "Feature"
    },
    {
      "geometry": {
        "coordinates": [
          87.163529,
          39.964721
        ],
        "type": "Point"
      },
      "properties": {
        "cipher": "QWER",
        "has_phrases": false,
        "mode": "value_domain",
        "phrase_count": 0,
        "phrases": [],
        "projection": "webmercator_hash_v1",
        "projection_method": "webmercator_hash_v1",
        "value": 946
      },
      "type": "Feature"
    },
    {
      "geometry": {
        "coordinates": [
          -133.801091,
          32.402326
        ],
        "type": "Point"
      },
      "properties": {
        "cipher": "QWER",
        "has_phrases": false,
        "mode": "value_domain",
        "phrase_count": 0,
        "phrases": [],
        "projection": "webmercator_hash_v1",
        "projection_method": "webmercator_hash_v1",
        "value": 947
      },
      "type": "Feature"
    },
    {
      "geometry": {
        "coordinates": [
          82.093071,
          0.841358
        ],
        "type": "Point"
      },
      "properties": {
        "cipher": "QWER",
        "has_phrases": false,
        "mode": "value_domain",
        "phrase_count": 0,
        "phrases": [],
        "projection": "webmercator_hash_v1",
        "projection_method": "webmercator_hash_v1",
        "value": 948
      },
      "type": "Feature"
    },
    {
      "geometry": {
        "coordinates": [
          -134.980807,
          -41.440964
        ],
        "type": "Point"
      },
      "properties": {
        "cipher": "QWER",
        "has_phrases": false,
        "mode": "value_domain",
        "phrase_count": 0,
        "phrases": [],
        "projection": "webmercator_hash_v1",
        "projection_method": "webmercator_hash_v1",
        "value": 949
      },
      "type": "Feature"
    },
    {
      "geometry": {
        "coordinates": [
          144.843808,
          -80.276787
        ],
        "type": "Point"
      },
      "properties": {
        "cipher": "QWER",
        "has_phrases": false,
        "mode": "value_domain",
        "phrase_count": 0,
        "phrases": [],
        "projection": "webmercator_hash_v1",
        "projection_method": "webmercator_hash_v1",
        "value": 950
      },
      "type": "Feature"
    },
    {
      "geometry": {
        "coordinates": [
          85.490802,
          -67.84561
        ],
        "type": "Point"
      },
      "properties": {
        "cipher": "QWER",
        "has_phrases": false,
        "mode": "value_domain",
        "phrase_count": 0,
        "phrases": [],
        "projection": "webmercator_hash_v1",
        "projection_method": "webmercator_hash_v1",
        "value": 951
      },
      "type": "Feature"
    },
    {
      "geometry": {
        "coordinates": [
          -174.888944,
          -41.05347
        ],
        "type": "Point"
      },
      "properties": {
        "cipher": "QWER",
        "has_phrases": false,
        "mode": "value_domain",
        "phrase_count": 0,
        "phrases": [],
        "projection": "webmercator_hash_v1",
        "projection_method": "webmercator_hash_v1",
        "value": 952
      },
      "type": "Feature"
    },
    {
      "geometry": {
        "coordinates": [
          42.38223,
          47.624124
        ],
        "type": "Point"
      },
      "properties": {
        "cipher": "QWER",
        "has_phrases": false,
        "mode": "value_domain",
        "phrase_count": 0,
        "phrases": [],
        "projection": "webmercator_hash_v1",
        "projection_method": "webmercator_hash_v1",
        "value": 953
      },
      "type": "Feature"
    },
    {
      "geometry": {
        "coordinates": [
          -46.687882,
          -75.749033
        ],
        "type": "Point"
      },
      "properties": {
        "cipher": "QWER",
        "has_phrases": false,
        "mode": "value_domain",
        "phrase_count": 0,
        "phrases": [],
        "projection": "webmercator_hash_v1",
        "projection_method": "webmercator_hash_v1",
        "value": 954
      },
      "type": "Feature"
    },
    {
      "geometry": {
        "coordinates": [
          74.603827,
          34.197823
        ],
        "type": "Point"
      },
      "properties": {
        "cipher": "QWER",
        "has_phrases": false,
        "mode": "value_domain",
        "phrase_count": 0,
        "phrases": [],
        "projection": "webmercator_hash_v1",
        "projection_method": "webmercator_hash_v1",
        "value": 955
      },
      "type": "Feature"
    },
    {
      "geometry": {
        "coordinates": [
          173.601754,
          18.517711
        ],
        "type": "Point"
      },
      "properties": {
        "cipher": "QWER",
        "has_phrases": false,
        "mode": "value_domain",
        "phrase_count": 0,
        "phrases": [],
        "projection": "webmercator_hash_v1",
        "projection_method": "webmercator_hash_v1",
        "value": 956
      },
      "type": "Feature"
    },
    {
      "geometry": {
        "coordinates": [
          -68.198788,
          44.017572
        ],
        "type": "Point"
      },
      "properties": {
        "cipher": "QWER",
        "has_phrases": false,
        "mode": "value_domain",
        "phrase_count": 0,
        "phrases": [],
        "projection": "webmercator_hash_v1",
        "projection_method": "webmercator_hash_v1",
        "value": 957
      },
      "type": "Feature"
    },
    {
      "geometry": {
        "coordinates": [
          178.656245,
          67.531714
        ],
        "type": "Point"
      },
      "properties": {
        "cipher": "QWER",
        "has_phrases": false,
        "mode": "value_domain",
        "phrase_count": 0,
        "phrases": [],
        "projection": "webmercator_hash_v1",
        "projection_method": "webmercator_hash_v1",
        "value": 958
      },
      "type": "Feature"
    },
    {
      "geometry": {
        "coordinates": [
          -173.178095,
          73.240231
        ],
        "type": "Point"
      },
      "properties": {
        "cipher": "QWER",
        "has_phrases": false,
        "mode": "value_domain",
        "phrase_count": 0,
        "phrases": [],
        "projection": "webmercator_hash_v1",
        "projection_method": "webmercator_hash_v1",
        "value": 959
      },
      "type": "Feature"
    },
    {
      "geometry": {
        "coordinates": [
          -127.541852,
          -63.223074
        ],
        "type": "Point"
      },
      "properties": {
        "cipher": "QWER",
        "has_phrases": false,
        "mode": "value_domain",
        "phrase_count": 0,
        "phrases": [],
        "projection": "webmercator_hash_v1",
        "projection_method": "webmercator_hash_v1",
        "value": 960
      },
      "type": "Feature"
    },
    {
      "geometry": {
        "coordinates": [
          147.190277,
          -35.684558
        ],
        "type": "Point"
      },
      "properties": {
        "cipher": "QWER",
        "has_phrases": false,
        "mode": "value_domain",
        "phrase_count": 0,
        "phrases": [],
        "projection": "webmercator_hash_v1",
        "projection_method": "webmercator_hash_v1",
        "value": 961
      },
      "type": "Feature"
    },
    {
      "geometry": {
        "coordinates": [
          139.27358,
          36.960348
        ],
        "type": "Point"
      },
      "properties": {
        "cipher": "QWER",
        "has_phrases": false,
        "mode": "value_domain",
        "phrase_count": 0,
        "phrases": [],
        "projection": "webmercator_hash_v1",
        "projection_method": "webmercator_hash_v1",
        "value": 962
      },
      "type": "Feature"
    },
    {
      "geometry": {
        "coordinates": [
          81.213793,
          -2.488559
        ],
        "type": "Point"
      },
      "properties": {
        "cipher": "QWER",
        "has_phrases": false,
        "mode": "value_domain",
        "phrase_count": 0,
        "phrases": [],
        "projection": "webmercator_hash_v1",
        "projection_method": "webmercator_hash_v1",
        "value": 963
      },
      "type": "Feature"
    },
    {
      "geometry": {
        "coordinates": [
          58.43786,
          -44.681541
        ],
        "type": "Point"
      },
      "properties": {
        "cipher": "QWER",
        "has_phrases": false,
        "mode": "value_domain",
        "phrase_count": 0,
        "phrases": [],
        "projection": "webmercator_hash_v1",
        "projection_method": "webmercator_hash_v1",
        "value": 964
      },
      "type": "Feature"
    },
    {
      "geometry": {
        "coordinates": [
          -53.103204,
          -63.526597
        ],
        "type": "Point"
      },
      "properties": {
        "cipher": "QWER",
        "has_phrases": false,
        "mode": "value_domain",
        "phrase_count": 0,
        "phrases": [],
        "projection": "webmercator_hash_v1",
        "projection_method": "webmercator_hash_v1",
        "value": 965
      },
      "type": "Feature"
    },
    {
      "geometry": {
        "coordinates": [
          10.082974,
          -54.905625
        ],
        "type": "Point"
      },
      "properties": {
        "cipher": "QWER",
        "has_phrases": false,
        "mode": "value_domain",
        "phrase_count": 0,
        "phrases": [],
        "projection": "webmercator_hash_v1",
        "projection_method": "webmercator_hash_v1",
        "value": 966
      },
      "type": "Feature"
    },
    {
      "geometry": {
        "coordinates": [
          -16.345811,
          78.881381
        ],
        "type": "Point"
      },
      "properties": {
        "cipher": "QWER",
        "has_phrases": false,
        "mode": "value_domain",
        "phrase_count": 0,
        "phrases": [],
        "projection": "webmercator_hash_v1",
        "projection_method": "webmercator_hash_v1",
        "value": 967
      },
      "type": "Feature"
    },
    {
      "geometry": {
        "coordinates": [
          -76.220069,
          -10.88078
        ],
        "type": "Point"
      },
      "properties": {
        "cipher": "QWER",
        "has_phrases": false,
        "mode": "value_domain",
        "phrase_count": 0,
        "phrases": [],
        "projection": "webmercator_hash_v1",
        "projection_method": "webmercator_hash_v1",
        "value": 968
      },
      "type": "Feature"
    },
    {
      "geometry": {
        "coordinates": [
          -132.776693,
          17.31939
        ],
        "type": "Point"
      },
      "properties": {
        "cipher": "QWER",
        "has_phrases": false,
        "mode": "value_domain",
        "phrase_count": 0,
        "phrases": [],
        "projection": "webmercator_hash_v1",
        "projection_method": "webmercator_hash_v1",
        "value": 969
      },
      "type": "Feature"
    },
    {
      "geometry": {
        "coordinates": [
          4.662221,
          35.153128
        ],
        "type": "Point"
      },
      "properties": {
        "cipher": "QWER",
        "has_phrases": false,
        "mode": "value_domain",
        "phrase_count": 0,
        "phrases": [],
        "projection": "webmercator_hash_v1",
        "projection_method": "webmercator_hash_v1",
        "value": 970
      },
      "type": "Feature"
    },
    {
      "geometry": {
        "coordinates": [
          76.528106,
          -40.38661
        ],
        "type": "Point"
      },
      "properties": {
        "cipher": "QWER",
        "has_phrases": false,
        "mode": "value_domain",
        "phrase_count": 0,
        "phrases": [],
        "projection": "webmercator_hash_v1",
        "projection_method": "webmercator_hash_v1",
        "value": 971
      },
      "type": "Feature"
    },
    {
      "geometry": {
        "coordinates": [
          -145.583867,
          60.728592
        ],
        "type": "Point"
      },
      "properties": {
        "cipher": "QWER",
        "has_phrases": false,
        "mode": "value_domain",
        "phrase_count": 0,
        "phrases": [],
        "projection": "webmercator_hash_v1",
        "projection_method": "webmercator_hash_v1",
        "value": 972
      },
      "type": "Feature"
    },
    {
      "geometry": {
        "coordinates": [
          -7.884204,
          14.425014
        ],
        "type": "Point"
      },
      "properties": {
        "cipher": "QWER",
        "has_phrases": false,
        "mode": "value_domain",
        "phrase_count": 0,
        "phrases": [],
        "projection": "webmercator_hash_v1",
        "projection_method": "webmercator_hash_v1",
        "value": 973
      },
      "type": "Feature"
    },
    {
      "geometry": {
        "coordinates": [
          86.462573,
          26.738983
        ],
        "type": "Point"
      },
      "properties": {
        "cipher": "QWER",
        "has_phrases": false,
        "mode": "value_domain",
        "phrase_count": 0,
        "phrases": [],
        "projection": "webmercator_hash_v1",
        "projection_method": "webmercator_hash_v1",
        "value": 974
      },
      "type": "Feature"
    },
    {
      "geometry": {
        "coordinates": [
          51.633848,
          72.377926
        ],
        "type": "Point"
      },
      "properties": {
        "cipher": "QWER",
        "has_phrases": false,
        "mode": "value_domain",
        "phrase_count": 0,
        "phrases": [],
        "projection": "webmercator_hash_v1",
        "projection_method": "webmercator_hash_v1",
        "value": 975
      },
      "type": "Feature"
    },
    {
      "geometry": {
        "coordinates": [
          161.826452,
          43.667173
        ],
        "type": "Point"
      },
      "properties": {
        "cipher": "QWER",
        "has_phrases": false,
        "mode": "value_domain",
        "phrase_count": 0,
        "phrases": [],
        "projection": "webmercator_hash_v1",
        "projection_method": "webmercator_hash_v1",
        "value": 976
      },
      "type": "Feature"
    },
    {
      "geometry": {
        "coordinates": [
          -103.730766,
          -35.453801
        ],
        "type": "Point"
      },
      "properties": {
        "cipher": "QWER",
        "has_phrases": false,
        "mode": "value_domain",
        "phrase_count": 0,
        "phrases": [],
        "projection": "webmercator_hash_v1",
        "projection_method": "webmercator_hash_v1",
        "value": 977
      },
      "type": "Feature"
    },
    {
      "geometry": {
        "coordinates": [
          143.838156,
          43.865101
        ],
        "type": "Point"
      },
      "properties": {
        "cipher": "QWER",
        "has_phrases": false,
        "mode": "value_domain",
        "phrase_count": 0,
        "phrases": [],
        "projection": "webmercator_hash_v1",
        "projection_method": "webmercator_hash_v1",
        "value": 978
      },
      "type": "Feature"
    },
    {
      "geometry": {
        "coordinates": [
          -131.078532,
          -52.302863
        ],
        "type": "Point"
      },
      "properties": {
        "cipher": "QWER",
        "has_phrases": false,
        "mode": "value_domain",
        "phrase_count": 0,
        "phrases": [],
        "projection": "webmercator_hash_v1",
        "projection_method": "webmercator_hash_v1",
        "value": 979
      },
      "type": "Feature"
    },
    {
      "geometry": {
        "coordinates": [
          0.858359,
          -74.899355
        ],
        "type": "Point"
      },
      "properties": {
        "cipher": "QWER",
        "has_phrases": false,
        "mode": "value_domain",
        "phrase_count": 0,
        "phrases": [],
        "projection": "webmercator_hash_v1",
        "projection_method": "webmercator_hash_v1",
        "value": 980
      },
      "type": "Feature"
    },
    {
      "geometry": {
        "coordinates": [
          -68.58179,
          2.590245
        ],
        "type": "Point"
      },
      "properties": {
        "cipher": "QWER",
        "has_phrases": false,
        "mode": "value_domain",
        "phrase_count": 0,
        "phrases": [],
        "projection": "webmercator_hash_v1",
        "projection_method": "webmercator_hash_v1",
        "value": 981
      },
      "type": "Feature"
    },
    {
      "geometry": {
        "coordinates": [
          -31.286365,
          1.539925
        ],
        "type": "Point"
      },
      "properties": {
        "cipher": "QWER",
        "has_phrases": false,
        "mode": "value_domain",
        "phrase_count": 0,
        "phrases": [],
        "projection": "webmercator_hash_v1",
        "projection_method": "webmercator_hash_v1",
        "value": 982
      },
      "type": "Feature"
    },
    {
      "geometry": {
        "coordinates": [
          124.041744,
          -75.355378
        ],
        "type": "Point"
      },
      "properties": {
        "cipher": "QWER",
        "has_phrases": false,
        "mode": "value_domain",
        "phrase_count": 0,
        "phrases": [],
        "projection": "webmercator_hash_v1",
        "projection_method": "webmercator_hash_v1",
        "value": 983
      },
      "type": "Feature"
    },
    {
      "geometry": {
        "coordinates": [
          -50.45455,
          -39.579767
        ],
        "type": "Point"
      },
      "properties": {
        "cipher": "QWER",
        "has_phrases": false,
        "mode": "value_domain",
        "phrase_count": 0,
        "phrases": [],
        "projection": "webmercator_hash_v1",
        "projection_method": "webmercator_hash_v1",
        "value": 984
      },
      "type": "Feature"
    },
    {
      "geometry": {
        "coordinates": [
          169.587832,
          57.1973
        ],
        "type": "Point"
      },
      "properties": {
        "cipher": "QWER",
        "has_phrases": false,
        "mode": "value_domain",
        "phrase_count": 0,
        "phrases": [],
        "projection": "webmercator_hash_v1",
        "projection_method": "webmercator_hash_v1",
        "value": 985
      },
      "type": "Feature"
    },
    {
      "geometry": {
        "coordinates": [
          41.737261,
          9.219074
        ],
        "type": "Point"
      },
      "properties": {
        "cipher": "QWER",
        "has_phrases": false,
        "mode": "value_domain",
        "phrase_count": 0,
        "phrases": [],
        "projection": "webmercator_hash_v1",
        "projection_method": "webmercator_hash_v1",
        "value": 986
      },
      "type": "Feature"
    },
    {
      "geometry": {
        "coordinates": [
          -151.213081,
          -69.162179
        ],
        "type": "Point"
      },
      "properties": {
        "cipher": "QWER",
        "has_phrases": false,
        "mode": "value_domain",
        "phrase_count": 0,
        "phrases": [],
        "projection": "webmercator_hash_v1",
        "projection_method": "webmercator_hash_v1",
        "value": 987
      },
      "type": "Feature"
    },
    {
      "geometry": {
        "coordinates": [
          -156.574071,
          5.759213
        ],
        "type": "Point"
      },
      "properties": {
        "cipher": "QWER",
        "has_phrases": false,
        "mode": "value_domain",
        "phrase_count": 0,
        "phrases": [],
        "projection": "webmercator_hash_v1",
        "projection_method": "webmercator_hash_v1",
        "value": 988
      },
      "type": "Feature"
    },
    {
      "geometry": {
        "coordinates": [
          112.000668,
          19.657398
        ],
        "type": "Point"
      },
      "properties": {
        "cipher": "QWER",
        "has_phrases": false,
        "mode": "value_domain",
        "phrase_count": 0,
        "phrases": [],
        "projection": "webmercator_hash_v1",
        "projection_method": "webmercator_hash_v1",
        "value": 989
      },
      "type": "Feature"
    },
    {
      "geometry": {
        "coordinates": [
          34.582538,
          22.15615
        ],
        "type": "Point"
      },
      "properties": {
        "cipher": "QWER",
        "has_phrases": false,
        "mode": "value_domain",
        "phrase_count": 0,
        "phrases": [],
        "projection": "webmercator_hash_v1",
        "projection_method": "webmercator_hash_v1",
        "value": 990
      },
      "type": "Feature"
    },
    {
      "geometry": {
        "coordinates": [
          128.328398,
          10.167344
        ],
        "type": "Point"
      },
      "properties": {
        "cipher": "QWER",
        "has_phrases": false,
        "mode": "value_domain",
        "phrase_count": 0,
        "phrases": [],
        "projection": "webmercator_hash_v1",
        "projection_method": "webmercator_hash_v1",
        "value": 991
      },
      "type": "Feature"
    },
    {
      "geometry": {
        "coordinates": [
          3.583016,
          -59.176521
        ],
        "type": "Point"
      },
      "properties": {
        "cipher": "QWER",
        "has_phrases": false,
        "mode": "value_domain",
        "phrase_count": 0,
        "phrases": [],
        "projection": "webmercator_hash_v1",
        "projection_method": "webmercator_hash_v1",
        "value": 992
      },
      "type": "Feature"
    },
    {
      "geometry": {
        "coordinates": [
          -131.178367,
          39.94228
        ],
        "type": "Point"
      },
      "properties": {
        "cipher": "QWER",
        "has_phrases": false,
        "mode": "value_domain",
        "phrase_count": 0,
        "phrases": [],
        "projection": "webmercator_hash_v1",
        "projection_method": "webmercator_hash_v1",
        "value": 993
      },
      "type": "Feature"
    },
    {
      "geometry": {
        "coordinates": [
          145.908658,
          -33.646605
        ],
        "type": "Point"
      },
      "properties": {
        "cipher": "QWER",
        "has_phrases": false,
        "mode": "value_domain",
        "phrase_count": 0,
        "phrases": [],
        "projection": "webmercator_hash_v1",
        "projection_method": "webmercator_hash_v1",
        "value": 994
      },
      "type": "Feature"
    },
    {
      "geometry": {
        "coordinates": [
          2.949496,
          -17.035789
        ],
        "type": "Point"
      },
      "properties": {
        "cipher": "QWER",
        "has_phrases": false,
        "mode": "value_domain",
        "phrase_count": 0,
        "phrases": [],
        "projection": "webmercator_hash_v1",
        "projection_method": "webmercator_hash_v1",
        "value": 995
      },
      "type": "Feature"
    },
    {
      "geometry": {
        "coordinates": [
          -109.574105,
          -20.334547
        ],
        "type": "Point"
      },
      "properties": {
        "cipher": "QWER",
        "has_phrases": false,
        "mode": "value_domain",
        "phrase_count": 0,
        "phrases": [],
        "projection": "webmercator_hash_v1",
        "projection_method": "webmercator_hash_v1",
        "value": 996
      },
      "type": "Feature"
    },
    {
      "geometry": {
        "coordinates": [
          -153.643117,
          54.7266
        ],
        "type": "Point"
      },
      "properties": {
        "cipher": "QWER",
        "has_phrases": false,
        "mode": "value_domain",
        "phrase_count": 0,
        "phrases": [],
        "projection": "webmercator_hash_v1",
        "projection_method": "webmercator_hash_v1",
        "value": 997
      },
      "type": "Feature"
    },
    {
      "geometry": {
        "coordinates": [
          112.026836,
          -51.724312
        ],
        "type": "Point"
      },
      "properties": {
        "cipher": "QWER",
        "has_phrases": false,
        "mode": "value_domain",
        "phrase_count": 0,
        "phrases": [],
        "projection": "webmercator_hash_v1",
        "projection_method": "webmercator_hash_v1",
        "value": 998
      },
      "type": "Feature"
    },
    {
      "geometry": {
        "coordinates": [
          98.244464,
          -5.149644
        ],
        "type": "Point"
      },
      "properties": {
        "cipher": "QWER",
        "has_phrases": false,
        "mode": "value_domain",
        "phrase_count": 0,
        "phrases": [],
        "projection": "webmercator_hash_v1",
        "projection_method": "webmercator_hash_v1",
        "value": 999
      },
      "type": "Feature"
    },
    {
      "geometry": {
        "coordinates": [
          12.189391,
          -6.38872
        ],
        "type": "Point"
      },
      "properties": {
        "cipher": "QWER",
        "has_phrases": false,
        "mode": "value_domain",
        "phrase_count": 0,
        "phrases": [],
        "projection": "webmercator_hash_v1",
        "projection_method": "webmercator_hash_v1",
        "value": 1000
      },
      "type": "Feature"
    },
    {
      "geometry": {
        "coordinates": [
          -106.292959,
          66.170722
        ],
        "type": "Point"
      },
      "properties": {
        "cipher": "QWER",
        "has_phrases": false,
        "mode": "value_domain",
        "phrase_count": 0,
        "phrases": [],
        "projection": "webmercator_hash_v1",
        "projection_method": "webmercator_hash_v1",
        "value": 1001
      },
      "type": "Feature"
    },
    {
      "geometry": {
        "coordinates": [
          -135.15871,
          -67.313382
        ],
        "type": "Point"
      },
      "properties": {
        "cipher": "QWER",
        "has_phrases": false,
        "mode": "value_domain",
        "phrase_count": 0,
        "phrases": [],
        "projection": "webmercator_hash_v1",
        "projection_method": "webmercator_hash_v1",
        "value": 1002
      },
      "type": "Feature"
    },
    {
      "geometry": {
        "coordinates": [
          26.593872,
          71.609472
        ],
        "type": "Point"
      },
      "properties": {
        "cipher": "QWER",
        "has_phrases": false,
        "mode": "value_domain",
        "phrase_count": 0,
        "phrases": [],
        "projection": "webmercator_hash_v1",
        "projection_method": "webmercator_hash_v1",
        "value": 1003
      },
      "type": "Feature"
    },
    {
      "geometry": {
        "coordinates": [
          91.09469,
          -24.199032
        ],
        "type": "Point"
      },
      "properties": {
        "cipher": "QWER",
        "has_phrases": false,
        "mode": "value_domain",
        "phrase_count": 0,
        "phrases": [],
        "projection": "webmercator_hash_v1",
        "projection_method": "webmercator_hash_v1",
        "value": 1004
      },
      "type": "Feature"
    },
    {
      "geometry": {
        "coordinates": [
          15.816004,
          69.572164
        ],
        "type": "Point"
      },
      "properties": {
        "cipher": "QWER",
        "has_phrases": false,
        "mode": "value_domain",
        "phrase_count": 0,
        "phrases": [],
        "projection": "webmercator_hash_v1",
        "projection_method": "webmercator_hash_v1",
        "value": 1005
      },
      "type": "Feature"
    },
    {
      "geometry": {
        "coordinates": [
          -56.336985,
          -45.48302
        ],
        "type": "Point"
      },
      "properties": {
        "cipher": "QWER",
        "has_phrases": false,
        "mode": "value_domain",
        "phrase_count": 0,
        "phrases": [],
        "projection": "webmercator_hash_v1",
        "projection_method": "webmercator_hash_v1",
        "value": 1006
      },
      "type": "Feature"
    },
    {
      "geometry": {
        "coordinates": [
          -55.139436,
          61.815481
        ],
        "type": "Point"
      },
      "properties": {
        "cipher": "QWER",
        "has_phrases": false,
        "mode": "value_domain",
        "phrase_count": 0,
        "phrases": [],
        "projection": "webmercator_hash_v1",
        "projection_method": "webmercator_hash_v1",
        "value": 1007
      },
      "type": "Feature"
    },
    {
      "geometry": {
        "coordinates": [
          80.863554,
          75.397307
        ],
        "type": "Point"
      },
      "properties": {
        "cipher": "QWER",
        "has_phrases": false,
        "mode": "value_domain",
        "phrase_count": 0,
        "phrases": [],
        "projection": "webmercator_hash_v1",
        "projection_method": "webmercator_hash_v1",
        "value": 1008
      },
      "type": "Feature"
    },
    {
      "geometry": {
        "coordinates": [
          -14.218093,
          -2.257717
        ],
        "type": "Point"
      },
      "properties": {
        "cipher": "QWER",
        "has_phrases": false,
        "mode": "value_domain",
        "phrase_count": 0,
        "phrases": [],
        "projection": "webmercator_hash_v1",
        "projection_method": "webmercator_hash_v1",
        "value": 1009
      },
      "type": "Feature"
    },
    {
      "geometry": {
        "coordinates": [
          159.630269,
          -56.105867
        ],
        "type": "Point"
      },
      "properties": {
        "cipher": "QWER",
        "has_phrases": false,
        "mode": "value_domain",
        "phrase_count": 0,
        "phrases": [],
        "projection": "webmercator_hash_v1",
        "projection_method": "webmercator_hash_v1",
        "value": 1010
      },
      "type": "Feature"
    },
    {
      "geometry": {
        "coordinates": [
          -53.203891,
          30.214443
        ],
        "type": "Point"
      },
      "properties": {
        "cipher": "QWER",
        "has_phrases": false,
        "mode": "value_domain",
        "phrase_count": 0,
        "phrases": [],
        "projection": "webmercator_hash_v1",
        "projection_method": "webmercator_hash_v1",
        "value": 1011
      },
      "type": "Feature"
    },
    {
      "geometry": {
        "coordinates": [
          -61.881653,
          3.032754
        ],
        "type": "Point"
      },
      "properties": {
        "cipher": "QWER",
        "has_phrases": false,
        "mode": "value_domain",
        "phrase_count": 0,
        "phrases": [],
        "projection": "webmercator_hash_v1",
        "projection_method": "webmercator_hash_v1",
        "value": 1012
      },
      "type": "Feature"
    },
    {
      "geometry": {
        "coordinates": [
          -127.573495,
          82.197286
        ],
        "type": "Point"
      },
      "properties": {
        "cipher": "QWER",
        "has_phrases": false,
        "mode": "value_domain",
        "phrase_count": 0,
        "phrases": [],
        "projection": "webmercator_hash_v1",
        "projection_method": "webmercator_hash_v1",
        "value": 1013
      },
      "type": "Feature"
    },
    {
      "geometry": {
        "coordinates": [
          -71.293458,
          16.821916
        ],
        "type": "Point"
      },
      "properties": {
        "cipher": "QWER",
        "has_phrases": false,
        "mode": "value_domain",
        "phrase_count": 0,
        "phrases": [],
        "projection": "webmercator_hash_v1",
        "projection_method": "webmercator_hash_v1",
        "value": 1014
      },
      "type": "Feature"
    },
    {
      "geometry": {
        "coordinates": [
          102.250035,
          -46.670988
        ],
        "type": "Point"
      },
      "properties": {
        "cipher": "QWER",
        "has_phrases": false,
        "mode": "value_domain",
        "phrase_count": 0,
        "phrases": [],
        "projection": "webmercator_hash_v1",
        "projection_method": "webmercator_hash_v1",
        "value": 1015
      },
      "type": "Feature"
    },
    {
      "geometry": {
        "coordinates": [
          -161.022115,
          -28.790119
        ],
        "type": "Point"
      },
      "properties": {
        "cipher": "QWER",
        "has_phrases": false,
        "mode": "value_domain",
        "phrase_count": 0,
        "phrases": [],
        "projection": "webmercator_hash_v1",
        "projection_method": "webmercator_hash_v1",
        "value": 1016
      },
      "type": "Feature"
    },
    {
      "geometry": {
        "coordinates": [
          -53.725642,
          81.915029
        ],
        "type": "Point"
      },
      "properties": {
        "cipher": "QWER",
        "has_phrases": false,
        "mode": "value_domain",
        "phrase_count": 0,
        "phrases": [],
        "projection": "webmercator_hash_v1",
        "projection_method": "webmercator_hash_v1",
        "value": 1017
      },
      "type": "Feature"
    },
    {
      "geometry": {
        "coordinates": [
          -46.434974,
          61.87227
        ],
        "type": "Point"
      },
      "properties": {
        "cipher": "QWER",
        "has_phrases": false,
        "mode": "value_domain",
        "phrase_count": 0,
        "phrases": [],
        "projection": "webmercator_hash_v1",
        "projection_method": "webmercator_hash_v1",
        "value": 1018
      },
      "type": "Feature"
    },
    {
      "geometry": {
        "coordinates": [
          112.795812,
          57.173911
        ],
        "type": "Point"
      },
      "properties": {
        "cipher": "QWER",
        "has_phrases": false,
        "mode": "value_domain",
        "phrase_count": 0,
        "phrases": [],
        "projection": "webmercator_hash_v1",
        "projection_method": "webmercator_hash_v1",
        "value": 1019
      },
      "type": "Feature"
    },
    {
      "geometry": {
        "coordinates": [
          59.976459,
          -73.473451
        ],
        "type": "Point"
      },
      "properties": {
        "cipher": "QWER",
        "has_phrases": false,
        "mode": "value_domain",
        "phrase_count": 0,
        "phrases": [],
        "projection": "webmercator_hash_v1",
        "projection_method": "webmercator_hash_v1",
        "value": 1020
      },
      "type": "Feature"
    },
    {
      "geometry": {
        "coordinates": [
          -152.271971,
          -61.070589
        ],
        "type": "Point"
      },
      "properties": {
        "cipher": "QWER",
        "has_phrases": false,
        "mode": "value_domain",
        "phrase_count": 0,
        "phrases": [],
        "projection": "webmercator_hash_v1",
        "projection_method": "webmercator_hash_v1",
        "value": 1021
      },
      "type": "Feature"
    },
    {
      "geometry": {
        "coordinates": [
          146.744038,
          -20.811035
        ],
        "type": "Point"
      },
      "properties": {
        "cipher": "QWER",
        "has_phrases": false,
        "mode": "value_domain",
        "phrase_count": 0,
        "phrases": [],
        "projection": "webmercator_hash_v1",
        "projection_method": "webmercator_hash_v1",
        "value": 1022
      },
      "type": "Feature"
    },
    {
      "geometry": {
        "coordinates": [
          -143.390361,
          -33.422742
        ],
        "type": "Point"
      },
      "properties": {
        "cipher": "QWER",
        "has_phrases": false,
        "mode": "value_domain",
        "phrase_count": 0,
        "phrases": [],
        "projection": "webmercator_hash_v1",
        "projection_method": "webmercator_hash_v1",
        "value": 1023
      },
      "type": "Feature"
    },
    {
      "geometry": {
        "coordinates": [
          -121.450361,
          84.250836
        ],
        "type": "Point"
      },
      "properties": {
        "cipher": "QWER",
        "has_phrases": false,
        "mode": "value_domain",
        "phrase_count": 0,
        "phrases": [],
        "projection": "webmercator_hash_v1",
        "projection_method": "webmercator_hash_v1",
        "value": 1024
      },
      "type": "Feature"
    },
    {
      "geometry": {
        "coordinates": [
          98.380245,
          19.716674
        ],
        "type": "Point"
      },
      "properties": {
        "cipher": "QWER",
        "has_phrases": false,
        "mode": "value_domain",
        "phrase_count": 0,
        "phrases": [],
        "projection": "webmercator_hash_v1",
        "projection_method": "webmercator_hash_v1",
        "value": 1025
      },
      "type": "Feature"
    },
    {
      "geometry": {
        "coordinates": [
          -137.155138,
          67.452762
        ],
        "type": "Point"
      },
      "properties": {
        "cipher": "QWER",
        "has_phrases": false,
        "mode": "value_domain",
        "phrase_count": 0,
        "phrases": [],
        "projection": "webmercator_hash_v1",
        "projection_method": "webmercator_hash_v1",
        "value": 1026
      },
      "type": "Feature"
    },
    {
      "geometry": {
        "coordinates": [
          -97.220335,
          -62.528847
        ],
        "type": "Point"
      },
      "properties": {
        "cipher": "QWER",
        "has_phrases": false,
        "mode": "value_domain",
        "phrase_count": 0,
        "phrases": [],
        "projection": "webmercator_hash_v1",
        "projection_method": "webmercator_hash_v1",
        "value": 1027
      },
      "type": "Feature"
    },
    {
      "geometry": {
        "coordinates": [
          -14.111487,
          84.449991
        ],
        "type": "Point"
      },
      "properties": {
        "cipher": "QWER",
        "has_phrases": false,
        "mode": "value_domain",
        "phrase_count": 0,
        "phrases": [],
        "projection": "webmercator_hash_v1",
        "projection_method": "webmercator_hash_v1",
        "value": 1028
      },
      "type": "Feature"
    },
    {
      "geometry": {
        "coordinates": [
          19.186799,
          -4.380308
        ],
        "type": "Point"
      },
      "properties": {
        "cipher": "QWER",
        "has_phrases": false,
        "mode": "value_domain",
        "phrase_count": 0,
        "phrases": [],
        "projection": "webmercator_hash_v1",
        "projection_method": "webmercator_hash_v1",
        "value": 1029
      },
      "type": "Feature"
    },
    {
      "geometry": {
        "coordinates": [
          -150.268479,
          -70.122684
        ],
        "type": "Point"
      },
      "properties": {
        "cipher": "QWER",
        "has_phrases": false,
        "mode": "value_domain",
        "phrase_count": 0,
        "phrases": [],
        "projection": "webmercator_hash_v1",
        "projection_method": "webmercator_hash_v1",
        "value": 1030
      },
      "type": "Feature"
    },
    {
      "geometry": {
        "coordinates": [
          96.648895,
          -66.044987
        ],
        "type": "Point"
      },
      "properties": {
        "cipher": "QWER",
        "has_phrases": false,
        "mode": "value_domain",
        "phrase_count": 0,
        "phrases": [],
        "projection": "webmercator_hash_v1",
        "projection_method": "webmercator_hash_v1",
        "value": 1031
      },
      "type": "Feature"
    },
    {
      "geometry": {
        "coordinates": [
          144.011097,
          55.007893
        ],
        "type": "Point"
      },
      "properties": {
        "cipher": "QWER",
        "has_phrases": false,
        "mode": "value_domain",
        "phrase_count": 0,
        "phrases": [],
        "projection": "webmercator_hash_v1",
        "projection_method": "webmercator_hash_v1",
        "value": 1032
      },
      "type": "Feature"
    },
    {
      "geometry": {
        "coordinates": [
          -166.355617,
          -82.446846
        ],
        "type": "Point"
      },
      "properties": {
        "cipher": "QWER",
        "has_phrases": false,
        "mode": "value_domain",
        "phrase_count": 0,
        "phrases": [],
        "projection": "webmercator_hash_v1",
        "projection_method": "webmercator_hash_v1",
        "value": 1033
      },
      "type": "Feature"
    },
    {
      "geometry": {
        "coordinates": [
          -70.901104,
          -52.608568
        ],
        "type": "Point"
      },
      "properties": {
        "cipher": "QWER",
        "has_phrases": false,
        "mode": "value_domain",
        "phrase_count": 0,
        "phrases": [],
        "projection": "webmercator_hash_v1",
        "projection_method": "webmercator_hash_v1",
        "value": 1034
      },
      "type": "Feature"
    },
    {
      "geometry": {
        "coordinates": [
          -154.105415,
          62.409218
        ],
        "type": "Point"
      },
      "properties": {
        "cipher": "QWER",
        "has_phrases": false,
        "mode": "value_domain",
        "phrase_count": 0,
        "phrases": [],
        "projection": "webmercator_hash_v1",
        "projection_method": "webmercator_hash_v1",
        "value": 1035
      },
      "type": "Feature"
    },
    {
      "geometry": {
        "coordinates": [
          -85.86705,
          -34.963477
        ],
        "type": "Point"
      },
      "properties": {
        "cipher": "QWER",
        "has_phrases": false,
        "mode": "value_domain",
        "phrase_count": 0,
        "phrases": [],
        "projection": "webmercator_hash_v1",
        "projection_method": "webmercator_hash_v1",
        "value": 1036
      },
      "type": "Feature"
    },
    {
      "geometry": {
        "coordinates": [
          176.598307,
          34.313923
        ],
        "type": "Point"
      },
      "properties": {
        "cipher": "QWER",
        "has_phrases": false,
        "mode": "value_domain",
        "phrase_count": 0,
        "phrases": [],
        "projection": "webmercator_hash_v1",
        "projection_method": "webmercator_hash_v1",
        "value": 1037
      },
      "type": "Feature"
    },
    {
      "geometry": {
        "coordinates": [
          -10.574004,
          -61.721883
        ],
        "type": "Point"
      },
      "properties": {
        "cipher": "QWER",
        "has_phrases": false,
        "mode": "value_domain",
        "phrase_count": 0,
        "phrases": [],
        "projection": "webmercator_hash_v1",
        "projection_method": "webmercator_hash_v1",
        "value": 1038
      },
      "type": "Feature"
    },
    {
      "geometry": {
        "coordinates": [
          -14.966611,
          76.50352
        ],
        "type": "Point"
      },
      "properties": {
        "cipher": "QWER",
        "has_phrases": false,
        "mode": "value_domain",
        "phrase_count": 0,
        "phrases": [],
        "projection": "webmercator_hash_v1",
        "projection_method": "webmercator_hash_v1",
        "value": 1039
      },
      "type": "Feature"
    },
    {
      "geometry": {
        "coordinates": [
          175.172104,
          74.615728
        ],
        "type": "Point"
      },
      "properties": {
        "cipher": "QWER",
        "has_phrases": false,
        "mode": "value_domain",
        "phrase_count": 0,
        "phrases": [],
        "projection": "webmercator_hash_v1",
        "projection_method": "webmercator_hash_v1",
        "value": 1040
      },
      "type": "Feature"
    },
    {
      "geometry": {
        "coordinates": [
          149.646263,
          -4.886145
        ],
        "type": "Point"
      },
      "properties": {
        "cipher": "QWER",
        "has_phrases": false,
        "mode": "value_domain",
        "phrase_count": 0,
        "phrases": [],
        "projection": "webmercator_hash_v1",
        "projection_method": "webmercator_hash_v1",
        "value": 1041
      },
      "type": "Feature"
    },
    {
      "geometry": {
        "coordinates": [
          -143.361384,
          10.344767
        ],
        "type": "Point"
      },
      "properties": {
        "cipher": "QWER",
        "has_phrases": false,
        "mode": "value_domain",
        "phrase_count": 0,
        "phrases": [],
        "projection": "webmercator_hash_v1",
        "projection_method": "webmercator_hash_v1",
        "value": 1042
      },
      "type": "Feature"
    },
    {
      "geometry": {
        "coordinates": [
          -30.78608,
          -22.421619
        ],
        "type": "Point"
      },
      "properties": {
        "cipher": "QWER",
        "has_phrases": false,
        "mode": "value_domain",
        "phrase_count": 0,
        "phrases": [],
        "projection": "webmercator_hash_v1",
        "projection_method": "webmercator_hash_v1",
        "value": 1043
      },
      "type": "Feature"
    },
    {
      "geometry": {
        "coordinates": [
          135.510525,
          -49.824216
        ],
        "type": "Point"
      },
      "properties": {
        "cipher": "QWER",
        "has_phrases": false,
        "mode": "value_domain",
        "phrase_count": 0,
        "phrases": [],
        "projection": "webmercator_hash_v1",
        "projection_method": "webmercator_hash_v1",
        "value": 1044
      },
      "type": "Feature"
    },
    {
      "geometry": {
        "coordinates": [
          170.236105,
          74.487366
        ],
        "type": "Point"
      },
      "properties": {
        "cipher": "QWER",
        "has_phrases": false,
        "mode": "value_domain",
        "phrase_count": 0,
        "phrases": [],
        "projection": "webmercator_hash_v1",
        "projection_method": "webmercator_hash_v1",
        "value": 1045
      },
      "type": "Feature"
    },
    {
      "geometry": {
        "coordinates": [
          -19.446533,
          60.001504
        ],
        "type": "Point"
      },
      "properties": {
        "cipher": "QWER",
        "has_phrases": false,
        "mode": "value_domain",
        "phrase_count": 0,
        "phrases": [],
        "projection": "webmercator_hash_v1",
        "projection_method": "webmercator_hash_v1",
        "value": 1046
      },
      "type": "Feature"
    },
    {
      "geometry": {
        "coordinates": [
          -81.797442,
          31.645199
        ],
        "type": "Point"
      },
      "properties": {
        "cipher": "QWER",
        "has_phrases": false,
        "mode": "value_domain",
        "phrase_count": 0,
        "phrases": [],
        "projection": "webmercator_hash_v1",
        "projection_method": "webmercator_hash_v1",
        "value": 1047
      },
      "type": "Feature"
    },
    {
      "geometry": {
        "coordinates": [
          179.94713,
          81.381325
        ],
        "type": "Point"
      },
      "properties": {
        "cipher": "QWER",
        "has_phrases": false,
        "mode": "value_domain",
        "phrase_count": 0,
        "phrases": [],
        "projection": "webmercator_hash_v1",
        "projection_method": "webmercator_hash_v1",
        "value": 1048
      },
      "type": "Feature"
    },
    {
      "geometry": {
        "coordinates": [
          119.104629,
          -3.370812
        ],
        "type": "Point"
      },
      "properties": {
        "cipher": "QWER",
        "has_phrases": false,
        "mode": "value_domain",
        "phrase_count": 0,
        "phrases": [],
        "projection": "webmercator_hash_v1",
        "projection_method": "webmercator_hash_v1",
        "value": 1049
      },
      "type": "Feature"
    },
    {
      "geometry": {
        "coordinates": [
          -177.617047,
          7.176493
        ],
        "type": "Point"
      },
      "properties": {
        "cipher": "QWER",
        "has_phrases": false,
        "mode": "value_domain",
        "phrase_count": 0,
        "phrases": [],
        "projection": "webmercator_hash_v1",
        "projection_method": "webmercator_hash_v1",
        "value": 1050
      },
      "type": "Feature"
    },
    {
      "geometry": {
        "coordinates": [
          122.658072,
          -80.39923
        ],
        "type": "Point"
      },
      "properties": {
        "cipher": "QWER",
        "has_phrases": false,
        "mode": "value_domain",
        "phrase_count": 0,
        "phrases": [],
        "projection": "webmercator_hash_v1",
        "projection_method": "webmercator_hash_v1",
        "value": 1051
      },
      "type": "Feature"
    },
    {
      "geometry": {
        "coordinates": [
          -159.98679,
          -72.550404
        ],
        "type": "Point"
      },
      "properties": {
        "cipher": "QWER",
        "has_phrases": false,
        "mode": "value_domain",
        "phrase_count": 0,
        "phrases": [],
        "projection": "webmercator_hash_v1",
        "projection_method": "webmercator_hash_v1",
        "value": 1052
      },
      "type": "Feature"
    },
    {
      "geometry": {
        "coordinates": [
          -130.454066,
          10.945067
        ],
        "type": "Point"
      },
      "properties": {
        "cipher": "QWER",
        "has_phrases": false,
        "mode": "value_domain",
        "phrase_count": 0,
        "phrases": [],
        "projection": "webmercator_hash_v1",
        "projection_method": "webmercator_hash_v1",
        "value": 1053
      },
      "type": "Feature"
    },
    {
      "geometry": {
        "coordinates": [
          -155.458954,
          -33.715808
        ],
        "type": "Point"
      },
      "properties": {
        "cipher": "QWER",
        "has_phrases": false,
        "mode": "value_domain",
        "phrase_count": 0,
        "phrases": [],
        "projection": "webmercator_hash_v1",
        "projection_method": "webmercator_hash_v1",
        "value": 1054
      },
      "type": "Feature"
    },
    {
      "geometry": {
        "coordinates": [
          -21.898104,
          -26.354671
        ],
        "type": "Point"
      },
      "properties": {
        "cipher": "QWER",
        "has_phrases": false,
        "mode": "value_domain",
        "phrase_count": 0,
        "phrases": [],
        "projection": "webmercator_hash_v1",
        "projection_method": "webmercator_hash_v1",
        "value": 1055
      },
      "type": "Feature"
    },
    {
      "geometry": {
        "coordinates": [
          -29.706791,
          -7.819274
        ],
        "type": "Point"
      },
      "properties": {
        "cipher": "QWER",
        "has_phrases": false,
        "mode": "value_domain",
        "phrase_count": 0,
        "phrases": [],
        "projection": "webmercator_hash_v1",
        "projection_method": "webmercator_hash_v1",
        "value": 1056
      },
      "type": "Feature"
    },
    {
      "geometry": {
        "coordinates": [
          140.368444,
          -23.361424
        ],
        "type": "Point"
      },
      "properties": {
        "cipher": "QWER",
        "has_phrases": false,
        "mode": "value_domain",
        "phrase_count": 0,
        "phrases": [],
        "projection": "webmercator_hash_v1",
        "projection_method": "webmercator_hash_v1",
        "value": 1057
      },
      "type": "Feature"
    },
    {
      "geometry": {
        "coordinates": [
          2.20748,
          -13.748429
        ],
        "type": "Point"
      },
      "properties": {
        "cipher": "QWER",
        "has_phrases": false,
        "mode": "value_domain",
        "phrase_count": 0,
        "phrases": [],
        "projection": "webmercator_hash_v1",
        "projection_method": "webmercator_hash_v1",
        "value": 1058
      },
      "type": "Feature"
    },
    {
      "geometry": {
        "coordinates": [
          -112.625886,
          47.161037
        ],
        "type": "Point"
      },
      "properties": {
        "cipher": "QWER",
        "has_phrases": false,
        "mode": "value_domain",
        "phrase_count": 0,
        "phrases": [],
        "projection": "webmercator_hash_v1",
        "projection_method": "webmercator_hash_v1",
        "value": 1059
      },
      "type": "Feature"
    },
    {
      "geometry": {
        "coordinates": [
          146.389574,
          25.479765
        ],
        "type": "Point"
      },
      "properties": {
        "cipher": "QWER",
        "has_phrases": false,
        "mode": "value_domain",
        "phrase_count": 0,
        "phrases": [],
        "projection": "webmercator_hash_v1",
        "projection_method": "webmercator_hash_v1",
        "value": 1060
      },
      "type": "Feature"
    },
    {
      "geometry": {
        "coordinates": [
          119.078051,
          32.921838
        ],
        "type": "Point"
      },
      "properties": {
        "cipher": "QWER",
        "has_phrases": false,
        "mode": "value_domain",
        "phrase_count": 0,
        "phrases": [],
        "projection": "webmercator_hash_v1",
        "projection_method": "webmercator_hash_v1",
        "value": 1061
      },
      "type": "Feature"
    },
    {
      "geometry": {
        "coordinates": [
          166.051004,
          42.747903
        ],
        "type": "Point"
      },
      "properties": {
        "cipher": "QWER",
        "has_phrases": false,
        "mode": "value_domain",
        "phrase_count": 0,
        "phrases": [],
        "projection": "webmercator_hash_v1",
        "projection_method": "webmercator_hash_v1",
        "value": 1062
      },
      "type": "Feature"
    },
    {
      "geometry": {
        "coordinates": [
          127.283652,
          29.551601
        ],
        "type": "Point"
      },
      "properties": {
        "cipher": "QWER",
        "has_phrases": false,
        "mode": "value_domain",
        "phrase_count": 0,
        "phrases": [],
        "projection": "webmercator_hash_v1",
        "projection_method": "webmercator_hash_v1",
        "value": 1063
      },
      "type": "Feature"
    },
    {
      "geometry": {
        "coordinates": [
          101.254591,
          -44.455613
        ],
        "type": "Point"
      },
      "properties": {
        "cipher": "QWER",
        "has_phrases": false,
        "mode": "value_domain",
        "phrase_count": 0,
        "phrases": [],
        "projection": "webmercator_hash_v1",
        "projection_method": "webmercator_hash_v1",
        "value": 1064
      },
      "type": "Feature"
    },
    {
      "geometry": {
        "coordinates": [
          111.926889,
          -39.663541
        ],
        "type": "Point"
      },
      "properties": {
        "cipher": "QWER",
        "has_phrases": false,
        "mode": "value_domain",
        "phrase_count": 0,
        "phrases": [],
        "projection": "webmercator_hash_v1",
        "projection_method": "webmercator_hash_v1",
        "value": 1065
      },
      "type": "Feature"
    },
    {
      "geometry": {
        "coordinates": [
          60.973018,
          14.831044
        ],
        "type": "Point"
      },
      "properties": {
        "cipher": "QWER",
        "has_phrases": false,
        "mode": "value_domain",
        "phrase_count": 0,
        "phrases": [],
        "projection": "webmercator_hash_v1",
        "projection_method": "webmercator_hash_v1",
        "value": 1066
      },
      "type": "Feature"
    },
    {
      "geometry": {
        "coordinates": [
          -149.41575,
          35.979197
        ],
        "type": "Point"
      },
      "properties": {
        "cipher": "QWER",
        "has_phrases": false,
        "mode": "value_domain",
        "phrase_count": 0,
        "phrases": [],
        "projection": "webmercator_hash_v1",
        "projection_method": "webmercator_hash_v1",
        "value": 1067
      },
      "type": "Feature"
    },
    {
      "geometry": {
        "coordinates": [
          178.163699,
          24.63186
        ],
        "type": "Point"
      },
      "properties": {
        "cipher": "QWER",
        "has_phrases": false,
        "mode": "value_domain",
        "phrase_count": 0,
        "phrases": [],
        "projection": "webmercator_hash_v1",
        "projection_method": "webmercator_hash_v1",
        "value": 1068
      },
      "type": "Feature"
    },
    {
      "geometry": {
        "coordinates": [
          -152.997129,
          -44.27493
        ],
        "type": "Point"
      },
      "properties": {
        "cipher": "QWER",
        "has_phrases": false,
        "mode": "value_domain",
        "phrase_count": 0,
        "phrases": [],
        "projection": "webmercator_hash_v1",
        "projection_method": "webmercator_hash_v1",
        "value": 1069
      },
      "type": "Feature"
    },
    {
      "geometry": {
        "coordinates": [
          133.546389,
          67.651145
        ],
        "type": "Point"
      },
      "properties": {
        "cipher": "QWER",
        "has_phrases": false,
        "mode": "value_domain",
        "phrase_count": 0,
        "phrases": [],
        "projection": "webmercator_hash_v1",
        "projection_method": "webmercator_hash_v1",
        "value": 1070
      },
      "type": "Feature"
    },
    {
      "geometry": {
        "coordinates": [
          127.311558,
          -38.702916
        ],
        "type": "Point"
      },
      "properties": {
        "cipher": "QWER",
        "has_phrases": false,
        "mode": "value_domain",
        "phrase_count": 0,
        "phrases": [],
        "projection": "webmercator_hash_v1",
        "projection_method": "webmercator_hash_v1",
        "value": 1071
      },
      "type": "Feature"
    },
    {
      "geometry": {
        "coordinates": [
          104.87893,
          -37.484575
        ],
        "type": "Point"
      },
      "properties": {
        "cipher": "QWER",
        "has_phrases": false,
        "mode": "value_domain",
        "phrase_count": 0,
        "phrases": [],
        "projection": "webmercator_hash_v1",
        "projection_method": "webmercator_hash_v1",
        "value": 1072
      },
      "type": "Feature"
    },
    {
      "geometry": {
        "coordinates": [
          119.628453,
          71.249808
        ],
        "type": "Point"
      },
      "properties": {
        "cipher": "QWER",
        "has_phrases": false,
        "mode": "value_domain",
        "phrase_count": 0,
        "phrases": [],
        "projection": "webmercator_hash_v1",
        "projection_method": "webmercator_hash_v1",
        "value": 1073
      },
      "type": "Feature"
    },
    {
      "geometry": {
        "coordinates": [
          -21.426685,
          59.899682
        ],
        "type": "Point"
      },
      "properties": {
        "cipher": "QWER",
        "has_phrases": false,
        "mode": "value_domain",
        "phrase_count": 0,
        "phrases": [],
        "projection": "webmercator_hash_v1",
        "projection_method": "webmercator_hash_v1",
        "value": 1074
      },
      "type": "Feature"
    },
    {
      "geometry": {
        "coordinates": [
          -83.574716,
          5.778295
        ],
        "type": "Point"
      },
      "properties": {
        "cipher": "QWER",
        "has_phrases": false,
        "mode": "value_domain",
        "phrase_count": 0,
        "phrases": [],
        "projection": "webmercator_hash_v1",
        "projection_method": "webmercator_hash_v1",
        "value": 1075
      },
      "type": "Feature"
    },
    {
      "geometry": {
        "coordinates": [
          2.662986,
          45.032481
        ],
        "type": "Point"
      },
      "properties": {
        "cipher": "QWER",
        "has_phrases": false,
        "mode": "value_domain",
        "phrase_count": 0,
        "phrases": [],
        "projection": "webmercator_hash_v1",
        "projection_method": "webmercator_hash_v1",
        "value": 1076
      },
      "type": "Feature"
    },
    {
      "geometry": {
        "coordinates": [
          113.918366,
          2.140413
        ],
        "type": "Point"
      },
      "properties": {
        "cipher": "QWER",
        "has_phrases": false,
        "mode": "value_domain",
        "phrase_count": 0,
        "phrases": [],
        "projection": "webmercator_hash_v1",
        "projection_method": "webmercator_hash_v1",
        "value": 1077
      },
      "type": "Feature"
    },
    {
      "geometry": {
        "coordinates": [
          7.491882,
          -37.35863
        ],
        "type": "Point"
      },
      "properties": {
        "cipher": "QWER",
        "has_phrases": false,
        "mode": "value_domain",
        "phrase_count": 0,
        "phrases": [],
        "projection": "webmercator_hash_v1",
        "projection_method": "webmercator_hash_v1",
        "value": 1078
      },
      "type": "Feature"
    },
    {
      "geometry": {
        "coordinates": [
          -179.648653,
          0.630811
        ],
        "type": "Point"
      },
      "properties": {
        "cipher": "QWER",
        "has_phrases": false,
        "mode": "value_domain",
        "phrase_count": 0,
        "phrases": [],
        "projection": "webmercator_hash_v1",
        "projection_method": "webmercator_hash_v1",
        "value": 1079
      },
      "type": "Feature"
    },
    {
      "geometry": {
        "coordinates": [
          123.495369,
          -68.905671
        ],
        "type": "Point"
      },
      "properties": {
        "cipher": "QWER",
        "has_phrases": false,
        "mode": "value_domain",
        "phrase_count": 0,
        "phrases": [],
        "projection": "webmercator_hash_v1",
        "projection_method": "webmercator_hash_v1",
        "value": 1080
      },
      "type": "Feature"
    },
    {
      "geometry": {
        "coordinates": [
          101.853428,
          0.612986
        ],
        "type": "Point"
      },
      "properties": {
        "cipher": "QWER",
        "has_phrases": false,
        "mode": "value_domain",
        "phrase_count": 0,
        "phrases": [],
        "projection": "webmercator_hash_v1",
        "projection_method": "webmercator_hash_v1",
        "value": 1081
      },
      "type": "Feature"
    },
    {
      "geometry": {
        "coordinates": [
          116.114105,
          14.032609
        ],
        "type": "Point"
      },
      "properties": {
        "cipher": "QWER",
        "has_phrases": false,
        "mode": "value_domain",
        "phrase_count": 0,
        "phrases": [],
        "projection": "webmercator_hash_v1",
        "projection_method": "webmercator_hash_v1",
        "value": 1082
      },
      "type": "Feature"
    },
    {
      "geometry": {
        "coordinates": [
          -92.769383,
          -38.386483
        ],
        "type": "Point"
      },
      "properties": {
        "cipher": "QWER",
        "has_phrases": false,
        "mode": "value_domain",
        "phrase_count": 0,
        "phrases": [],
        "projection": "webmercator_hash_v1",
        "projection_method": "webmercator_hash_v1",
        "value": 1083
      },
      "type": "Feature"
    },
    {
      "geometry": {
        "coordinates": [
          109.001693,
          -33.436985
        ],
        "type": "Point"
      },
      "properties": {
        "cipher": "QWER",
        "has_phrases": false,
        "mode": "value_domain",
        "phrase_count": 0,
        "phrases": [],
        "projection": "webmercator_hash_v1",
        "projection_method": "webmercator_hash_v1",
        "value": 1084
      },
      "type": "Feature"
    },
    {
      "geometry": {
        "coordinates": [
          -92.883891,
          -43.375173
        ],
        "type": "Point"
      },
      "properties": {
        "cipher": "QWER",
        "has_phrases": false,
        "mode": "value_domain",
        "phrase_count": 0,
        "phrases": [],
        "projection": "webmercator_hash_v1",
        "projection_method": "webmercator_hash_v1",
        "value": 1085
      },
      "type": "Feature"
    },
    {
      "geometry": {
        "coordinates": [
          -77.067323,
          72.665876
        ],
        "type": "Point"
      },
      "properties": {
        "cipher": "QWER",
        "has_phrases": false,
        "mode": "value_domain",
        "phrase_count": 0,
        "phrases": [],
        "projection": "webmercator_hash_v1",
        "projection_method": "webmercator_hash_v1",
        "value": 1086
      },
      "type": "Feature"
    },
    {
      "geometry": {
        "coordinates": [
          113.277121,
          69.919959
        ],
        "type": "Point"
      },
      "properties": {
        "cipher": "QWER",
        "has_phrases": false,
        "mode": "value_domain",
        "phrase_count": 0,
        "phrases": [],
        "projection": "webmercator_hash_v1",
        "projection_method": "webmercator_hash_v1",
        "value": 1087
      },
      "type": "Feature"
    },
    {
      "geometry": {
        "coordinates": [
          -28.229187,
          0.809704
        ],
        "type": "Point"
      },
      "properties": {
        "cipher": "QWER",
        "has_phrases": false,
        "mode": "value_domain",
        "phrase_count": 0,
        "phrases": [],
        "projection": "webmercator_hash_v1",
        "projection_method": "webmercator_hash_v1",
        "value": 1088
      },
      "type": "Feature"
    },
    {
      "geometry": {
        "coordinates": [
          -21.563815,
          11.690315
        ],
        "type": "Point"
      },
      "properties": {
        "cipher": "QWER",
        "has_phrases": false,
        "mode": "value_domain",
        "phrase_count": 0,
        "phrases": [],
        "projection": "webmercator_hash_v1",
        "projection_method": "webmercator_hash_v1",
        "value": 1089
      },
      "type": "Feature"
    },
    {
      "geometry": {
        "coordinates": [
          81.382719,
          67.862972
        ],
        "type": "Point"
      },
      "properties": {
        "cipher": "QWER",
        "has_phrases": false,
        "mode": "value_domain",
        "phrase_count": 0,
        "phrases": [],
        "projection": "webmercator_hash_v1",
        "projection_method": "webmercator_hash_v1",
        "value": 1090
      },
      "type": "Feature"
    },
    {
      "geometry": {
        "coordinates": [
          -77.543291,
          -5.548386
        ],
        "type": "Point"
      },
      "properties": {
        "cipher": "QWER",
        "has_phrases": false,
        "mode": "value_domain",
        "phrase_count": 0,
        "phrases": [],
        "projection": "webmercator_hash_v1",
        "projection_method": "webmercator_hash_v1",
        "value": 1091
      },
      "type": "Feature"
    },
    {
      "geometry": {
        "coordinates": [
          109.378113,
          38.214523
        ],
        "type": "Point"
      },
      "properties": {
        "cipher": "QWER",
        "has_phrases": false,
        "mode": "value_domain",
        "phrase_count": 0,
        "phrases": [],
        "projection": "webmercator_hash_v1",
        "projection_method": "webmercator_hash_v1",
        "value": 1092
      },
      "type": "Feature"
    },
    {
      "geometry": {
        "coordinates": [
          -148.881548,
          82.610043
        ],
        "type": "Point"
      },
      "properties": {
        "cipher": "QWER",
        "has_phrases": false,
        "mode": "value_domain",
        "phrase_count": 0,
        "phrases": [],
        "projection": "webmercator_hash_v1",
        "projection_method": "webmercator_hash_v1",
        "value": 1093
      },
      "type": "Feature"
    },
    {
      "geometry": {
        "coordinates": [
          90.140286,
          39.222151
        ],
        "type": "Point"
      },
      "properties": {
        "cipher": "QWER",
        "has_phrases": false,
        "mode": "value_domain",
        "phrase_count": 0,
        "phrases": [],
        "projection": "webmercator_hash_v1",
        "projection_method": "webmercator_hash_v1",
        "value": 1094
      },
      "type": "Feature"
    },
    {
      "geometry": {
        "coordinates": [
          -114.505612,
          -11.972385
        ],
        "type": "Point"
      },
      "properties": {
        "cipher": "QWER",
        "has_phrases": false,
        "mode": "value_domain",
        "phrase_count": 0,
        "phrases": [],
        "projection": "webmercator_hash_v1",
        "projection_method": "webmercator_hash_v1",
        "value": 1095
      },
      "type": "Feature"
    },
    {
      "geometry": {
        "coordinates": [
          159.971984,
          68.375853
        ],
        "type": "Point"
      },
      "properties": {
        "cipher": "QWER",
        "has_phrases": false,
        "mode": "value_domain",
        "phrase_count": 0,
        "phrases": [],
        "projection": "webmercator_hash_v1",
        "projection_method": "webmercator_hash_v1",
        "value": 1096
      },
      "type": "Feature"
    },
    {
      "geometry": {
        "coordinates": [
          177.83344,
          32.237403
        ],
        "type": "Point"
      },
      "properties": {
        "cipher": "QWER",
        "has_phrases": false,
        "mode": "value_domain",
        "phrase_count": 0,
        "phrases": [],
        "projection": "webmercator_hash_v1",
        "projection_method": "webmercator_hash_v1",
        "value": 1097
      },
      "type": "Feature"
    },
    {
      "geometry": {
        "coordinates": [
          -176.778557,
          -7.492323
        ],
        "type": "Point"
      },
      "properties": {
        "cipher": "QWER",
        "has_phrases": false,
        "mode": "value_domain",
        "phrase_count": 0,
        "phrases": [],
        "projection": "webmercator_hash_v1",
        "projection_method": "webmercator_hash_v1",
        "value": 1098
      },
      "type": "Feature"
    },
    {
      "geometry": {
        "coordinates": [
          175.866095,
          34.920264
        ],
        "type": "Point"
      },
      "properties": {
        "cipher": "QWER",
        "has_phrases": false,
        "mode": "value_domain",
        "phrase_count": 0,
        "phrases": [],
        "projection": "webmercator_hash_v1",
        "projection_method": "webmercator_hash_v1",
        "value": 1099
      },
      "type": "Feature"
    },
    {
      "geometry": {
        "coordinates": [
          -172.762173,
          22.967794
        ],
        "type": "Point"
      },
      "properties": {
        "cipher": "QWER",
        "has_phrases": false,
        "mode": "value_domain",
        "phrase_count": 0,
        "phrases": [],
        "projection": "webmercator_hash_v1",
        "projection_method": "webmercator_hash_v1",
        "value": 1100
      },
      "type": "Feature"
    },
    {
      "geometry": {
        "coordinates": [
          -65.859529,
          17.272514
        ],
        "type": "Point"
      },
      "properties": {
        "cipher": "QWER",
        "has_phrases": false,
        "mode": "value_domain",
        "phrase_count": 0,
        "phrases": [],
        "projection": "webmercator_hash_v1",
        "projection_method": "webmercator_hash_v1",
        "value": 1101
      },
      "type": "Feature"
    },
    {
      "geometry": {
        "coordinates": [
          7.317333,
          -10.72497
        ],
        "type": "Point"
      },
      "properties": {
        "cipher": "QWER",
        "has_phrases": false,
        "mode": "value_domain",
        "phrase_count": 0,
        "phrases": [],
        "projection": "webmercator_hash_v1",
        "projection_method": "webmercator_hash_v1",
        "value": 1102
      },
      "type": "Feature"
    },
    {
      "geometry": {
        "coordinates": [
          -91.35117,
          -47.689058
        ],
        "type": "Point"
      },
      "properties": {
        "cipher": "QWER",
        "has_phrases": false,
        "mode": "value_domain",
        "phrase_count": 0,
        "phrases": [],
        "projection": "webmercator_hash_v1",
        "projection_method": "webmercator_hash_v1",
        "value": 1103
      },
      "type": "Feature"
    },
    {
      "geometry": {
        "coordinates": [
          69.947116,
          32.9445
        ],
        "type": "Point"
      },
      "properties": {
        "cipher": "QWER",
        "has_phrases": false,
        "mode": "value_domain",
        "phrase_count": 0,
        "phrases": [],
        "projection": "webmercator_hash_v1",
        "projection_method": "webmercator_hash_v1",
        "value": 1104
      },
      "type": "Feature"
    },
    {
      "geometry": {
        "coordinates": [
          -69.962569,
          36.028235
        ],
        "type": "Point"
      },
      "properties": {
        "cipher": "QWER",
        "has_phrases": false,
        "mode": "value_domain",
        "phrase_count": 0,
        "phrases": [],
        "projection": "webmercator_hash_v1",
        "projection_method": "webmercator_hash_v1",
        "value": 1105
      },
      "type": "Feature"
    },
    {
      "geometry": {
        "coordinates": [
          74.526582,
          -56.315448
        ],
        "type": "Point"
      },
      "properties": {
        "cipher": "QWER",
        "has_phrases": false,
        "mode": "value_domain",
        "phrase_count": 0,
        "phrases": [],
        "projection": "webmercator_hash_v1",
        "projection_method": "webmercator_hash_v1",
        "value": 1106
      },
      "type": "Feature"
    },
    {
      "geometry": {
        "coordinates": [
          148.956341,
          -29.860673
        ],
        "type": "Point"
      },
      "properties": {
        "cipher": "QWER",
        "has_phrases": false,
        "mode": "value_domain",
        "phrase_count": 0,
        "phrases": [],
        "projection": "webmercator_hash_v1",
        "projection_method": "webmercator_hash_v1",
        "value": 1107
      },
      "type": "Feature"
    },
    {
      "geometry": {
        "coordinates": [
          -86.693666,
          25.137404
        ],
        "type": "Point"
      },
      "properties": {
        "cipher": "QWER",
        "has_phrases": false,
        "mode": "value_domain",
        "phrase_count": 0,
        "phrases": [],
        "projection": "webmercator_hash_v1",
        "projection_method": "webmercator_hash_v1",
        "value": 1108
      },
      "type": "Feature"
    },
    {
      "geometry": {
        "coordinates": [
          57.409706,
          3.181579
        ],
        "type": "Point"
      },
      "properties": {
        "cipher": "QWER",
        "has_phrases": false,
        "mode": "value_domain",
        "phrase_count": 0,
        "phrases": [],
        "projection": "webmercator_hash_v1",
        "projection_method": "webmercator_hash_v1",
        "value": 1109
      },
      "type": "Feature"
    },
    {
      "geometry": {
        "coordinates": [
          -2.37216,
          81.294201
        ],
        "type": "Point"
      },
      "properties": {
        "cipher": "QWER",
        "has_phrases": false,
        "mode": "value_domain",
        "phrase_count": 0,
        "phrases": [],
        "projection": "webmercator_hash_v1",
        "projection_method": "webmercator_hash_v1",
        "value": 1110
      },
      "type": "Feature"
    },
    {
      "geometry": {
        "coordinates": [
          165.846527,
          47.741932
        ],
        "type": "Point"
      },
      "properties": {
        "cipher": "QWER",
        "has_phrases": false,
        "mode": "value_domain",
        "phrase_count": 0,
        "phrases": [],
        "projection": "webmercator_hash_v1",
        "projection_method": "webmercator_hash_v1",
        "value": 1111
      },
      "type": "Feature"
    },
    {
      "geometry": {
        "coordinates": [
          88.081011,
          59.186391
        ],
        "type": "Point"
      },
      "properties": {
        "cipher": "QWER",
        "has_phrases": false,
        "mode": "value_domain",
        "phrase_count": 0,
        "phrases": [],
        "projection": "webmercator_hash_v1",
        "projection_method": "webmercator_hash_v1",
        "value": 1112
      },
      "type": "Feature"
    },
    {
      "geometry": {
        "coordinates": [
          111.692388,
          -42.895429
        ],
        "type": "Point"
      },
      "properties": {
        "cipher": "QWER",
        "has_phrases": false,
        "mode": "value_domain",
        "phrase_count": 0,
        "phrases": [],
        "projection": "webmercator_hash_v1",
        "projection_method": "webmercator_hash_v1",
        "value": 1113
      },
      "type": "Feature"
    },
    {
      "geometry": {
        "coordinates": [
          83.54726,
          41.604596
        ],
        "type": "Point"
      },
      "properties": {
        "cipher": "QWER",
        "has_phrases": false,
        "mode": "value_domain",
        "phrase_count": 0,
        "phrases": [],
        "projection": "webmercator_hash_v1",
        "projection_method": "webmercator_hash_v1",
        "value": 1114
      },
      "type": "Feature"
    },
    {
      "geometry": {
        "coordinates": [
          -150.04513,
          -73.006095
        ],
        "type": "Point"
      },
      "properties": {
        "cipher": "QWER",
        "has_phrases": false,
        "mode": "value_domain",
        "phrase_count": 0,
        "phrases": [],
        "projection": "webmercator_hash_v1",
        "projection_method": "webmercator_hash_v1",
        "value": 1115
      },
      "type": "Feature"
    },
    {
      "geometry": {
        "coordinates": [
          73.28293,
          -11.624633
        ],
        "type": "Point"
      },
      "properties": {
        "cipher": "QWER",
        "has_phrases": false,
        "mode": "value_domain",
        "phrase_count": 0,
        "phrases": [],
        "projection": "webmercator_hash_v1",
        "projection_method": "webmercator_hash_v1",
        "value": 1116
      },
      "type": "Feature"
    },
    {
      "geometry": {
        "coordinates": [
          -153.771966,
          -63.795274
        ],
        "type": "Point"
      },
      "properties": {
        "cipher": "QWER",
        "has_phrases": false,
        "mode": "value_domain",
        "phrase_count": 0,
        "phrases": [],
        "projection": "webmercator_hash_v1",
        "projection_method": "webmercator_hash_v1",
        "value": 1117
      },
      "type": "Feature"
    },
    {
      "geometry": {
        "coordinates": [
          -25.738092,
          50.479567
        ],
        "type": "Point"
      },
      "properties": {
        "cipher": "QWER",
        "has_phrases": false,
        "mode": "value_domain",
        "phrase_count": 0,
        "phrases": [],
        "projection": "webmercator_hash_v1",
        "projection_method": "webmercator_hash_v1",
        "value": 1118
      },
      "type": "Feature"
    },
    {
      "geometry": {
        "coordinates": [
          130.474351,
          -49.193233
        ],
        "type": "Point"
      },
      "properties": {
        "cipher": "QWER",
        "has_phrases": false,
        "mode": "value_domain",
        "phrase_count": 0,
        "phrases": [],
        "projection": "webmercator_hash_v1",
        "projection_method": "webmercator_hash_v1",
        "value": 1119
      },
      "type": "Feature"
    },
    {
      "geometry": {
        "coordinates": [
          -140.237801,
          -60.121881
        ],
        "type": "Point"
      },
      "properties": {
        "cipher": "QWER",
        "has_phrases": false,
        "mode": "value_domain",
        "phrase_count": 0,
        "phrases": [],
        "projection": "webmercator_hash_v1",
        "projection_method": "webmercator_hash_v1",
        "value": 1120
      },
      "type": "Feature"
    },
    {
      "geometry": {
        "coordinates": [
          -108.70584,
          -65.189239
        ],
        "type": "Point"
      },
      "properties": {
        "cipher": "QWER",
        "has_phrases": false,
        "mode": "value_domain",
        "phrase_count": 0,
        "phrases": [],
        "projection": "webmercator_hash_v1",
        "projection_method": "webmercator_hash_v1",
        "value": 1121
      },
      "type": "Feature"
    },
    {
      "geometry": {
        "coordinates": [
          -8.375915,
          -25.352019
        ],
        "type": "Point"
      },
      "properties": {
        "cipher": "QWER",
        "has_phrases": false,
        "mode": "value_domain",
        "phrase_count": 0,
        "phrases": [],
        "projection": "webmercator_hash_v1",
        "projection_method": "webmercator_hash_v1",
        "value": 1122
      },
      "type": "Feature"
    },
    {
      "geometry": {
        "coordinates": [
          -74.551522,
          9.537807
        ],
        "type": "Point"
      },
      "properties": {
        "cipher": "QWER",
        "has_phrases": false,
        "mode": "value_domain",
        "phrase_count": 0,
        "phrases": [],
        "projection": "webmercator_hash_v1",
        "projection_method": "webmercator_hash_v1",
        "value": 1123
      },
      "type": "Feature"
    },
    {
      "geometry": {
        "coordinates": [
          -38.993145,
          46.263034
        ],
        "type": "Point"
      },
      "properties": {
        "cipher": "QWER",
        "has_phrases": false,
        "mode": "value_domain",
        "phrase_count": 0,
        "phrases": [],
        "projection": "webmercator_hash_v1",
        "projection_method": "webmercator_hash_v1",
        "value": 1124
      },
      "type": "Feature"
    },
    {
      "geometry": {
        "coordinates": [
          -49.218526,
          -35.792793
        ],
        "type": "Point"
      },
      "properties": {
        "cipher": "QWER",
        "has_phrases": false,
        "mode": "value_domain",
        "phrase_count": 0,
        "phrases": [],
        "projection": "webmercator_hash_v1",
        "projection_method": "webmercator_hash_v1",
        "value": 1125
      },
      "type": "Feature"
    },
    {
      "geometry": {
        "coordinates": [
          -9.971856,
          60.860798
        ],
        "type": "Point"
      },
      "properties": {
        "cipher": "QWER",
        "has_phrases": false,
        "mode": "value_domain",
        "phrase_count": 0,
        "phrases": [],
        "projection": "webmercator_hash_v1",
        "projection_method": "webmercator_hash_v1",
        "value": 1126
      },
      "type": "Feature"
    },
    {
      "geometry": {
        "coordinates": [
          101.8706,
          11.01831
        ],
        "type": "Point"
      },
      "properties": {
        "cipher": "QWER",
        "has_phrases": false,
        "mode": "value_domain",
        "phrase_count": 0,
        "phrases": [],
        "projection": "webmercator_hash_v1",
        "projection_method": "webmercator_hash_v1",
        "value": 1127
      },
      "type": "Feature"
    },
    {
      "geometry": {
        "coordinates": [
          51.866441,
          -77.44881
        ],
        "type": "Point"
      },
      "properties": {
        "cipher": "QWER",
        "has_phrases": false,
        "mode": "value_domain",
        "phrase_count": 0,
        "phrases": [],
        "projection": "webmercator_hash_v1",
        "projection_method": "webmercator_hash_v1",
        "value": 1128
      },
      "type": "Feature"
    },
    {
      "geometry": {
        "coordinates": [
          -65.751381,
          14.870867
        ],
        "type": "Point"
      },
      "properties": {
        "cipher": "QWER",
        "has_phrases": false,
        "mode": "value_domain",
        "phrase_count": 0,
        "phrases": [],
        "projection": "webmercator_hash_v1",
        "projection_method": "webmercator_hash_v1",
        "value": 1129
      },
      "type": "Feature"
    },
    {
      "geometry": {
        "coordinates": [
          101.971748,
          -40.960227
        ],
        "type": "Point"
      },
      "properties": {
        "cipher": "QWER",
        "has_phrases": false,
        "mode": "value_domain",
        "phrase_count": 0,
        "phrases": [],
        "projection": "webmercator_hash_v1",
        "projection_method": "webmercator_hash_v1",
        "value": 1130
      },
      "type": "Feature"
    },
    {
      "geometry": {
        "coordinates": [
          117.757876,
          67.664451
        ],
        "type": "Point"
      },
      "properties": {
        "cipher": "QWER",
        "has_phrases": false,
        "mode": "value_domain",
        "phrase_count": 0,
        "phrases": [],
        "projection": "webmercator_hash_v1",
        "projection_method": "webmercator_hash_v1",
        "value": 1131
      },
      "type": "Feature"
    },
    {
      "geometry": {
        "coordinates": [
          28.177723,
          84.963326
        ],
        "type": "Point"
      },
      "properties": {
        "cipher": "QWER",
        "has_phrases": false,
        "mode": "value_domain",
        "phrase_count": 0,
        "phrases": [],
        "projection": "webmercator_hash_v1",
        "projection_method": "webmercator_hash_v1",
        "value": 1132
      },
      "type": "Feature"
    },
    {
      "geometry": {
        "coordinates": [
          -120.34409,
          -23.402752
        ],
        "type": "Point"
      },
      "properties": {
        "cipher": "QWER",
        "has_phrases": false,
        "mode": "value_domain",
        "phrase_count": 0,
        "phrases": [],
        "projection": "webmercator_hash_v1",
        "projection_method": "webmercator_hash_v1",
        "value": 1133
      },
      "type": "Feature"
    },
    {
      "geometry": {
        "coordinates": [
          56.514677,
          -27.785142
        ],
        "type": "Point"
      },
      "properties": {
        "cipher": "QWER",
        "has_phrases": false,
        "mode": "value_domain",
        "phrase_count": 0,
        "phrases": [],
        "projection": "webmercator_hash_v1",
        "projection_method": "webmercator_hash_v1",
        "value": 1134
      },
      "type": "Feature"
    },
    {
      "geometry": {
        "coordinates": [
          100.736667,
          -65.962357
        ],
        "type": "Point"
      },
      "properties": {
        "cipher": "QWER",
        "has_phrases": false,
        "mode": "value_domain",
        "phrase_count": 0,
        "phrases": [],
        "projection": "webmercator_hash_v1",
        "projection_method": "webmercator_hash_v1",
        "value": 1135
      },
      "type": "Feature"
    },
    {
      "geometry": {
        "coordinates": [
          -78.404209,
          -55.461825
        ],
        "type": "Point"
      },
      "properties": {
        "cipher": "QWER",
        "has_phrases": false,
        "mode": "value_domain",
        "phrase_count": 0,
        "phrases": [],
        "projection": "webmercator_hash_v1",
        "projection_method": "webmercator_hash_v1",
        "value": 1136
      },
      "type": "Feature"
    },
    {
      "geometry": {
        "coordinates": [
          136.349921,
          -12.735294
        ],
        "type": "Point"
      },
      "properties": {
        "cipher": "QWER",
        "has_phrases": false,
        "mode": "value_domain",
        "phrase_count": 0,
        "phrases": [],
        "projection": "webmercator_hash_v1",
        "projection_method": "webmercator_hash_v1",
        "value": 1137
      },
      "type": "Feature"
    },
    {
      "geometry": {
        "coordinates": [
          53.047823,
          31.75399
        ],
        "type": "Point"
      },
      "properties": {
        "cipher": "QWER",
        "has_phrases": false,
        "mode": "value_domain",
        "phrase_count": 0,
        "phrases": [],
        "projection": "webmercator_hash_v1",
        "projection_method": "webmercator_hash_v1",
        "value": 1138
      },
      "type": "Feature"
    },
    {
      "geometry": {
        "coordinates": [
          58.994123,
          5.152874
        ],
        "type": "Point"
      },
      "properties": {
        "cipher": "QWER",
        "has_phrases": false,
        "mode": "value_domain",
        "phrase_count": 0,
        "phrases": [],
        "projection": "webmercator_hash_v1",
        "projection_method": "webmercator_hash_v1",
        "value": 1139
      },
      "type": "Feature"
    },
    {
      "geometry": {
        "coordinates": [
          123.561925,
          -62.801252
        ],
        "type": "Point"
      },
      "properties": {
        "cipher": "QWER",
        "has_phrases": false,
        "mode": "value_domain",
        "phrase_count": 0,
        "phrases": [],
        "projection": "webmercator_hash_v1",
        "projection_method": "webmercator_hash_v1",
        "value": 1140
      },
      "type": "Feature"
    },
    {
      "geometry": {
        "coordinates": [
          -32.821679,
          -78.416346
        ],
        "type": "Point"
      },
      "properties": {
        "cipher": "QWER",
        "has_phrases": false,
        "mode": "value_domain",
        "phrase_count": 0,
        "phrases": [],
        "projection": "webmercator_hash_v1",
        "projection_method": "webmercator_hash_v1",
        "value": 1141
      },
      "type": "Feature"
    },
    {
      "geometry": {
        "coordinates": [
          82.262031,
          67.57796
        ],
        "type": "Point"
      },
      "properties": {
        "cipher": "QWER",
        "has_phrases": false,
        "mode": "value_domain",
        "phrase_count": 0,
        "phrases": [],
        "projection": "webmercator_hash_v1",
        "projection_method": "webmercator_hash_v1",
        "value": 1142
      },
      "type": "Feature"
    },
    {
      "geometry": {
        "coordinates": [
          139.184774,
          -43.155408
        ],
        "type": "Point"
      },
      "properties": {
        "cipher": "QWER",
        "has_phrases": false,
        "mode": "value_domain",
        "phrase_count": 0,
        "phrases": [],
        "projection": "webmercator_hash_v1",
        "projection_method": "webmercator_hash_v1",
        "value": 1143
      },
      "type": "Feature"
    },
    {
      "geometry": {
        "coordinates": [
          58.126299,
          -3.298675
        ],
        "type": "Point"
      },
      "properties": {
        "cipher": "QWER",
        "has_phrases": false,
        "mode": "value_domain",
        "phrase_count": 0,
        "phrases": [],
        "projection": "webmercator_hash_v1",
        "projection_method": "webmercator_hash_v1",
        "value": 1144
      },
      "type": "Feature"
    },
    {
      "geometry": {
        "coordinates": [
          7.142096,
          -50.927762
        ],
        "type": "Point"
      },
      "properties": {
        "cipher": "QWER",
        "has_phrases": false,
        "mode": "value_domain",
        "phrase_count": 0,
        "phrases": [],
        "projection": "webmercator_hash_v1",
        "projection_method": "webmercator_hash_v1",
        "value": 1145
      },
      "type": "Feature"
    },
    {
      "geometry": {
        "coordinates": [
          -143.147364,
          -80.497159
        ],
        "type": "Point"
      },
      "properties": {
        "cipher": "QWER",
        "has_phrases": false,
        "mode": "value_domain",
        "phrase_count": 0,
        "phrases": [],
        "projection": "webmercator_hash_v1",
        "projection_method": "webmercator_hash_v1",
        "value": 1146
      },
      "type": "Feature"
    },
    {
      "geometry": {
        "coordinates": [
          -7.342938,
          -13.22819
        ],
        "type": "Point"
      },
      "properties": {
        "cipher": "QWER",
        "has_phrases": false,
        "mode": "value_domain",
        "phrase_count": 0,
        "phrases": [],
        "projection": "webmercator_hash_v1",
        "projection_method": "webmercator_hash_v1",
        "value": 1147
      },
      "type": "Feature"
    },
    {
      "geometry": {
        "coordinates": [
          -145.133129,
          -48.815081
        ],
        "type": "Point"
      },
      "properties": {
        "cipher": "QWER",
        "has_phrases": false,
        "mode": "value_domain",
        "phrase_count": 0,
        "phrases": [],
        "projection": "webmercator_hash_v1",
        "projection_method": "webmercator_hash_v1",
        "value": 1148
      },
      "type": "Feature"
    },
    {
      "geometry": {
        "coordinates": [
          49.308953,
          59.197383
        ],
        "type": "Point"
      },
      "properties": {
        "cipher": "QWER",
        "has_phrases": false,
        "mode": "value_domain",
        "phrase_count": 0,
        "phrases": [],
        "projection": "webmercator_hash_v1",
        "projection_method": "webmercator_hash_v1",
        "value": 1149
      },
      "type": "Feature"
    },
    {
      "geometry": {
        "coordinates": [
          53.723429,
          -30.026079
        ],
        "type": "Point"
      },
      "properties": {
        "cipher": "QWER",
        "has_phrases": false,
        "mode": "value_domain",
        "phrase_count": 0,
        "phrases": [],
        "projection": "webmercator_hash_v1",
        "projection_method": "webmercator_hash_v1",
        "value": 1150
      },
      "type": "Feature"
    },
    {
      "geometry": {
        "coordinates": [
          169.13903,
          -65.387929
        ],
        "type": "Point"
      },
      "properties": {
        "cipher": "QWER",
        "has_phrases": false,
        "mode": "value_domain",
        "phrase_count": 0,
        "phrases": [],
        "projection": "webmercator_hash_v1",
        "projection_method": "webmercator_hash_v1",
        "value": 1151
      },
      "type": "Feature"
    },
    {
      "geometry": {
        "coordinates": [
          -132.384858,
          10.296176
        ],
        "type": "Point"
      },
      "properties": {
        "cipher": "QWER",
        "has_phrases": false,
        "mode": "value_domain",
        "phrase_count": 0,
        "phrases": [],
        "projection": "webmercator_hash_v1",
        "projection_method": "webmercator_hash_v1",
        "value": 1152
      },
      "type": "Feature"
    },
    {
      "geometry": {
        "coordinates": [
          -149.57455,
          40.912671
        ],
        "type": "Point"
      },
      "properties": {
        "cipher": "QWER",
        "has_phrases": false,
        "mode": "value_domain",
        "phrase_count": 0,
        "phrases": [],
        "projection": "webmercator_hash_v1",
        "projection_method": "webmercator_hash_v1",
        "value": 1153
      },
      "type": "Feature"
    },
    {
      "geometry": {
        "coordinates": [
          115.289351,
          50.427183
        ],
        "type": "Point"
      },
      "properties": {
        "cipher": "QWER",
        "has_phrases": false,
        "mode": "value_domain",
        "phrase_count": 0,
        "phrases": [],
        "projection": "webmercator_hash_v1",
        "projection_method": "webmercator_hash_v1",
        "value": 1154
      },
      "type": "Feature"
    },
    {
      "geometry": {
        "coordinates": [
          144.289687,
          67.697088
        ],
        "type": "Point"
      },
      "properties": {
        "cipher": "QWER",
        "has_phrases": false,
        "mode": "value_domain",
        "phrase_count": 0,
        "phrases": [],
        "projection": "webmercator_hash_v1",
        "projection_method": "webmercator_hash_v1",
        "value": 1155
      },
      "type": "Feature"
    },
    {
      "geometry": {
        "coordinates": [
          -9.165284,
          -17.658177
        ],
        "type": "Point"
      },
      "properties": {
        "cipher": "QWER",
        "has_phrases": false,
        "mode": "value_domain",
        "phrase_count": 0,
        "phrases": [],
        "projection": "webmercator_hash_v1",
        "projection_method": "webmercator_hash_v1",
        "value": 1156
      },
      "type": "Feature"
    },
    {
      "geometry": {
        "coordinates": [
          -139.201701,
          -2.342502
        ],
        "type": "Point"
      },
      "properties": {
        "cipher": "QWER",
        "has_phrases": false,
        "mode": "value_domain",
        "phrase_count": 0,
        "phrases": [],
        "projection": "webmercator_hash_v1",
        "projection_method": "webmercator_hash_v1",
        "value": 1157
      },
      "type": "Feature"
    },
    {
      "geometry": {
        "coordinates": [
          -48.505889,
          -16.797799
        ],
        "type": "Point"
      },
      "properties": {
        "cipher": "QWER",
        "has_phrases": false,
        "mode": "value_domain",
        "phrase_count": 0,
        "phrases": [],
        "projection": "webmercator_hash_v1",
        "projection_method": "webmercator_hash_v1",
        "value": 1158
      },
      "type": "Feature"
    },
    {
      "geometry": {
        "coordinates": [
          103.746392,
          26.490571
        ],
        "type": "Point"
      },
      "properties": {
        "cipher": "QWER",
        "has_phrases": false,
        "mode": "value_domain",
        "phrase_count": 0,
        "phrases": [],
        "projection": "webmercator_hash_v1",
        "projection_method": "webmercator_hash_v1",
        "value": 1159
      },
      "type": "Feature"
    },
    {
      "geometry": {
        "coordinates": [
          95.293091,
          -72.732126
        ],
        "type": "Point"
      },
      "properties": {
        "cipher": "QWER",
        "has_phrases": false,
        "mode": "value_domain",
        "phrase_count": 0,
        "phrases": [],
        "projection": "webmercator_hash_v1",
        "projection_method": "webmercator_hash_v1",
        "value": 1160
      },
      "type": "Feature"
    },
    {
      "geometry": {
        "coordinates": [
          -12.249908,
          -75.2672
        ],
        "type": "Point"
      },
      "properties": {
        "cipher": "QWER",
        "has_phrases": false,
        "mode": "value_domain",
        "phrase_count": 0,
        "phrases": [],
        "projection": "webmercator_hash_v1",
        "projection_method": "webmercator_hash_v1",
        "value": 1161
      },
      "type": "Feature"
    },
    {
      "geometry": {
        "coordinates": [
          -141.526876,
          32.615045
        ],
        "type": "Point"
      },
      "properties": {
        "cipher": "QWER",
        "has_phrases": false,
        "mode": "value_domain",
        "phrase_count": 0,
        "phrases": [],
        "projection": "webmercator_hash_v1",
        "projection_method": "webmercator_hash_v1",
        "value": 1162
      },
      "type": "Feature"
    },
    {
      "geometry": {
        "coordinates": [
          -129.830408,
          -48.685278
        ],
        "type": "Point"
      },
      "properties": {
        "cipher": "QWER",
        "has_phrases": false,
        "mode": "value_domain",
        "phrase_count": 0,
        "phrases": [],
        "projection": "webmercator_hash_v1",
        "projection_method": "webmercator_hash_v1",
        "value": 1163
      },
      "type": "Feature"
    },
    {
      "geometry": {
        "coordinates": [
          98.720394,
          -31.210431
        ],
        "type": "Point"
      },
      "properties": {
        "cipher": "QWER",
        "has_phrases": false,
        "mode": "value_domain",
        "phrase_count": 0,
        "phrases": [],
        "projection": "webmercator_hash_v1",
        "projection_method": "webmercator_hash_v1",
        "value": 1164
      },
      "type": "Feature"
    },
    {
      "geometry": {
        "coordinates": [
          143.243595,
          35.743023
        ],
        "type": "Point"
      },
      "properties": {
        "cipher": "QWER",
        "has_phrases": false,
        "mode": "value_domain",
        "phrase_count": 0,
        "phrases": [],
        "projection": "webmercator_hash_v1",
        "projection_method": "webmercator_hash_v1",
        "value": 1165
      },
      "type": "Feature"
    },
    {
      "geometry": {
        "coordinates": [
          -20.953059,
          -46.598142
        ],
        "type": "Point"
      },
      "properties": {
        "cipher": "QWER",
        "has_phrases": false,
        "mode": "value_domain",
        "phrase_count": 0,
        "phrases": [],
        "projection": "webmercator_hash_v1",
        "projection_method": "webmercator_hash_v1",
        "value": 1166
      },
      "type": "Feature"
    },
    {
      "geometry": {
        "coordinates": [
          129.450919,
          84.671119
        ],
        "type": "Point"
      },
      "properties": {
        "cipher": "QWER",
        "has_phrases": false,
        "mode": "value_domain",
        "phrase_count": 0,
        "phrases": [],
        "projection": "webmercator_hash_v1",
        "projection_method": "webmercator_hash_v1",
        "value": 1167
      },
      "type": "Feature"
    },
    {
      "geometry": {
        "coordinates": [
          172.406246,
          -49.13047
        ],
        "type": "Point"
      },
      "properties": {
        "cipher": "QWER",
        "has_phrases": false,
        "mode": "value_domain",
        "phrase_count": 0,
        "phrases": [],
        "projection": "webmercator_hash_v1",
        "projection_method": "webmercator_hash_v1",
        "value": 1168
      },
      "type": "Feature"
    },
    {
      "geometry": {
        "coordinates": [
          -122.332752,
          63.867028
        ],
        "type": "Point"
      },
      "properties": {
        "cipher": "QWER",
        "has_phrases": false,
        "mode": "value_domain",
        "phrase_count": 0,
        "phrases": [],
        "projection": "webmercator_hash_v1",
        "projection_method": "webmercator_hash_v1",
        "value": 1169
      },
      "type": "Feature"
    },
    {
      "geometry": {
        "coordinates": [
          18.371192,
          -64.256653
        ],
        "type": "Point"
      },
      "properties": {
        "cipher": "QWER",
        "has_phrases": false,
        "mode": "value_domain",
        "phrase_count": 0,
        "phrases": [],
        "projection": "webmercator_hash_v1",
        "projection_method": "webmercator_hash_v1",
        "value": 1170
      },
      "type": "Feature"
    },
    {
      "geometry": {
        "coordinates": [
          -98.385155,
          17.857518
        ],
        "type": "Point"
      },
      "properties": {
        "cipher": "QWER",
        "has_phrases": false,
        "mode": "value_domain",
        "phrase_count": 0,
        "phrases": [],
        "projection": "webmercator_hash_v1",
        "projection_method": "webmercator_hash_v1",
        "value": 1171
      },
      "type": "Feature"
    },
    {
      "geometry": {
        "coordinates": [
          104.569092,
          25.295042
        ],
        "type": "Point"
      },
      "properties": {
        "cipher": "QWER",
        "has_phrases": false,
        "mode": "value_domain",
        "phrase_count": 0,
        "phrases": [],
        "projection": "webmercator_hash_v1",
        "projection_method": "webmercator_hash_v1",
        "value": 1172
      },
      "type": "Feature"
    },
    {
      "geometry": {
        "coordinates": [
          -68.520949,
          -8.048678
        ],
        "type": "Point"
      },
      "properties": {
        "cipher": "QWER",
        "has_phrases": false,
        "mode": "value_domain",
        "phrase_count": 0,
        "phrases": [],
        "projection": "webmercator_hash_v1",
        "projection_method": "webmercator_hash_v1",
        "value": 1173
      },
      "type": "Feature"
    },
    {
      "geometry": {
        "coordinates": [
          -62.310892,
          68.667565
        ],
        "type": "Point"
      },
      "properties": {
        "cipher": "QWER",
        "has_phrases": false,
        "mode": "value_domain",
        "phrase_count": 0,
        "phrases": [],
        "projection": "webmercator_hash_v1",
        "projection_method": "webmercator_hash_v1",
        "value": 1174
      },
      "type": "Feature"
    },
    {
      "geometry": {
        "coordinates": [
          -23.191114,
          48.894611
        ],
        "type": "Point"
      },
      "properties": {
        "cipher": "QWER",
        "has_phrases": false,
        "mode": "value_domain",
        "phrase_count": 0,
        "phrases": [],
        "projection": "webmercator_hash_v1",
        "projection_method": "webmercator_hash_v1",
        "value": 1175
      },
      "type": "Feature"
    },
    {
      "geometry": {
        "coordinates": [
          111.19801,
          1.703897
        ],
        "type": "Point"
      },
      "properties": {
        "cipher": "QWER",
        "has_phrases": false,
        "mode": "value_domain",
        "phrase_count": 0,
        "phrases": [],
        "projection": "webmercator_hash_v1",
        "projection_method": "webmercator_hash_v1",
        "value": 1176
      },
      "type": "Feature"
    },
    {
      "geometry": {
        "coordinates": [
          -92.474325,
          58.273306
        ],
        "type": "Point"
      },
      "properties": {
        "cipher": "QWER",
        "has_phrases": false,
        "mode": "value_domain",
        "phrase_count": 0,
        "phrases": [],
        "projection": "webmercator_hash_v1",
        "projection_method": "webmercator_hash_v1",
        "value": 1177
      },
      "type": "Feature"
    },
    {
      "geometry": {
        "coordinates": [
          -1.703748,
          -57.419039
        ],
        "type": "Point"
      },
      "properties": {
        "cipher": "QWER",
        "has_phrases": false,
        "mode": "value_domain",
        "phrase_count": 0,
        "phrases": [],
        "projection": "webmercator_hash_v1",
        "projection_method": "webmercator_hash_v1",
        "value": 1178
      },
      "type": "Feature"
    },
    {
      "geometry": {
        "coordinates": [
          173.490789,
          7.478811
        ],
        "type": "Point"
      },
      "properties": {
        "cipher": "QWER",
        "has_phrases": false,
        "mode": "value_domain",
        "phrase_count": 0,
        "phrases": [],
        "projection": "webmercator_hash_v1",
        "projection_method": "webmercator_hash_v1",
        "value": 1179
      },
      "type": "Feature"
    },
    {
      "geometry": {
        "coordinates": [
          97.796492,
          8.667698
        ],
        "type": "Point"
      },
      "properties": {
        "cipher": "QWER",
        "has_phrases": false,
        "mode": "value_domain",
        "phrase_count": 0,
        "phrases": [],
        "projection": "webmercator_hash_v1",
        "projection_method": "webmercator_hash_v1",
        "value": 1180
      },
      "type": "Feature"
    },
    {
      "geometry": {
        "coordinates": [
          99.942144,
          75.612869
        ],
        "type": "Point"
      },
      "properties": {
        "cipher": "QWER",
        "has_phrases": false,
        "mode": "value_domain",
        "phrase_count": 0,
        "phrases": [],
        "projection": "webmercator_hash_v1",
        "projection_method": "webmercator_hash_v1",
        "value": 1181
      },
      "type": "Feature"
    },
    {
      "geometry": {
        "coordinates": [
          161.318287,
          3.79178
        ],
        "type": "Point"
      },
      "properties": {
        "cipher": "QWER",
        "has_phrases": false,
        "mode": "value_domain",
        "phrase_count": 0,
        "phrases": [],
        "projection": "webmercator_hash_v1",
        "projection_method": "webmercator_hash_v1",
        "value": 1182
      },
      "type": "Feature"
    },
    {
      "geometry": {
        "coordinates": [
          37.92941,
          68.138489
        ],
        "type": "Point"
      },
      "properties": {
        "cipher": "QWER",
        "has_phrases": false,
        "mode": "value_domain",
        "phrase_count": 0,
        "phrases": [],
        "projection": "webmercator_hash_v1",
        "projection_method": "webmercator_hash_v1",
        "value": 1183
      },
      "type": "Feature"
    },
    {
      "geometry": {
        "coordinates": [
          -42.252034,
          -74.360529
        ],
        "type": "Point"
      },
      "properties": {
        "cipher": "QWER",
        "has_phrases": false,
        "mode": "value_domain",
        "phrase_count": 0,
        "phrases": [],
        "projection": "webmercator_hash_v1",
        "projection_method": "webmercator_hash_v1",
        "value": 1184
      },
      "type": "Feature"
    },
    {
      "geometry": {
        "coordinates": [
          9.369426,
          -34.529706
        ],
        "type": "Point"
      },
      "properties": {
        "cipher": "QWER",
        "has_phrases": false,
        "mode": "value_domain",
        "phrase_count": 0,
        "phrases": [],
        "projection": "webmercator_hash_v1",
        "projection_method": "webmercator_hash_v1",
        "value": 1185
      },
      "type": "Feature"
    },
    {
      "geometry": {
        "coordinates": [
          178.272841,
          79.560023
        ],
        "type": "Point"
      },
      "properties": {
        "cipher": "QWER",
        "has_phrases": false,
        "mode": "value_domain",
        "phrase_count": 0,
        "phrases": [],
        "projection": "webmercator_hash_v1",
        "projection_method": "webmercator_hash_v1",
        "value": 1186
      },
      "type": "Feature"
    },
    {
      "geometry": {
        "coordinates": [
          -162.254287,
          -65.170281
        ],
        "type": "Point"
      },
      "properties": {
        "cipher": "QWER",
        "has_phrases": false,
        "mode": "value_domain",
        "phrase_count": 0,
        "phrases": [],
        "projection": "webmercator_hash_v1",
        "projection_method": "webmercator_hash_v1",
        "value": 1187
      },
      "type": "Feature"
    },
    {
      "geometry": {
        "coordinates": [
          24.609049,
          40.34939
        ],
        "type": "Point"
      },
      "properties": {
        "cipher": "QWER",
        "has_phrases": false,
        "mode": "value_domain",
        "phrase_count": 0,
        "phrases": [],
        "projection": "webmercator_hash_v1",
        "projection_method": "webmercator_hash_v1",
        "value": 1188
      },
      "type": "Feature"
    },
    {
      "geometry": {
        "coordinates": [
          47.957952,
          -57.003758
        ],
        "type": "Point"
      },
      "properties": {
        "cipher": "QWER",
        "has_phrases": false,
        "mode": "value_domain",
        "phrase_count": 0,
        "phrases": [],
        "projection": "webmercator_hash_v1",
        "projection_method": "webmercator_hash_v1",
        "value": 1189
      },
      "type": "Feature"
    },
    {
      "geometry": {
        "coordinates": [
          57.812892,
          41.623561
        ],
        "type": "Point"
      },
      "properties": {
        "cipher": "QWER",
        "has_phrases": false,
        "mode": "value_domain",
        "phrase_count": 0,
        "phrases": [],
        "projection": "webmercator_hash_v1",
        "projection_method": "webmercator_hash_v1",
        "value": 1190
      },
      "type": "Feature"
    },
    {
      "geometry": {
        "coordinates": [
          23.579703,
          -36.502558
        ],
        "type": "Point"
      },
      "properties": {
        "cipher": "QWER",
        "has_phrases": false,
        "mode": "value_domain",
        "phrase_count": 0,
        "phrases": [],
        "projection": "webmercator_hash_v1",
        "projection_method": "webmercator_hash_v1",
        "value": 1191
      },
      "type": "Feature"
    },
    {
      "geometry": {
        "coordinates": [
          -104.550576,
          73.536123
        ],
        "type": "Point"
      },
      "properties": {
        "cipher": "QWER",
        "has_phrases": false,
        "mode": "value_domain",
        "phrase_count": 0,
        "phrases": [],
        "projection": "webmercator_hash_v1",
        "projection_method": "webmercator_hash_v1",
        "value": 1192
      },
      "type": "Feature"
    },
    {
      "geometry": {
        "coordinates": [
          -41.506457,
          -84.503688
        ],
        "type": "Point"
      },
      "properties": {
        "cipher": "QWER",
        "has_phrases": false,
        "mode": "value_domain",
        "phrase_count": 0,
        "phrases": [],
        "projection": "webmercator_hash_v1",
        "projection_method": "webmercator_hash_v1",
        "value": 1193
      },
      "type": "Feature"
    },
    {
      "geometry": {
        "coordinates": [
          10.053197,
          35.735089
        ],
        "type": "Point"
      },
      "properties": {
        "cipher": "QWER",
        "has_phrases": false,
        "mode": "value_domain",
        "phrase_count": 0,
        "phrases": [],
        "projection": "webmercator_hash_v1",
        "projection_method": "webmercator_hash_v1",
        "value": 1194
      },
      "type": "Feature"
    },
    {
      "geometry": {
        "coordinates": [
          23.34199,
          11.800785
        ],
        "type": "Point"
      },
      "properties": {
        "cipher": "QWER",
        "has_phrases": false,
        "mode": "value_domain",
        "phrase_count": 0,
        "phrases": [],
        "projection": "webmercator_hash_v1",
        "projection_method": "webmercator_hash_v1",
        "value": 1195
      },
      "type": "Feature"
    },
    {
      "geometry": {
        "coordinates": [
          52.548762,
          -84.53862
        ],
        "type": "Point"
      },
      "properties": {
        "cipher": "QWER",
        "has_phrases": false,
        "mode": "value_domain",
        "phrase_count": 0,
        "phrases": [],
        "projection": "webmercator_hash_v1",
        "projection_method": "webmercator_hash_v1",
        "value": 1196
      },
      "type": "Feature"
    },
    {
      "geometry": {
        "coordinates": [
          -26.603025,
          -49.686779
        ],
        "type": "Point"
      },
      "properties": {
        "cipher": "QWER",
        "has_phrases": false,
        "mode": "value_domain",
        "phrase_count": 0,
        "phrases": [],
        "projection": "webmercator_hash_v1",
        "projection_method": "webmercator_hash_v1",
        "value": 1197
      },
      "type": "Feature"
    },
    {
      "geometry": {
        "coordinates": [
          -49.955558,
          22.146679
        ],
        "type": "Point"
      },
      "properties": {
        "cipher": "QWER",
        "has_phrases": false,
        "mode": "value_domain",
        "phrase_count": 0,
        "phrases": [],
        "projection": "webmercator_hash_v1",
        "projection_method": "webmercator_hash_v1",
        "value": 1198
      },
      "type": "Feature"
    },
    {
      "geometry": {
        "coordinates": [
          73.848108,
          65.52902
        ],
        "type": "Point"
      },
      "properties": {
        "cipher": "QWER",
        "has_phrases": false,
        "mode": "value_domain",
        "phrase_count": 0,
        "phrases": [],
        "projection": "webmercator_hash_v1",
        "projection_method": "webmercator_hash_v1",
        "value": 1199
      },
      "type": "Feature"
    },
    {
      "geometry": {
        "coordinates": [
          60.493071,
          -25.692536
        ],
        "type": "Point"
      },
      "properties": {
        "cipher": "QWER",
        "has_phrases": false,
        "mode": "value_domain",
        "phrase_count": 0,
        "phrases": [],
        "projection": "webmercator_hash_v1",
        "projection_method": "webmercator_hash_v1",
        "value": 1200
      },
      "type": "Feature"
    },
    {
      "geometry": {
        "coordinates": [
          0.453817,
          12.429898
        ],
        "type": "Point"
      },
      "properties": {
        "cipher": "QWER",
        "has_phrases": false,
        "mode": "value_domain",
        "phrase_count": 0,
        "phrases": [],
        "projection": "webmercator_hash_v1",
        "projection_method": "webmercator_hash_v1",
        "value": 1201
      },
      "type": "Feature"
    },
    {
      "geometry": {
        "coordinates": [
          177.848362,
          60.276262
        ],
        "type": "Point"
      },
      "properties": {
        "cipher": "QWER",
        "has_phrases": false,
        "mode": "value_domain",
        "phrase_count": 0,
        "phrases": [],
        "projection": "webmercator_hash_v1",
        "projection_method": "webmercator_hash_v1",
        "value": 1202
      },
      "type": "Feature"
    },
    {
      "geometry": {
        "coordinates": [
          -146.260968,
          -32.776184
        ],
        "type": "Point"
      },
      "properties": {
        "cipher": "QWER",
        "has_phrases": false,
        "mode": "value_domain",
        "phrase_count": 0,
        "phrases": [],
        "projection": "webmercator_hash_v1",
        "projection_method": "webmercator_hash_v1",
        "value": 1203
      },
      "type": "Feature"
    },
    {
      "geometry": {
        "coordinates": [
          55.966294,
          41.116777
        ],
        "type": "Point"
      },
      "properties": {
        "cipher": "QWER",
        "has_phrases": false,
        "mode": "value_domain",
        "phrase_count": 0,
        "phrases": [],
        "projection": "webmercator_hash_v1",
        "projection_method": "webmercator_hash_v1",
        "value": 1204
      },
      "type": "Feature"
    },
    {
      "geometry": {
        "coordinates": [
          159.226681,
          -39.332032
        ],
        "type": "Point"
      },
      "properties": {
        "cipher": "QWER",
        "has_phrases": false,
        "mode": "value_domain",
        "phrase_count": 0,
        "phrases": [],
        "projection": "webmercator_hash_v1",
        "projection_method": "webmercator_hash_v1",
        "value": 1205
      },
      "type": "Feature"
    },
    {
      "geometry": {
        "coordinates": [
          10.024652,
          12.849566
        ],
        "type": "Point"
      },
      "properties": {
        "cipher": "QWER",
        "has_phrases": false,
        "mode": "value_domain",
        "phrase_count": 0,
        "phrases": [],
        "projection": "webmercator_hash_v1",
        "projection_method": "webmercator_hash_v1",
        "value": 1206
      },
      "type": "Feature"
    },
    {
      "geometry": {
        "coordinates": [
          -177.183234,
          31.532783
        ],
        "type": "Point"
      },
      "properties": {
        "cipher": "QWER",
        "has_phrases": false,
        "mode": "value_domain",
        "phrase_count": 0,
        "phrases": [],
        "projection": "webmercator_hash_v1",
        "projection_method": "webmercator_hash_v1",
        "value": 1207
      },
      "type": "Feature"
    },
    {
      "geometry": {
        "coordinates": [
          10.370369,
          79.074925
        ],
        "type": "Point"
      },
      "properties": {
        "cipher": "QWER",
        "has_phrases": false,
        "mode": "value_domain",
        "phrase_count": 0,
        "phrases": [],
        "projection": "webmercator_hash_v1",
        "projection_method": "webmercator_hash_v1",
        "value": 1208
      },
      "type": "Feature"
    },
    {
      "geometry": {
        "coordinates": [
          -60.700549,
          -2.590353
        ],
        "type": "Point"
      },
      "properties": {
        "cipher": "QWER",
        "has_phrases": false,
        "mode": "value_domain",
        "phrase_count": 0,
        "phrases": [],
        "projection": "webmercator_hash_v1",
        "projection_method": "webmercator_hash_v1",
        "value": 1209
      },
      "type": "Feature"
    },
    {
      "geometry": {
        "coordinates": [
          45.818235,
          -31.214045
        ],
        "type": "Point"
      },
      "properties": {
        "cipher": "QWER",
        "has_phrases": false,
        "mode": "value_domain",
        "phrase_count": 0,
        "phrases": [],
        "projection": "webmercator_hash_v1",
        "projection_method": "webmercator_hash_v1",
        "value": 1210
      },
      "type": "Feature"
    },
    {
      "geometry": {
        "coordinates": [
          69.171071,
          -51.018055
        ],
        "type": "Point"
      },
      "properties": {
        "cipher": "QWER",
        "has_phrases": false,
        "mode": "value_domain",
        "phrase_count": 0,
        "phrases": [],
        "projection": "webmercator_hash_v1",
        "projection_method": "webmercator_hash_v1",
        "value": 1211
      },
      "type": "Feature"
    },
    {
      "geometry": {
        "coordinates": [
          36.859659,
          71.086197
        ],
        "type": "Point"
      },
      "properties": {
        "cipher": "QWER",
        "has_phrases": false,
        "mode": "value_domain",
        "phrase_count": 0,
        "phrases": [],
        "projection": "webmercator_hash_v1",
        "projection_method": "webmercator_hash_v1",
        "value": 1212
      },
      "type": "Feature"
    },
    {
      "geometry": {
        "coordinates": [
          46.379362,
          8.216474
        ],
        "type": "Point"
      },
      "properties": {
        "cipher": "QWER",
        "has_phrases": false,
        "mode": "value_domain",
        "phrase_count": 0,
        "phrases": [],
        "projection": "webmercator_hash_v1",
        "projection_method": "webmercator_hash_v1",
        "value": 1213
      },
      "type": "Feature"
    },
    {
      "geometry": {
        "coordinates": [
          77.872998,
          75.244975
        ],
        "type": "Point"
      },
      "properties": {
        "cipher": "QWER",
        "has_phrases": false,
        "mode": "value_domain",
        "phrase_count": 0,
        "phrases": [],
        "projection": "webmercator_hash_v1",
        "projection_method": "webmercator_hash_v1",
        "value": 1214
      },
      "type": "Feature"
    },
    {
      "geometry": {
        "coordinates": [
          -75.06501,
          34.94734
        ],
        "type": "Point"
      },
      "properties": {
        "cipher": "QWER",
        "has_phrases": false,
        "mode": "value_domain",
        "phrase_count": 0,
        "phrases": [],
        "projection": "webmercator_hash_v1",
        "projection_method": "webmercator_hash_v1",
        "value": 1215
      },
      "type": "Feature"
    },
    {
      "geometry": {
        "coordinates": [
          -26.760294,
          30.184615
        ],
        "type": "Point"
      },
      "properties": {
        "cipher": "QWER",
        "has_phrases": false,
        "mode": "value_domain",
        "phrase_count": 0,
        "phrases": [],
        "projection": "webmercator_hash_v1",
        "projection_method": "webmercator_hash_v1",
        "value": 1216
      },
      "type": "Feature"
    },
    {
      "geometry": {
        "coordinates": [
          52.686153,
          3.706704
        ],
        "type": "Point"
      },
      "properties": {
        "cipher": "QWER",
        "has_phrases": false,
        "mode": "value_domain",
        "phrase_count": 0,
        "phrases": [],
        "projection": "webmercator_hash_v1",
        "projection_method": "webmercator_hash_v1",
        "value": 1217
      },
      "type": "Feature"
    },
    {
      "geometry": {
        "coordinates": [
          -174.199048,
          -38.70231
        ],
        "type": "Point"
      },
      "properties": {
        "cipher": "QWER",
        "has_phrases": false,
        "mode": "value_domain",
        "phrase_count": 0,
        "phrases": [],
        "projection": "webmercator_hash_v1",
        "projection_method": "webmercator_hash_v1",
        "value": 1218
      },
      "type": "Feature"
    },
    {
      "geometry": {
        "coordinates": [
          60.548236,
          -75.297445
        ],
        "type": "Point"
      },
      "properties": {
        "cipher": "QWER",
        "has_phrases": false,
        "mode": "value_domain",
        "phrase_count": 0,
        "phrases": [],
        "projection": "webmercator_hash_v1",
        "projection_method": "webmercator_hash_v1",
        "value": 1219
      },
      "type": "Feature"
    },
    {
      "geometry": {
        "coordinates": [
          -112.096348,
          -66.312272
        ],
        "type": "Point"
      },
      "properties": {
        "cipher": "QWER",
        "has_phrases": false,
        "mode": "value_domain",
        "phrase_count": 0,
        "phrases": [],
        "projection": "webmercator_hash_v1",
        "projection_method": "webmercator_hash_v1",
        "value": 1220
      },
      "type": "Feature"
    },
    {
      "geometry": {
        "coordinates": [
          -39.311277,
          43.36084
        ],
        "type": "Point"
      },
      "properties": {
        "cipher": "QWER",
        "has_phrases": false,
        "mode": "value_domain",
        "phrase_count": 0,
        "phrases": [],
        "projection": "webmercator_hash_v1",
        "projection_method": "webmercator_hash_v1",
        "value": 1221
      },
      "type": "Feature"
    },
    {
      "geometry": {
        "coordinates": [
          88.201545,
          28.494572
        ],
        "type": "Point"
      },
      "properties": {
        "cipher": "QWER",
        "has_phrases": false,
        "mode": "value_domain",
        "phrase_count": 0,
        "phrases": [],
        "projection": "webmercator_hash_v1",
        "projection_method": "webmercator_hash_v1",
        "value": 1222
      },
      "type": "Feature"
    },
    {
      "geometry": {
        "coordinates": [
          -95.266828,
          -45.871846
        ],
        "type": "Point"
      },
      "properties": {
        "cipher": "QWER",
        "has_phrases": false,
        "mode": "value_domain",
        "phrase_count": 0,
        "phrases": [],
        "projection": "webmercator_hash_v1",
        "projection_method": "webmercator_hash_v1",
        "value": 1223
      },
      "type": "Feature"
    },
    {
      "geometry": {
        "coordinates": [
          78.44512,
          -41.887126
        ],
        "type": "Point"
      },
      "properties": {
        "cipher": "QWER",
        "has_phrases": false,
        "mode": "value_domain",
        "phrase_count": 0,
        "phrases": [],
        "projection": "webmercator_hash_v1",
        "projection_method": "webmercator_hash_v1",
        "value": 1224
      },
      "type": "Feature"
    },
    {
      "geometry": {
        "coordinates": [
          -4.925816,
          10.507705
        ],
        "type": "Point"
      },
      "properties": {
        "cipher": "QWER",
        "has_phrases": false,
        "mode": "value_domain",
        "phrase_count": 0,
        "phrases": [],
        "projection": "webmercator_hash_v1",
        "projection_method": "webmercator_hash_v1",
        "value": 1225
      },
      "type": "Feature"
    },
    {
      "geometry": {
        "coordinates": [
          153.064836,
          -74.60484
        ],
        "type": "Point"
      },
      "properties": {
        "cipher": "QWER",
        "has_phrases": false,
        "mode": "value_domain",
        "phrase_count": 0,
        "phrases": [],
        "projection": "webmercator_hash_v1",
        "projection_method": "webmercator_hash_v1",
        "value": 1226
      },
      "type": "Feature"
    },
    {
      "geometry": {
        "coordinates": [
          -174.29114,
          -18.956175
        ],
        "type": "Point"
      },
      "properties": {
        "cipher": "QWER",
        "has_phrases": false,
        "mode": "value_domain",
        "phrase_count": 0,
        "phrases": [],
        "projection": "webmercator_hash_v1",
        "projection_method": "webmercator_hash_v1",
        "value": 1227
      },
      "type": "Feature"
    },
    {
      "geometry": {
        "coordinates": [
          117.371083,
          64.394258
        ],
        "type": "Point"
      },
      "properties": {
        "cipher": "QWER",
        "has_phrases": false,
        "mode": "value_domain",
        "phrase_count": 0,
        "phrases": [],
        "projection": "webmercator_hash_v1",
        "projection_method": "webmercator_hash_v1",
        "value": 1228
      },
      "type": "Feature"
    },
    {
      "geometry": {
        "coordinates": [
          169.299431,
          -78.122062
        ],
        "type": "Point"
      },
      "properties": {
        "cipher": "QWER",
        "has_phrases": false,
        "mode": "value_domain",
        "phrase_count": 0,
        "phrases": [],
        "projection": "webmercator_hash_v1",
        "projection_method": "webmercator_hash_v1",
        "value": 1229
      },
      "type": "Feature"
    },
    {
      "geometry": {
        "coordinates": [
          40.811532,
          -81.273671
        ],
        "type": "Point"
      },
      "properties": {
        "cipher": "QWER",
        "has_phrases": false,
        "mode": "value_domain",
        "phrase_count": 0,
        "phrases": [],
        "projection": "webmercator_hash_v1",
        "projection_method": "webmercator_hash_v1",
        "value": 1230
      },
      "type": "Feature"
    },
    {
      "geometry": {
        "coordinates": [
          110.52015,
          2.70502
        ],
        "type": "Point"
      },
      "properties": {
        "cipher": "QWER",
        "has_phrases": false,
        "mode": "value_domain",
        "phrase_count": 0,
        "phrases": [],
        "projection": "webmercator_hash_v1",
        "projection_method": "webmercator_hash_v1",
        "value": 1231
      },
      "type": "Feature"
    },
    {
      "geometry": {
        "coordinates": [
          23.71617,
          61.846905
        ],
        "type": "Point"
      },
      "properties": {
        "cipher": "QWER",
        "has_phrases": false,
        "mode": "value_domain",
        "phrase_count": 0,
        "phrases": [],
        "projection": "webmercator_hash_v1",
        "projection_method": "webmercator_hash_v1",
        "value": 1232
      },
      "type": "Feature"
    },
    {
      "geometry": {
        "coordinates": [
          150.673595,
          -33.420707
        ],
        "type": "Point"
      },
      "properties": {
        "cipher": "QWER",
        "has_phrases": false,
        "mode": "value_domain",
        "phrase_count": 0,
        "phrases": [],
        "projection": "webmercator_hash_v1",
        "projection_method": "webmercator_hash_v1",
        "value": 1233
      },
      "type": "Feature"
    },
    {
      "geometry": {
        "coordinates": [
          -160.661092,
          -55.994383
        ],
        "type": "Point"
      },
      "properties": {
        "cipher": "QWER",
        "has_phrases": false,
        "mode": "value_domain",
        "phrase_count": 0,
        "phrases": [],
        "projection": "webmercator_hash_v1",
        "projection_method": "webmercator_hash_v1",
        "value": 1234
      },
      "type": "Feature"
    },
    {
      "geometry": {
        "coordinates": [
          -108.396974,
          -17.979562
        ],
        "type": "Point"
      },
      "properties": {
        "cipher": "QWER",
        "has_phrases": false,
        "mode": "value_domain",
        "phrase_count": 0,
        "phrases": [],
        "projection": "webmercator_hash_v1",
        "projection_method": "webmercator_hash_v1",
        "value": 1235
      },
      "type": "Feature"
    },
    {
      "geometry": {
        "coordinates": [
          147.425965,
          -55.933684
        ],
        "type": "Point"
      },
      "properties": {
        "cipher": "QWER",
        "has_phrases": false,
        "mode": "value_domain",
        "phrase_count": 0,
        "phrases": [],
        "projection": "webmercator_hash_v1",
        "projection_method": "webmercator_hash_v1",
        "value": 1236
      },
      "type": "Feature"
    },
    {
      "geometry": {
        "coordinates": [
          74.323734,
          -40.004343
        ],
        "type": "Point"
      },
      "properties": {
        "cipher": "QWER",
        "has_phrases": false,
        "mode": "value_domain",
        "phrase_count": 0,
        "phrases": [],
        "projection": "webmercator_hash_v1",
        "projection_method": "webmercator_hash_v1",
        "value": 1237
      },
      "type": "Feature"
    },
    {
      "geometry": {
        "coordinates": [
          179.905703,
          -15.123258
        ],
        "type": "Point"
      },
      "properties": {
        "cipher": "QWER",
        "has_phrases": false,
        "mode": "value_domain",
        "phrase_count": 0,
        "phrases": [],
        "projection": "webmercator_hash_v1",
        "projection_method": "webmercator_hash_v1",
        "value": 1238
      },
      "type": "Feature"
    },
    {
      "geometry": {
        "coordinates": [
          152.130588,
          60.563279
        ],
        "type": "Point"
      },
      "properties": {
        "cipher": "QWER",
        "has_phrases": false,
        "mode": "value_domain",
        "phrase_count": 0,
        "phrases": [],
        "projection": "webmercator_hash_v1",
        "projection_method": "webmercator_hash_v1",
        "value": 1239
      },
      "type": "Feature"
    },
    {
      "geometry": {
        "coordinates": [
          105.362307,
          53.137715
        ],
        "type": "Point"
      },
      "properties": {
        "cipher": "QWER",
        "has_phrases": false,
        "mode": "value_domain",
        "phrase_count": 0,
        "phrases": [],
        "projection": "webmercator_hash_v1",
        "projection_method": "webmercator_hash_v1",
        "value": 1240
      },
      "type": "Feature"
    },
    {
      "geometry": {
        "coordinates": [
          107.198562,
          -70.573737
        ],
        "type": "Point"
      },
      "properties": {
        "cipher": "QWER",
        "has_phrases": false,
        "mode": "value_domain",
        "phrase_count": 0,
        "phrases": [],
        "projection": "webmercator_hash_v1",
        "projection_method": "webmercator_hash_v1",
        "value": 1241
      },
      "type": "Feature"
    },
    {
      "geometry": {
        "coordinates": [
          -150.690612,
          -84.877772
        ],
        "type": "Point"
      },
      "properties": {
        "cipher": "QWER",
        "has_phrases": false,
        "mode": "value_domain",
        "phrase_count": 0,
        "phrases": [],
        "projection": "webmercator_hash_v1",
        "projection_method": "webmercator_hash_v1",
        "value": 1242
      },
      "type": "Feature"
    },
    {
      "geometry": {
        "coordinates": [
          -13.984489,
          -31.723811
        ],
        "type": "Point"
      },
      "properties": {
        "cipher": "QWER",
        "has_phrases": false,
        "mode": "value_domain",
        "phrase_count": 0,
        "phrases": [],
        "projection": "webmercator_hash_v1",
        "projection_method": "webmercator_hash_v1",
        "value": 1243
      },
      "type": "Feature"
    },
    {
      "geometry": {
        "coordinates": [
          15.604712,
          27.320222
        ],
        "type": "Point"
      },
      "properties": {
        "cipher": "QWER",
        "has_phrases": false,
        "mode": "value_domain",
        "phrase_count": 0,
        "phrases": [],
        "projection": "webmercator_hash_v1",
        "projection_method": "webmercator_hash_v1",
        "value": 1244
      },
      "type": "Feature"
    },
    {
      "geometry": {
        "coordinates": [
          -112.530297,
          56.849994
        ],
        "type": "Point"
      },
      "properties": {
        "cipher": "QWER",
        "has_phrases": false,
        "mode": "value_domain",
        "phrase_count": 0,
        "phrases": [],
        "projection": "webmercator_hash_v1",
        "projection_method": "webmercator_hash_v1",
        "value": 1245
      },
      "type": "Feature"
    },
    {
      "geometry": {
        "coordinates": [
          -6.163946,
          16.610194
        ],
        "type": "Point"
      },
      "properties": {
        "cipher": "QWER",
        "has_phrases": false,
        "mode": "value_domain",
        "phrase_count": 0,
        "phrases": [],
        "projection": "webmercator_hash_v1",
        "projection_method": "webmercator_hash_v1",
        "value": 1246
      },
      "type": "Feature"
    },
    {
      "geometry": {
        "coordinates": [
          145.226395,
          -59.066016
        ],
        "type": "Point"
      },
      "properties": {
        "cipher": "QWER",
        "has_phrases": false,
        "mode": "value_domain",
        "phrase_count": 0,
        "phrases": [],
        "projection": "webmercator_hash_v1",
        "projection_method": "webmercator_hash_v1",
        "value": 1247
      },
      "type": "Feature"
    },
    {
      "geometry": {
        "coordinates": [
          -21.660228,
          -72.222644
        ],
        "type": "Point"
      },
      "properties": {
        "cipher": "QWER",
        "has_phrases": false,
        "mode": "value_domain",
        "phrase_count": 0,
        "phrases": [],
        "projection": "webmercator_hash_v1",
        "projection_method": "webmercator_hash_v1",
        "value": 1248
      },
      "type": "Feature"
    },
    {
      "geometry": {
        "coordinates": [
          -6.676632,
          83.996679
        ],
        "type": "Point"
      },
      "properties": {
        "cipher": "QWER",
        "has_phrases": false,
        "mode": "value_domain",
        "phrase_count": 0,
        "phrases": [],
        "projection": "webmercator_hash_v1",
        "projection_method": "webmercator_hash_v1",
        "value": 1249
      },
      "type": "Feature"
    },
    {
      "geometry": {
        "coordinates": [
          -73.488814,
          55.248651
        ],
        "type": "Point"
      },
      "properties": {
        "cipher": "QWER",
        "has_phrases": false,
        "mode": "value_domain",
        "phrase_count": 0,
        "phrases": [],
        "projection": "webmercator_hash_v1",
        "projection_method": "webmercator_hash_v1",
        "value": 1250
      },
      "type": "Feature"
    },
    {
      "geometry": {
        "coordinates": [
          -11.944653,
          -46.268141
        ],
        "type": "Point"
      },
      "properties": {
        "cipher": "QWER",
        "has_phrases": false,
        "mode": "value_domain",
        "phrase_count": 0,
        "phrases": [],
        "projection": "webmercator_hash_v1",
        "projection_method": "webmercator_hash_v1",
        "value": 1251
      },
      "type": "Feature"
    },
    {
      "geometry": {
        "coordinates": [
          -81.968229,
          -24.690245
        ],
        "type": "Point"
      },
      "properties": {
        "cipher": "QWER",
        "has_phrases": false,
        "mode": "value_domain",
        "phrase_count": 0,
        "phrases": [],
        "projection": "webmercator_hash_v1",
        "projection_method": "webmercator_hash_v1",
        "value": 1252
      },
      "type": "Feature"
    },
    {
      "geometry": {
        "coordinates": [
          96.996293,
          -31.988574
        ],
        "type": "Point"
      },
      "properties": {
        "cipher": "QWER",
        "has_phrases": false,
        "mode": "value_domain",
        "phrase_count": 0,
        "phrases": [],
        "projection": "webmercator_hash_v1",
        "projection_method": "webmercator_hash_v1",
        "value": 1253
      },
      "type": "Feature"
    },
    {
      "geometry": {
        "coordinates": [
          111.893332,
          -48.045969
        ],
        "type": "Point"
      },
      "properties": {
        "cipher": "QWER",
        "has_phrases": false,
        "mode": "value_domain",
        "phrase_count": 0,
        "phrases": [],
        "projection": "webmercator_hash_v1",
        "projection_method": "webmercator_hash_v1",
        "value": 1254
      },
      "type": "Feature"
    },
    {
      "geometry": {
        "coordinates": [
          35.643347,
          -4.67233
        ],
        "type": "Point"
      },
      "properties": {
        "cipher": "QWER",
        "has_phrases": false,
        "mode": "value_domain",
        "phrase_count": 0,
        "phrases": [],
        "projection": "webmercator_hash_v1",
        "projection_method": "webmercator_hash_v1",
        "value": 1255
      },
      "type": "Feature"
    },
    {
      "geometry": {
        "coordinates": [
          76.600488,
          63.402454
        ],
        "type": "Point"
      },
      "properties": {
        "cipher": "QWER",
        "has_phrases": false,
        "mode": "value_domain",
        "phrase_count": 0,
        "phrases": [],
        "projection": "webmercator_hash_v1",
        "projection_method": "webmercator_hash_v1",
        "value": 1256
      },
      "type": "Feature"
    },
    {
      "geometry": {
        "coordinates": [
          158.801333,
          -52.768253
        ],
        "type": "Point"
      },
      "properties": {
        "cipher": "QWER",
        "has_phrases": false,
        "mode": "value_domain",
        "phrase_count": 0,
        "phrases": [],
        "projection": "webmercator_hash_v1",
        "projection_method": "webmercator_hash_v1",
        "value": 1257
      },
      "type": "Feature"
    },
    {
      "geometry": {
        "coordinates": [
          34.97659,
          33.529438
        ],
        "type": "Point"
      },
      "properties": {
        "cipher": "QWER",
        "has_phrases": false,
        "mode": "value_domain",
        "phrase_count": 0,
        "phrases": [],
        "projection": "webmercator_hash_v1",
        "projection_method": "webmercator_hash_v1",
        "value": 1258
      },
      "type": "Feature"
    },
    {
      "geometry": {
        "coordinates": [
          7.956651,
          21.711311
        ],
        "type": "Point"
      },
      "properties": {
        "cipher": "QWER",
        "has_phrases": false,
        "mode": "value_domain",
        "phrase_count": 0,
        "phrases": [],
        "projection": "webmercator_hash_v1",
        "projection_method": "webmercator_hash_v1",
        "value": 1259
      },
      "type": "Feature"
    },
    {
      "geometry": {
        "coordinates": [
          -143.543415,
          -9.404348
        ],
        "type": "Point"
      },
      "properties": {
        "cipher": "QWER",
        "has_phrases": false,
        "mode": "value_domain",
        "phrase_count": 0,
        "phrases": [],
        "projection": "webmercator_hash_v1",
        "projection_method": "webmercator_hash_v1",
        "value": 1260
      },
      "type": "Feature"
    },
    {
      "geometry": {
        "coordinates": [
          -88.45671,
          4.648793
        ],
        "type": "Point"
      },
      "properties": {
        "cipher": "QWER",
        "has_phrases": false,
        "mode": "value_domain",
        "phrase_count": 0,
        "phrases": [],
        "projection": "webmercator_hash_v1",
        "projection_method": "webmercator_hash_v1",
        "value": 1261
      },
      "type": "Feature"
    },
    {
      "geometry": {
        "coordinates": [
          24.967177,
          60.975462
        ],
        "type": "Point"
      },
      "properties": {
        "cipher": "QWER",
        "has_phrases": false,
        "mode": "value_domain",
        "phrase_count": 0,
        "phrases": [],
        "projection": "webmercator_hash_v1",
        "projection_method": "webmercator_hash_v1",
        "value": 1262
      },
      "type": "Feature"
    },
    {
      "geometry": {
        "coordinates": [
          10.194384,
          -13.512466
        ],
        "type": "Point"
      },
      "properties": {
        "cipher": "QWER",
        "has_phrases": false,
        "mode": "value_domain",
        "phrase_count": 0,
        "phrases": [],
        "projection": "webmercator_hash_v1",
        "projection_method": "webmercator_hash_v1",
        "value": 1263
      },
      "type": "Feature"
    },
    {
      "geometry": {
        "coordinates": [
          9.880402,
          10.895779
        ],
        "type": "Point"
      },
      "properties": {
        "cipher": "QWER",
        "has_phrases": false,
        "mode": "value_domain",
        "phrase_count": 0,
        "phrases": [],
        "projection": "webmercator_hash_v1",
        "projection_method": "webmercator_hash_v1",
        "value": 1264
      },
      "type": "Feature"
    },
    {
      "geometry": {
        "coordinates": [
          119.865382,
          27.113963
        ],
        "type": "Point"
      },
      "properties": {
        "cipher": "QWER",
        "has_phrases": false,
        "mode": "value_domain",
        "phrase_count": 0,
        "phrases": [],
        "projection": "webmercator_hash_v1",
        "projection_method": "webmercator_hash_v1",
        "value": 1265
      },
      "type": "Feature"
    },
    {
      "geometry": {
        "coordinates": [
          45.735867,
          -8.971587
        ],
        "type": "Point"
      },
      "properties": {
        "cipher": "QWER",
        "has_phrases": false,
        "mode": "value_domain",
        "phrase_count": 0,
        "phrases": [],
        "projection": "webmercator_hash_v1",
        "projection_method": "webmercator_hash_v1",
        "value": 1266
      },
      "type": "Feature"
    },
    {
      "geometry": {
        "coordinates": [
          0.002265,
          32.310026
        ],
        "type": "Point"
      },
      "properties": {
        "cipher": "QWER",
        "has_phrases": false,
        "mode": "value_domain",
        "phrase_count": 0,
        "phrases": [],
        "projection": "webmercator_hash_v1",
        "projection_method": "webmercator_hash_v1",
        "value": 1267
      },
      "type": "Feature"
    },
    {
      "geometry": {
        "coordinates": [
          -55.973902,
          46.214283
        ],
        "type": "Point"
      },
      "properties": {
        "cipher": "QWER",
        "has_phrases": false,
        "mode": "value_domain",
        "phrase_count": 0,
        "phrases": [],
        "projection": "webmercator_hash_v1",
        "projection_method": "webmercator_hash_v1",
        "value": 1268
      },
      "type": "Feature"
    },
    {
      "geometry": {
        "coordinates": [
          -83.002401,
          -75.529628
        ],
        "type": "Point"
      },
      "properties": {
        "cipher": "QWER",
        "has_phrases": false,
        "mode": "value_domain",
        "phrase_count": 0,
        "phrases": [],
        "projection": "webmercator_hash_v1",
        "projection_method": "webmercator_hash_v1",
        "value": 1269
      },
      "type": "Feature"
    },
    {
      "geometry": {
        "coordinates": [
          112.723869,
          47.468952
        ],
        "type": "Point"
      },
      "properties": {
        "cipher": "QWER",
        "has_phrases": false,
        "mode": "value_domain",
        "phrase_count": 0,
        "phrases": [],
        "projection": "webmercator_hash_v1",
        "projection_method": "webmercator_hash_v1",
        "value": 1270
      },
      "type": "Feature"
    },
    {
      "geometry": {
        "coordinates": [
          72.425288,
          -16.905176
        ],
        "type": "Point"
      },
      "properties": {
        "cipher": "QWER",
        "has_phrases": false,
        "mode": "value_domain",
        "phrase_count": 0,
        "phrases": [],
        "projection": "webmercator_hash_v1",
        "projection_method": "webmercator_hash_v1",
        "value": 1271
      },
      "type": "Feature"
    },
    {
      "geometry": {
        "coordinates": [
          -103.10945,
          -46.277393
        ],
        "type": "Point"
      },
      "properties": {
        "cipher": "QWER",
        "has_phrases": false,
        "mode": "value_domain",
        "phrase_count": 0,
        "phrases": [],
        "projection": "webmercator_hash_v1",
        "projection_method": "webmercator_hash_v1",
        "value": 1272
      },
      "type": "Feature"
    },
    {
      "geometry": {
        "coordinates": [
          34.389779,
          -6.942051
        ],
        "type": "Point"
      },
      "properties": {
        "cipher": "QWER",
        "has_phrases": false,
        "mode": "value_domain",
        "phrase_count": 0,
        "phrases": [],
        "projection": "webmercator_hash_v1",
        "projection_method": "webmercator_hash_v1",
        "value": 1273
      },
      "type": "Feature"
    },
    {
      "geometry": {
        "coordinates": [
          136.615954,
          19.189836
        ],
        "type": "Point"
      },
      "properties": {
        "cipher": "QWER",
        "has_phrases": false,
        "mode": "value_domain",
        "phrase_count": 0,
        "phrases": [],
        "projection": "webmercator_hash_v1",
        "projection_method": "webmercator_hash_v1",
        "value": 1274
      },
      "type": "Feature"
    },
    {
      "geometry": {
        "coordinates": [
          -142.46263,
          -62.784261
        ],
        "type": "Point"
      },
      "properties": {
        "cipher": "QWER",
        "has_phrases": false,
        "mode": "value_domain",
        "phrase_count": 0,
        "phrases": [],
        "projection": "webmercator_hash_v1",
        "projection_method": "webmercator_hash_v1",
        "value": 1275
      },
      "type": "Feature"
    },
    {
      "geometry": {
        "coordinates": [
          -98.204042,
          81.502607
        ],
        "type": "Point"
      },
      "properties": {
        "cipher": "QWER",
        "has_phrases": false,
        "mode": "value_domain",
        "phrase_count": 0,
        "phrases": [],
        "projection": "webmercator_hash_v1",
        "projection_method": "webmercator_hash_v1",
        "value": 1276
      },
      "type": "Feature"
    },
    {
      "geometry": {
        "coordinates": [
          68.514453,
          -34.465302
        ],
        "type": "Point"
      },
      "properties": {
        "cipher": "QWER",
        "has_phrases": false,
        "mode": "value_domain",
        "phrase_count": 0,
        "phrases": [],
        "projection": "webmercator_hash_v1",
        "projection_method": "webmercator_hash_v1",
        "value": 1277
      },
      "type": "Feature"
    },
    {
      "geometry": {
        "coordinates": [
          -17.240843,
          15.161324
        ],
        "type": "Point"
      },
      "properties": {
        "cipher": "QWER",
        "has_phrases": false,
        "mode": "value_domain",
        "phrase_count": 0,
        "phrases": [],
        "projection": "webmercator_hash_v1",
        "projection_method": "webmercator_hash_v1",
        "value": 1278
      },
      "type": "Feature"
    },
    {
      "geometry": {
        "coordinates": [
          -122.407065,
          18.918362
        ],
        "type": "Point"
      },
      "properties": {
        "cipher": "QWER",
        "has_phrases": false,
        "mode": "value_domain",
        "phrase_count": 0,
        "phrases": [],
        "projection": "webmercator_hash_v1",
        "projection_method": "webmercator_hash_v1",
        "value": 1279
      },
      "type": "Feature"
    },
    {
      "geometry": {
        "coordinates": [
          -25.081556,
          85.02569
        ],
        "type": "Point"
      },
      "properties": {
        "cipher": "QWER",
        "has_phrases": false,
        "mode": "value_domain",
        "phrase_count": 0,
        "phrases": [],
        "projection": "webmercator_hash_v1",
        "projection_method": "webmercator_hash_v1",
        "value": 1280
      },
      "type": "Feature"
    },
    {
      "geometry": {
        "coordinates": [
          139.91071,
          -26.246023
        ],
        "type": "Point"
      },
      "properties": {
        "cipher": "QWER",
        "has_phrases": false,
        "mode": "value_domain",
        "phrase_count": 0,
        "phrases": [],
        "projection": "webmercator_hash_v1",
        "projection_method": "webmercator_hash_v1",
        "value": 1281
      },
      "type": "Feature"
    },
    {
      "geometry": {
        "coordinates": [
          -147.207929,
          -15.403125
        ],
        "type": "Point"
      },
      "properties": {
        "cipher": "QWER",
        "has_phrases": false,
        "mode": "value_domain",
        "phrase_count": 0,
        "phrases": [],
        "projection": "webmercator_hash_v1",
        "projection_method": "webmercator_hash_v1",
        "value": 1282
      },
      "type": "Feature"
    },
    {
      "geometry": {
        "coordinates": [
          55.381823,
          -54.57294
        ],
        "type": "Point"
      },
      "properties": {
        "cipher": "QWER",
        "has_phrases": false,
        "mode": "value_domain",
        "phrase_count": 0,
        "phrases": [],
        "projection": "webmercator_hash_v1",
        "projection_method": "webmercator_hash_v1",
        "value": 1283
      },
      "type": "Feature"
    },
    {
      "geometry": {
        "coordinates": [
          -108.533371,
          -45.499327
        ],
        "type": "Point"
      },
      "properties": {
        "cipher": "QWER",
        "has_phrases": false,
        "mode": "value_domain",
        "phrase_count": 0,
        "phrases": [],
        "projection": "webmercator_hash_v1",
        "projection_method": "webmercator_hash_v1",
        "value": 1284
      },
      "type": "Feature"
    },
    {
      "geometry": {
        "coordinates": [
          11.054883,
          64.132226
        ],
        "type": "Point"
      },
      "properties": {
        "cipher": "QWER",
        "has_phrases": false,
        "mode": "value_domain",
        "phrase_count": 0,
        "phrases": [],
        "projection": "webmercator_hash_v1",
        "projection_method": "webmercator_hash_v1",
        "value": 1285
      },
      "type": "Feature"
    },
    {
      "geometry": {
        "coordinates": [
          -86.274148,
          -81.451158
        ],
        "type": "Point"
      },
      "properties": {
        "cipher": "QWER",
        "has_phrases": false,
        "mode": "value_domain",
        "phrase_count": 0,
        "phrases": [],
        "projection": "webmercator_hash_v1",
        "projection_method": "webmercator_hash_v1",
        "value": 1286
      },
      "type": "Feature"
    },
    {
      "geometry": {
        "coordinates": [
          -65.190173,
          -58.593087
        ],
        "type": "Point"
      },
      "properties": {
        "cipher": "QWER",
        "has_phrases": false,
        "mode": "value_domain",
        "phrase_count": 0,
        "phrases": [],
        "projection": "webmercator_hash_v1",
        "projection_method": "webmercator_hash_v1",
        "value": 1287
      },
      "type": "Feature"
    },
    {
      "geometry": {
        "coordinates": [
          15.004311,
          29.802876
        ],
        "type": "Point"
      },
      "properties": {
        "cipher": "QWER",
        "has_phrases": false,
        "mode": "value_domain",
        "phrase_count": 0,
        "phrases": [],
        "projection": "webmercator_hash_v1",
        "projection_method": "webmercator_hash_v1",
        "value": 1288
      },
      "type": "Feature"
    },
    {
      "geometry": {
        "coordinates": [
          141.491116,
          75.602551
        ],
        "type": "Point"
      },
      "properties": {
        "cipher": "QWER",
        "has_phrases": false,
        "mode": "value_domain",
        "phrase_count": 0,
        "phrases": [],
        "projection": "webmercator_hash_v1",
        "projection_method": "webmercator_hash_v1",
        "value": 1289
      },
      "type": "Feature"
    },
    {
      "geometry": {
        "coordinates": [
          -109.722551,
          22.300016
        ],
        "type": "Point"
      },
      "properties": {
        "cipher": "QWER",
        "has_phrases": false,
        "mode": "value_domain",
        "phrase_count": 0,
        "phrases": [],
        "projection": "webmercator_hash_v1",
        "projection_method": "webmercator_hash_v1",
        "value": 1290
      },
      "type": "Feature"
    },
    {
      "geometry": {
        "coordinates": [
          -136.978106,
          -15.008195
        ],
        "type": "Point"
      },
      "properties": {
        "cipher": "QWER",
        "has_phrases": false,
        "mode": "value_domain",
        "phrase_count": 0,
        "phrases": [],
        "projection": "webmercator_hash_v1",
        "projection_method": "webmercator_hash_v1",
        "value": 1291
      },
      "type": "Feature"
    },
    {
      "geometry": {
        "coordinates": [
          17.052775,
          80.469171
        ],
        "type": "Point"
      },
      "properties": {
        "cipher": "QWER",
        "has_phrases": false,
        "mode": "value_domain",
        "phrase_count": 0,
        "phrases": [],
        "projection": "webmercator_hash_v1",
        "projection_method": "webmercator_hash_v1",
        "value": 1292
      },
      "type": "Feature"
    },
    {
      "geometry": {
        "coordinates": [
          48.947124,
          81.191504
        ],
        "type": "Point"
      },
      "properties": {
        "cipher": "QWER",
        "has_phrases": false,
        "mode": "value_domain",
        "phrase_count": 0,
        "phrases": [],
        "projection": "webmercator_hash_v1",
        "projection_method": "webmercator_hash_v1",
        "value": 1293
      },
      "type": "Feature"
    },
    {
      "geometry": {
        "coordinates": [
          5.030331,
          -62.779505
        ],
        "type": "Point"
      },
      "properties": {
        "cipher": "QWER",
        "has_phrases": false,
        "mode": "value_domain",
        "phrase_count": 0,
        "phrases": [],
        "projection": "webmercator_hash_v1",
        "projection_method": "webmercator_hash_v1",
        "value": 1294
      },
      "type": "Feature"
    },
    {
      "geometry": {
        "coordinates": [
          -86.785276,
          -34.547449
        ],
        "type": "Point"
      },
      "properties": {
        "cipher": "QWER",
        "has_phrases": false,
        "mode": "value_domain",
        "phrase_count": 0,
        "phrases": [],
        "projection": "webmercator_hash_v1",
        "projection_method": "webmercator_hash_v1",
        "value": 1295
      },
      "type": "Feature"
    },
    {
      "geometry": {
        "coordinates": [
          -44.153635,
          -5.132852
        ],
        "type": "Point"
      },
      "properties": {
        "cipher": "QWER",
        "has_phrases": false,
        "mode": "value_domain",
        "phrase_count": 0,
        "phrases": [],
        "projection": "webmercator_hash_v1",
        "projection_method": "webmercator_hash_v1",
        "value": 1296
      },
      "type": "Feature"
    },
    {
      "geometry": {
        "coordinates": [
          75.428278,
          -61.470236
        ],
        "type": "Point"
      },
      "properties": {
        "cipher": "QWER",
        "has_phrases": false,
        "mode": "value_domain",
        "phrase_count": 0,
        "phrases": [],
        "projection": "webmercator_hash_v1",
        "projection_method": "webmercator_hash_v1",
        "value": 1297
      },
      "type": "Feature"
    },
    {
      "geometry": {
        "coordinates": [
          -26.605012,
          -19.37101
        ],
        "type": "Point"
      },
      "properties": {
        "cipher": "QWER",
        "has_phrases": false,
        "mode": "value_domain",
        "phrase_count": 0,
        "phrases": [],
        "projection": "webmercator_hash_v1",
        "projection_method": "webmercator_hash_v1",
        "value": 1298
      },
      "type": "Feature"
    },
    {
      "geometry": {
        "coordinates": [
          161.109869,
          32.55657
        ],
        "type": "Point"
      },
      "properties": {
        "cipher": "QWER",
        "has_phrases": false,
        "mode": "value_domain",
        "phrase_count": 0,
        "phrases": [],
        "projection": "webmercator_hash_v1",
        "projection_method": "webmercator_hash_v1",
        "value": 1299
      },
      "type": "Feature"
    },
    {
      "geometry": {
        "coordinates": [
          116.191317,
          -31.857028
        ],
        "type": "Point"
      },
      "properties": {
        "cipher": "QWER",
        "has_phrases": false,
        "mode": "value_domain",
        "phrase_count": 0,
        "phrases": [],
        "projection": "webmercator_hash_v1",
        "projection_method": "webmercator_hash_v1",
        "value": 1300
      },
      "type": "Feature"
    },
    {
      "geometry": {
        "coordinates": [
          150.882442,
          44.075914
        ],
        "type": "Point"
      },
      "properties": {
        "cipher": "QWER",
        "has_phrases": false,
        "mode": "value_domain",
        "phrase_count": 0,
        "phrases": [],
        "projection": "webmercator_hash_v1",
        "projection_method": "webmercator_hash_v1",
        "value": 1301
      },
      "type": "Feature"
    },
    {
      "geometry": {
        "coordinates": [
          -166.561713,
          47.161952
        ],
        "type": "Point"
      },
      "properties": {
        "cipher": "QWER",
        "has_phrases": false,
        "mode": "value_domain",
        "phrase_count": 0,
        "phrases": [],
        "projection": "webmercator_hash_v1",
        "projection_method": "webmercator_hash_v1",
        "value": 1302
      },
      "type": "Feature"
    },
    {
      "geometry": {
        "coordinates": [
          18.565755,
          81.755334
        ],
        "type": "Point"
      },
      "properties": {
        "cipher": "QWER",
        "has_phrases": false,
        "mode": "value_domain",
        "phrase_count": 0,
        "phrases": [],
        "projection": "webmercator_hash_v1",
        "projection_method": "webmercator_hash_v1",
        "value": 1303
      },
      "type": "Feature"
    },
    {
      "geometry": {
        "coordinates": [
          164.775851,
          -58.51037
        ],
        "type": "Point"
      },
      "properties": {
        "cipher": "QWER",
        "has_phrases": false,
        "mode": "value_domain",
        "phrase_count": 0,
        "phrases": [],
        "projection": "webmercator_hash_v1",
        "projection_method": "webmercator_hash_v1",
        "value": 1304
      },
      "type": "Feature"
    },
    {
      "geometry": {
        "coordinates": [
          -12.957069,
          -81.496145
        ],
        "type": "Point"
      },
      "properties": {
        "cipher": "QWER",
        "has_phrases": false,
        "mode": "value_domain",
        "phrase_count": 0,
        "phrases": [],
        "projection": "webmercator_hash_v1",
        "projection_method": "webmercator_hash_v1",
        "value": 1305
      },
      "type": "Feature"
    },
    {
      "geometry": {
        "coordinates": [
          150.554091,
          -51.696991
        ],
        "type": "Point"
      },
      "properties": {
        "cipher": "QWER",
        "has_phrases": false,
        "mode": "value_domain",
        "phrase_count": 0,
        "phrases": [],
        "projection": "webmercator_hash_v1",
        "projection_method": "webmercator_hash_v1",
        "value": 1306
      },
      "type": "Feature"
    },
    {
      "geometry": {
        "coordinates": [
          -134.340706,
          -11.255973
        ],
        "type": "Point"
      },
      "properties": {
        "cipher": "QWER",
        "has_phrases": false,
        "mode": "value_domain",
        "phrase_count": 0,
        "phrases": [],
        "projection": "webmercator_hash_v1",
        "projection_method": "webmercator_hash_v1",
        "value": 1307
      },
      "type": "Feature"
    },
    {
      "geometry": {
        "coordinates": [
          8.877798,
          -31.553562
        ],
        "type": "Point"
      },
      "properties": {
        "cipher": "QWER",
        "has_phrases": false,
        "mode": "value_domain",
        "phrase_count": 0,
        "phrases": [],
        "projection": "webmercator_hash_v1",
        "projection_method": "webmercator_hash_v1",
        "value": 1308
      },
      "type": "Feature"
    },
    {
      "geometry": {
        "coordinates": [
          -18.76695,
          -21.424665
        ],
        "type": "Point"
      },
      "properties": {
        "cipher": "QWER",
        "has_phrases": false,
        "mode": "value_domain",
        "phrase_count": 0,
        "phrases": [],
        "projection": "webmercator_hash_v1",
        "projection_method": "webmercator_hash_v1",
        "value": 1309
      },
      "type": "Feature"
    },
    {
      "geometry": {
        "coordinates": [
          -85.064192,
          -40.28469
        ],
        "type": "Point"
      },
      "properties": {
        "cipher": "QWER",
        "has_phrases": false,
        "mode": "value_domain",
        "phrase_count": 0,
        "phrases": [],
        "projection": "webmercator_hash_v1",
        "projection_method": "webmercator_hash_v1",
        "value": 1310
      },
      "type": "Feature"
    },
    {
      "geometry": {
        "coordinates": [
          174.609942,
          -31.749488
        ],
        "type": "Point"
      },
      "properties": {
        "cipher": "QWER",
        "has_phrases": false,
        "mode": "value_domain",
        "phrase_count": 0,
        "phrases": [],
        "projection": "webmercator_hash_v1",
        "projection_method": "webmercator_hash_v1",
        "value": 1311
      },
      "type": "Feature"
    },
    {
      "geometry": {
        "coordinates": [
          147.241509,
          -63.851882
        ],
        "type": "Point"
      },
      "properties": {
        "cipher": "QWER",
        "has_phrases": false,
        "mode": "value_domain",
        "phrase_count": 0,
        "phrases": [],
        "projection": "webmercator_hash_v1",
        "projection_method": "webmercator_hash_v1",
        "value": 1312
      },
      "type": "Feature"
    },
    {
      "geometry": {
        "coordinates": [
          61.24913,
          -77.946827
        ],
        "type": "Point"
      },
      "properties": {
        "cipher": "QWER",
        "has_phrases": false,
        "mode": "value_domain",
        "phrase_count": 0,
        "phrases": [],
        "projection": "webmercator_hash_v1",
        "projection_method": "webmercator_hash_v1",
        "value": 1313
      },
      "type": "Feature"
    },
    {
      "geometry": {
        "coordinates": [
          -136.955362,
          -65.02122
        ],
        "type": "Point"
      },
      "properties": {
        "cipher": "QWER",
        "has_phrases": false,
        "mode": "value_domain",
        "phrase_count": 0,
        "phrases": [],
        "projection": "webmercator_hash_v1",
        "projection_method": "webmercator_hash_v1",
        "value": 1314
      },
      "type": "Feature"
    },
    {
      "geometry": {
        "coordinates": [
          -73.713669,
          34.59214
        ],
        "type": "Point"
      },
      "properties": {
        "cipher": "QWER",
        "has_phrases": false,
        "mode": "value_domain",
        "phrase_count": 0,
        "phrases": [],
        "projection": "webmercator_hash_v1",
        "projection_method": "webmercator_hash_v1",
        "value": 1315
      },
      "type": "Feature"
    },
    {
      "geometry": {
        "coordinates": [
          101.152916,
          -78.66459
        ],
        "type": "Point"
      },
      "properties": {
        "cipher": "QWER",
        "has_phrases": false,
        "mode": "value_domain",
        "phrase_count": 0,
        "phrases": [],
        "projection": "webmercator_hash_v1",
        "projection_method": "webmercator_hash_v1",
        "value": 1316
      },
      "type": "Feature"
    },
    {
      "geometry": {
        "coordinates": [
          10.959081,
          83.582296
        ],
        "type": "Point"
      },
      "properties": {
        "cipher": "QWER",
        "has_phrases": false,
        "mode": "value_domain",
        "phrase_count": 0,
        "phrases": [],
        "projection": "webmercator_hash_v1",
        "projection_method": "webmercator_hash_v1",
        "value": 1317
      },
      "type": "Feature"
    },
    {
      "geometry": {
        "coordinates": [
          64.018594,
          80.337468
        ],
        "type": "Point"
      },
      "properties": {
        "cipher": "QWER",
        "has_phrases": false,
        "mode": "value_domain",
        "phrase_count": 0,
        "phrases": [],
        "projection": "webmercator_hash_v1",
        "projection_method": "webmercator_hash_v1",
        "value": 1318
      },
      "type": "Feature"
    },
    {
      "geometry": {
        "coordinates": [
          178.148552,
          10.937477
        ],
        "type": "Point"
      },
      "properties": {
        "cipher": "QWER",
        "has_phrases": false,
        "mode": "value_domain",
        "phrase_count": 0,
        "phrases": [],
        "projection": "webmercator_hash_v1",
        "projection_method": "webmercator_hash_v1",
        "value": 1319
      },
      "type": "Feature"
    },
    {
      "geometry": {
        "coordinates": [
          110.429692,
          -16.457892
        ],
        "type": "Point"
      },
      "properties": {
        "cipher": "QWER",
        "has_phrases": false,
        "mode": "value_domain",
        "phrase_count": 0,
        "phrases": [],
        "projection": "webmercator_hash_v1",
        "projection_method": "webmercator_hash_v1",
        "value": 1320
      },
      "type": "Feature"
    },
    {
      "geometry": {
        "coordinates": [
          92.152229,
          -0.443761
        ],
        "type": "Point"
      },
      "properties": {
        "cipher": "QWER",
        "has_phrases": false,
        "mode": "value_domain",
        "phrase_count": 0,
        "phrases": [],
        "projection": "webmercator_hash_v1",
        "projection_method": "webmercator_hash_v1",
        "value": 1321
      },
      "type": "Feature"
    },
    {
      "geometry": {
        "coordinates": [
          11.200172,
          -25.532449
        ],
        "type": "Point"
      },
      "properties": {
        "cipher": "QWER",
        "has_phrases": false,
        "mode": "value_domain",
        "phrase_count": 0,
        "phrases": [],
        "projection": "webmercator_hash_v1",
        "projection_method": "webmercator_hash_v1",
        "value": 1322
      },
      "type": "Feature"
    },
    {
      "geometry": {
        "coordinates": [
          135.413501,
          -41.782484
        ],
        "type": "Point"
      },
      "properties": {
        "cipher": "QWER",
        "has_phrases": false,
        "mode": "value_domain",
        "phrase_count": 0,
        "phrases": [],
        "projection": "webmercator_hash_v1",
        "projection_method": "webmercator_hash_v1",
        "value": 1323
      },
      "type": "Feature"
    },
    {
      "geometry": {
        "coordinates": [
          -151.844452,
          38.882538
        ],
        "type": "Point"
      },
      "properties": {
        "cipher": "QWER",
        "has_phrases": false,
        "mode": "value_domain",
        "phrase_count": 0,
        "phrases": [],
        "projection": "webmercator_hash_v1",
        "projection_method": "webmercator_hash_v1",
        "value": 1324
      },
      "type": "Feature"
    },
    {
      "geometry": {
        "coordinates": [
          -22.715707,
          41.852823
        ],
        "type": "Point"
      },
      "properties": {
        "cipher": "QWER",
        "has_phrases": false,
        "mode": "value_domain",
        "phrase_count": 0,
        "phrases": [],
        "projection": "webmercator_hash_v1",
        "projection_method": "webmercator_hash_v1",
        "value": 1325
      },
      "type": "Feature"
    },
    {
      "geometry": {
        "coordinates": [
          5.441549,
          -44.959059
        ],
        "type": "Point"
      },
      "properties": {
        "cipher": "QWER",
        "has_phrases": false,
        "mode": "value_domain",
        "phrase_count": 0,
        "phrases": [],
        "projection": "webmercator_hash_v1",
        "projection_method": "webmercator_hash_v1",
        "value": 1326
      },
      "type": "Feature"
    },
    {
      "geometry": {
        "coordinates": [
          12.033577,
          -31.944973
        ],
        "type": "Point"
      },
      "properties": {
        "cipher": "QWER",
        "has_phrases": false,
        "mode": "value_domain",
        "phrase_count": 0,
        "phrases": [],
        "projection": "webmercator_hash_v1",
        "projection_method": "webmercator_hash_v1",
        "value": 1327
      },
      "type": "Feature"
    },
    {
      "geometry": {
        "coordinates": [
          -160.316535,
          27.016366
        ],
        "type": "Point"
      },
      "properties": {
        "cipher": "QWER",
        "has_phrases": false,
        "mode": "value_domain",
        "phrase_count": 0,
        "phrases": [],
        "projection": "webmercator_hash_v1",
        "projection_method": "webmercator_hash_v1",
        "value": 1328
      },
      "type": "Feature"
    },
    {
      "geometry": {
        "coordinates": [
          -23.280997,
          -53.222475
        ],
        "type": "Point"
      },
      "properties": {
        "cipher": "QWER",
        "has_phrases": false,
        "mode": "value_domain",
        "phrase_count": 0,
        "phrases": [],
        "projection": "webmercator_hash_v1",
        "projection_method": "webmercator_hash_v1",
        "value": 1329
      },
      "type": "Feature"
    },
    {
      "geometry": {
        "coordinates": [
          138.585695,
          84.242664
        ],
        "type": "Point"
      },
      "properties": {
        "cipher": "QWER",
        "has_phrases": false,
        "mode": "value_domain",
        "phrase_count": 0,
        "phrases": [],
        "projection": "webmercator_hash_v1",
        "projection_method": "webmercator_hash_v1",
        "value": 1330
      },
      "type": "Feature"
    },
    {
      "geometry": {
        "coordinates": [
          76.85461,
          -60.49299
        ],
        "type": "Point"
      },
      "properties": {
        "cipher": "QWER",
        "has_phrases": false,
        "mode": "value_domain",
        "phrase_count": 0,
        "phrases": [],
        "projection": "webmercator_hash_v1",
        "projection_method": "webmercator_hash_v1",
        "value": 1331
      },
      "type": "Feature"
    },
    {
      "geometry": {
        "coordinates": [
          -179.326151,
          58.275065
        ],
        "type": "Point"
      },
      "properties": {
        "cipher": "QWER",
        "has_phrases": false,
        "mode": "value_domain",
        "phrase_count": 0,
        "phrases": [],
        "projection": "webmercator_hash_v1",
        "projection_method": "webmercator_hash_v1",
        "value": 1332
      },
      "type": "Feature"
    },
    {
      "geometry": {
        "coordinates": [
          38.860483,
          -64.499788
        ],
        "type": "Point"
      },
      "properties": {
        "cipher": "QWER",
        "has_phrases": false,
        "mode": "value_domain",
        "phrase_count": 0,
        "phrases": [],
        "projection": "webmercator_hash_v1",
        "projection_method": "webmercator_hash_v1",
        "value": 1333
      },
      "type": "Feature"
    },
    {
      "geometry": {
        "coordinates": [
          -5.711577,
          -80.060765
        ],
        "type": "Point"
      },
      "properties": {
        "cipher": "QWER",
        "has_phrases": false,
        "mode": "value_domain",
        "phrase_count": 0,
        "phrases": [],
        "projection": "webmercator_hash_v1",
        "projection_method": "webmercator_hash_v1",
        "value": 1334
      },
      "type": "Feature"
    },
    {
      "geometry": {
        "coordinates": [
          -38.51169,
          -22.755963
        ],
        "type": "Point"
      },
      "properties": {
        "cipher": "QWER",
        "has_phrases": false,
        "mode": "value_domain",
        "phrase_count": 0,
        "phrases": [],
        "projection": "webmercator_hash_v1",
        "projection_method": "webmercator_hash_v1",
        "value": 1335
      },
      "type": "Feature"
    },
    {
      "geometry": {
        "coordinates": [
          76.138708,
          12.422514
        ],
        "type": "Point"
      },
      "properties": {
        "cipher": "QWER",
        "has_phrases": false,
        "mode": "value_domain",
        "phrase_count": 0,
        "phrases": [],
        "projection": "webmercator_hash_v1",
        "projection_method": "webmercator_hash_v1",
        "value": 1336
      },
      "type": "Feature"
    },
    {
      "geometry": {
        "coordinates": [
          -156.196016,
          -8.697071
        ],
        "type": "Point"
      },
      "properties": {
        "cipher": "QWER",
        "has_phrases": false,
        "mode": "value_domain",
        "phrase_count": 0,
        "phrases": [],
        "projection": "webmercator_hash_v1",
        "projection_method": "webmercator_hash_v1",
        "value": 1337
      },
      "type": "Feature"
    },
    {
      "geometry": {
        "coordinates": [
          147.784974,
          -16.336752
        ],
        "type": "Point"
      },
      "properties": {
        "cipher": "QWER",
        "has_phrases": false,
        "mode": "value_domain",
        "phrase_count": 0,
        "phrases": [],
        "projection": "webmercator_hash_v1",
        "projection_method": "webmercator_hash_v1",
        "value": 1338
      },
      "type": "Feature"
    },
    {
      "geometry": {
        "coordinates": [
          82.663668,
          -21.075079
        ],
        "type": "Point"
      },
      "properties": {
        "cipher": "QWER",
        "has_phrases": false,
        "mode": "value_domain",
        "phrase_count": 0,
        "phrases": [],
        "projection": "webmercator_hash_v1",
        "projection_method": "webmercator_hash_v1",
        "value": 1339
      },
      "type": "Feature"
    },
    {
      "geometry": {
        "coordinates": [
          86.582222,
          -7.7345
        ],
        "type": "Point"
      },
      "properties": {
        "cipher": "QWER",
        "has_phrases": false,
        "mode": "value_domain",
        "phrase_count": 0,
        "phrases": [],
        "projection": "webmercator_hash_v1",
        "projection_method": "webmercator_hash_v1",
        "value": 1340
      },
      "type": "Feature"
    },
    {
      "geometry": {
        "coordinates": [
          9.849496,
          -49.498723
        ],
        "type": "Point"
      },
      "properties": {
        "cipher": "QWER",
        "has_phrases": false,
        "mode": "value_domain",
        "phrase_count": 0,
        "phrases": [],
        "projection": "webmercator_hash_v1",
        "projection_method": "webmercator_hash_v1",
        "value": 1341
      },
      "type": "Feature"
    },
    {
      "geometry": {
        "coordinates": [
          -40.711481,
          -49.118634
        ],
        "type": "Point"
      },
      "properties": {
        "cipher": "QWER",
        "has_phrases": false,
        "mode": "value_domain",
        "phrase_count": 0,
        "phrases": [],
        "projection": "webmercator_hash_v1",
        "projection_method": "webmercator_hash_v1",
        "value": 1342
      },
      "type": "Feature"
    },
    {
      "geometry": {
        "coordinates": [
          -100.130821,
          54.600514
        ],
        "type": "Point"
      },
      "properties": {
        "cipher": "QWER",
        "has_phrases": false,
        "mode": "value_domain",
        "phrase_count": 0,
        "phrases": [],
        "projection": "webmercator_hash_v1",
        "projection_method": "webmercator_hash_v1",
        "value": 1343
      },
      "type": "Feature"
    },
    {
      "geometry": {
        "coordinates": [
          0.978477,
          76.45156
        ],
        "type": "Point"
      },
      "properties": {
        "cipher": "QWER",
        "has_phrases": false,
        "mode": "value_domain",
        "phrase_count": 0,
        "phrases": [],
        "projection": "webmercator_hash_v1",
        "projection_method": "webmercator_hash_v1",
        "value": 1344
      },
      "type": "Feature"
    },
    {
      "geometry": {
        "coordinates": [
          -152.337044,
          59.002733
        ],
        "type": "Point"
      },
      "properties": {
        "cipher": "QWER",
        "has_phrases": false,
        "mode": "value_domain",
        "phrase_count": 0,
        "phrases": [],
        "projection": "webmercator_hash_v1",
        "projection_method": "webmercator_hash_v1",
        "value": 1345
      },
      "type": "Feature"
    },
    {
      "geometry": {
        "coordinates": [
          158.753503,
          44.422644
        ],
        "type": "Point"
      },
      "properties": {
        "cipher": "QWER",
        "has_phrases": false,
        "mode": "value_domain",
        "phrase_count": 0,
        "phrases": [],
        "projection": "webmercator_hash_v1",
        "projection_method": "webmercator_hash_v1",
        "value": 1346
      },
      "type": "Feature"
    },
    {
      "geometry": {
        "coordinates": [
          -53.895997,
          -14.770949
        ],
        "type": "Point"
      },
      "properties": {
        "cipher": "QWER",
        "has_phrases": false,
        "mode": "value_domain",
        "phrase_count": 0,
        "phrases": [],
        "projection": "webmercator_hash_v1",
        "projection_method": "webmercator_hash_v1",
        "value": 1347
      },
      "type": "Feature"
    },
    {
      "geometry": {
        "coordinates": [
          18.64698,
          -21.086701
        ],
        "type": "Point"
      },
      "properties": {
        "cipher": "QWER",
        "has_phrases": false,
        "mode": "value_domain",
        "phrase_count": 0,
        "phrases": [],
        "projection": "webmercator_hash_v1",
        "projection_method": "webmercator_hash_v1",
        "value": 1348
      },
      "type": "Feature"
    },
    {
      "geometry": {
        "coordinates": [
          -118.245986,
          -16.915261
        ],
        "type": "Point"
      },
      "properties": {
        "cipher": "QWER",
        "has_phrases": false,
        "mode": "value_domain",
        "phrase_count": 0,
        "phrases": [],
        "projection": "webmercator_hash_v1",
        "projection_method": "webmercator_hash_v1",
        "value": 1349
      },
      "type": "Feature"
    },
    {
      "geometry": {
        "coordinates": [
          -76.070085,
          -61.708238
        ],
        "type": "Point"
      },
      "properties": {
        "cipher": "QWER",
        "has_phrases": false,
        "mode": "value_domain",
        "phrase_count": 0,
        "phrases": [],
        "projection": "webmercator_hash_v1",
        "projection_method": "webmercator_hash_v1",
        "value": 1350
      },
      "type": "Feature"
    },
    {
      "geometry": {
        "coordinates": [
          -165.438276,
          10.147679
        ],
        "type": "Point"
      },
      "properties": {
        "cipher": "QWER",
        "has_phrases": false,
        "mode": "value_domain",
        "phrase_count": 0,
        "phrases": [],
        "projection": "webmercator_hash_v1",
        "projection_method": "webmercator_hash_v1",
        "value": 1351
      },
      "type": "Feature"
    },
    {
      "geometry": {
        "coordinates": [
          147.737336,
          -79.809001
        ],
        "type": "Point"
      },
      "properties": {
        "cipher": "QWER",
        "has_phrases": false,
        "mode": "value_domain",
        "phrase_count": 0,
        "phrases": [],
        "projection": "webmercator_hash_v1",
        "projection_method": "webmercator_hash_v1",
        "value": 1352
      },
      "type": "Feature"
    },
    {
      "geometry": {
        "coordinates": [
          -162.850474,
          -58.270942
        ],
        "type": "Point"
      },
      "properties": {
        "cipher": "QWER",
        "has_phrases": false,
        "mode": "value_domain",
        "phrase_count": 0,
        "phrases": [],
        "projection": "webmercator_hash_v1",
        "projection_method": "webmercator_hash_v1",
        "value": 1353
      },
      "type": "Feature"
    },
    {
      "geometry": {
        "coordinates": [
          104.207618,
          68.251833
        ],
        "type": "Point"
      },
      "properties": {
        "cipher": "QWER",
        "has_phrases": false,
        "mode": "value_domain",
        "phrase_count": 0,
        "phrases": [],
        "projection": "webmercator_hash_v1",
        "projection_method": "webmercator_hash_v1",
        "value": 1354
      },
      "type": "Feature"
    },
    {
      "geometry": {
        "coordinates": [
          -33.744708,
          -31.572376
        ],
        "type": "Point"
      },
      "properties": {
        "cipher": "QWER",
        "has_phrases": false,
        "mode": "value_domain",
        "phrase_count": 0,
        "phrases": [],
        "projection": "webmercator_hash_v1",
        "projection_method": "webmercator_hash_v1",
        "value": 1355
      },
      "type": "Feature"
    },
    {
      "geometry": {
        "coordinates": [
          16.019192,
          27.062178
        ],
        "type": "Point"
      },
      "properties": {
        "cipher": "QWER",
        "has_phrases": false,
        "mode": "value_domain",
        "phrase_count": 0,
        "phrases": [],
        "projection": "webmercator_hash_v1",
        "projection_method": "webmercator_hash_v1",
        "value": 1356
      },
      "type": "Feature"
    },
    {
      "geometry": {
        "coordinates": [
          101.928489,
          -74.825258
        ],
        "type": "Point"
      },
      "properties": {
        "cipher": "QWER",
        "has_phrases": false,
        "mode": "value_domain",
        "phrase_count": 0,
        "phrases": [],
        "projection": "webmercator_hash_v1",
        "projection_method": "webmercator_hash_v1",
        "value": 1357
      },
      "type": "Feature"
    },
    {
      "geometry": {
        "coordinates": [
          -72.967969,
          28.535379
        ],
        "type": "Point"
      },
      "properties": {
        "cipher": "QWER",
        "has_phrases": false,
        "mode": "value_domain",
        "phrase_count": 0,
        "phrases": [],
        "projection": "webmercator_hash_v1",
        "projection_method": "webmercator_hash_v1",
        "value": 1358
      },
      "type": "Feature"
    },
    {
      "geometry": {
        "coordinates": [
          -125.200587,
          47.457378
        ],
        "type": "Point"
      },
      "properties": {
        "cipher": "QWER",
        "has_phrases": false,
        "mode": "value_domain",
        "phrase_count": 0,
        "phrases": [],
        "projection": "webmercator_hash_v1",
        "projection_method": "webmercator_hash_v1",
        "value": 1359
      },
      "type": "Feature"
    },
    {
      "geometry": {
        "coordinates": [
          52.450121,
          10.438182
        ],
        "type": "Point"
      },
      "properties": {
        "cipher": "QWER",
        "has_phrases": false,
        "mode": "value_domain",
        "phrase_count": 0,
        "phrases": [],
        "projection": "webmercator_hash_v1",
        "projection_method": "webmercator_hash_v1",
        "value": 1360
      },
      "type": "Feature"
    },
    {
      "geometry": {
        "coordinates": [
          107.131995,
          -23.227268
        ],
        "type": "Point"
      },
      "properties": {
        "cipher": "QWER",
        "has_phrases": false,
        "mode": "value_domain",
        "phrase_count": 0,
        "phrases": [],
        "projection": "webmercator_hash_v1",
        "projection_method": "webmercator_hash_v1",
        "value": 1361
      },
      "type": "Feature"
    },
    {
      "geometry": {
        "coordinates": [
          59.389867,
          52.039814
        ],
        "type": "Point"
      },
      "properties": {
        "cipher": "QWER",
        "has_phrases": false,
        "mode": "value_domain",
        "phrase_count": 0,
        "phrases": [],
        "projection": "webmercator_hash_v1",
        "projection_method": "webmercator_hash_v1",
        "value": 1362
      },
      "type": "Feature"
    },
    {
      "geometry": {
        "coordinates": [
          -32.476222,
          -79.323791
        ],
        "type": "Point"
      },
      "properties": {
        "cipher": "QWER",
        "has_phrases": false,
        "mode": "value_domain",
        "phrase_count": 0,
        "phrases": [],
        "projection": "webmercator_hash_v1",
        "projection_method": "webmercator_hash_v1",
        "value": 1363
      },
      "type": "Feature"
    },
    {
      "geometry": {
        "coordinates": [
          150.122203,
          -50.679707
        ],
        "type": "Point"
      },
      "properties": {
        "cipher": "QWER",
        "has_phrases": false,
        "mode": "value_domain",
        "phrase_count": 0,
        "phrases": [],
        "projection": "webmercator_hash_v1",
        "projection_method": "webmercator_hash_v1",
        "value": 1364
      },
      "type": "Feature"
    },
    {
      "geometry": {
        "coordinates": [
          155.933968,
          19.35402
        ],
        "type": "Point"
      },
      "properties": {
        "cipher": "QWER",
        "has_phrases": false,
        "mode": "value_domain",
        "phrase_count": 0,
        "phrases": [],
        "projection": "webmercator_hash_v1",
        "projection_method": "webmercator_hash_v1",
        "value": 1365
      },
      "type": "Feature"
    },
    {
      "geometry": {
        "coordinates": [
          87.199087,
          83.141942
        ],
        "type": "Point"
      },
      "properties": {
        "cipher": "QWER",
        "has_phrases": false,
        "mode": "value_domain",
        "phrase_count": 0,
        "phrases": [],
        "projection": "webmercator_hash_v1",
        "projection_method": "webmercator_hash_v1",
        "value": 1366
      },
      "type": "Feature"
    },
    {
      "geometry": {
        "coordinates": [
          -45.703599,
          11.813284
        ],
        "type": "Point"
      },
      "properties": {
        "cipher": "QWER",
        "has_phrases": false,
        "mode": "value_domain",
        "phrase_count": 0,
        "phrases": [],
        "projection": "webmercator_hash_v1",
        "projection_method": "webmercator_hash_v1",
        "value": 1367
      },
      "type": "Feature"
    },
    {
      "geometry": {
        "coordinates": [
          -3.909854,
          81.97866
        ],
        "type": "Point"
      },
      "properties": {
        "cipher": "QWER",
        "has_phrases": false,
        "mode": "value_domain",
        "phrase_count": 0,
        "phrases": [],
        "projection": "webmercator_hash_v1",
        "projection_method": "webmercator_hash_v1",
        "value": 1368
      },
      "type": "Feature"
    },
    {
      "geometry": {
        "coordinates": [
          -80.329315,
          7.581597
        ],
        "type": "Point"
      },
      "properties": {
        "cipher": "QWER",
        "has_phrases": false,
        "mode": "value_domain",
        "phrase_count": 0,
        "phrases": [],
        "projection": "webmercator_hash_v1",
        "projection_method": "webmercator_hash_v1",
        "value": 1369
      },
      "type": "Feature"
    },
    {
      "geometry": {
        "coordinates": [
          44.244974,
          -66.14126
        ],
        "type": "Point"
      },
      "properties": {
        "cipher": "QWER",
        "has_phrases": false,
        "mode": "value_domain",
        "phrase_count": 0,
        "phrases": [],
        "projection": "webmercator_hash_v1",
        "projection_method": "webmercator_hash_v1",
        "value": 1370
      },
      "type": "Feature"
    },
    {
      "geometry": {
        "coordinates": [
          57.382608,
          28.628735
        ],
        "type": "Point"
      },
      "properties": {
        "cipher": "QWER",
        "has_phrases": false,
        "mode": "value_domain",
        "phrase_count": 0,
        "phrases": [],
        "projection": "webmercator_hash_v1",
        "projection_method": "webmercator_hash_v1",
        "value": 1371
      },
      "type": "Feature"
    },
    {
      "geometry": {
        "coordinates": [
          -89.525002,
          39.759739
        ],
        "type": "Point"
      },
      "properties": {
        "cipher": "QWER",
        "has_phrases": false,
        "mode": "value_domain",
        "phrase_count": 0,
        "phrases": [],
        "projection": "webmercator_hash_v1",
        "projection_method": "webmercator_hash_v1",
        "value": 1372
      },
      "type": "Feature"
    },
    {
      "geometry": {
        "coordinates": [
          114.316953,
          50.65352
        ],
        "type": "Point"
      },
      "properties": {
        "cipher": "QWER",
        "has_phrases": false,
        "mode": "value_domain",
        "phrase_count": 0,
        "phrases": [],
        "projection": "webmercator_hash_v1",
        "projection_method": "webmercator_hash_v1",
        "value": 1373
      },
      "type": "Feature"
    },
    {
      "geometry": {
        "coordinates": [
          145.785209,
          78.652132
        ],
        "type": "Point"
      },
      "properties": {
        "cipher": "QWER",
        "has_phrases": false,
        "mode": "value_domain",
        "phrase_count": 0,
        "phrases": [],
        "projection": "webmercator_hash_v1",
        "projection_method": "webmercator_hash_v1",
        "value": 1374
      },
      "type": "Feature"
    },
    {
      "geometry": {
        "coordinates": [
          -19.341919,
          71.810875
        ],
        "type": "Point"
      },
      "properties": {
        "cipher": "QWER",
        "has_phrases": false,
        "mode": "value_domain",
        "phrase_count": 0,
        "phrases": [],
        "projection": "webmercator_hash_v1",
        "projection_method": "webmercator_hash_v1",
        "value": 1375
      },
      "type": "Feature"
    },
    {
      "geometry": {
        "coordinates": [
          153.578246,
          -9.776321
        ],
        "type": "Point"
      },
      "properties": {
        "cipher": "QWER",
        "has_phrases": false,
        "mode": "value_domain",
        "phrase_count": 0,
        "phrases": [],
        "projection": "webmercator_hash_v1",
        "projection_method": "webmercator_hash_v1",
        "value": 1376
      },
      "type": "Feature"
    },
    {
      "geometry": {
        "coordinates": [
          -163.11294,
          -8.710056
        ],
        "type": "Point"
      },
      "properties": {
        "cipher": "QWER",
        "has_phrases": false,
        "mode": "value_domain",
        "phrase_count": 0,
        "phrases": [],
        "projection": "webmercator_hash_v1",
        "projection_method": "webmercator_hash_v1",
        "value": 1377
      },
      "type": "Feature"
    },
    {
      "geometry": {
        "coordinates": [
          96.414925,
          -74.554274
        ],
        "type": "Point"
      },
      "properties": {
        "cipher": "QWER",
        "has_phrases": false,
        "mode": "value_domain",
        "phrase_count": 0,
        "phrases": [],
        "projection": "webmercator_hash_v1",
        "projection_method": "webmercator_hash_v1",
        "value": 1378
      },
      "type": "Feature"
    },
    {
      "geometry": {
        "coordinates": [
          -133.25635,
          9.332977
        ],
        "type": "Point"
      },
      "properties": {
        "cipher": "QWER",
        "has_phrases": false,
        "mode": "value_domain",
        "phrase_count": 0,
        "phrases": [],
        "projection": "webmercator_hash_v1",
        "projection_method": "webmercator_hash_v1",
        "value": 1379
      },
      "type": "Feature"
    },
    {
      "geometry": {
        "coordinates": [
          92.723826,
          26.994384
        ],
        "type": "Point"
      },
      "properties": {
        "cipher": "QWER",
        "has_phrases": false,
        "mode": "value_domain",
        "phrase_count": 0,
        "phrases": [],
        "projection": "webmercator_hash_v1",
        "projection_method": "webmercator_hash_v1",
        "value": 1380
      },
      "type": "Feature"
    },
    {
      "geometry": {
        "coordinates": [
          -35.599326,
          -24.957467
        ],
        "type": "Point"
      },
      "properties": {
        "cipher": "QWER",
        "has_phrases": false,
        "mode": "value_domain",
        "phrase_count": 0,
        "phrases": [],
        "projection": "webmercator_hash_v1",
        "projection_method": "webmercator_hash_v1",
        "value": 1381
      },
      "type": "Feature"
    },
    {
      "geometry": {
        "coordinates": [
          22.454444,
          0.614729
        ],
        "type": "Point"
      },
      "properties": {
        "cipher": "QWER",
        "has_phrases": false,
        "mode": "value_domain",
        "phrase_count": 0,
        "phrases": [],
        "projection": "webmercator_hash_v1",
        "projection_method": "webmercator_hash_v1",
        "value": 1382
      },
      "type": "Feature"
    },
    {
      "geometry": {
        "coordinates": [
          30.826602,
          -35.112543
        ],
        "type": "Point"
      },
      "properties": {
        "cipher": "QWER",
        "has_phrases": false,
        "mode": "value_domain",
        "phrase_count": 0,
        "phrases": [],
        "projection": "webmercator_hash_v1",
        "projection_method": "webmercator_hash_v1",
        "value": 1383
      },
      "type": "Feature"
    },
    {
      "geometry": {
        "coordinates": [
          146.531609,
          20.078157
        ],
        "type": "Point"
      },
      "properties": {
        "cipher": "QWER",
        "has_phrases": false,
        "mode": "value_domain",
        "phrase_count": 0,
        "phrases": [],
        "projection": "webmercator_hash_v1",
        "projection_method": "webmercator_hash_v1",
        "value": 1384
      },
      "type": "Feature"
    },
    {
      "geometry": {
        "coordinates": [
          -114.178909,
          -0.482124
        ],
        "type": "Point"
      },
      "properties": {
        "cipher": "QWER",
        "has_phrases": false,
        "mode": "value_domain",
        "phrase_count": 0,
        "phrases": [],
        "projection": "webmercator_hash_v1",
        "projection_method": "webmercator_hash_v1",
        "value": 1385
      },
      "type": "Feature"
    },
    {
      "geometry": {
        "coordinates": [
          -2.103396,
          72.673107
        ],
        "type": "Point"
      },
      "properties": {
        "cipher": "QWER",
        "has_phrases": false,
        "mode": "value_domain",
        "phrase_count": 0,
        "phrases": [],
        "projection": "webmercator_hash_v1",
        "projection_method": "webmercator_hash_v1",
        "value": 1386
      },
      "type": "Feature"
    },
    {
      "geometry": {
        "coordinates": [
          166.526294,
          56.53145
        ],
        "type": "Point"
      },
      "properties": {
        "cipher": "QWER",
        "has_phrases": false,
        "mode": "value_domain",
        "phrase_count": 0,
        "phrases": [],
        "projection": "webmercator_hash_v1",
        "projection_method": "webmercator_hash_v1",
        "value": 1387
      },
      "type": "Feature"
    },
    {
      "geometry": {
        "coordinates": [
          -42.870315,
          69.462745
        ],
        "type": "Point"
      },
      "properties": {
        "cipher": "QWER",
        "has_phrases": false,
        "mode": "value_domain",
        "phrase_count": 0,
        "phrases": [],
        "projection": "webmercator_hash_v1",
        "projection_method": "webmercator_hash_v1",
        "value": 1388
      },
      "type": "Feature"
    },
    {
      "geometry": {
        "coordinates": [
          41.992384,
          -28.879799
        ],
        "type": "Point"
      },
      "properties": {
        "cipher": "QWER",
        "has_phrases": false,
        "mode": "value_domain",
        "phrase_count": 0,
        "phrases": [],
        "projection": "webmercator_hash_v1",
        "projection_method": "webmercator_hash_v1",
        "value": 1389
      },
      "type": "Feature"
    },
    {
      "geometry": {
        "coordinates": [
          80.063795,
          65.10827
        ],
        "type": "Point"
      },
      "properties": {
        "cipher": "QWER",
        "has_phrases": false,
        "mode": "value_domain",
        "phrase_count": 0,
        "phrases": [],
        "projection": "webmercator_hash_v1",
        "projection_method": "webmercator_hash_v1",
        "value": 1390
      },
      "type": "Feature"
    },
    {
      "geometry": {
        "coordinates": [
          -109.708032,
          -30.142996
        ],
        "type": "Point"
      },
      "properties": {
        "cipher": "QWER",
        "has_phrases": false,
        "mode": "value_domain",
        "phrase_count": 0,
        "phrases": [],
        "projection": "webmercator_hash_v1",
        "projection_method": "webmercator_hash_v1",
        "value": 1391
      },
      "type": "Feature"
    },
    {
      "geometry": {
        "coordinates": [
          -124.871486,
          18.01248
        ],
        "type": "Point"
      },
      "properties": {
        "cipher": "QWER",
        "has_phrases": false,
        "mode": "value_domain",
        "phrase_count": 0,
        "phrases": [],
        "projection": "webmercator_hash_v1",
        "projection_method": "webmercator_hash_v1",
        "value": 1392
      },
      "type": "Feature"
    },
    {
      "geometry": {
        "coordinates": [
          133.780676,
          -26.605647
        ],
        "type": "Point"
      },
      "properties": {
        "cipher": "QWER",
        "has_phrases": false,
        "mode": "value_domain",
        "phrase_count": 0,
        "phrases": [],
        "projection": "webmercator_hash_v1",
        "projection_method": "webmercator_hash_v1",
        "value": 1393
      },
      "type": "Feature"
    },
    {
      "geometry": {
        "coordinates": [
          126.146301,
          -59.875395
        ],
        "type": "Point"
      },
      "properties": {
        "cipher": "QWER",
        "has_phrases": false,
        "mode": "value_domain",
        "phrase_count": 0,
        "phrases": [],
        "projection": "webmercator_hash_v1",
        "projection_method": "webmercator_hash_v1",
        "value": 1394
      },
      "type": "Feature"
    },
    {
      "geometry": {
        "coordinates": [
          116.089409,
          81.810739
        ],
        "type": "Point"
      },
      "properties": {
        "cipher": "QWER",
        "has_phrases": false,
        "mode": "value_domain",
        "phrase_count": 0,
        "phrases": [],
        "projection": "webmercator_hash_v1",
        "projection_method": "webmercator_hash_v1",
        "value": 1395
      },
      "type": "Feature"
    },
    {
      "geometry": {
        "coordinates": [
          -55.621773,
          -0.763583
        ],
        "type": "Point"
      },
      "properties": {
        "cipher": "QWER",
        "has_phrases": false,
        "mode": "value_domain",
        "phrase_count": 0,
        "phrases": [],
        "projection": "webmercator_hash_v1",
        "projection_method": "webmercator_hash_v1",
        "value": 1396
      },
      "type": "Feature"
    },
    {
      "geometry": {
        "coordinates": [
          157.229293,
          66.917121
        ],
        "type": "Point"
      },
      "properties": {
        "cipher": "QWER",
        "has_phrases": false,
        "mode": "value_domain",
        "phrase_count": 0,
        "phrases": [],
        "projection": "webmercator_hash_v1",
        "projection_method": "webmercator_hash_v1",
        "value": 1397
      },
      "type": "Feature"
    },
    {
      "geometry": {
        "coordinates": [
          149.526952,
          -10.819798
        ],
        "type": "Point"
      },
      "properties": {
        "cipher": "QWER",
        "has_phrases": false,
        "mode": "value_domain",
        "phrase_count": 0,
        "phrases": [],
        "projection": "webmercator_hash_v1",
        "projection_method": "webmercator_hash_v1",
        "value": 1398
      },
      "type": "Feature"
    },
    {
      "geometry": {
        "coordinates": [
          31.606273,
          15.037888
        ],
        "type": "Point"
      },
      "properties": {
        "cipher": "QWER",
        "has_phrases": false,
        "mode": "value_domain",
        "phrase_count": 0,
        "phrases": [],
        "projection": "webmercator_hash_v1",
        "projection_method": "webmercator_hash_v1",
        "value": 1399
      },
      "type": "Feature"
    },
    {
      "geometry": {
        "coordinates": [
          -80.926259,
          82.134245
        ],
        "type": "Point"
      },
      "properties": {
        "cipher": "QWER",
        "has_phrases": false,
        "mode": "value_domain",
        "phrase_count": 0,
        "phrases": [],
        "projection": "webmercator_hash_v1",
        "projection_method": "webmercator_hash_v1",
        "value": 1400
      },
      "type": "Feature"
    },
    {
      "geometry": {
        "coordinates": [
          -81.037533,
          -23.162339
        ],
        "type": "Point"
      },
      "properties": {
        "cipher": "QWER",
        "has_phrases": false,
        "mode": "value_domain",
        "phrase_count": 0,
        "phrases": [],
        "projection": "webmercator_hash_v1",
        "projection_method": "webmercator_hash_v1",
        "value": 1401
      },
      "type": "Feature"
    },
    {
      "geometry": {
        "coordinates": [
          96.384493,
          40.390192
        ],
        "type": "Point"
      },
      "properties": {
        "cipher": "QWER",
        "has_phrases": false,
        "mode": "value_domain",
        "phrase_count": 0,
        "phrases": [],
        "projection": "webmercator_hash_v1",
        "projection_method": "webmercator_hash_v1",
        "value": 1402
      },
      "type": "Feature"
    },
    {
      "geometry": {
        "coordinates": [
          -86.232063,
          41.801767
        ],
        "type": "Point"
      },
      "properties": {
        "cipher": "QWER",
        "has_phrases": false,
        "mode": "value_domain",
        "phrase_count": 0,
        "phrases": [],
        "projection": "webmercator_hash_v1",
        "projection_method": "webmercator_hash_v1",
        "value": 1403
      },
      "type": "Feature"
    },
    {
      "geometry": {
        "coordinates": [
          130.177876,
          75.902662
        ],
        "type": "Point"
      },
      "properties": {
        "cipher": "QWER",
        "has_phrases": false,
        "mode": "value_domain",
        "phrase_count": 0,
        "phrases": [],
        "projection": "webmercator_hash_v1",
        "projection_method": "webmercator_hash_v1",
        "value": 1404
      },
      "type": "Feature"
    },
    {
      "geometry": {
        "coordinates": [
          138.510379,
          -20.369224
        ],
        "type": "Point"
      },
      "properties": {
        "cipher": "QWER",
        "has_phrases": false,
        "mode": "value_domain",
        "phrase_count": 0,
        "phrases": [],
        "projection": "webmercator_hash_v1",
        "projection_method": "webmercator_hash_v1",
        "value": 1405
      },
      "type": "Feature"
    },
    {
      "geometry": {
        "coordinates": [
          152.57911,
          -56.39061
        ],
        "type": "Point"
      },
      "properties": {
        "cipher": "QWER",
        "has_phrases": false,
        "mode": "value_domain",
        "phrase_count": 0,
        "phrases": [],
        "projection": "webmercator_hash_v1",
        "projection_method": "webmercator_hash_v1",
        "value": 1406
      },
      "type": "Feature"
    },
    {
      "geometry": {
        "coordinates": [
          135.414564,
          2.232888
        ],
        "type": "Point"
      },
      "properties": {
        "cipher": "QWER",
        "has_phrases": false,
        "mode": "value_domain",
        "phrase_count": 0,
        "phrases": [],
        "projection": "webmercator_hash_v1",
        "projection_method": "webmercator_hash_v1",
        "value": 1407
      },
      "type": "Feature"
    },
    {
      "geometry": {
        "coordinates": [
          31.059861,
          -1.958084
        ],
        "type": "Point"
      },
      "properties": {
        "cipher": "QWER",
        "has_phrases": false,
        "mode": "value_domain",
        "phrase_count": 0,
        "phrases": [],
        "projection": "webmercator_hash_v1",
        "projection_method": "webmercator_hash_v1",
        "value": 1408
      },
      "type": "Feature"
    },
    {
      "geometry": {
        "coordinates": [
          -18.094371,
          -52.65883
        ],
        "type": "Point"
      },
      "properties": {
        "cipher": "QWER",
        "has_phrases": false,
        "mode": "value_domain",
        "phrase_count": 0,
        "phrases": [],
        "projection": "webmercator_hash_v1",
        "projection_method": "webmercator_hash_v1",
        "value": 1409
      },
      "type": "Feature"
    },
    {
      "geometry": {
        "coordinates": [
          -70.552979,
          -74.607454
        ],
        "type": "Point"
      },
      "properties": {
        "cipher": "QWER",
        "has_phrases": false,
        "mode": "value_domain",
        "phrase_count": 0,
        "phrases": [],
        "projection": "webmercator_hash_v1",
        "projection_method": "webmercator_hash_v1",
        "value": 1410
      },
      "type": "Feature"
    },
    {
      "geometry": {
        "coordinates": [
          158.41525,
          -44.389632
        ],
        "type": "Point"
      },
      "properties": {
        "cipher": "QWER",
        "has_phrases": false,
        "mode": "value_domain",
        "phrase_count": 0,
        "phrases": [],
        "projection": "webmercator_hash_v1",
        "projection_method": "webmercator_hash_v1",
        "value": 1411
      },
      "type": "Feature"
    },
    {
      "geometry": {
        "coordinates": [
          98.261388,
          53.812269
        ],
        "type": "Point"
      },
      "properties": {
        "cipher": "QWER",
        "has_phrases": false,
        "mode": "value_domain",
        "phrase_count": 0,
        "phrases": [],
        "projection": "webmercator_hash_v1",
        "projection_method": "webmercator_hash_v1",
        "value": 1412
      },
      "type": "Feature"
    },
    {
      "geometry": {
        "coordinates": [
          -165.011729,
          30.499712
        ],
        "type": "Point"
      },
      "properties": {
        "cipher": "QWER",
        "has_phrases": false,
        "mode": "value_domain",
        "phrase_count": 0,
        "phrases": [],
        "projection": "webmercator_hash_v1",
        "projection_method": "webmercator_hash_v1",
        "value": 1413
      },
      "type": "Feature"
    },
    {
      "geometry": {
        "coordinates": [
          174.864193,
          56.771135
        ],
        "type": "Point"
      },
      "properties": {
        "cipher": "QWER",
        "has_phrases": false,
        "mode": "value_domain",
        "phrase_count": 0,
        "phrases": [],
        "projection": "webmercator_hash_v1",
        "projection_method": "webmercator_hash_v1",
        "value": 1414
      },
      "type": "Feature"
    },
    {
      "geometry": {
        "coordinates": [
          -0.578035,
          70.390844
        ],
        "type": "Point"
      },
      "properties": {
        "cipher": "QWER",
        "has_phrases": false,
        "mode": "value_domain",
        "phrase_count": 0,
        "phrases": [],
        "projection": "webmercator_hash_v1",
        "projection_method": "webmercator_hash_v1",
        "value": 1415
      },
      "type": "Feature"
    },
    {
      "geometry": {
        "coordinates": [
          -5.109769,
          -4.425082
        ],
        "type": "Point"
      },
      "properties": {
        "cipher": "QWER",
        "has_phrases": false,
        "mode": "value_domain",
        "phrase_count": 0,
        "phrases": [],
        "projection": "webmercator_hash_v1",
        "projection_method": "webmercator_hash_v1",
        "value": 1416
      },
      "type": "Feature"
    },
    {
      "geometry": {
        "coordinates": [
          -151.13349,
          39.339704
        ],
        "type": "Point"
      },
      "properties": {
        "cipher": "QWER",
        "has_phrases": false,
        "mode": "value_domain",
        "phrase_count": 0,
        "phrases": [],
        "projection": "webmercator_hash_v1",
        "projection_method": "webmercator_hash_v1",
        "value": 1417
      },
      "type": "Feature"
    },
    {
      "geometry": {
        "coordinates": [
          -8.736671,
          65.103779
        ],
        "type": "Point"
      },
      "properties": {
        "cipher": "QWER",
        "has_phrases": false,
        "mode": "value_domain",
        "phrase_count": 0,
        "phrases": [],
        "projection": "webmercator_hash_v1",
        "projection_method": "webmercator_hash_v1",
        "value": 1418
      },
      "type": "Feature"
    },
    {
      "geometry": {
        "coordinates": [
          169.471322,
          78.281739
        ],
        "type": "Point"
      },
      "properties": {
        "cipher": "QWER",
        "has_phrases": false,
        "mode": "value_domain",
        "phrase_count": 0,
        "phrases": [],
        "projection": "webmercator_hash_v1",
        "projection_method": "webmercator_hash_v1",
        "value": 1419
      },
      "type": "Feature"
    },
    {
      "geometry": {
        "coordinates": [
          151.641869,
          30.313491
        ],
        "type": "Point"
      },
      "properties": {
        "cipher": "QWER",
        "has_phrases": false,
        "mode": "value_domain",
        "phrase_count": 0,
        "phrases": [],
        "projection": "webmercator_hash_v1",
        "projection_method": "webmercator_hash_v1",
        "value": 1420
      },
      "type": "Feature"
    },
    {
      "geometry": {
        "coordinates": [
          101.642906,
          -13.757968
        ],
        "type": "Point"
      },
      "properties": {
        "cipher": "QWER",
        "has_phrases": false,
        "mode": "value_domain",
        "phrase_count": 0,
        "phrases": [],
        "projection": "webmercator_hash_v1",
        "projection_method": "webmercator_hash_v1",
        "value": 1421
      },
      "type": "Feature"
    },
    {
      "geometry": {
        "coordinates": [
          -0.49442,
          34.321436
        ],
        "type": "Point"
      },
      "properties": {
        "cipher": "QWER",
        "has_phrases": false,
        "mode": "value_domain",
        "phrase_count": 0,
        "phrases": [],
        "projection": "webmercator_hash_v1",
        "projection_method": "webmercator_hash_v1",
        "value": 1422
      },
      "type": "Feature"
    },
    {
      "geometry": {
        "coordinates": [
          138.53286,
          1.476413
        ],
        "type": "Point"
      },
      "properties": {
        "cipher": "QWER",
        "has_phrases": false,
        "mode": "value_domain",
        "phrase_count": 0,
        "phrases": [],
        "projection": "webmercator_hash_v1",
        "projection_method": "webmercator_hash_v1",
        "value": 1423
      },
      "type": "Feature"
    },
    {
      "geometry": {
        "coordinates": [
          -108.448894,
          39.313207
        ],
        "type": "Point"
      },
      "properties": {
        "cipher": "QWER",
        "has_phrases": false,
        "mode": "value_domain",
        "phrase_count": 0,
        "phrases": [],
        "projection": "webmercator_hash_v1",
        "projection_method": "webmercator_hash_v1",
        "value": 1424
      },
      "type": "Feature"
    },
    {
      "geometry": {
        "coordinates": [
          -5.131852,
          -77.935998
        ],
        "type": "Point"
      },
      "properties": {
        "cipher": "QWER",
        "has_phrases": false,
        "mode": "value_domain",
        "phrase_count": 0,
        "phrases": [],
        "projection": "webmercator_hash_v1",
        "projection_method": "webmercator_hash_v1",
        "value": 1425
      },
      "type": "Feature"
    },
    {
      "geometry": {
        "coordinates": [
          2.003375,
          30.512214
        ],
        "type": "Point"
      },
      "properties": {
        "cipher": "QWER",
        "has_phrases": false,
        "mode": "value_domain",
        "phrase_count": 0,
        "phrases": [],
        "projection": "webmercator_hash_v1",
        "projection_method": "webmercator_hash_v1",
        "value": 1426
      },
      "type": "Feature"
    },
    {
      "geometry": {
        "coordinates": [
          5.851478,
          -36.19481
        ],
        "type": "Point"
      },
      "properties": {
        "cipher": "QWER",
        "has_phrases": false,
        "mode": "value_domain",
        "phrase_count": 0,
        "phrases": [],
        "projection": "webmercator_hash_v1",
        "projection_method": "webmercator_hash_v1",
        "value": 1427
      },
      "type": "Feature"
    },
    {
      "geometry": {
        "coordinates": [
          -135.474859,
          -14.923712
        ],
        "type": "Point"
      },
      "properties": {
        "cipher": "QWER",
        "has_phrases": false,
        "mode": "value_domain",
        "phrase_count": 0,
        "phrases": [],
        "projection": "webmercator_hash_v1",
        "projection_method": "webmercator_hash_v1",
        "value": 1428
      },
      "type": "Feature"
    },
    {
      "geometry": {
        "coordinates": [
          129.802517,
          -64.235062
        ],
        "type": "Point"
      },
      "properties": {
        "cipher": "QWER",
        "has_phrases": false,
        "mode": "value_domain",
        "phrase_count": 0,
        "phrases": [],
        "projection": "webmercator_hash_v1",
        "projection_method": "webmercator_hash_v1",
        "value": 1429
      },
      "type": "Feature"
    },
    {
      "geometry": {
        "coordinates": [
          78.924819,
          82.003088
        ],
        "type": "Point"
      },
      "properties": {
        "cipher": "QWER",
        "has_phrases": false,
        "mode": "value_domain",
        "phrase_count": 0,
        "phrases": [],
        "projection": "webmercator_hash_v1",
        "projection_method": "webmercator_hash_v1",
        "value": 1430
      },
      "type": "Feature"
    },
    {
      "geometry": {
        "coordinates": [
          29.136788,
          28.877947
        ],
        "type": "Point"
      },
      "properties": {
        "cipher": "QWER",
        "has_phrases": false,
        "mode": "value_domain",
        "phrase_count": 0,
        "phrases": [],
        "projection": "webmercator_hash_v1",
        "projection_method": "webmercator_hash_v1",
        "value": 1431
      },
      "type": "Feature"
    },
    {
      "geometry": {
        "coordinates": [
          101.981952,
          14.71296
        ],
        "type": "Point"
      },
      "properties": {
        "cipher": "QWER",
        "has_phrases": false,
        "mode": "value_domain",
        "phrase_count": 0,
        "phrases": [],
        "projection": "webmercator_hash_v1",
        "projection_method": "webmercator_hash_v1",
        "value": 1432
      },
      "type": "Feature"
    },
    {
      "geometry": {
        "coordinates": [
          65.432782,
          -56.23151
        ],
        "type": "Point"
      },
      "properties": {
        "cipher": "QWER",
        "has_phrases": false,
        "mode": "value_domain",
        "phrase_count": 0,
        "phrases": [],
        "projection": "webmercator_hash_v1",
        "projection_method": "webmercator_hash_v1",
        "value": 1433
      },
      "type": "Feature"
    },
    {
      "geometry": {
        "coordinates": [
          5.159328,
          -24.819157
        ],
        "type": "Point"
      },
      "properties": {
        "cipher": "QWER",
        "has_phrases": false,
        "mode": "value_domain",
        "phrase_count": 0,
        "phrases": [],
        "projection": "webmercator_hash_v1",
        "projection_method": "webmercator_hash_v1",
        "value": 1434
      },
      "type": "Feature"
    },
    {
      "geometry": {
        "coordinates": [
          163.397033,
          77.43185
        ],
        "type": "Point"
      },
      "properties": {
        "cipher": "QWER",
        "has_phrases": false,
        "mode": "value_domain",
        "phrase_count": 0,
        "phrases": [],
        "projection": "webmercator_hash_v1",
        "projection_method": "webmercator_hash_v1",
        "value": 1435
      },
      "type": "Feature"
    },
    {
      "geometry": {
        "coordinates": [
          -114.11803,
          -56.983512
        ],
        "type": "Point"
      },
      "properties": {
        "cipher": "QWER",
        "has_phrases": false,
        "mode": "value_domain",
        "phrase_count": 0,
        "phrases": [],
        "projection": "webmercator_hash_v1",
        "projection_method": "webmercator_hash_v1",
        "value": 1436
      },
      "type": "Feature"
    },
    {
      "geometry": {
        "coordinates": [
          93.343184,
          60.134119
        ],
        "type": "Point"
      },
      "properties": {
        "cipher": "QWER",
        "has_phrases": false,
        "mode": "value_domain",
        "phrase_count": 0,
        "phrases": [],
        "projection": "webmercator_hash_v1",
        "projection_method": "webmercator_hash_v1",
        "value": 1437
      },
      "type": "Feature"
    },
    {
      "geometry": {
        "coordinates": [
          -52.687824,
          50.79215
        ],
        "type": "Point"
      },
      "properties": {
        "cipher": "QWER",
        "has_phrases": false,
        "mode": "value_domain",
        "phrase_count": 0,
        "phrases": [],
        "projection": "webmercator_hash_v1",
        "projection_method": "webmercator_hash_v1",
        "value": 1438
      },
      "type": "Feature"
    },
    {
      "geometry": {
        "coordinates": [
          -103.423364,
          33.540574
        ],
        "type": "Point"
      },
      "properties": {
        "cipher": "QWER",
        "has_phrases": false,
        "mode": "value_domain",
        "phrase_count": 0,
        "phrases": [],
        "projection": "webmercator_hash_v1",
        "projection_method": "webmercator_hash_v1",
        "value": 1439
      },
      "type": "Feature"
    },
    {
      "geometry": {
        "coordinates": [
          -77.870025,
          -73.210056
        ],
        "type": "Point"
      },
      "properties": {
        "cipher": "QWER",
        "has_phrases": false,
        "mode": "value_domain",
        "phrase_count": 0,
        "phrases": [],
        "projection": "webmercator_hash_v1",
        "projection_method": "webmercator_hash_v1",
        "value": 1440
      },
      "type": "Feature"
    },
    {
      "geometry": {
        "coordinates": [
          35.697103,
          -82.368127
        ],
        "type": "Point"
      },
      "properties": {
        "cipher": "QWER",
        "has_phrases": false,
        "mode": "value_domain",
        "phrase_count": 0,
        "phrases": [],
        "projection": "webmercator_hash_v1",
        "projection_method": "webmercator_hash_v1",
        "value": 1441
      },
      "type": "Feature"
    },
    {
      "geometry": {
        "coordinates": [
          -80.566339,
          -20.958049
        ],
        "type": "Point"
      },
      "properties": {
        "cipher": "QWER",
        "has_phrases": false,
        "mode": "value_domain",
        "phrase_count": 0,
        "phrases": [],
        "projection": "webmercator_hash_v1",
        "projection_method": "webmercator_hash_v1",
        "value": 1442
      },
      "type": "Feature"
    },
    {
      "geometry": {
        "coordinates": [
          36.473716,
          39.720234
        ],
        "type": "Point"
      },
      "properties": {
        "cipher": "QWER",
        "has_phrases": false,
        "mode": "value_domain",
        "phrase_count": 0,
        "phrases": [],
        "projection": "webmercator_hash_v1",
        "projection_method": "webmercator_hash_v1",
        "value": 1443
      },
      "type": "Feature"
    },
    {
      "geometry": {
        "coordinates": [
          41.729249,
          -68.275022
        ],
        "type": "Point"
      },
      "properties": {
        "cipher": "QWER",
        "has_phrases": false,
        "mode": "value_domain",
        "phrase_count": 0,
        "phrases": [],
        "projection": "webmercator_hash_v1",
        "projection_method": "webmercator_hash_v1",
        "value": 1444
      },
      "type": "Feature"
    },
    {
      "geometry": {
        "coordinates": [
          134.95396,
          -35.53835
        ],
        "type": "Point"
      },
      "properties": {
        "cipher": "QWER",
        "has_phrases": false,
        "mode": "value_domain",
        "phrase_count": 0,
        "phrases": [],
        "projection": "webmercator_hash_v1",
        "projection_method": "webmercator_hash_v1",
        "value": 1445
      },
      "type": "Feature"
    },
    {
      "geometry": {
        "coordinates": [
          157.150178,
          -60.47468
        ],
        "type": "Point"
      },
      "properties": {
        "cipher": "QWER",
        "has_phrases": false,
        "mode": "value_domain",
        "phrase_count": 0,
        "phrases": [],
        "projection": "webmercator_hash_v1",
        "projection_method": "webmercator_hash_v1",
        "value": 1446
      },
      "type": "Feature"
    },
    {
      "geometry": {
        "coordinates": [
          62.317906,
          48.354377
        ],
        "type": "Point"
      },
      "properties": {
        "cipher": "QWER",
        "has_phrases": false,
        "mode": "value_domain",
        "phrase_count": 0,
        "phrases": [],
        "projection": "webmercator_hash_v1",
        "projection_method": "webmercator_hash_v1",
        "value": 1447
      },
      "type": "Feature"
    },
    {
      "geometry": {
        "coordinates": [
          128.198834,
          -82.749834
        ],
        "type": "Point"
      },
      "properties": {
        "cipher": "QWER",
        "has_phrases": false,
        "mode": "value_domain",
        "phrase_count": 0,
        "phrases": [],
        "projection": "webmercator_hash_v1",
        "projection_method": "webmercator_hash_v1",
        "value": 1448
      },
      "type": "Feature"
    },
    {
      "geometry": {
        "coordinates": [
          4.942141,
          -2.260774
        ],
        "type": "Point"
      },
      "properties": {
        "cipher": "QWER",
        "has_phrases": false,
        "mode": "value_domain",
        "phrase_count": 0,
        "phrases": [],
        "projection": "webmercator_hash_v1",
        "projection_method": "webmercator_hash_v1",
        "value": 1449
      },
      "type": "Feature"
    },
    {
      "geometry": {
        "coordinates": [
          -123.422567,
          68.159803
        ],
        "type": "Point"
      },
      "properties": {
        "cipher": "QWER",
        "has_phrases": false,
        "mode": "value_domain",
        "phrase_count": 0,
        "phrases": [],
        "projection": "webmercator_hash_v1",
        "projection_method": "webmercator_hash_v1",
        "value": 1450
      },
      "type": "Feature"
    },
    {
      "geometry": {
        "coordinates": [
          -0.423504,
          6.851742
        ],
        "type": "Point"
      },
      "properties": {
        "cipher": "QWER",
        "has_phrases": false,
        "mode": "value_domain",
        "phrase_count": 0,
        "phrases": [],
        "projection": "webmercator_hash_v1",
        "projection_method": "webmercator_hash_v1",
        "value": 1451
      },
      "type": "Feature"
    },
    {
      "geometry": {
        "coordinates": [
          -159.783429,
          63.338787
        ],
        "type": "Point"
      },
      "properties": {
        "cipher": "QWER",
        "has_phrases": false,
        "mode": "value_domain",
        "phrase_count": 0,
        "phrases": [],
        "projection": "webmercator_hash_v1",
        "projection_method": "webmercator_hash_v1",
        "value": 1452
      },
      "type": "Feature"
    },
    {
      "geometry": {
        "coordinates": [
          174.380814,
          -42.071741
        ],
        "type": "Point"
      },
      "properties": {
        "cipher": "QWER",
        "has_phrases": false,
        "mode": "value_domain",
        "phrase_count": 0,
        "phrases": [],
        "projection": "webmercator_hash_v1",
        "projection_method": "webmercator_hash_v1",
        "value": 1453
      },
      "type": "Feature"
    },
    {
      "geometry": {
        "coordinates": [
          -100.677865,
          -52.04328
        ],
        "type": "Point"
      },
      "properties": {
        "cipher": "QWER",
        "has_phrases": false,
        "mode": "value_domain",
        "phrase_count": 0,
        "phrases": [],
        "projection": "webmercator_hash_v1",
        "projection_method": "webmercator_hash_v1",
        "value": 1454
      },
      "type": "Feature"
    },
    {
      "geometry": {
        "coordinates": [
          -23.84292,
          -76.590308
        ],
        "type": "Point"
      },
      "properties": {
        "cipher": "QWER",
        "has_phrases": false,
        "mode": "value_domain",
        "phrase_count": 0,
        "phrases": [],
        "projection": "webmercator_hash_v1",
        "projection_method": "webmercator_hash_v1",
        "value": 1455
      },
      "type": "Feature"
    },
    {
      "geometry": {
        "coordinates": [
          162.115575,
          21.052871
        ],
        "type": "Point"
      },
      "properties": {
        "cipher": "QWER",
        "has_phrases": false,
        "mode": "value_domain",
        "phrase_count": 0,
        "phrases": [],
        "projection": "webmercator_hash_v1",
        "projection_method": "webmercator_hash_v1",
        "value": 1456
      },
      "type": "Feature"
    },
    {
      "geometry": {
        "coordinates": [
          -131.636157,
          -55.2382
        ],
        "type": "Point"
      },
      "properties": {
        "cipher": "QWER",
        "has_phrases": false,
        "mode": "value_domain",
        "phrase_count": 0,
        "phrases": [],
        "projection": "webmercator_hash_v1",
        "projection_method": "webmercator_hash_v1",
        "value": 1457
      },
      "type": "Feature"
    },
    {
      "geometry": {
        "coordinates": [
          5.706289,
          46.105998
        ],
        "type": "Point"
      },
      "properties": {
        "cipher": "QWER",
        "has_phrases": false,
        "mode": "value_domain",
        "phrase_count": 0,
        "phrases": [],
        "projection": "webmercator_hash_v1",
        "projection_method": "webmercator_hash_v1",
        "value": 1458
      },
      "type": "Feature"
    },
    {
      "geometry": {
        "coordinates": [
          163.799365,
          20.518818
        ],
        "type": "Point"
      },
      "properties": {
        "cipher": "QWER",
        "has_phrases": false,
        "mode": "value_domain",
        "phrase_count": 0,
        "phrases": [],
        "projection": "webmercator_hash_v1",
        "projection_method": "webmercator_hash_v1",
        "value": 1459
      },
      "type": "Feature"
    },
    {
      "geometry": {
        "coordinates": [
          75.924714,
          -45.285518
        ],
        "type": "Point"
      },
      "properties": {
        "cipher": "QWER",
        "has_phrases": false,
        "mode": "value_domain",
        "phrase_count": 0,
        "phrases": [],
        "projection": "webmercator_hash_v1",
        "projection_method": "webmercator_hash_v1",
        "value": 1460
      },
      "type": "Feature"
    },
    {
      "geometry": {
        "coordinates": [
          -137.811486,
          7.167339
        ],
        "type": "Point"
      },
      "properties": {
        "cipher": "QWER",
        "has_phrases": false,
        "mode": "value_domain",
        "phrase_count": 0,
        "phrases": [],
        "projection": "webmercator_hash_v1",
        "projection_method": "webmercator_hash_v1",
        "value": 1461
      },
      "type": "Feature"
    },
    {
      "geometry": {
        "coordinates": [
          -139.015178,
          -28.511607
        ],
        "type": "Point"
      },
      "properties": {
        "cipher": "QWER",
        "has_phrases": false,
        "mode": "value_domain",
        "phrase_count": 0,
        "phrases": [],
        "projection": "webmercator_hash_v1",
        "projection_method": "webmercator_hash_v1",
        "value": 1462
      },
      "type": "Feature"
    },
    {
      "geometry": {
        "coordinates": [
          119.513802,
          13.703125
        ],
        "type": "Point"
      },
      "properties": {
        "cipher": "QWER",
        "has_phrases": false,
        "mode": "value_domain",
        "phrase_count": 0,
        "phrases": [],
        "projection": "webmercator_hash_v1",
        "projection_method": "webmercator_hash_v1",
        "value": 1463
      },
      "type": "Feature"
    },
    {
      "geometry": {
        "coordinates": [
          50.0659,
          1.039795
        ],
        "type": "Point"
      },
      "properties": {
        "cipher": "QWER",
        "has_phrases": false,
        "mode": "value_domain",
        "phrase_count": 0,
        "phrases": [],
        "projection": "webmercator_hash_v1",
        "projection_method": "webmercator_hash_v1",
        "value": 1464
      },
      "type": "Feature"
    },
    {
      "geometry": {
        "coordinates": [
          50.372605,
          -44.932493
        ],
        "type": "Point"
      },
      "properties": {
        "cipher": "QWER",
        "has_phrases": false,
        "mode": "value_domain",
        "phrase_count": 0,
        "phrases": [],
        "projection": "webmercator_hash_v1",
        "projection_method": "webmercator_hash_v1",
        "value": 1465
      },
      "type": "Feature"
    },
    {
      "geometry": {
        "coordinates": [
          132.666888,
          74.969628
        ],
        "type": "Point"
      },
      "properties": {
        "cipher": "QWER",
        "has_phrases": false,
        "mode": "value_domain",
        "phrase_count": 0,
        "phrases": [],
        "projection": "webmercator_hash_v1",
        "projection_method": "webmercator_hash_v1",
        "value": 1466
      },
      "type": "Feature"
    },
    {
      "geometry": {
        "coordinates": [
          179.90191,
          -66.513757
        ],
        "type": "Point"
      },
      "properties": {
        "cipher": "QWER",
        "has_phrases": false,
        "mode": "value_domain",
        "phrase_count": 0,
        "phrases": [],
        "projection": "webmercator_hash_v1",
        "projection_method": "webmercator_hash_v1",
        "value": 1467
      },
      "type": "Feature"
    },
    {
      "geometry": {
        "coordinates": [
          65.299273,
          2.547035
        ],
        "type": "Point"
      },
      "properties": {
        "cipher": "QWER",
        "has_phrases": false,
        "mode": "value_domain",
        "phrase_count": 0,
        "phrases": [],
        "projection": "webmercator_hash_v1",
        "projection_method": "webmercator_hash_v1",
        "value": 1468
      },
      "type": "Feature"
    },
    {
      "geometry": {
        "coordinates": [
          -23.162572,
          -35.678846
        ],
        "type": "Point"
      },
      "properties": {
        "cipher": "QWER",
        "has_phrases": false,
        "mode": "value_domain",
        "phrase_count": 0,
        "phrases": [],
        "projection": "webmercator_hash_v1",
        "projection_method": "webmercator_hash_v1",
        "value": 1469
      },
      "type": "Feature"
    },
    {
      "geometry": {
        "coordinates": [
          -2.069526,
          -38.112891
        ],
        "type": "Point"
      },
      "properties": {
        "cipher": "QWER",
        "has_phrases": false,
        "mode": "value_domain",
        "phrase_count": 0,
        "phrases": [],
        "projection": "webmercator_hash_v1",
        "projection_method": "webmercator_hash_v1",
        "value": 1470
      },
      "type": "Feature"
    },
    {
      "geometry": {
        "coordinates": [
          154.509707,
          83.341614
        ],
        "type": "Point"
      },
      "properties": {
        "cipher": "QWER",
        "has_phrases": false,
        "mode": "value_domain",
        "phrase_count": 0,
        "phrases": [],
        "projection": "webmercator_hash_v1",
        "projection_method": "webmercator_hash_v1",
        "value": 1471
      },
      "type": "Feature"
    },
    {
      "geometry": {
        "coordinates": [
          158.190418,
          84.23417
        ],
        "type": "Point"
      },
      "properties": {
        "cipher": "QWER",
        "has_phrases": false,
        "mode": "value_domain",
        "phrase_count": 0,
        "phrases": [],
        "projection": "webmercator_hash_v1",
        "projection_method": "webmercator_hash_v1",
        "value": 1472
      },
      "type": "Feature"
    },
    {
      "geometry": {
        "coordinates": [
          -177.169888,
          -19.679133
        ],
        "type": "Point"
      },
      "properties": {
        "cipher": "QWER",
        "has_phrases": false,
        "mode": "value_domain",
        "phrase_count": 0,
        "phrases": [],
        "projection": "webmercator_hash_v1",
        "projection_method": "webmercator_hash_v1",
        "value": 1473
      },
      "type": "Feature"
    },
    {
      "geometry": {
        "coordinates": [
          -151.635849,
          -12.385074
        ],
        "type": "Point"
      },
      "properties": {
        "cipher": "QWER",
        "has_phrases": false,
        "mode": "value_domain",
        "phrase_count": 0,
        "phrases": [],
        "projection": "webmercator_hash_v1",
        "projection_method": "webmercator_hash_v1",
        "value": 1474
      },
      "type": "Feature"
    },
    {
      "geometry": {
        "coordinates": [
          -6.728781,
          -27.842647
        ],
        "type": "Point"
      },
      "properties": {
        "cipher": "QWER",
        "has_phrases": false,
        "mode": "value_domain",
        "phrase_count": 0,
        "phrases": [],
        "projection": "webmercator_hash_v1",
        "projection_method": "webmercator_hash_v1",
        "value": 1475
      },
      "type": "Feature"
    },
    {
      "geometry": {
        "coordinates": [
          111.773866,
          -69.94481
        ],
        "type": "Point"
      },
      "properties": {
        "cipher": "QWER",
        "has_phrases": false,
        "mode": "value_domain",
        "phrase_count": 0,
        "phrases": [],
        "projection": "webmercator_hash_v1",
        "projection_method": "webmercator_hash_v1",
        "value": 1476
      },
      "type": "Feature"
    },
    {
      "geometry": {
        "coordinates": [
          156.496978,
          -1.216273
        ],
        "type": "Point"
      },
      "properties": {
        "cipher": "QWER",
        "has_phrases": false,
        "mode": "value_domain",
        "phrase_count": 0,
        "phrases": [],
        "projection": "webmercator_hash_v1",
        "projection_method": "webmercator_hash_v1",
        "value": 1477
      },
      "type": "Feature"
    },
    {
      "geometry": {
        "coordinates": [
          -38.746093,
          82.916752
        ],
        "type": "Point"
      },
      "properties": {
        "cipher": "QWER",
        "has_phrases": false,
        "mode": "value_domain",
        "phrase_count": 0,
        "phrases": [],
        "projection": "webmercator_hash_v1",
        "projection_method": "webmercator_hash_v1",
        "value": 1478
      },
      "type": "Feature"
    },
    {
      "geometry": {
        "coordinates": [
          63.261755,
          -9.378368
        ],
        "type": "Point"
      },
      "properties": {
        "cipher": "QWER",
        "has_phrases": false,
        "mode": "value_domain",
        "phrase_count": 0,
        "phrases": [],
        "projection": "webmercator_hash_v1",
        "projection_method": "webmercator_hash_v1",
        "value": 1479
      },
      "type": "Feature"
    },
    {
      "geometry": {
        "coordinates": [
          141.494797,
          3.25282
        ],
        "type": "Point"
      },
      "properties": {
        "cipher": "QWER",
        "has_phrases": false,
        "mode": "value_domain",
        "phrase_count": 0,
        "phrases": [],
        "projection": "webmercator_hash_v1",
        "projection_method": "webmercator_hash_v1",
        "value": 1480
      },
      "type": "Feature"
    },
    {
      "geometry": {
        "coordinates": [
          28.071509,
          -65.210375
        ],
        "type": "Point"
      },
      "properties": {
        "cipher": "QWER",
        "has_phrases": false,
        "mode": "value_domain",
        "phrase_count": 0,
        "phrases": [],
        "projection": "webmercator_hash_v1",
        "projection_method": "webmercator_hash_v1",
        "value": 1481
      },
      "type": "Feature"
    },
    {
      "geometry": {
        "coordinates": [
          64.289845,
          -61.941916
        ],
        "type": "Point"
      },
      "properties": {
        "cipher": "QWER",
        "has_phrases": false,
        "mode": "value_domain",
        "phrase_count": 0,
        "phrases": [],
        "projection": "webmercator_hash_v1",
        "projection_method": "webmercator_hash_v1",
        "value": 1482
      },
      "type": "Feature"
    },
    {
      "geometry": {
        "coordinates": [
          -161.504312,
          -53.370007
        ],
        "type": "Point"
      },
      "properties": {
        "cipher": "QWER",
        "has_phrases": false,
        "mode": "value_domain",
        "phrase_count": 0,
        "phrases": [],
        "projection": "webmercator_hash_v1",
        "projection_method": "webmercator_hash_v1",
        "value": 1483
      },
      "type": "Feature"
    },
    {
      "geometry": {
        "coordinates": [
          155.264494,
          -26.502713
        ],
        "type": "Point"
      },
      "properties": {
        "cipher": "QWER",
        "has_phrases": false,
        "mode": "value_domain",
        "phrase_count": 0,
        "phrases": [],
        "projection": "webmercator_hash_v1",
        "projection_method": "webmercator_hash_v1",
        "value": 1484
      },
      "type": "Feature"
    },
    {
      "geometry": {
        "coordinates": [
          30.909859,
          47.13092
        ],
        "type": "Point"
      },
      "properties": {
        "cipher": "QWER",
        "has_phrases": false,
        "mode": "value_domain",
        "phrase_count": 0,
        "phrases": [],
        "projection": "webmercator_hash_v1",
        "projection_method": "webmercator_hash_v1",
        "value": 1485
      },
      "type": "Feature"
    },
    {
      "geometry": {
        "coordinates": [
          -103.097592,
          10.791012
        ],
        "type": "Point"
      },
      "properties": {
        "cipher": "QWER",
        "has_phrases": false,
        "mode": "value_domain",
        "phrase_count": 0,
        "phrases": [],
        "projection": "webmercator_hash_v1",
        "projection_method": "webmercator_hash_v1",
        "value": 1486
      },
      "type": "Feature"
    },
    {
      "geometry": {
        "coordinates": [
          -84.207693,
          66.238315
        ],
        "type": "Point"
      },
      "properties": {
        "cipher": "QWER",
        "has_phrases": false,
        "mode": "value_domain",
        "phrase_count": 0,
        "phrases": [],
        "projection": "webmercator_hash_v1",
        "projection_method": "webmercator_hash_v1",
        "value": 1487
      },
      "type": "Feature"
    },
    {
      "geometry": {
        "coordinates": [
          94.867515,
          -56.130377
        ],
        "type": "Point"
      },
      "properties": {
        "cipher": "QWER",
        "has_phrases": false,
        "mode": "value_domain",
        "phrase_count": 0,
        "phrases": [],
        "projection": "webmercator_hash_v1",
        "projection_method": "webmercator_hash_v1",
        "value": 1488
      },
      "type": "Feature"
    },
    {
      "geometry": {
        "coordinates": [
          33.048005,
          -19.507245
        ],
        "type": "Point"
      },
      "properties": {
        "cipher": "QWER",
        "has_phrases": false,
        "mode": "value_domain",
        "phrase_count": 0,
        "phrases": [],
        "projection": "webmercator_hash_v1",
        "projection_method": "webmercator_hash_v1",
        "value": 1489
      },
      "type": "Feature"
    },
    {
      "geometry": {
        "coordinates": [
          147.362723,
          -47.570482
        ],
        "type": "Point"
      },
      "properties": {
        "cipher": "QWER",
        "has_phrases": false,
        "mode": "value_domain",
        "phrase_count": 0,
        "phrases": [],
        "projection": "webmercator_hash_v1",
        "projection_method": "webmercator_hash_v1",
        "value": 1490
      },
      "type": "Feature"
    },
    {
      "geometry": {
        "coordinates": [
          -97.885968,
          84.288134
        ],
        "type": "Point"
      },
      "properties": {
        "cipher": "QWER",
        "has_phrases": false,
        "mode": "value_domain",
        "phrase_count": 0,
        "phrases": [],
        "projection": "webmercator_hash_v1",
        "projection_method": "webmercator_hash_v1",
        "value": 1491
      },
      "type": "Feature"
    },
    {
      "geometry": {
        "coordinates": [
          -159.773083,
          25.972437
        ],
        "type": "Point"
      },
      "properties": {
        "cipher": "QWER",
        "has_phrases": false,
        "mode": "value_domain",
        "phrase_count": 0,
        "phrases": [],
        "projection": "webmercator_hash_v1",
        "projection_method": "webmercator_hash_v1",
        "value": 1492
      },
      "type": "Feature"
    },
    {
      "geometry": {
        "coordinates": [
          -54.334753,
          -1.26046
        ],
        "type": "Point"
      },
      "properties": {
        "cipher": "QWER",
        "has_phrases": false,
        "mode": "value_domain",
        "phrase_count": 0,
        "phrases": [],
        "projection": "webmercator_hash_v1",
        "projection_method": "webmercator_hash_v1",
        "value": 1493
      },
      "type": "Feature"
    },
    {
      "geometry": {
        "coordinates": [
          150.428359,
          48.384901
        ],
        "type": "Point"
      },
      "properties": {
        "cipher": "QWER",
        "has_phrases": false,
        "mode": "value_domain",
        "phrase_count": 0,
        "phrases": [],
        "projection": "webmercator_hash_v1",
        "projection_method": "webmercator_hash_v1",
        "value": 1494
      },
      "type": "Feature"
    },
    {
      "geometry": {
        "coordinates": [
          95.451201,
          46.842941
        ],
        "type": "Point"
      },
      "properties": {
        "cipher": "QWER",
        "has_phrases": false,
        "mode": "value_domain",
        "phrase_count": 0,
        "phrases": [],
        "projection": "webmercator_hash_v1",
        "projection_method": "webmercator_hash_v1",
        "value": 1495
      },
      "type": "Feature"
    },
    {
      "geometry": {
        "coordinates": [
          173.812631,
          -62.533384
        ],
        "type": "Point"
      },
      "properties": {
        "cipher": "QWER",
        "has_phrases": false,
        "mode": "value_domain",
        "phrase_count": 0,
        "phrases": [],
        "projection": "webmercator_hash_v1",
        "projection_method": "webmercator_hash_v1",
        "value": 1496
      },
      "type": "Feature"
    },
    {
      "geometry": {
        "coordinates": [
          2.695619,
          4.95645
        ],
        "type": "Point"
      },
      "properties": {
        "cipher": "QWER",
        "has_phrases": false,
        "mode": "value_domain",
        "phrase_count": 0,
        "phrases": [],
        "projection": "webmercator_hash_v1",
        "projection_method": "webmercator_hash_v1",
        "value": 1497
      },
      "type": "Feature"
    },
    {
      "geometry": {
        "coordinates": [
          147.394539,
          19.314128
        ],
        "type": "Point"
      },
      "properties": {
        "cipher": "QWER",
        "has_phrases": false,
        "mode": "value_domain",
        "phrase_count": 0,
        "phrases": [],
        "projection": "webmercator_hash_v1",
        "projection_method": "webmercator_hash_v1",
        "value": 1498
      },
      "type": "Feature"
    },
    {
      "geometry": {
        "coordinates": [
          -121.020297,
          56.754849
        ],
        "type": "Point"
      },
      "properties": {
        "cipher": "QWER",
        "has_phrases": false,
        "mode": "value_domain",
        "phrase_count": 0,
        "phrases": [],
        "projection": "webmercator_hash_v1",
        "projection_method": "webmercator_hash_v1",
        "value": 1499
      },
      "type": "Feature"
    },
    {
      "geometry": {
        "coordinates": [
          171.772203,
          22.268347
        ],
        "type": "Point"
      },
      "properties": {
        "cipher": "QWER",
        "has_phrases": false,
        "mode": "value_domain",
        "phrase_count": 0,
        "phrases": [],
        "projection": "webmercator_hash_v1",
        "projection_method": "webmercator_hash_v1",
        "value": 1500
      },
      "type": "Feature"
    },
    {
      "geometry": {
        "coordinates": [
          128.511155,
          -68.460844
        ],
        "type": "Point"
      },
      "properties": {
        "cipher": "QWER",
        "has_phrases": false,
        "mode": "value_domain",
        "phrase_count": 0,
        "phrases": [],
        "projection": "webmercator_hash_v1",
        "projection_method": "webmercator_hash_v1",
        "value": 1501
      },
      "type": "Feature"
    },
    {
      "geometry": {
        "coordinates": [
          42.402224,
          35.899103
        ],
        "type": "Point"
      },
      "properties": {
        "cipher": "QWER",
        "has_phrases": false,
        "mode": "value_domain",
        "phrase_count": 0,
        "phrases": [],
        "projection": "webmercator_hash_v1",
        "projection_method": "webmercator_hash_v1",
        "value": 1502
      },
      "type": "Feature"
    },
    {
      "geometry": {
        "coordinates": [
          -121.866856,
          -55.869878
        ],
        "type": "Point"
      },
      "properties": {
        "cipher": "QWER",
        "has_phrases": false,
        "mode": "value_domain",
        "phrase_count": 0,
        "phrases": [],
        "projection": "webmercator_hash_v1",
        "projection_method": "webmercator_hash_v1",
        "value": 1503
      },
      "type": "Feature"
    },
    {
      "geometry": {
        "coordinates": [
          165.702905,
          -3.74762
        ],
        "type": "Point"
      },
      "properties": {
        "cipher": "QWER",
        "has_phrases": false,
        "mode": "value_domain",
        "phrase_count": 0,
        "phrases": [],
        "projection": "webmercator_hash_v1",
        "projection_method": "webmercator_hash_v1",
        "value": 1504
      },
      "type": "Feature"
    },
    {
      "geometry": {
        "coordinates": [
          134.735858,
          75.083741
        ],
        "type": "Point"
      },
      "properties": {
        "cipher": "QWER",
        "has_phrases": false,
        "mode": "value_domain",
        "phrase_count": 0,
        "phrases": [],
        "projection": "webmercator_hash_v1",
        "projection_method": "webmercator_hash_v1",
        "value": 1505
      },
      "type": "Feature"
    },
    {
      "geometry": {
        "coordinates": [
          149.608786,
          -59.780787
        ],
        "type": "Point"
      },
      "properties": {
        "cipher": "QWER",
        "has_phrases": false,
        "mode": "value_domain",
        "phrase_count": 0,
        "phrases": [],
        "projection": "webmercator_hash_v1",
        "projection_method": "webmercator_hash_v1",
        "value": 1506
      },
      "type": "Feature"
    },
    {
      "geometry": {
        "coordinates": [
          -71.442234,
          58.288946
        ],
        "type": "Point"
      },
      "properties": {
        "cipher": "QWER",
        "has_phrases": false,
        "mode": "value_domain",
        "phrase_count": 0,
        "phrases": [],
        "projection": "webmercator_hash_v1",
        "projection_method": "webmercator_hash_v1",
        "value": 1507
      },
      "type": "Feature"
    },
    {
      "geometry": {
        "coordinates": [
          -46.927903,
          -67.2372
        ],
        "type": "Point"
      },
      "properties": {
        "cipher": "QWER",
        "has_phrases": false,
        "mode": "value_domain",
        "phrase_count": 0,
        "phrases": [],
        "projection": "webmercator_hash_v1",
        "projection_method": "webmercator_hash_v1",
        "value": 1508
      },
      "type": "Feature"
    },
    {
      "geometry": {
        "coordinates": [
          -145.602769,
          47.219048
        ],
        "type": "Point"
      },
      "properties": {
        "cipher": "QWER",
        "has_phrases": false,
        "mode": "value_domain",
        "phrase_count": 0,
        "phrases": [],
        "projection": "webmercator_hash_v1",
        "projection_method": "webmercator_hash_v1",
        "value": 1509
      },
      "type": "Feature"
    },
    {
      "geometry": {
        "coordinates": [
          -104.936191,
          -1.134262
        ],
        "type": "Point"
      },
      "properties": {
        "cipher": "QWER",
        "has_phrases": false,
        "mode": "value_domain",
        "phrase_count": 0,
        "phrases": [],
        "projection": "webmercator_hash_v1",
        "projection_method": "webmercator_hash_v1",
        "value": 1510
      },
      "type": "Feature"
    },
    {
      "geometry": {
        "coordinates": [
          63.662419,
          -47.77726
        ],
        "type": "Point"
      },
      "properties": {
        "cipher": "QWER",
        "has_phrases": false,
        "mode": "value_domain",
        "phrase_count": 0,
        "phrases": [],
        "projection": "webmercator_hash_v1",
        "projection_method": "webmercator_hash_v1",
        "value": 1511
      },
      "type": "Feature"
    },
    {
      "geometry": {
        "coordinates": [
          61.395085,
          -37.074554
        ],
        "type": "Point"
      },
      "properties": {
        "cipher": "QWER",
        "has_phrases": false,
        "mode": "value_domain",
        "phrase_count": 0,
        "phrases": [],
        "projection": "webmercator_hash_v1",
        "projection_method": "webmercator_hash_v1",
        "value": 1512
      },
      "type": "Feature"
    },
    {
      "geometry": {
        "coordinates": [
          -160.123988,
          61.802941
        ],
        "type": "Point"
      },
      "properties": {
        "cipher": "QWER",
        "has_phrases": false,
        "mode": "value_domain",
        "phrase_count": 0,
        "phrases": [],
        "projection": "webmercator_hash_v1",
        "projection_method": "webmercator_hash_v1",
        "value": 1513
      },
      "type": "Feature"
    },
    {
      "geometry": {
        "coordinates": [
          128.480551,
          -58.495996
        ],
        "type": "Point"
      },
      "properties": {
        "cipher": "QWER",
        "has_phrases": false,
        "mode": "value_domain",
        "phrase_count": 0,
        "phrases": [],
        "projection": "webmercator_hash_v1",
        "projection_method": "webmercator_hash_v1",
        "value": 1514
      },
      "type": "Feature"
    },
    {
      "geometry": {
        "coordinates": [
          59.709228,
          82.087645
        ],
        "type": "Point"
      },
      "properties": {
        "cipher": "QWER",
        "has_phrases": false,
        "mode": "value_domain",
        "phrase_count": 0,
        "phrases": [],
        "projection": "webmercator_hash_v1",
        "projection_method": "webmercator_hash_v1",
        "value": 1515
      },
      "type": "Feature"
    },
    {
      "geometry": {
        "coordinates": [
          -153.29474,
          23.336689
        ],
        "type": "Point"
      },
      "properties": {
        "cipher": "QWER",
        "has_phrases": false,
        "mode": "value_domain",
        "phrase_count": 0,
        "phrases": [],
        "projection": "webmercator_hash_v1",
        "projection_method": "webmercator_hash_v1",
        "value": 1516
      },
      "type": "Feature"
    },
    {
      "geometry": {
        "coordinates": [
          151.238213,
          -37.477322
        ],
        "type": "Point"
      },
      "properties": {
        "cipher": "QWER",
        "has_phrases": false,
        "mode": "value_domain",
        "phrase_count": 0,
        "phrases": [],
        "projection": "webmercator_hash_v1",
        "projection_method": "webmercator_hash_v1",
        "value": 1517
      },
      "type": "Feature"
    },
    {
      "geometry": {
        "coordinates": [
          134.799478,
          -78.038156
        ],
        "type": "Point"
      },
      "properties": {
        "cipher": "QWER",
        "has_phrases": false,
        "mode": "value_domain",
        "phrase_count": 0,
        "phrases": [],
        "projection": "webmercator_hash_v1",
        "projection_method": "webmercator_hash_v1",
        "value": 1518
      },
      "type": "Feature"
    },
    {
      "geometry": {
        "coordinates": [
          -113.906859,
          57.451635
        ],
        "type": "Point"
      },
      "properties": {
        "cipher": "QWER",
        "has_phrases": false,
        "mode": "value_domain",
        "phrase_count": 0,
        "phrases": [],
        "projection": "webmercator_hash_v1",
        "projection_method": "webmercator_hash_v1",
        "value": 1519
      },
      "type": "Feature"
    },
    {
      "geometry": {
        "coordinates": [
          133.347806,
          -46.578905
        ],
        "type": "Point"
      },
      "properties": {
        "cipher": "QWER",
        "has_phrases": false,
        "mode": "value_domain",
        "phrase_count": 0,
        "phrases": [],
        "projection": "webmercator_hash_v1",
        "projection_method": "webmercator_hash_v1",
        "value": 1520
      },
      "type": "Feature"
    },
    {
      "geometry": {
        "coordinates": [
          31.870583,
          -72.221976
        ],
        "type": "Point"
      },
      "properties": {
        "cipher": "QWER",
        "has_phrases": false,
        "mode": "value_domain",
        "phrase_count": 0,
        "phrases": [],
        "projection": "webmercator_hash_v1",
        "projection_method": "webmercator_hash_v1",
        "value": 1521
      },
      "type": "Feature"
    },
    {
      "geometry": {
        "coordinates": [
          134.233588,
          -2.684877
        ],
        "type": "Point"
      },
      "properties": {
        "cipher": "QWER",
        "has_phrases": false,
        "mode": "value_domain",
        "phrase_count": 0,
        "phrases": [],
        "projection": "webmercator_hash_v1",
        "projection_method": "webmercator_hash_v1",
        "value": 1522
      },
      "type": "Feature"
    },
    {
      "geometry": {
        "coordinates": [
          -163.248638,
          52.400446
        ],
        "type": "Point"
      },
      "properties": {
        "cipher": "QWER",
        "has_phrases": false,
        "mode": "value_domain",
        "phrase_count": 0,
        "phrases": [],
        "projection": "webmercator_hash_v1",
        "projection_method": "webmercator_hash_v1",
        "value": 1523
      },
      "type": "Feature"
    },
    {
      "geometry": {
        "coordinates": [
          -178.080424,
          8.447694
        ],
        "type": "Point"
      },
      "properties": {
        "cipher": "QWER",
        "has_phrases": false,
        "mode": "value_domain",
        "phrase_count": 0,
        "phrases": [],
        "projection": "webmercator_hash_v1",
        "projection_method": "webmercator_hash_v1",
        "value": 1524
      },
      "type": "Feature"
    },
    {
      "geometry": {
        "coordinates": [
          -19.32066,
          -43.977373
        ],
        "type": "Point"
      },
      "properties": {
        "cipher": "QWER",
        "has_phrases": false,
        "mode": "value_domain",
        "phrase_count": 0,
        "phrases": [],
        "projection": "webmercator_hash_v1",
        "projection_method": "webmercator_hash_v1",
        "value": 1525
      },
      "type": "Feature"
    },
    {
      "geometry": {
        "coordinates": [
          -95.984535,
          84.497246
        ],
        "type": "Point"
      },
      "properties": {
        "cipher": "QWER",
        "has_phrases": false,
        "mode": "value_domain",
        "phrase_count": 0,
        "phrases": [],
        "projection": "webmercator_hash_v1",
        "projection_method": "webmercator_hash_v1",
        "value": 1526
      },
      "type": "Feature"
    },
    {
      "geometry": {
        "coordinates": [
          -145.438841,
          -4.953723
        ],
        "type": "Point"
      },
      "properties": {
        "cipher": "QWER",
        "has_phrases": false,
        "mode": "value_domain",
        "phrase_count": 0,
        "phrases": [],
        "projection": "webmercator_hash_v1",
        "projection_method": "webmercator_hash_v1",
        "value": 1527
      },
      "type": "Feature"
    },
    {
      "geometry": {
        "coordinates": [
          -97.226375,
          -21.141814
        ],
        "type": "Point"
      },
      "properties": {
        "cipher": "QWER",
        "has_phrases": false,
        "mode": "value_domain",
        "phrase_count": 0,
        "phrases": [],
        "projection": "webmercator_hash_v1",
        "projection_method": "webmercator_hash_v1",
        "value": 1528
      },
      "type": "Feature"
    },
    {
      "geometry": {
        "coordinates": [
          158.507417,
          -69.280719
        ],
        "type": "Point"
      },
      "properties": {
        "cipher": "QWER",
        "has_phrases": false,
        "mode": "value_domain",
        "phrase_count": 0,
        "phrases": [],
        "projection": "webmercator_hash_v1",
        "projection_method": "webmercator_hash_v1",
        "value": 1529
      },
      "type": "Feature"
    },
    {
      "geometry": {
        "coordinates": [
          -24.488666,
          -28.370023
        ],
        "type": "Point"
      },
      "properties": {
        "cipher": "QWER",
        "has_phrases": false,
        "mode": "value_domain",
        "phrase_count": 0,
        "phrases": [],
        "projection": "webmercator_hash_v1",
        "projection_method": "webmercator_hash_v1",
        "value": 1530
      },
      "type": "Feature"
    },
    {
      "geometry": {
        "coordinates": [
          138.160331,
          -64.924368
        ],
        "type": "Point"
      },
      "properties": {
        "cipher": "QWER",
        "has_phrases": false,
        "mode": "value_domain",
        "phrase_count": 0,
        "phrases": [],
        "projection": "webmercator_hash_v1",
        "projection_method": "webmercator_hash_v1",
        "value": 1531
      },
      "type": "Feature"
    },
    {
      "geometry": {
        "coordinates": [
          104.188831,
          -35.510536
        ],
        "type": "Point"
      },
      "properties": {
        "cipher": "QWER",
        "has_phrases": false,
        "mode": "value_domain",
        "phrase_count": 0,
        "phrases": [],
        "projection": "webmercator_hash_v1",
        "projection_method": "webmercator_hash_v1",
        "value": 1532
      },
      "type": "Feature"
    },
    {
      "geometry": {
        "coordinates": [
          12.638346,
          -17.902152
        ],
        "type": "Point"
      },
      "properties": {
        "cipher": "QWER",
        "has_phrases": false,
        "mode": "value_domain",
        "phrase_count": 0,
        "phrases": [],
        "projection": "webmercator_hash_v1",
        "projection_method": "webmercator_hash_v1",
        "value": 1533
      },
      "type": "Feature"
    },
    {
      "geometry": {
        "coordinates": [
          -155.854269,
          75.856722
        ],
        "type": "Point"
      },
      "properties": {
        "cipher": "QWER",
        "has_phrases": false,
        "mode": "value_domain",
        "phrase_count": 0,
        "phrases": [],
        "projection": "webmercator_hash_v1",
        "projection_method": "webmercator_hash_v1",
        "value": 1534
      },
      "type": "Feature"
    },
    {
      "geometry": {
        "coordinates": [
          99.299725,
          50.414445
        ],
        "type": "Point"
      },
      "properties": {
        "cipher": "QWER",
        "has_phrases": false,
        "mode": "value_domain",
        "phrase_count": 0,
        "phrases": [],
        "projection": "webmercator_hash_v1",
        "projection_method": "webmercator_hash_v1",
        "value": 1535
      },
      "type": "Feature"
    },
    {
      "geometry": {
        "coordinates": [
          121.723858,
          -15.454621
        ],
        "type": "Point"
      },
      "properties": {
        "cipher": "QWER",
        "has_phrases": false,
        "mode": "value_domain",
        "phrase_count": 0,
        "phrases": [],
        "projection": "webmercator_hash_v1",
        "projection_method": "webmercator_hash_v1",
        "value": 1536
      },
      "type": "Feature"
    },
    {
      "geometry": {
        "coordinates": [
          -76.787461,
          -84.257891
        ],
        "type": "Point"
      },
      "properties": {
        "cipher": "QWER",
        "has_phrases": false,
        "mode": "value_domain",
        "phrase_count": 0,
        "phrases": [],
        "projection": "webmercator_hash_v1",
        "projection_method": "webmercator_hash_v1",
        "value": 1537
      },
      "type": "Feature"
    },
    {
      "geometry": {
        "coordinates": [
          40.031845,
          51.147062
        ],
        "type": "Point"
      },
      "properties": {
        "cipher": "QWER",
        "has_phrases": false,
        "mode": "value_domain",
        "phrase_count": 0,
        "phrases": [],
        "projection": "webmercator_hash_v1",
        "projection_method": "webmercator_hash_v1",
        "value": 1538
      },
      "type": "Feature"
    },
    {
      "geometry": {
        "coordinates": [
          -17.268959,
          -61.76099
        ],
        "type": "Point"
      },
      "properties": {
        "cipher": "QWER",
        "has_phrases": false,
        "mode": "value_domain",
        "phrase_count": 0,
        "phrases": [],
        "projection": "webmercator_hash_v1",
        "projection_method": "webmercator_hash_v1",
        "value": 1539
      },
      "type": "Feature"
    },
    {
      "geometry": {
        "coordinates": [
          119.90752,
          -61.645652
        ],
        "type": "Point"
      },
      "properties": {
        "cipher": "QWER",
        "has_phrases": false,
        "mode": "value_domain",
        "phrase_count": 0,
        "phrases": [],
        "projection": "webmercator_hash_v1",
        "projection_method": "webmercator_hash_v1",
        "value": 1540
      },
      "type": "Feature"
    },
    {
      "geometry": {
        "coordinates": [
          -70.541702,
          18.381668
        ],
        "type": "Point"
      },
      "properties": {
        "cipher": "QWER",
        "has_phrases": false,
        "mode": "value_domain",
        "phrase_count": 0,
        "phrases": [],
        "projection": "webmercator_hash_v1",
        "projection_method": "webmercator_hash_v1",
        "value": 1541
      },
      "type": "Feature"
    },
    {
      "geometry": {
        "coordinates": [
          155.610811,
          -35.651168
        ],
        "type": "Point"
      },
      "properties": {
        "cipher": "QWER",
        "has_phrases": false,
        "mode": "value_domain",
        "phrase_count": 0,
        "phrases": [],
        "projection": "webmercator_hash_v1",
        "projection_method": "webmercator_hash_v1",
        "value": 1542
      },
      "type": "Feature"
    },
    {
      "geometry": {
        "coordinates": [
          106.773474,
          -18.933431
        ],
        "type": "Point"
      },
      "properties": {
        "cipher": "QWER",
        "has_phrases": false,
        "mode": "value_domain",
        "phrase_count": 0,
        "phrases": [],
        "projection": "webmercator_hash_v1",
        "projection_method": "webmercator_hash_v1",
        "value": 1543
      },
      "type": "Feature"
    },
    {
      "geometry": {
        "coordinates": [
          -67.311265,
          61.630584
        ],
        "type": "Point"
      },
      "properties": {
        "cipher": "QWER",
        "has_phrases": false,
        "mode": "value_domain",
        "phrase_count": 0,
        "phrases": [],
        "projection": "webmercator_hash_v1",
        "projection_method": "webmercator_hash_v1",
        "value": 1544
      },
      "type": "Feature"
    },
    {
      "geometry": {
        "coordinates": [
          -179.85956,
          -18.875556
        ],
        "type": "Point"
      },
      "properties": {
        "cipher": "QWER",
        "has_phrases": false,
        "mode": "value_domain",
        "phrase_count": 0,
        "phrases": [],
        "projection": "webmercator_hash_v1",
        "projection_method": "webmercator_hash_v1",
        "value": 1545
      },
      "type": "Feature"
    },
    {
      "geometry": {
        "coordinates": [
          -48.026729,
          4.041391
        ],
        "type": "Point"
      },
      "properties": {
        "cipher": "QWER",
        "has_phrases": false,
        "mode": "value_domain",
        "phrase_count": 0,
        "phrases": [],
        "projection": "webmercator_hash_v1",
        "projection_method": "webmercator_hash_v1",
        "value": 1546
      },
      "type": "Feature"
    },
    {
      "geometry": {
        "coordinates": [
          49.836045,
          -3.972935
        ],
        "type": "Point"
      },
      "properties": {
        "cipher": "QWER",
        "has_phrases": false,
        "mode": "value_domain",
        "phrase_count": 0,
        "phrases": [],
        "projection": "webmercator_hash_v1",
        "projection_method": "webmercator_hash_v1",
        "value": 1547
      },
      "type": "Feature"
    },
    {
      "geometry": {
        "coordinates": [
          -121.209496,
          -29.938824
        ],
        "type": "Point"
      },
      "properties": {
        "cipher": "QWER",
        "has_phrases": false,
        "mode": "value_domain",
        "phrase_count": 0,
        "phrases": [],
        "projection": "webmercator_hash_v1",
        "projection_method": "webmercator_hash_v1",
        "value": 1548
      },
      "type": "Feature"
    },
    {
      "geometry": {
        "coordinates": [
          15.461633,
          -60.539159
        ],
        "type": "Point"
      },
      "properties": {
        "cipher": "QWER",
        "has_phrases": false,
        "mode": "value_domain",
        "phrase_count": 0,
        "phrases": [],
        "projection": "webmercator_hash_v1",
        "projection_method": "webmercator_hash_v1",
        "value": 1549
      },
      "type": "Feature"
    },
    {
      "geometry": {
        "coordinates": [
          -5.724148,
          -20.55499
        ],
        "type": "Point"
      },
      "properties": {
        "cipher": "QWER",
        "has_phrases": false,
        "mode": "value_domain",
        "phrase_count": 0,
        "phrases": [],
        "projection": "webmercator_hash_v1",
        "projection_method": "webmercator_hash_v1",
        "value": 1550
      },
      "type": "Feature"
    },
    {
      "geometry": {
        "coordinates": [
          -113.972035,
          79.905269
        ],
        "type": "Point"
      },
      "properties": {
        "cipher": "QWER",
        "has_phrases": false,
        "mode": "value_domain",
        "phrase_count": 0,
        "phrases": [],
        "projection": "webmercator_hash_v1",
        "projection_method": "webmercator_hash_v1",
        "value": 1551
      },
      "type": "Feature"
    },
    {
      "geometry": {
        "coordinates": [
          112.838832,
          19.561669
        ],
        "type": "Point"
      },
      "properties": {
        "cipher": "QWER",
        "has_phrases": false,
        "mode": "value_domain",
        "phrase_count": 0,
        "phrases": [],
        "projection": "webmercator_hash_v1",
        "projection_method": "webmercator_hash_v1",
        "value": 1552
      },
      "type": "Feature"
    },
    {
      "geometry": {
        "coordinates": [
          89.433391,
          15.079849
        ],
        "type": "Point"
      },
      "properties": {
        "cipher": "QWER",
        "has_phrases": false,
        "mode": "value_domain",
        "phrase_count": 0,
        "phrases": [],
        "projection": "webmercator_hash_v1",
        "projection_method": "webmercator_hash_v1",
        "value": 1553
      },
      "type": "Feature"
    },
    {
      "geometry": {
        "coordinates": [
          76.763963,
          -37.396222
        ],
        "type": "Point"
      },
      "properties": {
        "cipher": "QWER",
        "has_phrases": false,
        "mode": "value_domain",
        "phrase_count": 0,
        "phrases": [],
        "projection": "webmercator_hash_v1",
        "projection_method": "webmercator_hash_v1",
        "value": 1554
      },
      "type": "Feature"
    },
    {
      "geometry": {
        "coordinates": [
          -148.723979,
          -78.995692
        ],
        "type": "Point"
      },
      "properties": {
        "cipher": "QWER",
        "has_phrases": false,
        "mode": "value_domain",
        "phrase_count": 0,
        "phrases": [],
        "projection": "webmercator_hash_v1",
        "projection_method": "webmercator_hash_v1",
        "value": 1555
      },
      "type": "Feature"
    },
    {
      "geometry": {
        "coordinates": [
          154.225488,
          -6.725425
        ],
        "type": "Point"
      },
      "properties": {
        "cipher": "QWER",
        "has_phrases": false,
        "mode": "value_domain",
        "phrase_count": 0,
        "phrases": [],
        "projection": "webmercator_hash_v1",
        "projection_method": "webmercator_hash_v1",
        "value": 1556
      },
      "type": "Feature"
    },
    {
      "geometry": {
        "coordinates": [
          -33.792173,
          -63.224261
        ],
        "type": "Point"
      },
      "properties": {
        "cipher": "QWER",
        "has_phrases": false,
        "mode": "value_domain",
        "phrase_count": 0,
        "phrases": [],
        "projection": "webmercator_hash_v1",
        "projection_method": "webmercator_hash_v1",
        "value": 1557
      },
      "type": "Feature"
    },
    {
      "geometry": {
        "coordinates": [
          145.470744,
          -18.83399
        ],
        "type": "Point"
      },
      "properties": {
        "cipher": "QWER",
        "has_phrases": false,
        "mode": "value_domain",
        "phrase_count": 0,
        "phrases": [],
        "projection": "webmercator_hash_v1",
        "projection_method": "webmercator_hash_v1",
        "value": 1558
      },
      "type": "Feature"
    },
    {
      "geometry": {
        "coordinates": [
          118.43333,
          -58.228297
        ],
        "type": "Point"
      },
      "properties": {
        "cipher": "QWER",
        "has_phrases": false,
        "mode": "value_domain",
        "phrase_count": 0,
        "phrases": [],
        "projection": "webmercator_hash_v1",
        "projection_method": "webmercator_hash_v1",
        "value": 1559
      },
      "type": "Feature"
    },
    {
      "geometry": {
        "coordinates": [
          -31.926729,
          27.419781
        ],
        "type": "Point"
      },
      "properties": {
        "cipher": "QWER",
        "has_phrases": false,
        "mode": "value_domain",
        "phrase_count": 0,
        "phrases": [],
        "projection": "webmercator_hash_v1",
        "projection_method": "webmercator_hash_v1",
        "value": 1560
      },
      "type": "Feature"
    },
    {
      "geometry": {
        "coordinates": [
          150.989177,
          42.317657
        ],
        "type": "Point"
      },
      "properties": {
        "cipher": "QWER",
        "has_phrases": false,
        "mode": "value_domain",
        "phrase_count": 0,
        "phrases": [],
        "projection": "webmercator_hash_v1",
        "projection_method": "webmercator_hash_v1",
        "value": 1561
      },
      "type": "Feature"
    },
    {
      "geometry": {
        "coordinates": [
          12.25684,
          -12.028472
        ],
        "type": "Point"
      },
      "properties": {
        "cipher": "QWER",
        "has_phrases": false,
        "mode": "value_domain",
        "phrase_count": 0,
        "phrases": [],
        "projection": "webmercator_hash_v1",
        "projection_method": "webmercator_hash_v1",
        "value": 1562
      },
      "type": "Feature"
    },
    {
      "geometry": {
        "coordinates": [
          38.037243,
          22.680945
        ],
        "type": "Point"
      },
      "properties": {
        "cipher": "QWER",
        "has_phrases": false,
        "mode": "value_domain",
        "phrase_count": 0,
        "phrases": [],
        "projection": "webmercator_hash_v1",
        "projection_method": "webmercator_hash_v1",
        "value": 1563
      },
      "type": "Feature"
    },
    {
      "geometry": {
        "coordinates": [
          -56.4394,
          -81.765444
        ],
        "type": "Point"
      },
      "properties": {
        "cipher": "QWER",
        "has_phrases": false,
        "mode": "value_domain",
        "phrase_count": 0,
        "phrases": [],
        "projection": "webmercator_hash_v1",
        "projection_method": "webmercator_hash_v1",
        "value": 1564
      },
      "type": "Feature"
    },
    {
      "geometry": {
        "coordinates": [
          -12.733969,
          59.873617
        ],
        "type": "Point"
      },
      "properties": {
        "cipher": "QWER",
        "has_phrases": false,
        "mode": "value_domain",
        "phrase_count": 0,
        "phrases": [],
        "projection": "webmercator_hash_v1",
        "projection_method": "webmercator_hash_v1",
        "value": 1565
      },
      "type": "Feature"
    },
    {
      "geometry": {
        "coordinates": [
          94.11565,
          -41.306778
        ],
        "type": "Point"
      },
      "properties": {
        "cipher": "QWER",
        "has_phrases": false,
        "mode": "value_domain",
        "phrase_count": 0,
        "phrases": [],
        "projection": "webmercator_hash_v1",
        "projection_method": "webmercator_hash_v1",
        "value": 1566
      },
      "type": "Feature"
    },
    {
      "geometry": {
        "coordinates": [
          -170.85824,
          54.231292
        ],
        "type": "Point"
      },
      "properties": {
        "cipher": "QWER",
        "has_phrases": false,
        "mode": "value_domain",
        "phrase_count": 0,
        "phrases": [],
        "projection": "webmercator_hash_v1",
        "projection_method": "webmercator_hash_v1",
        "value": 1567
      },
      "type": "Feature"
    },
    {
      "geometry": {
        "coordinates": [
          5.699247,
          42.529668
        ],
        "type": "Point"
      },
      "properties": {
        "cipher": "QWER",
        "has_phrases": false,
        "mode": "value_domain",
        "phrase_count": 0,
        "phrases": [],
        "projection": "webmercator_hash_v1",
        "projection_method": "webmercator_hash_v1",
        "value": 1568
      },
      "type": "Feature"
    },
    {
      "geometry": {
        "coordinates": [
          27.065852,
          52.430576
        ],
        "type": "Point"
      },
      "properties": {
        "cipher": "QWER",
        "has_phrases": false,
        "mode": "value_domain",
        "phrase_count": 0,
        "phrases": [],
        "projection": "webmercator_hash_v1",
        "projection_method": "webmercator_hash_v1",
        "value": 1569
      },
      "type": "Feature"
    },
    {
      "geometry": {
        "coordinates": [
          78.727973,
          -69.535611
        ],
        "type": "Point"
      },
      "properties": {
        "cipher": "QWER",
        "has_phrases": false,
        "mode": "value_domain",
        "phrase_count": 0,
        "phrases": [],
        "projection": "webmercator_hash_v1",
        "projection_method": "webmercator_hash_v1",
        "value": 1570
      },
      "type": "Feature"
    },
    {
      "geometry": {
        "coordinates": [
          36.175691,
          42.416405
        ],
        "type": "Point"
      },
      "properties": {
        "cipher": "QWER",
        "has_phrases": false,
        "mode": "value_domain",
        "phrase_count": 0,
        "phrases": [],
        "projection": "webmercator_hash_v1",
        "projection_method": "webmercator_hash_v1",
        "value": 1571
      },
      "type": "Feature"
    },
    {
      "geometry": {
        "coordinates": [
          -140.949133,
          -68.22736
        ],
        "type": "Point"
      },
      "properties": {
        "cipher": "QWER",
        "has_phrases": false,
        "mode": "value_domain",
        "phrase_count": 0,
        "phrases": [],
        "projection": "webmercator_hash_v1",
        "projection_method": "webmercator_hash_v1",
        "value": 1572
      },
      "type": "Feature"
    },
    {
      "geometry": {
        "coordinates": [
          145.156643,
          23.268014
        ],
        "type": "Point"
      },
      "properties": {
        "cipher": "QWER",
        "has_phrases": false,
        "mode": "value_domain",
        "phrase_count": 0,
        "phrases": [],
        "projection": "webmercator_hash_v1",
        "projection_method": "webmercator_hash_v1",
        "value": 1573
      },
      "type": "Feature"
    },
    {
      "geometry": {
        "coordinates": [
          -167.130205,
          -70.582908
        ],
        "type": "Point"
      },
      "properties": {
        "cipher": "QWER",
        "has_phrases": false,
        "mode": "value_domain",
        "phrase_count": 0,
        "phrases": [],
        "projection": "webmercator_hash_v1",
        "projection_method": "webmercator_hash_v1",
        "value": 1574
      },
      "type": "Feature"
    },
    {
      "geometry": {
        "coordinates": [
          -139.412652,
          67.870877
        ],
        "type": "Point"
      },
      "properties": {
        "cipher": "QWER",
        "has_phrases": false,
        "mode": "value_domain",
        "phrase_count": 0,
        "phrases": [],
        "projection": "webmercator_hash_v1",
        "projection_method": "webmercator_hash_v1",
        "value": 1575
      },
      "type": "Feature"
    },
    {
      "geometry": {
        "coordinates": [
          -71.406624,
          -38.322301
        ],
        "type": "Point"
      },
      "properties": {
        "cipher": "QWER",
        "has_phrases": false,
        "mode": "value_domain",
        "phrase_count": 0,
        "phrases": [],
        "projection": "webmercator_hash_v1",
        "projection_method": "webmercator_hash_v1",
        "value": 1576
      },
      "type": "Feature"
    },
    {
      "geometry": {
        "coordinates": [
          -137.889642,
          36.538772
        ],
        "type": "Point"
      },
      "properties": {
        "cipher": "QWER",
        "has_phrases": false,
        "mode": "value_domain",
        "phrase_count": 0,
        "phrases": [],
        "projection": "webmercator_hash_v1",
        "projection_method": "webmercator_hash_v1",
        "value": 1577
      },
      "type": "Feature"
    },
    {
      "geometry": {
        "coordinates": [
          36.306206,
          -39.792617
        ],
        "type": "Point"
      },
      "properties": {
        "cipher": "QWER",
        "has_phrases": false,
        "mode": "value_domain",
        "phrase_count": 0,
        "phrases": [],
        "projection": "webmercator_hash_v1",
        "projection_method": "webmercator_hash_v1",
        "value": 1578
      },
      "type": "Feature"
    },
    {
      "geometry": {
        "coordinates": [
          -89.813622,
          -41.682069
        ],
        "type": "Point"
      },
      "properties": {
        "cipher": "QWER",
        "has_phrases": false,
        "mode": "value_domain",
        "phrase_count": 0,
        "phrases": [],
        "projection": "webmercator_hash_v1",
        "projection_method": "webmercator_hash_v1",
        "value": 1579
      },
      "type": "Feature"
    },
    {
      "geometry": {
        "coordinates": [
          -11.375567,
          -43.504572
        ],
        "type": "Point"
      },
      "properties": {
        "cipher": "QWER",
        "has_phrases": false,
        "mode": "value_domain",
        "phrase_count": 0,
        "phrases": [],
        "projection": "webmercator_hash_v1",
        "projection_method": "webmercator_hash_v1",
        "value": 1580
      },
      "type": "Feature"
    },
    {
      "geometry": {
        "coordinates": [
          84.683036,
          63.124271
        ],
        "type": "Point"
      },
      "properties": {
        "cipher": "QWER",
        "has_phrases": false,
        "mode": "value_domain",
        "phrase_count": 0,
        "phrases": [],
        "projection": "webmercator_hash_v1",
        "projection_method": "webmercator_hash_v1",
        "value": 1581
      },
      "type": "Feature"
    },
    {
      "geometry": {
        "coordinates": [
          -80.499477,
          53.60444
        ],
        "type": "Point"
      },
      "properties": {
        "cipher": "QWER",
        "has_phrases": false,
        "mode": "value_domain",
        "phrase_count": 0,
        "phrases": [],
        "projection": "webmercator_hash_v1",
        "projection_method": "webmercator_hash_v1",
        "value": 1582
      },
      "type": "Feature"
    },
    {
      "geometry": {
        "coordinates": [
          146.733275,
          40.825923
        ],
        "type": "Point"
      },
      "properties": {
        "cipher": "QWER",
        "has_phrases": false,
        "mode": "value_domain",
        "phrase_count": 0,
        "phrases": [],
        "projection": "webmercator_hash_v1",
        "projection_method": "webmercator_hash_v1",
        "value": 1583
      },
      "type": "Feature"
    },
    {
      "geometry": {
        "coordinates": [
          -53.584288,
          -69.315089
        ],
        "type": "Point"
      },
      "properties": {
        "cipher": "QWER",
        "has_phrases": false,
        "mode": "value_domain",
        "phrase_count": 0,
        "phrases": [],
        "projection": "webmercator_hash_v1",
        "projection_method": "webmercator_hash_v1",
        "value": 1584
      },
      "type": "Feature"
    },
    {
      "geometry": {
        "coordinates": [
          -151.961123,
          -10.991283
        ],
        "type": "Point"
      },
      "properties": {
        "cipher": "QWER",
        "has_phrases": false,
        "mode": "value_domain",
        "phrase_count": 0,
        "phrases": [],
        "projection": "webmercator_hash_v1",
        "projection_method": "webmercator_hash_v1",
        "value": 1585
      },
      "type": "Feature"
    },
    {
      "geometry": {
        "coordinates": [
          -147.071354,
          33.945594
        ],
        "type": "Point"
      },
      "properties": {
        "cipher": "QWER",
        "has_phrases": false,
        "mode": "value_domain",
        "phrase_count": 0,
        "phrases": [],
        "projection": "webmercator_hash_v1",
        "projection_method": "webmercator_hash_v1",
        "value": 1586
      },
      "type": "Feature"
    },
    {
      "geometry": {
        "coordinates": [
          -77.548801,
          -53.639898
        ],
        "type": "Point"
      },
      "properties": {
        "cipher": "QWER",
        "has_phrases": false,
        "mode": "value_domain",
        "phrase_count": 0,
        "phrases": [],
        "projection": "webmercator_hash_v1",
        "projection_method": "webmercator_hash_v1",
        "value": 1587
      },
      "type": "Feature"
    },
    {
      "geometry": {
        "coordinates": [
          87.370846,
          64.650223
        ],
        "type": "Point"
      },
      "properties": {
        "cipher": "QWER",
        "has_phrases": false,
        "mode": "value_domain",
        "phrase_count": 0,
        "phrases": [],
        "projection": "webmercator_hash_v1",
        "projection_method": "webmercator_hash_v1",
        "value": 1588
      },
      "type": "Feature"
    },
    {
      "geometry": {
        "coordinates": [
          104.738212,
          -20.273949
        ],
        "type": "Point"
      },
      "properties": {
        "cipher": "QWER",
        "has_phrases": false,
        "mode": "value_domain",
        "phrase_count": 0,
        "phrases": [],
        "projection": "webmercator_hash_v1",
        "projection_method": "webmercator_hash_v1",
        "value": 1589
      },
      "type": "Feature"
    },
    {
      "geometry": {
        "coordinates": [
          60.568,
          -17.892241
        ],
        "type": "Point"
      },
      "properties": {
        "cipher": "QWER",
        "has_phrases": false,
        "mode": "value_domain",
        "phrase_count": 0,
        "phrases": [],
        "projection": "webmercator_hash_v1",
        "projection_method": "webmercator_hash_v1",
        "value": 1590
      },
      "type": "Feature"
    },
    {
      "geometry": {
        "coordinates": [
          -70.391101,
          59.163036
        ],
        "type": "Point"
      },
      "properties": {
        "cipher": "QWER",
        "has_phrases": false,
        "mode": "value_domain",
        "phrase_count": 0,
        "phrases": [],
        "projection": "webmercator_hash_v1",
        "projection_method": "webmercator_hash_v1",
        "value": 1591
      },
      "type": "Feature"
    },
    {
      "geometry": {
        "coordinates": [
          -17.797345,
          25.087889
        ],
        "type": "Point"
      },
      "properties": {
        "cipher": "QWER",
        "has_phrases": false,
        "mode": "value_domain",
        "phrase_count": 0,
        "phrases": [],
        "projection": "webmercator_hash_v1",
        "projection_method": "webmercator_hash_v1",
        "value": 1592
      },
      "type": "Feature"
    },
    {
      "geometry": {
        "coordinates": [
          -6.957776,
          63.366062
        ],
        "type": "Point"
      },
      "properties": {
        "cipher": "QWER",
        "has_phrases": false,
        "mode": "value_domain",
        "phrase_count": 0,
        "phrases": [],
        "projection": "webmercator_hash_v1",
        "projection_method": "webmercator_hash_v1",
        "value": 1593
      },
      "type": "Feature"
    },
    {
      "geometry": {
        "coordinates": [
          -8.467704,
          -75.115824
        ],
        "type": "Point"
      },
      "properties": {
        "cipher": "QWER",
        "has_phrases": false,
        "mode": "value_domain",
        "phrase_count": 0,
        "phrases": [],
        "projection": "webmercator_hash_v1",
        "projection_method": "webmercator_hash_v1",
        "value": 1594
      },
      "type": "Feature"
    },
    {
      "geometry": {
        "coordinates": [
          55.527211,
          -52.980173
        ],
        "type": "Point"
      },
      "properties": {
        "cipher": "QWER",
        "has_phrases": false,
        "mode": "value_domain",
        "phrase_count": 0,
        "phrases": [],
        "projection": "webmercator_hash_v1",
        "projection_method": "webmercator_hash_v1",
        "value": 1595
      },
      "type": "Feature"
    },
    {
      "geometry": {
        "coordinates": [
          -101.911375,
          16.667639
        ],
        "type": "Point"
      },
      "properties": {
        "cipher": "QWER",
        "has_phrases": false,
        "mode": "value_domain",
        "phrase_count": 0,
        "phrases": [],
        "projection": "webmercator_hash_v1",
        "projection_method": "webmercator_hash_v1",
        "value": 1596
      },
      "type": "Feature"
    },
    {
      "geometry": {
        "coordinates": [
          86.91112,
          36.499482
        ],
        "type": "Point"
      },
      "properties": {
        "cipher": "QWER",
        "has_phrases": false,
        "mode": "value_domain",
        "phrase_count": 0,
        "phrases": [],
        "projection": "webmercator_hash_v1",
        "projection_method": "webmercator_hash_v1",
        "value": 1597
      },
      "type": "Feature"
    },
    {
      "geometry": {
        "coordinates": [
          21.570333,
          -0.870522
        ],
        "type": "Point"
      },
      "properties": {
        "cipher": "QWER",
        "has_phrases": false,
        "mode": "value_domain",
        "phrase_count": 0,
        "phrases": [],
        "projection": "webmercator_hash_v1",
        "projection_method": "webmercator_hash_v1",
        "value": 1598
      },
      "type": "Feature"
    },
    {
      "geometry": {
        "coordinates": [
          12.526688,
          23.624844
        ],
        "type": "Point"
      },
      "properties": {
        "cipher": "QWER",
        "has_phrases": false,
        "mode": "value_domain",
        "phrase_count": 0,
        "phrases": [],
        "projection": "webmercator_hash_v1",
        "projection_method": "webmercator_hash_v1",
        "value": 1599
      },
      "type": "Feature"
    },
    {
      "geometry": {
        "coordinates": [
          -124.834923,
          -20.706817
        ],
        "type": "Point"
      },
      "properties": {
        "cipher": "QWER",
        "has_phrases": false,
        "mode": "value_domain",
        "phrase_count": 0,
        "phrases": [],
        "projection": "webmercator_hash_v1",
        "projection_method": "webmercator_hash_v1",
        "value": 1600
      },
      "type": "Feature"
    },
    {
      "geometry": {
        "coordinates": [
          144.936301,
          73.299062
        ],
        "type": "Point"
      },
      "properties": {
        "cipher": "QWER",
        "has_phrases": false,
        "mode": "value_domain",
        "phrase_count": 0,
        "phrases": [],
        "projection": "webmercator_hash_v1",
        "projection_method": "webmercator_hash_v1",
        "value": 1601
      },
      "type": "Feature"
    },
    {
      "geometry": {
        "coordinates": [
          93.142303,
          -6.262427
        ],
        "type": "Point"
      },
      "properties": {
        "cipher": "QWER",
        "has_phrases": false,
        "mode": "value_domain",
        "phrase_count": 0,
        "phrases": [],
        "projection": "webmercator_hash_v1",
        "projection_method": "webmercator_hash_v1",
        "value": 1602
      },
      "type": "Feature"
    },
    {
      "geometry": {
        "coordinates": [
          -111.89546,
          -11.657266
        ],
        "type": "Point"
      },
      "properties": {
        "cipher": "QWER",
        "has_phrases": false,
        "mode": "value_domain",
        "phrase_count": 0,
        "phrases": [],
        "projection": "webmercator_hash_v1",
        "projection_method": "webmercator_hash_v1",
        "value": 1603
      },
      "type": "Feature"
    },
    {
      "geometry": {
        "coordinates": [
          -55.200226,
          -22.762573
        ],
        "type": "Point"
      },
      "properties": {
        "cipher": "QWER",
        "has_phrases": false,
        "mode": "value_domain",
        "phrase_count": 0,
        "phrases": [],
        "projection": "webmercator_hash_v1",
        "projection_method": "webmercator_hash_v1",
        "value": 1604
      },
      "type": "Feature"
    },
    {
      "geometry": {
        "coordinates": [
          -124.847559,
          24.879985
        ],
        "type": "Point"
      },
      "properties": {
        "cipher": "QWER",
        "has_phrases": false,
        "mode": "value_domain",
        "phrase_count": 0,
        "phrases": [],
        "projection": "webmercator_hash_v1",
        "projection_method": "webmercator_hash_v1",
        "value": 1605
      },
      "type": "Feature"
    },
    {
      "geometry": {
        "coordinates": [
          -158.543755,
          -15.845575
        ],
        "type": "Point"
      },
      "properties": {
        "cipher": "QWER",
        "has_phrases": false,
        "mode": "value_domain",
        "phrase_count": 0,
        "phrases": [],
        "projection": "webmercator_hash_v1",
        "projection_method": "webmercator_hash_v1",
        "value": 1606
      },
      "type": "Feature"
    },
    {
      "geometry": {
        "coordinates": [
          119.656794,
          -79.814648
        ],
        "type": "Point"
      },
      "properties": {
        "cipher": "QWER",
        "has_phrases": false,
        "mode": "value_domain",
        "phrase_count": 0,
        "phrases": [],
        "projection": "webmercator_hash_v1",
        "projection_method": "webmercator_hash_v1",
        "value": 1607
      },
      "type": "Feature"
    },
    {
      "geometry": {
        "coordinates": [
          59.830855,
          66.999769
        ],
        "type": "Point"
      },
      "properties": {
        "cipher": "QWER",
        "has_phrases": false,
        "mode": "value_domain",
        "phrase_count": 0,
        "phrases": [],
        "projection": "webmercator_hash_v1",
        "projection_method": "webmercator_hash_v1",
        "value": 1608
      },
      "type": "Feature"
    },
    {
      "geometry": {
        "coordinates": [
          75.819744,
          -16.77437
        ],
        "type": "Point"
      },
      "properties": {
        "cipher": "QWER",
        "has_phrases": false,
        "mode": "value_domain",
        "phrase_count": 0,
        "phrases": [],
        "projection": "webmercator_hash_v1",
        "projection_method": "webmercator_hash_v1",
        "value": 1609
      },
      "type": "Feature"
    },
    {
      "geometry": {
        "coordinates": [
          -96.83788,
          10.399476
        ],
        "type": "Point"
      },
      "properties": {
        "cipher": "QWER",
        "has_phrases": false,
        "mode": "value_domain",
        "phrase_count": 0,
        "phrases": [],
        "projection": "webmercator_hash_v1",
        "projection_method": "webmercator_hash_v1",
        "value": 1610
      },
      "type": "Feature"
    },
    {
      "geometry": {
        "coordinates": [
          -87.82385,
          -64.676221
        ],
        "type": "Point"
      },
      "properties": {
        "cipher": "QWER",
        "has_phrases": false,
        "mode": "value_domain",
        "phrase_count": 0,
        "phrases": [],
        "projection": "webmercator_hash_v1",
        "projection_method": "webmercator_hash_v1",
        "value": 1611
      },
      "type": "Feature"
    },
    {
      "geometry": {
        "coordinates": [
          115.603851,
          3.483574
        ],
        "type": "Point"
      },
      "properties": {
        "cipher": "QWER",
        "has_phrases": false,
        "mode": "value_domain",
        "phrase_count": 0,
        "phrases": [],
        "projection": "webmercator_hash_v1",
        "projection_method": "webmercator_hash_v1",
        "value": 1612
      },
      "type": "Feature"
    },
    {
      "geometry": {
        "coordinates": [
          -61.989994,
          -57.362119
        ],
        "type": "Point"
      },
      "properties": {
        "cipher": "QWER",
        "has_phrases": false,
        "mode": "value_domain",
        "phrase_count": 0,
        "phrases": [],
        "projection": "webmercator_hash_v1",
        "projection_method": "webmercator_hash_v1",
        "value": 1613
      },
      "type": "Feature"
    },
    {
      "geometry": {
        "coordinates": [
          -164.611417,
          -19.625314
        ],
        "type": "Point"
      },
      "properties": {
        "cipher": "QWER",
        "has_phrases": false,
        "mode": "value_domain",
        "phrase_count": 0,
        "phrases": [],
        "projection": "webmercator_hash_v1",
        "projection_method": "webmercator_hash_v1",
        "value": 1614
      },
      "type": "Feature"
    },
    {
      "geometry": {
        "coordinates": [
          -6.060911,
          54.924839
        ],
        "type": "Point"
      },
      "properties": {
        "cipher": "QWER",
        "has_phrases": false,
        "mode": "value_domain",
        "phrase_count": 0,
        "phrases": [],
        "projection": "webmercator_hash_v1",
        "projection_method": "webmercator_hash_v1",
        "value": 1615
      },
      "type": "Feature"
    },
    {
      "geometry": {
        "coordinates": [
          -118.616248,
          -36.327754
        ],
        "type": "Point"
      },
      "properties": {
        "cipher": "QWER",
        "has_phrases": false,
        "mode": "value_domain",
        "phrase_count": 0,
        "phrases": [],
        "projection": "webmercator_hash_v1",
        "projection_method": "webmercator_hash_v1",
        "value": 1616
      },
      "type": "Feature"
    },
    {
      "geometry": {
        "coordinates": [
          -21.588627,
          -68.713291
        ],
        "type": "Point"
      },
      "properties": {
        "cipher": "QWER",
        "has_phrases": false,
        "mode": "value_domain",
        "phrase_count": 0,
        "phrases": [],
        "projection": "webmercator_hash_v1",
        "projection_method": "webmercator_hash_v1",
        "value": 1617
      },
      "type": "Feature"
    },
    {
      "geometry": {
        "coordinates": [
          -16.539735,
          -34.431197
        ],
        "type": "Point"
      },
      "properties": {
        "cipher": "QWER",
        "has_phrases": false,
        "mode": "value_domain",
        "phrase_count": 0,
        "phrases": [],
        "projection": "webmercator_hash_v1",
        "projection_method": "webmercator_hash_v1",
        "value": 1618
      },
      "type": "Feature"
    },
    {
      "geometry": {
        "coordinates": [
          -34.025012,
          -10.835172
        ],
        "type": "Point"
      },
      "properties": {
        "cipher": "QWER",
        "has_phrases": false,
        "mode": "value_domain",
        "phrase_count": 0,
        "phrases": [],
        "projection": "webmercator_hash_v1",
        "projection_method": "webmercator_hash_v1",
        "value": 1619
      },
      "type": "Feature"
    },
    {
      "geometry": {
        "coordinates": [
          69.734755,
          4.528841
        ],
        "type": "Point"
      },
      "properties": {
        "cipher": "QWER",
        "has_phrases": false,
        "mode": "value_domain",
        "phrase_count": 0,
        "phrases": [],
        "projection": "webmercator_hash_v1",
        "projection_method": "webmercator_hash_v1",
        "value": 1620
      },
      "type": "Feature"
    },
    {
      "geometry": {
        "coordinates": [
          -56.314757,
          56.298069
        ],
        "type": "Point"
      },
      "properties": {
        "cipher": "QWER",
        "has_phrases": false,
        "mode": "value_domain",
        "phrase_count": 0,
        "phrases": [],
        "projection": "webmercator_hash_v1",
        "projection_method": "webmercator_hash_v1",
        "value": 1621
      },
      "type": "Feature"
    },
    {
      "geometry": {
        "coordinates": [
          -69.831937,
          21.161007
        ],
        "type": "Point"
      },
      "properties": {
        "cipher": "QWER",
        "has_phrases": false,
        "mode": "value_domain",
        "phrase_count": 0,
        "phrases": [],
        "projection": "webmercator_hash_v1",
        "projection_method": "webmercator_hash_v1",
        "value": 1622
      },
      "type": "Feature"
    },
    {
      "geometry": {
        "coordinates": [
          -153.827236,
          79.75363
        ],
        "type": "Point"
      },
      "properties": {
        "cipher": "QWER",
        "has_phrases": false,
        "mode": "value_domain",
        "phrase_count": 0,
        "phrases": [],
        "projection": "webmercator_hash_v1",
        "projection_method": "webmercator_hash_v1",
        "value": 1623
      },
      "type": "Feature"
    },
    {
      "geometry": {
        "coordinates": [
          107.835456,
          -44.989719
        ],
        "type": "Point"
      },
      "properties": {
        "cipher": "QWER",
        "has_phrases": false,
        "mode": "value_domain",
        "phrase_count": 0,
        "phrases": [],
        "projection": "webmercator_hash_v1",
        "projection_method": "webmercator_hash_v1",
        "value": 1624
      },
      "type": "Feature"
    },
    {
      "geometry": {
        "coordinates": [
          101.021693,
          -13.89991
        ],
        "type": "Point"
      },
      "properties": {
        "cipher": "QWER",
        "has_phrases": false,
        "mode": "value_domain",
        "phrase_count": 0,
        "phrases": [],
        "projection": "webmercator_hash_v1",
        "projection_method": "webmercator_hash_v1",
        "value": 1625
      },
      "type": "Feature"
    },
    {
      "geometry": {
        "coordinates": [
          -101.601463,
          -14.113864
        ],
        "type": "Point"
      },
      "properties": {
        "cipher": "QWER",
        "has_phrases": false,
        "mode": "value_domain",
        "phrase_count": 0,
        "phrases": [],
        "projection": "webmercator_hash_v1",
        "projection_method": "webmercator_hash_v1",
        "value": 1626
      },
      "type": "Feature"
    },
    {
      "geometry": {
        "coordinates": [
          -13.606166,
          29.085742
        ],
        "type": "Point"
      },
      "properties": {
        "cipher": "QWER",
        "has_phrases": false,
        "mode": "value_domain",
        "phrase_count": 0,
        "phrases": [],
        "projection": "webmercator_hash_v1",
        "projection_method": "webmercator_hash_v1",
        "value": 1627
      },
      "type": "Feature"
    },
    {
      "geometry": {
        "coordinates": [
          58.801804,
          -61.975685
        ],
        "type": "Point"
      },
      "properties": {
        "cipher": "QWER",
        "has_phrases": false,
        "mode": "value_domain",
        "phrase_count": 0,
        "phrases": [],
        "projection": "webmercator_hash_v1",
        "projection_method": "webmercator_hash_v1",
        "value": 1628
      },
      "type": "Feature"
    },
    {
      "geometry": {
        "coordinates": [
          55.116308,
          -39.805882
        ],
        "type": "Point"
      },
      "properties": {
        "cipher": "QWER",
        "has_phrases": false,
        "mode": "value_domain",
        "phrase_count": 0,
        "phrases": [],
        "projection": "webmercator_hash_v1",
        "projection_method": "webmercator_hash_v1",
        "value": 1629
      },
      "type": "Feature"
    },
    {
      "geometry": {
        "coordinates": [
          -132.70611,
          64.142358
        ],
        "type": "Point"
      },
      "properties": {
        "cipher": "QWER",
        "has_phrases": false,
        "mode": "value_domain",
        "phrase_count": 0,
        "phrases": [],
        "projection": "webmercator_hash_v1",
        "projection_method": "webmercator_hash_v1",
        "value": 1630
      },
      "type": "Feature"
    },
    {
      "geometry": {
        "coordinates": [
          167.469721,
          55.44001
        ],
        "type": "Point"
      },
      "properties": {
        "cipher": "QWER",
        "has_phrases": false,
        "mode": "value_domain",
        "phrase_count": 0,
        "phrases": [],
        "projection": "webmercator_hash_v1",
        "projection_method": "webmercator_hash_v1",
        "value": 1631
      },
      "type": "Feature"
    },
    {
      "geometry": {
        "coordinates": [
          142.86934,
          32.692318
        ],
        "type": "Point"
      },
      "properties": {
        "cipher": "QWER",
        "has_phrases": false,
        "mode": "value_domain",
        "phrase_count": 0,
        "phrases": [],
        "projection": "webmercator_hash_v1",
        "projection_method": "webmercator_hash_v1",
        "value": 1632
      },
      "type": "Feature"
    },
    {
      "geometry": {
        "coordinates": [
          100.266382,
          -7.103726
        ],
        "type": "Point"
      },
      "properties": {
        "cipher": "QWER",
        "has_phrases": false,
        "mode": "value_domain",
        "phrase_count": 0,
        "phrases": [],
        "projection": "webmercator_hash_v1",
        "projection_method": "webmercator_hash_v1",
        "value": 1633
      },
      "type": "Feature"
    },
    {
      "geometry": {
        "coordinates": [
          -151.689444,
          -59.536011
        ],
        "type": "Point"
      },
      "properties": {
        "cipher": "QWER",
        "has_phrases": false,
        "mode": "value_domain",
        "phrase_count": 0,
        "phrases": [],
        "projection": "webmercator_hash_v1",
        "projection_method": "webmercator_hash_v1",
        "value": 1634
      },
      "type": "Feature"
    },
    {
      "geometry": {
        "coordinates": [
          -174.227005,
          -60.113846
        ],
        "type": "Point"
      },
      "properties": {
        "cipher": "QWER",
        "has_phrases": false,
        "mode": "value_domain",
        "phrase_count": 0,
        "phrases": [],
        "projection": "webmercator_hash_v1",
        "projection_method": "webmercator_hash_v1",
        "value": 1635
      },
      "type": "Feature"
    },
    {
      "geometry": {
        "coordinates": [
          112.536254,
          20.894543
        ],
        "type": "Point"
      },
      "properties": {
        "cipher": "QWER",
        "has_phrases": false,
        "mode": "value_domain",
        "phrase_count": 0,
        "phrases": [],
        "projection": "webmercator_hash_v1",
        "projection_method": "webmercator_hash_v1",
        "value": 1636
      },
      "type": "Feature"
    },
    {
      "geometry": {
        "coordinates": [
          -62.409658,
          -37.559857
        ],
        "type": "Point"
      },
      "properties": {
        "cipher": "QWER",
        "has_phrases": false,
        "mode": "value_domain",
        "phrase_count": 0,
        "phrases": [],
        "projection": "webmercator_hash_v1",
        "projection_method": "webmercator_hash_v1",
        "value": 1637
      },
      "type": "Feature"
    },
    {
      "geometry": {
        "coordinates": [
          -135.219759,
          52.351126
        ],
        "type": "Point"
      },
      "properties": {
        "cipher": "QWER",
        "has_phrases": false,
        "mode": "value_domain",
        "phrase_count": 0,
        "phrases": [],
        "projection": "webmercator_hash_v1",
        "projection_method": "webmercator_hash_v1",
        "value": 1638
      },
      "type": "Feature"
    },
    {
      "geometry": {
        "coordinates": [
          40.101843,
          -38.225509
        ],
        "type": "Point"
      },
      "properties": {
        "cipher": "QWER",
        "has_phrases": false,
        "mode": "value_domain",
        "phrase_count": 0,
        "phrases": [],
        "projection": "webmercator_hash_v1",
        "projection_method": "webmercator_hash_v1",
        "value": 1639
      },
      "type": "Feature"
    },
    {
      "geometry": {
        "coordinates": [
          -117.330875,
          37.849152
        ],
        "type": "Point"
      },
      "properties": {
        "cipher": "QWER",
        "has_phrases": false,
        "mode": "value_domain",
        "phrase_count": 0,
        "phrases": [],
        "projection": "webmercator_hash_v1",
        "projection_method": "webmercator_hash_v1",
        "value": 1640
      },
      "type": "Feature"
    },
    {
      "geometry": {
        "coordinates": [
          -104.238698,
          48.765784
        ],
        "type": "Point"
      },
      "properties": {
        "cipher": "QWER",
        "has_phrases": false,
        "mode": "value_domain",
        "phrase_count": 0,
        "phrases": [],
        "projection": "webmercator_hash_v1",
        "projection_method": "webmercator_hash_v1",
        "value": 1641
      },
      "type": "Feature"
    },
    {
      "geometry": {
        "coordinates": [
          -151.243976,
          -70.28373
        ],
        "type": "Point"
      },
      "properties": {
        "cipher": "QWER",
        "has_phrases": false,
        "mode": "value_domain",
        "phrase_count": 0,
        "phrases": [],
        "projection": "webmercator_hash_v1",
        "projection_method": "webmercator_hash_v1",
        "value": 1642
      },
      "type": "Feature"
    },
    {
      "geometry": {
        "coordinates": [
          39.322603,
          -23.221475
        ],
        "type": "Point"
      },
      "properties": {
        "cipher": "QWER",
        "has_phrases": false,
        "mode": "value_domain",
        "phrase_count": 0,
        "phrases": [],
        "projection": "webmercator_hash_v1",
        "projection_method": "webmercator_hash_v1",
        "value": 1643
      },
      "type": "Feature"
    },
    {
      "geometry": {
        "coordinates": [
          -34.875537,
          -30.447388
        ],
        "type": "Point"
      },
      "properties": {
        "cipher": "QWER",
        "has_phrases": false,
        "mode": "value_domain",
        "phrase_count": 0,
        "phrases": [],
        "projection": "webmercator_hash_v1",
        "projection_method": "webmercator_hash_v1",
        "value": 1644
      },
      "type": "Feature"
    },
    {
      "geometry": {
        "coordinates": [
          31.208692,
          24.541789
        ],
        "type": "Point"
      },
      "properties": {
        "cipher": "QWER",
        "has_phrases": false,
        "mode": "value_domain",
        "phrase_count": 0,
        "phrases": [],
        "projection": "webmercator_hash_v1",
        "projection_method": "webmercator_hash_v1",
        "value": 1645
      },
      "type": "Feature"
    },
    {
      "geometry": {
        "coordinates": [
          -150.412815,
          48.214464
        ],
        "type": "Point"
      },
      "properties": {
        "cipher": "QWER",
        "has_phrases": false,
        "mode": "value_domain",
        "phrase_count": 0,
        "phrases": [],
        "projection": "webmercator_hash_v1",
        "projection_method": "webmercator_hash_v1",
        "value": 1646
      },
      "type": "Feature"
    },
    {
      "geometry": {
        "coordinates": [
          62.681436,
          -70.162885
        ],
        "type": "Point"
      },
      "properties": {
        "cipher": "QWER",
        "has_phrases": false,
        "mode": "value_domain",
        "phrase_count": 0,
        "phrases": [],
        "projection": "webmercator_hash_v1",
        "projection_method": "webmercator_hash_v1",
        "value": 1647
      },
      "type": "Feature"
    },
    {
      "geometry": {
        "coordinates": [
          81.887133,
          35.47162
        ],
        "type": "Point"
      },
      "properties": {
        "cipher": "QWER",
        "has_phrases": false,
        "mode": "value_domain",
        "phrase_count": 0,
        "phrases": [],
        "projection": "webmercator_hash_v1",
        "projection_method": "webmercator_hash_v1",
        "value": 1648
      },
      "type": "Feature"
    },
    {
      "geometry": {
        "coordinates": [
          -148.479855,
          -32.184408
        ],
        "type": "Point"
      },
      "properties": {
        "cipher": "QWER",
        "has_phrases": false,
        "mode": "value_domain",
        "phrase_count": 0,
        "phrases": [],
        "projection": "webmercator_hash_v1",
        "projection_method": "webmercator_hash_v1",
        "value": 1649
      },
      "type": "Feature"
    },
    {
      "geometry": {
        "coordinates": [
          -145.591843,
          -75.875131
        ],
        "type": "Point"
      },
      "properties": {
        "cipher": "QWER",
        "has_phrases": false,
        "mode": "value_domain",
        "phrase_count": 0,
        "phrases": [],
        "projection": "webmercator_hash_v1",
        "projection_method": "webmercator_hash_v1",
        "value": 1650
      },
      "type": "Feature"
    },
    {
      "geometry": {
        "coordinates": [
          166.193747,
          -32.354592
        ],
        "type": "Point"
      },
      "properties": {
        "cipher": "QWER",
        "has_phrases": false,
        "mode": "value_domain",
        "phrase_count": 0,
        "phrases": [],
        "projection": "webmercator_hash_v1",
        "projection_method": "webmercator_hash_v1",
        "value": 1651
      },
      "type": "Feature"
    },
    {
      "geometry": {
        "coordinates": [
          -66.121809,
          -10.474894
        ],
        "type": "Point"
      },
      "properties": {
        "cipher": "QWER",
        "has_phrases": false,
        "mode": "value_domain",
        "phrase_count": 0,
        "phrases": [],
        "projection": "webmercator_hash_v1",
        "projection_method": "webmercator_hash_v1",
        "value": 1652
      },
      "type": "Feature"
    },
    {
      "geometry": {
        "coordinates": [
          -102.657292,
          3.325362
        ],
        "type": "Point"
      },
      "properties": {
        "cipher": "QWER",
        "has_phrases": false,
        "mode": "value_domain",
        "phrase_count": 0,
        "phrases": [],
        "projection": "webmercator_hash_v1",
        "projection_method": "webmercator_hash_v1",
        "value": 1653
      },
      "type": "Feature"
    },
    {
      "geometry": {
        "coordinates": [
          60.30026,
          -47.593232
        ],
        "type": "Point"
      },
      "properties": {
        "cipher": "QWER",
        "has_phrases": false,
        "mode": "value_domain",
        "phrase_count": 0,
        "phrases": [],
        "projection": "webmercator_hash_v1",
        "projection_method": "webmercator_hash_v1",
        "value": 1654
      },
      "type": "Feature"
    },
    {
      "geometry": {
        "coordinates": [
          -130.966055,
          -78.240724
        ],
        "type": "Point"
      },
      "properties": {
        "cipher": "QWER",
        "has_phrases": false,
        "mode": "value_domain",
        "phrase_count": 0,
        "phrases": [],
        "projection": "webmercator_hash_v1",
        "projection_method": "webmercator_hash_v1",
        "value": 1655
      },
      "type": "Feature"
    },
    {
      "geometry": {
        "coordinates": [
          85.154573,
          33.811099
        ],
        "type": "Point"
      },
      "properties": {
        "cipher": "QWER",
        "has_phrases": false,
        "mode": "value_domain",
        "phrase_count": 0,
        "phrases": [],
        "projection": "webmercator_hash_v1",
        "projection_method": "webmercator_hash_v1",
        "value": 1656
      },
      "type": "Feature"
    },
    {
      "geometry": {
        "coordinates": [
          94.4957,
          -77.445075
        ],
        "type": "Point"
      },
      "properties": {
        "cipher": "QWER",
        "has_phrases": false,
        "mode": "value_domain",
        "phrase_count": 0,
        "phrases": [],
        "projection": "webmercator_hash_v1",
        "projection_method": "webmercator_hash_v1",
        "value": 1657
      },
      "type": "Feature"
    },
    {
      "geometry": {
        "coordinates": [
          -77.897296,
          -34.381068
        ],
        "type": "Point"
      },
      "properties": {
        "cipher": "QWER",
        "has_phrases": false,
        "mode": "value_domain",
        "phrase_count": 0,
        "phrases": [],
        "projection": "webmercator_hash_v1",
        "projection_method": "webmercator_hash_v1",
        "value": 1658
      },
      "type": "Feature"
    },
    {
      "geometry": {
        "coordinates": [
          109.967885,
          17.162476
        ],
        "type": "Point"
      },
      "properties": {
        "cipher": "QWER",
        "has_phrases": false,
        "mode": "value_domain",
        "phrase_count": 0,
        "phrases": [],
        "projection": "webmercator_hash_v1",
        "projection_method": "webmercator_hash_v1",
        "value": 1659
      },
      "type": "Feature"
    },
    {
      "geometry": {
        "coordinates": [
          167.198528,
          18.130938
        ],
        "type": "Point"
      },
      "properties": {
        "cipher": "QWER",
        "has_phrases": false,
        "mode": "value_domain",
        "phrase_count": 0,
        "phrases": [],
        "projection": "webmercator_hash_v1",
        "projection_method": "webmercator_hash_v1",
        "value": 1660
      },
      "type": "Feature"
    },
    {
      "geometry": {
        "coordinates": [
          119.374296,
          43.82122
        ],
        "type": "Point"
      },
      "properties": {
        "cipher": "QWER",
        "has_phrases": false,
        "mode": "value_domain",
        "phrase_count": 0,
        "phrases": [],
        "projection": "webmercator_hash_v1",
        "projection_method": "webmercator_hash_v1",
        "value": 1661
      },
      "type": "Feature"
    },
    {
      "geometry": {
        "coordinates": [
          -59.528865,
          -19.435608
        ],
        "type": "Point"
      },
      "properties": {
        "cipher": "QWER",
        "has_phrases": false,
        "mode": "value_domain",
        "phrase_count": 0,
        "phrases": [],
        "projection": "webmercator_hash_v1",
        "projection_method": "webmercator_hash_v1",
        "value": 1662
      },
      "type": "Feature"
    },
    {
      "geometry": {
        "coordinates": [
          30.405261,
          -1.933197
        ],
        "type": "Point"
      },
      "properties": {
        "cipher": "QWER",
        "has_phrases": false,
        "mode": "value_domain",
        "phrase_count": 0,
        "phrases": [],
        "projection": "webmercator_hash_v1",
        "projection_method": "webmercator_hash_v1",
        "value": 1663
      },
      "type": "Feature"
    },
    {
      "geometry": {
        "coordinates": [
          -134.746029,
          28.255659
        ],
        "type": "Point"
      },
      "properties": {
        "cipher": "QWER",
        "has_phrases": false,
        "mode": "value_domain",
        "phrase_count": 0,
        "phrases": [],
        "projection": "webmercator_hash_v1",
        "projection_method": "webmercator_hash_v1",
        "value": 1664
      },
      "type": "Feature"
    },
    {
      "geometry": {
        "coordinates": [
          -54.783922,
          -2.723701
        ],
        "type": "Point"
      },
      "properties": {
        "cipher": "QWER",
        "has_phrases": false,
        "mode": "value_domain",
        "phrase_count": 0,
        "phrases": [],
        "projection": "webmercator_hash_v1",
        "projection_method": "webmercator_hash_v1",
        "value": 1665
      },
      "type": "Feature"
    },
    {
      "geometry": {
        "coordinates": [
          -87.425712,
          56.331887
        ],
        "type": "Point"
      },
      "properties": {
        "cipher": "QWER",
        "has_phrases": false,
        "mode": "value_domain",
        "phrase_count": 0,
        "phrases": [],
        "projection": "webmercator_hash_v1",
        "projection_method": "webmercator_hash_v1",
        "value": 1666
      },
      "type": "Feature"
    },
    {
      "geometry": {
        "coordinates": [
          84.941742,
          -5.157012
        ],
        "type": "Point"
      },
      "properties": {
        "cipher": "QWER",
        "has_phrases": false,
        "mode": "value_domain",
        "phrase_count": 0,
        "phrases": [],
        "projection": "webmercator_hash_v1",
        "projection_method": "webmercator_hash_v1",
        "value": 1667
      },
      "type": "Feature"
    },
    {
      "geometry": {
        "coordinates": [
          -30.9487,
          -46.211297
        ],
        "type": "Point"
      },
      "properties": {
        "cipher": "QWER",
        "has_phrases": false,
        "mode": "value_domain",
        "phrase_count": 0,
        "phrases": [],
        "projection": "webmercator_hash_v1",
        "projection_method": "webmercator_hash_v1",
        "value": 1668
      },
      "type": "Feature"
    },
    {
      "geometry": {
        "coordinates": [
          -20.079426,
          -42.038603
        ],
        "type": "Point"
      },
      "properties": {
        "cipher": "QWER",
        "has_phrases": false,
        "mode": "value_domain",
        "phrase_count": 0,
        "phrases": [],
        "projection": "webmercator_hash_v1",
        "projection_method": "webmercator_hash_v1",
        "value": 1669
      },
      "type": "Feature"
    },
    {
      "geometry": {
        "coordinates": [
          -137.722179,
          -24.843528
        ],
        "type": "Point"
      },
      "properties": {
        "cipher": "QWER",
        "has_phrases": false,
        "mode": "value_domain",
        "phrase_count": 0,
        "phrases": [],
        "projection": "webmercator_hash_v1",
        "projection_method": "webmercator_hash_v1",
        "value": 1670
      },
      "type": "Feature"
    },
    {
      "geometry": {
        "coordinates": [
          11.119631,
          -13.487101
        ],
        "type": "Point"
      },
      "properties": {
        "cipher": "QWER",
        "has_phrases": false,
        "mode": "value_domain",
        "phrase_count": 0,
        "phrases": [],
        "projection": "webmercator_hash_v1",
        "projection_method": "webmercator_hash_v1",
        "value": 1671
      },
      "type": "Feature"
    },
    {
      "geometry": {
        "coordinates": [
          -13.346184,
          51.679794
        ],
        "type": "Point"
      },
      "properties": {
        "cipher": "QWER",
        "has_phrases": false,
        "mode": "value_domain",
        "phrase_count": 0,
        "phrases": [],
        "projection": "webmercator_hash_v1",
        "projection_method": "webmercator_hash_v1",
        "value": 1672
      },
      "type": "Feature"
    },
    {
      "geometry": {
        "coordinates": [
          -3.178601,
          -15.148039
        ],
        "type": "Point"
      },
      "properties": {
        "cipher": "QWER",
        "has_phrases": false,
        "mode": "value_domain",
        "phrase_count": 0,
        "phrases": [],
        "projection": "webmercator_hash_v1",
        "projection_method": "webmercator_hash_v1",
        "value": 1673
      },
      "type": "Feature"
    },
    {
      "geometry": {
        "coordinates": [
          176.937706,
          15.899078
        ],
        "type": "Point"
      },
      "properties": {
        "cipher": "QWER",
        "has_phrases": false,
        "mode": "value_domain",
        "phrase_count": 0,
        "phrases": [],
        "projection": "webmercator_hash_v1",
        "projection_method": "webmercator_hash_v1",
        "value": 1674
      },
      "type": "Feature"
    },
    {
      "geometry": {
        "coordinates": [
          157.929857,
          -13.96926
        ],
        "type": "Point"
      },
      "properties": {
        "cipher": "QWER",
        "has_phrases": false,
        "mode": "value_domain",
        "phrase_count": 0,
        "phrases": [],
        "projection": "webmercator_hash_v1",
        "projection_method": "webmercator_hash_v1",
        "value": 1675
      },
      "type": "Feature"
    },
    {
      "geometry": {
        "coordinates": [
          54.51147,
          -20.163535
        ],
        "type": "Point"
      },
      "properties": {
        "cipher": "QWER",
        "has_phrases": false,
        "mode": "value_domain",
        "phrase_count": 0,
        "phrases": [],
        "projection": "webmercator_hash_v1",
        "projection_method": "webmercator_hash_v1",
        "value": 1676
      },
      "type": "Feature"
    },
    {
      "geometry": {
        "coordinates": [
          29.934715,
          78.692578
        ],
        "type": "Point"
      },
      "properties": {
        "cipher": "QWER",
        "has_phrases": false,
        "mode": "value_domain",
        "phrase_count": 0,
        "phrases": [],
        "projection": "webmercator_hash_v1",
        "projection_method": "webmercator_hash_v1",
        "value": 1677
      },
      "type": "Feature"
    },
    {
      "geometry": {
        "coordinates": [
          -92.584356,
          -48.294626
        ],
        "type": "Point"
      },
      "properties": {
        "cipher": "QWER",
        "has_phrases": false,
        "mode": "value_domain",
        "phrase_count": 0,
        "phrases": [],
        "projection": "webmercator_hash_v1",
        "projection_method": "webmercator_hash_v1",
        "value": 1678
      },
      "type": "Feature"
    },
    {
      "geometry": {
        "coordinates": [
          -82.70119,
          82.812212
        ],
        "type": "Point"
      },
      "properties": {
        "cipher": "QWER",
        "has_phrases": false,
        "mode": "value_domain",
        "phrase_count": 0,
        "phrases": [],
        "projection": "webmercator_hash_v1",
        "projection_method": "webmercator_hash_v1",
        "value": 1679
      },
      "type": "Feature"
    },
    {
      "geometry": {
        "coordinates": [
          52.940227,
          -14.718756
        ],
        "type": "Point"
      },
      "properties": {
        "cipher": "QWER",
        "has_phrases": false,
        "mode": "value_domain",
        "phrase_count": 0,
        "phrases": [],
        "projection": "webmercator_hash_v1",
        "projection_method": "webmercator_hash_v1",
        "value": 1680
      },
      "type": "Feature"
    },
    {
      "geometry": {
        "coordinates": [
          -53.355594,
          82.247054
        ],
        "type": "Point"
      },
      "properties": {
        "cipher": "QWER",
        "has_phrases": false,
        "mode": "value_domain",
        "phrase_count": 0,
        "phrases": [],
        "projection": "webmercator_hash_v1",
        "projection_method": "webmercator_hash_v1",
        "value": 1681
      },
      "type": "Feature"
    },
    {
      "geometry": {
        "coordinates": [
          -44.894179,
          -9.573886
        ],
        "type": "Point"
      },
      "properties": {
        "cipher": "QWER",
        "has_phrases": false,
        "mode": "value_domain",
        "phrase_count": 0,
        "phrases": [],
        "projection": "webmercator_hash_v1",
        "projection_method": "webmercator_hash_v1",
        "value": 1682
      },
      "type": "Feature"
    },
    {
      "geometry": {
        "coordinates": [
          -138.610134,
          -74.989297
        ],
        "type": "Point"
      },
      "properties": {
        "cipher": "QWER",
        "has_phrases": false,
        "mode": "value_domain",
        "phrase_count": 0,
        "phrases": [],
        "projection": "webmercator_hash_v1",
        "projection_method": "webmercator_hash_v1",
        "value": 1683
      },
      "type": "Feature"
    },
    {
      "geometry": {
        "coordinates": [
          -94.436377,
          -27.405871
        ],
        "type": "Point"
      },
      "properties": {
        "cipher": "QWER",
        "has_phrases": false,
        "mode": "value_domain",
        "phrase_count": 0,
        "phrases": [],
        "projection": "webmercator_hash_v1",
        "projection_method": "webmercator_hash_v1",
        "value": 1684
      },
      "type": "Feature"
    },
    {
      "geometry": {
        "coordinates": [
          -51.66373,
          -4.568459
        ],
        "type": "Point"
      },
      "properties": {
        "cipher": "QWER",
        "has_phrases": false,
        "mode": "value_domain",
        "phrase_count": 0,
        "phrases": [],
        "projection": "webmercator_hash_v1",
        "projection_method": "webmercator_hash_v1",
        "value": 1685
      },
      "type": "Feature"
    },
    {
      "geometry": {
        "coordinates": [
          76.150187,
          -17.766216
        ],
        "type": "Point"
      },
      "properties": {
        "cipher": "QWER",
        "has_phrases": false,
        "mode": "value_domain",
        "phrase_count": 0,
        "phrases": [],
        "projection": "webmercator_hash_v1",
        "projection_method": "webmercator_hash_v1",
        "value": 1686
      },
      "type": "Feature"
    },
    {
      "geometry": {
        "coordinates": [
          -156.127623,
          42.862607
        ],
        "type": "Point"
      },
      "properties": {
        "cipher": "QWER",
        "has_phrases": false,
        "mode": "value_domain",
        "phrase_count": 0,
        "phrases": [],
        "projection": "webmercator_hash_v1",
        "projection_method": "webmercator_hash_v1",
        "value": 1687
      },
      "type": "Feature"
    },
    {
      "geometry": {
        "coordinates": [
          -101.076547,
          -72.573955
        ],
        "type": "Point"
      },
      "properties": {
        "cipher": "QWER",
        "has_phrases": false,
        "mode": "value_domain",
        "phrase_count": 0,
        "phrases": [],
        "projection": "webmercator_hash_v1",
        "projection_method": "webmercator_hash_v1",
        "value": 1688
      },
      "type": "Feature"
    },
    {
      "geometry": {
        "coordinates": [
          166.124373,
          58.618847
        ],
        "type": "Point"
      },
      "properties": {
        "cipher": "QWER",
        "has_phrases": false,
        "mode": "value_domain",
        "phrase_count": 0,
        "phrases": [],
        "projection": "webmercator_hash_v1",
        "projection_method": "webmercator_hash_v1",
        "value": 1689
      },
      "type": "Feature"
    },
    {
      "geometry": {
        "coordinates": [
          178.49824,
          52.925273
        ],
        "type": "Point"
      },
      "properties": {
        "cipher": "QWER",
        "has_phrases": false,
        "mode": "value_domain",
        "phrase_count": 0,
        "phrases": [],
        "projection": "webmercator_hash_v1",
        "projection_method": "webmercator_hash_v1",
        "value": 1690
      },
      "type": "Feature"
    },
    {
      "geometry": {
        "coordinates": [
          32.852861,
          71.535329
        ],
        "type": "Point"
      },
      "properties": {
        "cipher": "QWER",
        "has_phrases": false,
        "mode": "value_domain",
        "phrase_count": 0,
        "phrases": [],
        "projection": "webmercator_hash_v1",
        "projection_method": "webmercator_hash_v1",
        "value": 1691
      },
      "type": "Feature"
    },
    {
      "geometry": {
        "coordinates": [
          177.674257,
          -72.744311
        ],
        "type": "Point"
      },
      "properties": {
        "cipher": "QWER",
        "has_phrases": false,
        "mode": "value_domain",
        "phrase_count": 0,
        "phrases": [],
        "projection": "webmercator_hash_v1",
        "projection_method": "webmercator_hash_v1",
        "value": 1692
      },
      "type": "Feature"
    },
    {
      "geometry": {
        "coordinates": [
          -75.18488,
          16.17004
        ],
        "type": "Point"
      },
      "properties": {
        "cipher": "QWER",
        "has_phrases": false,
        "mode": "value_domain",
        "phrase_count": 0,
        "phrases": [],
        "projection": "webmercator_hash_v1",
        "projection_method": "webmercator_hash_v1",
        "value": 1693
      },
      "type": "Feature"
    },
    {
      "geometry": {
        "coordinates": [
          18.660604,
          72.614605
        ],
        "type": "Point"
      },
      "properties": {
        "cipher": "QWER",
        "has_phrases": false,
        "mode": "value_domain",
        "phrase_count": 0,
        "phrases": [],
        "projection": "webmercator_hash_v1",
        "projection_method": "webmercator_hash_v1",
        "value": 1694
      },
      "type": "Feature"
    },
    {
      "geometry": {
        "coordinates": [
          -75.620309,
          -42.980515
        ],
        "type": "Point"
      },
      "properties": {
        "cipher": "QWER",
        "has_phrases": false,
        "mode": "value_domain",
        "phrase_count": 0,
        "phrases": [],
        "projection": "webmercator_hash_v1",
        "projection_method": "webmercator_hash_v1",
        "value": 1695
      },
      "type": "Feature"
    },
    {
      "geometry": {
        "coordinates": [
          -46.18402,
          50.778962
        ],
        "type": "Point"
      },
      "properties": {
        "cipher": "QWER",
        "has_phrases": false,
        "mode": "value_domain",
        "phrase_count": 0,
        "phrases": [],
        "projection": "webmercator_hash_v1",
        "projection_method": "webmercator_hash_v1",
        "value": 1696
      },
      "type": "Feature"
    },
    {
      "geometry": {
        "coordinates": [
          60.10735,
          24.794484
        ],
        "type": "Point"
      },
      "properties": {
        "cipher": "QWER",
        "has_phrases": false,
        "mode": "value_domain",
        "phrase_count": 0,
        "phrases": [],
        "projection": "webmercator_hash_v1",
        "projection_method": "webmercator_hash_v1",
        "value": 1697
      },
      "type": "Feature"
    },
    {
      "geometry": {
        "coordinates": [
          -165.134009,
          -43.969696
        ],
        "type": "Point"
      },
      "properties": {
        "cipher": "QWER",
        "has_phrases": false,
        "mode": "value_domain",
        "phrase_count": 0,
        "phrases": [],
        "projection": "webmercator_hash_v1",
        "projection_method": "webmercator_hash_v1",
        "value": 1698
      },
      "type": "Feature"
    },
    {
      "geometry": {
        "coordinates": [
          -92.451609,
          16.516394
        ],
        "type": "Point"
      },
      "properties": {
        "cipher": "QWER",
        "has_phrases": false,
        "mode": "value_domain",
        "phrase_count": 0,
        "phrases": [],
        "projection": "webmercator_hash_v1",
        "projection_method": "webmercator_hash_v1",
        "value": 1699
      },
      "type": "Feature"
    },
    {
      "geometry": {
        "coordinates": [
          -170.893703,
          -61.90614
        ],
        "type": "Point"
      },
      "properties": {
        "cipher": "QWER",
        "has_phrases": false,
        "mode": "value_domain",
        "phrase_count": 0,
        "phrases": [],
        "projection": "webmercator_hash_v1",
        "projection_method": "webmercator_hash_v1",
        "value": 1700
      },
      "type": "Feature"
    },
    {
      "geometry": {
        "coordinates": [
          -96.466909,
          44.705979
        ],
        "type": "Point"
      },
      "properties": {
        "cipher": "QWER",
        "has_phrases": false,
        "mode": "value_domain",
        "phrase_count": 0,
        "phrases": [],
        "projection": "webmercator_hash_v1",
        "projection_method": "webmercator_hash_v1",
        "value": 1701
      },
      "type": "Feature"
    },
    {
      "geometry": {
        "coordinates": [
          167.48873,
          -69.155531
        ],
        "type": "Point"
      },
      "properties": {
        "cipher": "QWER",
        "has_phrases": false,
        "mode": "value_domain",
        "phrase_count": 0,
        "phrases": [],
        "projection": "webmercator_hash_v1",
        "projection_method": "webmercator_hash_v1",
        "value": 1702
      },
      "type": "Feature"
    },
    {
      "geometry": {
        "coordinates": [
          173.110069,
          -17.708168
        ],
        "type": "Point"
      },
      "properties": {
        "cipher": "QWER",
        "has_phrases": false,
        "mode": "value_domain",
        "phrase_count": 0,
        "phrases": [],
        "projection": "webmercator_hash_v1",
        "projection_method": "webmercator_hash_v1",
        "value": 1703
      },
      "type": "Feature"
    },
    {
      "geometry": {
        "coordinates": [
          -67.364629,
          -70.357729
        ],
        "type": "Point"
      },
      "properties": {
        "cipher": "QWER",
        "has_phrases": false,
        "mode": "value_domain",
        "phrase_count": 0,
        "phrases": [],
        "projection": "webmercator_hash_v1",
        "projection_method": "webmercator_hash_v1",
        "value": 1704
      },
      "type": "Feature"
    },
    {
      "geometry": {
        "coordinates": [
          -154.439572,
          43.282801
        ],
        "type": "Point"
      },
      "properties": {
        "cipher": "QWER",
        "has_phrases": false,
        "mode": "value_domain",
        "phrase_count": 0,
        "phrases": [],
        "projection": "webmercator_hash_v1",
        "projection_method": "webmercator_hash_v1",
        "value": 1705
      },
      "type": "Feature"
    },
    {
      "geometry": {
        "coordinates": [
          112.023521,
          52.697064
        ],
        "type": "Point"
      },
      "properties": {
        "cipher": "QWER",
        "has_phrases": false,
        "mode": "value_domain",
        "phrase_count": 0,
        "phrases": [],
        "projection": "webmercator_hash_v1",
        "projection_method": "webmercator_hash_v1",
        "value": 1706
      },
      "type": "Feature"
    },
    {
      "geometry": {
        "coordinates": [
          15.517787,
          84.63412
        ],
        "type": "Point"
      },
      "properties": {
        "cipher": "QWER",
        "has_phrases": false,
        "mode": "value_domain",
        "phrase_count": 0,
        "phrases": [],
        "projection": "webmercator_hash_v1",
        "projection_method": "webmercator_hash_v1",
        "value": 1707
      },
      "type": "Feature"
    },
    {
      "geometry": {
        "coordinates": [
          15.992489,
          -22.886329
        ],
        "type": "Point"
      },
      "properties": {
        "cipher": "QWER",
        "has_phrases": false,
        "mode": "value_domain",
        "phrase_count": 0,
        "phrases": [],
        "projection": "webmercator_hash_v1",
        "projection_method": "webmercator_hash_v1",
        "value": 1708
      },
      "type": "Feature"
    },
    {
      "geometry": {
        "coordinates": [
          107.732136,
          15.383864
        ],
        "type": "Point"
      },
      "properties": {
        "cipher": "QWER",
        "has_phrases": false,
        "mode": "value_domain",
        "phrase_count": 0,
        "phrases": [],
        "projection": "webmercator_hash_v1",
        "projection_method": "webmercator_hash_v1",
        "value": 1709
      },
      "type": "Feature"
    },
    {
      "geometry": {
        "coordinates": [
          -153.823969,
          58.150852
        ],
        "type": "Point"
      },
      "properties": {
        "cipher": "QWER",
        "has_phrases": false,
        "mode": "value_domain",
        "phrase_count": 0,
        "phrases": [],
        "projection": "webmercator_hash_v1",
        "projection_method": "webmercator_hash_v1",
        "value": 1710
      },
      "type": "Feature"
    },
    {
      "geometry": {
        "coordinates": [
          13.616422,
          46.994583
        ],
        "type": "Point"
      },
      "properties": {
        "cipher": "QWER",
        "has_phrases": false,
        "mode": "value_domain",
        "phrase_count": 0,
        "phrases": [],
        "projection": "webmercator_hash_v1",
        "projection_method": "webmercator_hash_v1",
        "value": 1711
      },
      "type": "Feature"
    },
    {
      "geometry": {
        "coordinates": [
          -135.923896,
          -4.507817
        ],
        "type": "Point"
      },
      "properties": {
        "cipher": "QWER",
        "has_phrases": false,
        "mode": "value_domain",
        "phrase_count": 0,
        "phrases": [],
        "projection": "webmercator_hash_v1",
        "projection_method": "webmercator_hash_v1",
        "value": 1712
      },
      "type": "Feature"
    },
    {
      "geometry": {
        "coordinates": [
          136.360065,
          61.021242
        ],
        "type": "Point"
      },
      "properties": {
        "cipher": "QWER",
        "has_phrases": false,
        "mode": "value_domain",
        "phrase_count": 0,
        "phrases": [],
        "projection": "webmercator_hash_v1",
        "projection_method": "webmercator_hash_v1",
        "value": 1713
      },
      "type": "Feature"
    },
    {
      "geometry": {
        "coordinates": [
          64.190113,
          -73.789875
        ],
        "type": "Point"
      },
      "properties": {
        "cipher": "QWER",
        "has_phrases": false,
        "mode": "value_domain",
        "phrase_count": 0,
        "phrases": [],
        "projection": "webmercator_hash_v1",
        "projection_method": "webmercator_hash_v1",
        "value": 1714
      },
      "type": "Feature"
    },
    {
      "geometry": {
        "coordinates": [
          -50.661462,
          -44.246108
        ],
        "type": "Point"
      },
      "properties": {
        "cipher": "QWER",
        "has_phrases": false,
        "mode": "value_domain",
        "phrase_count": 0,
        "phrases": [],
        "projection": "webmercator_hash_v1",
        "projection_method": "webmercator_hash_v1",
        "value": 1715
      },
      "type": "Feature"
    },
    {
      "geometry": {
        "coordinates": [
          -97.344046,
          -53.507068
        ],
        "type": "Point"
      },
      "properties": {
        "cipher": "QWER",
        "has_phrases": false,
        "mode": "value_domain",
        "phrase_count": 0,
        "phrases": [],
        "projection": "webmercator_hash_v1",
        "projection_method": "webmercator_hash_v1",
        "value": 1716
      },
      "type": "Feature"
    },
    {
      "geometry": {
        "coordinates": [
          -117.444215,
          -31.472112
        ],
        "type": "Point"
      },
      "properties": {
        "cipher": "QWER",
        "has_phrases": false,
        "mode": "value_domain",
        "phrase_count": 0,
        "phrases": [],
        "projection": "webmercator_hash_v1",
        "projection_method": "webmercator_hash_v1",
        "value": 1717
      },
      "type": "Feature"
    },
    {
      "geometry": {
        "coordinates": [
          -155.669804,
          -78.54504
        ],
        "type": "Point"
      },
      "properties": {
        "cipher": "QWER",
        "has_phrases": false,
        "mode": "value_domain",
        "phrase_count": 0,
        "phrases": [],
        "projection": "webmercator_hash_v1",
        "projection_method": "webmercator_hash_v1",
        "value": 1718
      },
      "type": "Feature"
    },
    {
      "geometry": {
        "coordinates": [
          15.011245,
          -3.491037
        ],
        "type": "Point"
      },
      "properties": {
        "cipher": "QWER",
        "has_phrases": false,
        "mode": "value_domain",
        "phrase_count": 0,
        "phrases": [],
        "projection": "webmercator_hash_v1",
        "projection_method": "webmercator_hash_v1",
        "value": 1719
      },
      "type": "Feature"
    },
    {
      "geometry": {
        "coordinates": [
          -156.760407,
          -62.89932
        ],
        "type": "Point"
      },
      "properties": {
        "cipher": "QWER",
        "has_phrases": false,
        "mode": "value_domain",
        "phrase_count": 0,
        "phrases": [],
        "projection": "webmercator_hash_v1",
        "projection_method": "webmercator_hash_v1",
        "value": 1720
      },
      "type": "Feature"
    },
    {
      "geometry": {
        "coordinates": [
          163.938944,
          -83.839866
        ],
        "type": "Point"
      },
      "properties": {
        "cipher": "QWER",
        "has_phrases": false,
        "mode": "value_domain",
        "phrase_count": 0,
        "phrases": [],
        "projection": "webmercator_hash_v1",
        "projection_method": "webmercator_hash_v1",
        "value": 1721
      },
      "type": "Feature"
    },
    {
      "geometry": {
        "coordinates": [
          -44.372042,
          -30.696982
        ],
        "type": "Point"
      },
      "properties": {
        "cipher": "QWER",
        "has_phrases": false,
        "mode": "value_domain",
        "phrase_count": 0,
        "phrases": [],
        "projection": "webmercator_hash_v1",
        "projection_method": "webmercator_hash_v1",
        "value": 1722
      },
      "type": "Feature"
    },
    {
      "geometry": {
        "coordinates": [
          145.849303,
          59.30293
        ],
        "type": "Point"
      },
      "properties": {
        "cipher": "QWER",
        "has_phrases": false,
        "mode": "value_domain",
        "phrase_count": 0,
        "phrases": [],
        "projection": "webmercator_hash_v1",
        "projection_method": "webmercator_hash_v1",
        "value": 1723
      },
      "type": "Feature"
    },
    {
      "geometry": {
        "coordinates": [
          150.505747,
          49.665845
        ],
        "type": "Point"
      },
      "properties": {
        "cipher": "QWER",
        "has_phrases": false,
        "mode": "value_domain",
        "phrase_count": 0,
        "phrases": [],
        "projection": "webmercator_hash_v1",
        "projection_method": "webmercator_hash_v1",
        "value": 1724
      },
      "type": "Feature"
    },
    {
      "geometry": {
        "coordinates": [
          113.80441,
          -25.535166
        ],
        "type": "Point"
      },
      "properties": {
        "cipher": "QWER",
        "has_phrases": false,
        "mode": "value_domain",
        "phrase_count": 0,
        "phrases": [],
        "projection": "webmercator_hash_v1",
        "projection_method": "webmercator_hash_v1",
        "value": 1725
      },
      "type": "Feature"
    },
    {
      "geometry": {
        "coordinates": [
          109.602688,
          -82.692827
        ],
        "type": "Point"
      },
      "properties": {
        "cipher": "QWER",
        "has_phrases": false,
        "mode": "value_domain",
        "phrase_count": 0,
        "phrases": [],
        "projection": "webmercator_hash_v1",
        "projection_method": "webmercator_hash_v1",
        "value": 1726
      },
      "type": "Feature"
    },
    {
      "geometry": {
        "coordinates": [
          72.553001,
          -42.132874
        ],
        "type": "Point"
      },
      "properties": {
        "cipher": "QWER",
        "has_phrases": false,
        "mode": "value_domain",
        "phrase_count": 0,
        "phrases": [],
        "projection": "webmercator_hash_v1",
        "projection_method": "webmercator_hash_v1",
        "value": 1727
      },
      "type": "Feature"
    },
    {
      "geometry": {
        "coordinates": [
          -138.808714,
          -60.583051
        ],
        "type": "Point"
      },
      "properties": {
        "cipher": "QWER",
        "has_phrases": false,
        "mode": "value_domain",
        "phrase_count": 0,
        "phrases": [],
        "projection": "webmercator_hash_v1",
        "projection_method": "webmercator_hash_v1",
        "value": 1728
      },
      "type": "Feature"
    },
    {
      "geometry": {
        "coordinates": [
          31.761243,
          22.608854
        ],
        "type": "Point"
      },
      "properties": {
        "cipher": "QWER",
        "has_phrases": false,
        "mode": "value_domain",
        "phrase_count": 0,
        "phrases": [],
        "projection": "webmercator_hash_v1",
        "projection_method": "webmercator_hash_v1",
        "value": 1729
      },
      "type": "Feature"
    },
    {
      "geometry": {
        "coordinates": [
          -154.099365,
          64.305985
        ],
        "type": "Point"
      },
      "properties": {
        "cipher": "QWER",
        "has_phrases": false,
        "mode": "value_domain",
        "phrase_count": 0,
        "phrases": [],
        "projection": "webmercator_hash_v1",
        "projection_method": "webmercator_hash_v1",
        "value": 1730
      },
      "type": "Feature"
    },
    {
      "geometry": {
        "coordinates": [
          -170.45203,
          -71.396458
        ],
        "type": "Point"
      },
      "properties": {
        "cipher": "QWER",
        "has_phrases": false,
        "mode": "value_domain",
        "phrase_count": 0,
        "phrases": [],
        "projection": "webmercator_hash_v1",
        "projection_method": "webmercator_hash_v1",
        "value": 1731
      },
      "type": "Feature"
    },
    {
      "geometry": {
        "coordinates": [
          -118.481453,
          7.786971
        ],
        "type": "Point"
      },
      "properties": {
        "cipher": "QWER",
        "has_phrases": false,
        "mode": "value_domain",
        "phrase_count": 0,
        "phrases": [],
        "projection": "webmercator_hash_v1",
        "projection_method": "webmercator_hash_v1",
        "value": 1732
      },
      "type": "Feature"
    },
    {
      "geometry": {
        "coordinates": [
          149.108165,
          28.446568
        ],
        "type": "Point"
      },
      "properties": {
        "cipher": "QWER",
        "has_phrases": false,
        "mode": "value_domain",
        "phrase_count": 0,
        "phrases": [],
        "projection": "webmercator_hash_v1",
        "projection_method": "webmercator_hash_v1",
        "value": 1733
      },
      "type": "Feature"
    },
    {
      "geometry": {
        "coordinates": [
          -161.566225,
          -81.649472
        ],
        "type": "Point"
      },
      "properties": {
        "cipher": "QWER",
        "has_phrases": false,
        "mode": "value_domain",
        "phrase_count": 0,
        "phrases": [],
        "projection": "webmercator_hash_v1",
        "projection_method": "webmercator_hash_v1",
        "value": 1734
      },
      "type": "Feature"
    },
    {
      "geometry": {
        "coordinates": [
          -15.906758,
          45.915806
        ],
        "type": "Point"
      },
      "properties": {
        "cipher": "QWER",
        "has_phrases": false,
        "mode": "value_domain",
        "phrase_count": 0,
        "phrases": [],
        "projection": "webmercator_hash_v1",
        "projection_method": "webmercator_hash_v1",
        "value": 1735
      },
      "type": "Feature"
    },
    {
      "geometry": {
        "coordinates": [
          25.964197,
          50.883168
        ],
        "type": "Point"
      },
      "properties": {
        "cipher": "QWER",
        "has_phrases": false,
        "mode": "value_domain",
        "phrase_count": 0,
        "phrases": [],
        "projection": "webmercator_hash_v1",
        "projection_method": "webmercator_hash_v1",
        "value": 1736
      },
      "type": "Feature"
    },
    {
      "geometry": {
        "coordinates": [
          -1.306852,
          -84.456436
        ],
        "type": "Point"
      },
      "properties": {
        "cipher": "QWER",
        "has_phrases": false,
        "mode": "value_domain",
        "phrase_count": 0,
        "phrases": [],
        "projection": "webmercator_hash_v1",
        "projection_method": "webmercator_hash_v1",
        "value": 1737
      },
      "type": "Feature"
    },
    {
      "geometry": {
        "coordinates": [
          -67.023412,
          -21.473137
        ],
        "type": "Point"
      },
      "properties": {
        "cipher": "QWER",
        "has_phrases": false,
        "mode": "value_domain",
        "phrase_count": 0,
        "phrases": [],
        "projection": "webmercator_hash_v1",
        "projection_method": "webmercator_hash_v1",
        "value": 1738
      },
      "type": "Feature"
    },
    {
      "geometry": {
        "coordinates": [
          142.930571,
          45.681709
        ],
        "type": "Point"
      },
      "properties": {
        "cipher": "QWER",
        "has_phrases": false,
        "mode": "value_domain",
        "phrase_count": 0,
        "phrases": [],
        "projection": "webmercator_hash_v1",
        "projection_method": "webmercator_hash_v1",
        "value": 1739
      },
      "type": "Feature"
    },
    {
      "geometry": {
        "coordinates": [
          113.396011,
          -69.050286
        ],
        "type": "Point"
      },
      "properties": {
        "cipher": "QWER",
        "has_phrases": false,
        "mode": "value_domain",
        "phrase_count": 0,
        "phrases": [],
        "projection": "webmercator_hash_v1",
        "projection_method": "webmercator_hash_v1",
        "value": 1740
      },
      "type": "Feature"
    },
    {
      "geometry": {
        "coordinates": [
          137.75636,
          59.477299
        ],
        "type": "Point"
      },
      "properties": {
        "cipher": "QWER",
        "has_phrases": false,
        "mode": "value_domain",
        "phrase_count": 0,
        "phrases": [],
        "projection": "webmercator_hash_v1",
        "projection_method": "webmercator_hash_v1",
        "value": 1741
      },
      "type": "Feature"
    },
    {
      "geometry": {
        "coordinates": [
          134.443541,
          -71.505788
        ],
        "type": "Point"
      },
      "properties": {
        "cipher": "QWER",
        "has_phrases": false,
        "mode": "value_domain",
        "phrase_count": 0,
        "phrases": [],
        "projection": "webmercator_hash_v1",
        "projection_method": "webmercator_hash_v1",
        "value": 1742
      },
      "type": "Feature"
    },
    {
      "geometry": {
        "coordinates": [
          -79.183142,
          -13.853363
        ],
        "type": "Point"
      },
      "properties": {
        "cipher": "QWER",
        "has_phrases": false,
        "mode": "value_domain",
        "phrase_count": 0,
        "phrases": [],
        "projection": "webmercator_hash_v1",
        "projection_method": "webmercator_hash_v1",
        "value": 1743
      },
      "type": "Feature"
    },
    {
      "geometry": {
        "coordinates": [
          93.434215,
          24.523319
        ],
        "type": "Point"
      },
      "properties": {
        "cipher": "QWER",
        "has_phrases": false,
        "mode": "value_domain",
        "phrase_count": 0,
        "phrases": [],
        "projection": "webmercator_hash_v1",
        "projection_method": "webmercator_hash_v1",
        "value": 1744
      },
      "type": "Feature"
    },
    {
      "geometry": {
        "coordinates": [
          71.495909,
          -70.105208
        ],
        "type": "Point"
      },
      "properties": {
        "cipher": "QWER",
        "has_phrases": false,
        "mode": "value_domain",
        "phrase_count": 0,
        "phrases": [],
        "projection": "webmercator_hash_v1",
        "projection_method": "webmercator_hash_v1",
        "value": 1745
      },
      "type": "Feature"
    },
    {
      "geometry": {
        "coordinates": [
          47.82294,
          -39.168177
        ],
        "type": "Point"
      },
      "properties": {
        "cipher": "QWER",
        "has_phrases": false,
        "mode": "value_domain",
        "phrase_count": 0,
        "phrases": [],
        "projection": "webmercator_hash_v1",
        "projection_method": "webmercator_hash_v1",
        "value": 1746
      },
      "type": "Feature"
    },
    {
      "geometry": {
        "coordinates": [
          172.592453,
          16.171613
        ],
        "type": "Point"
      },
      "properties": {
        "cipher": "QWER",
        "has_phrases": false,
        "mode": "value_domain",
        "phrase_count": 0,
        "phrases": [],
        "projection": "webmercator_hash_v1",
        "projection_method": "webmercator_hash_v1",
        "value": 1747
      },
      "type": "Feature"
    },
    {
      "geometry": {
        "coordinates": [
          150.889986,
          60.096219
        ],
        "type": "Point"
      },
      "properties": {
        "cipher": "QWER",
        "has_phrases": false,
        "mode": "value_domain",
        "phrase_count": 0,
        "phrases": [],
        "projection": "webmercator_hash_v1",
        "projection_method": "webmercator_hash_v1",
        "value": 1748
      },
      "type": "Feature"
    },
    {
      "geometry": {
        "coordinates": [
          171.386233,
          30.112206
        ],
        "type": "Point"
      },
      "properties": {
        "cipher": "QWER",
        "has_phrases": false,
        "mode": "value_domain",
        "phrase_count": 0,
        "phrases": [],
        "projection": "webmercator_hash_v1",
        "projection_method": "webmercator_hash_v1",
        "value": 1749
      },
      "type": "Feature"
    },
    {
      "geometry": {
        "coordinates": [
          75.879437,
          -61.78142
        ],
        "type": "Point"
      },
      "properties": {
        "cipher": "QWER",
        "has_phrases": false,
        "mode": "value_domain",
        "phrase_count": 0,
        "phrases": [],
        "projection": "webmercator_hash_v1",
        "projection_method": "webmercator_hash_v1",
        "value": 1750
      },
      "type": "Feature"
    },
    {
      "geometry": {
        "coordinates": [
          -170.363693,
          31.369027
        ],
        "type": "Point"
      },
      "properties": {
        "cipher": "QWER",
        "has_phrases": false,
        "mode": "value_domain",
        "phrase_count": 0,
        "phrases": [],
        "projection": "webmercator_hash_v1",
        "projection_method": "webmercator_hash_v1",
        "value": 1751
      },
      "type": "Feature"
    },
    {
      "geometry": {
        "coordinates": [
          -120.801549,
          12.580049
        ],
        "type": "Point"
      },
      "properties": {
        "cipher": "QWER",
        "has_phrases": false,
        "mode": "value_domain",
        "phrase_count": 0,
        "phrases": [],
        "projection": "webmercator_hash_v1",
        "projection_method": "webmercator_hash_v1",
        "value": 1752
      },
      "type": "Feature"
    },
    {
      "geometry": {
        "coordinates": [
          -140.73893,
          -70.84067
        ],
        "type": "Point"
      },
      "properties": {
        "cipher": "QWER",
        "has_phrases": false,
        "mode": "value_domain",
        "phrase_count": 0,
        "phrases": [],
        "projection": "webmercator_hash_v1",
        "projection_method": "webmercator_hash_v1",
        "value": 1753
      },
      "type": "Feature"
    },
    {
      "geometry": {
        "coordinates": [
          -28.482303,
          -41.482802
        ],
        "type": "Point"
      },
      "properties": {
        "cipher": "QWER",
        "has_phrases": false,
        "mode": "value_domain",
        "phrase_count": 0,
        "phrases": [],
        "projection": "webmercator_hash_v1",
        "projection_method": "webmercator_hash_v1",
        "value": 1754
      },
      "type": "Feature"
    },
    {
      "geometry": {
        "coordinates": [
          -126.853884,
          71.807608
        ],
        "type": "Point"
      },
      "properties": {
        "cipher": "QWER",
        "has_phrases": false,
        "mode": "value_domain",
        "phrase_count": 0,
        "phrases": [],
        "projection": "webmercator_hash_v1",
        "projection_method": "webmercator_hash_v1",
        "value": 1755
      },
      "type": "Feature"
    },
    {
      "geometry": {
        "coordinates": [
          20.980776,
          10.45788
        ],
        "type": "Point"
      },
      "properties": {
        "cipher": "QWER",
        "has_phrases": false,
        "mode": "value_domain",
        "phrase_count": 0,
        "phrases": [],
        "projection": "webmercator_hash_v1",
        "projection_method": "webmercator_hash_v1",
        "value": 1756
      },
      "type": "Feature"
    },
    {
      "geometry": {
        "coordinates": [
          96.609637,
          77.629458
        ],
        "type": "Point"
      },
      "properties": {
        "cipher": "QWER",
        "has_phrases": false,
        "mode": "value_domain",
        "phrase_count": 0,
        "phrases": [],
        "projection": "webmercator_hash_v1",
        "projection_method": "webmercator_hash_v1",
        "value": 1757
      },
      "type": "Feature"
    },
    {
      "geometry": {
        "coordinates": [
          116.666081,
          -23.570004
        ],
        "type": "Point"
      },
      "properties": {
        "cipher": "QWER",
        "has_phrases": false,
        "mode": "value_domain",
        "phrase_count": 0,
        "phrases": [],
        "projection": "webmercator_hash_v1",
        "projection_method": "webmercator_hash_v1",
        "value": 1758
      },
      "type": "Feature"
    },
    {
      "geometry": {
        "coordinates": [
          162.631738,
          25.252168
        ],
        "type": "Point"
      },
      "properties": {
        "cipher": "QWER",
        "has_phrases": false,
        "mode": "value_domain",
        "phrase_count": 0,
        "phrases": [],
        "projection": "webmercator_hash_v1",
        "projection_method": "webmercator_hash_v1",
        "value": 1759
      },
      "type": "Feature"
    },
    {
      "geometry": {
        "coordinates": [
          -68.487178,
          21.568873
        ],
        "type": "Point"
      },
      "properties": {
        "cipher": "QWER",
        "has_phrases": false,
        "mode": "value_domain",
        "phrase_count": 0,
        "phrases": [],
        "projection": "webmercator_hash_v1",
        "projection_method": "webmercator_hash_v1",
        "value": 1760
      },
      "type": "Feature"
    },
    {
      "geometry": {
        "coordinates": [
          8.089176,
          -7.837018
        ],
        "type": "Point"
      },
      "properties": {
        "cipher": "QWER",
        "has_phrases": false,
        "mode": "value_domain",
        "phrase_count": 0,
        "phrases": [],
        "projection": "webmercator_hash_v1",
        "projection_method": "webmercator_hash_v1",
        "value": 1761
      },
      "type": "Feature"
    },
    {
      "geometry": {
        "coordinates": [
          129.028362,
          -25.234331
        ],
        "type": "Point"
      },
      "properties": {
        "cipher": "QWER",
        "has_phrases": false,
        "mode": "value_domain",
        "phrase_count": 0,
        "phrases": [],
        "projection": "webmercator_hash_v1",
        "projection_method": "webmercator_hash_v1",
        "value": 1762
      },
      "type": "Feature"
    },
    {
      "geometry": {
        "coordinates": [
          -125.882367,
          -58.217204
        ],
        "type": "Point"
      },
      "properties": {
        "cipher": "QWER",
        "has_phrases": false,
        "mode": "value_domain",
        "phrase_count": 0,
        "phrases": [],
        "projection": "webmercator_hash_v1",
        "projection_method": "webmercator_hash_v1",
        "value": 1763
      },
      "type": "Feature"
    },
    {
      "geometry": {
        "coordinates": [
          48.245942,
          -80.925025
        ],
        "type": "Point"
      },
      "properties": {
        "cipher": "QWER",
        "has_phrases": false,
        "mode": "value_domain",
        "phrase_count": 0,
        "phrases": [],
        "projection": "webmercator_hash_v1",
        "projection_method": "webmercator_hash_v1",
        "value": 1764
      },
      "type": "Feature"
    },
    {
      "geometry": {
        "coordinates": [
          -113.96856,
          -82.010833
        ],
        "type": "Point"
      },
      "properties": {
        "cipher": "QWER",
        "has_phrases": false,
        "mode": "value_domain",
        "phrase_count": 0,
        "phrases": [],
        "projection": "webmercator_hash_v1",
        "projection_method": "webmercator_hash_v1",
        "value": 1765
      },
      "type": "Feature"
    },
    {
      "geometry": {
        "coordinates": [
          178.211949,
          64.465299
        ],
        "type": "Point"
      },
      "properties": {
        "cipher": "QWER",
        "has_phrases": false,
        "mode": "value_domain",
        "phrase_count": 0,
        "phrases": [],
        "projection": "webmercator_hash_v1",
        "projection_method": "webmercator_hash_v1",
        "value": 1766
      },
      "type": "Feature"
    },
    {
      "geometry": {
        "coordinates": [
          177.724098,
          65.449432
        ],
        "type": "Point"
      },
      "properties": {
        "cipher": "QWER",
        "has_phrases": false,
        "mode": "value_domain",
        "phrase_count": 0,
        "phrases": [],
        "projection": "webmercator_hash_v1",
        "projection_method": "webmercator_hash_v1",
        "value": 1767
      },
      "type": "Feature"
    },
    {
      "geometry": {
        "coordinates": [
          137.501147,
          -74.102437
        ],
        "type": "Point"
      },
      "properties": {
        "cipher": "QWER",
        "has_phrases": false,
        "mode": "value_domain",
        "phrase_count": 0,
        "phrases": [],
        "projection": "webmercator_hash_v1",
        "projection_method": "webmercator_hash_v1",
        "value": 1768
      },
      "type": "Feature"
    },
    {
      "geometry": {
        "coordinates": [
          146.373471,
          76.962122
        ],
        "type": "Point"
      },
      "properties": {
        "cipher": "QWER",
        "has_phrases": false,
        "mode": "value_domain",
        "phrase_count": 0,
        "phrases": [],
        "projection": "webmercator_hash_v1",
        "projection_method": "webmercator_hash_v1",
        "value": 1769
      },
      "type": "Feature"
    },
    {
      "geometry": {
        "coordinates": [
          -74.494771,
          12.630111
        ],
        "type": "Point"
      },
      "properties": {
        "cipher": "QWER",
        "has_phrases": false,
        "mode": "value_domain",
        "phrase_count": 0,
        "phrases": [],
        "projection": "webmercator_hash_v1",
        "projection_method": "webmercator_hash_v1",
        "value": 1770
      },
      "type": "Feature"
    },
    {
      "geometry": {
        "coordinates": [
          -98.704244,
          -13.161617
        ],
        "type": "Point"
      },
      "properties": {
        "cipher": "QWER",
        "has_phrases": false,
        "mode": "value_domain",
        "phrase_count": 0,
        "phrases": [],
        "projection": "webmercator_hash_v1",
        "projection_method": "webmercator_hash_v1",
        "value": 1771
      },
      "type": "Feature"
    },
    {
      "geometry": {
        "coordinates": [
          -109.666244,
          80.160254
        ],
        "type": "Point"
      },
      "properties": {
        "cipher": "QWER",
        "has_phrases": false,
        "mode": "value_domain",
        "phrase_count": 0,
        "phrases": [],
        "projection": "webmercator_hash_v1",
        "projection_method": "webmercator_hash_v1",
        "value": 1772
      },
      "type": "Feature"
    },
    {
      "geometry": {
        "coordinates": [
          55.592582,
          70.733827
        ],
        "type": "Point"
      },
      "properties": {
        "cipher": "QWER",
        "has_phrases": false,
        "mode": "value_domain",
        "phrase_count": 0,
        "phrases": [],
        "projection": "webmercator_hash_v1",
        "projection_method": "webmercator_hash_v1",
        "value": 1773
      },
      "type": "Feature"
    },
    {
      "geometry": {
        "coordinates": [
          55.478875,
          61.149583
        ],
        "type": "Point"
      },
      "properties": {
        "cipher": "QWER",
        "has_phrases": false,
        "mode": "value_domain",
        "phrase_count": 0,
        "phrases": [],
        "projection": "webmercator_hash_v1",
        "projection_method": "webmercator_hash_v1",
        "value": 1774
      },
      "type": "Feature"
    },
    {
      "geometry": {
        "coordinates": [
          -166.663543,
          -12.117432
        ],
        "type": "Point"
      },
      "properties": {
        "cipher": "QWER",
        "has_phrases": false,
        "mode": "value_domain",
        "phrase_count": 0,
        "phrases": [],
        "projection": "webmercator_hash_v1",
        "projection_method": "webmercator_hash_v1",
        "value": 1775
      },
      "type": "Feature"
    },
    {
      "geometry": {
        "coordinates": [
          50.307495,
          -56.697714
        ],
        "type": "Point"
      },
      "properties": {
        "cipher": "QWER",
        "has_phrases": false,
        "mode": "value_domain",
        "phrase_count": 0,
        "phrases": [],
        "projection": "webmercator_hash_v1",
        "projection_method": "webmercator_hash_v1",
        "value": 1776
      },
      "type": "Feature"
    },
    {
      "geometry": {
        "coordinates": [
          -90.086655,
          75.71597
        ],
        "type": "Point"
      },
      "properties": {
        "cipher": "QWER",
        "has_phrases": false,
        "mode": "value_domain",
        "phrase_count": 0,
        "phrases": [],
        "projection": "webmercator_hash_v1",
        "projection_method": "webmercator_hash_v1",
        "value": 1777
      },
      "type": "Feature"
    },
    {
      "geometry": {
        "coordinates": [
          -85.156324,
          -30.590947
        ],
        "type": "Point"
      },
      "properties": {
        "cipher": "QWER",
        "has_phrases": false,
        "mode": "value_domain",
        "phrase_count": 0,
        "phrases": [],
        "projection": "webmercator_hash_v1",
        "projection_method": "webmercator_hash_v1",
        "value": 1778
      },
      "type": "Feature"
    },
    {
      "geometry": {
        "coordinates": [
          -33.392401,
          82.67925
        ],
        "type": "Point"
      },
      "properties": {
        "cipher": "QWER",
        "has_phrases": false,
        "mode": "value_domain",
        "phrase_count": 0,
        "phrases": [],
        "projection": "webmercator_hash_v1",
        "projection_method": "webmercator_hash_v1",
        "value": 1779
      },
      "type": "Feature"
    },
    {
      "geometry": {
        "coordinates": [
          -147.197994,
          -20.106298
        ],
        "type": "Point"
      },
      "properties": {
        "cipher": "QWER",
        "has_phrases": false,
        "mode": "value_domain",
        "phrase_count": 0,
        "phrases": [],
        "projection": "webmercator_hash_v1",
        "projection_method": "webmercator_hash_v1",
        "value": 1780
      },
      "type": "Feature"
    },
    {
      "geometry": {
        "coordinates": [
          -13.370914,
          -79.573995
        ],
        "type": "Point"
      },
      "properties": {
        "cipher": "QWER",
        "has_phrases": false,
        "mode": "value_domain",
        "phrase_count": 0,
        "phrases": [],
        "projection": "webmercator_hash_v1",
        "projection_method": "webmercator_hash_v1",
        "value": 1781
      },
      "type": "Feature"
    },
    {
      "geometry": {
        "coordinates": [
          -29.767767,
          -12.825518
        ],
        "type": "Point"
      },
      "properties": {
        "cipher": "QWER",
        "has_phrases": false,
        "mode": "value_domain",
        "phrase_count": 0,
        "phrases": [],
        "projection": "webmercator_hash_v1",
        "projection_method": "webmercator_hash_v1",
        "value": 1782
      },
      "type": "Feature"
    },
    {
      "geometry": {
        "coordinates": [
          -147.665242,
          -81.684297
        ],
        "type": "Point"
      },
      "properties": {
        "cipher": "QWER",
        "has_phrases": false,
        "mode": "value_domain",
        "phrase_count": 0,
        "phrases": [],
        "projection": "webmercator_hash_v1",
        "projection_method": "webmercator_hash_v1",
        "value": 1783
      },
      "type": "Feature"
    },
    {
      "geometry": {
        "coordinates": [
          -52.295407,
          13.253786
        ],
        "type": "Point"
      },
      "properties": {
        "cipher": "QWER",
        "has_phrases": false,
        "mode": "value_domain",
        "phrase_count": 0,
        "phrases": [],
        "projection": "webmercator_hash_v1",
        "projection_method": "webmercator_hash_v1",
        "value": 1784
      },
      "type": "Feature"
    },
    {
      "geometry": {
        "coordinates": [
          74.990178,
          -0.786832
        ],
        "type": "Point"
      },
      "properties": {
        "cipher": "QWER",
        "has_phrases": false,
        "mode": "value_domain",
        "phrase_count": 0,
        "phrases": [],
        "projection": "webmercator_hash_v1",
        "projection_method": "webmercator_hash_v1",
        "value": 1785
      },
      "type": "Feature"
    },
    {
      "geometry": {
        "coordinates": [
          157.657063,
          11.226879
        ],
        "type": "Point"
      },
      "properties": {
        "cipher": "QWER",
        "has_phrases": false,
        "mode": "value_domain",
        "phrase_count": 0,
        "phrases": [],
        "projection": "webmercator_hash_v1",
        "projection_method": "webmercator_hash_v1",
        "value": 1786
      },
      "type": "Feature"
    },
    {
      "geometry": {
        "coordinates": [
          171.537636,
          45.007817
        ],
        "type": "Point"
      },
      "properties": {
        "cipher": "QWER",
        "has_phrases": false,
        "mode": "value_domain",
        "phrase_count": 0,
        "phrases": [],
        "projection": "webmercator_hash_v1",
        "projection_method": "webmercator_hash_v1",
        "value": 1787
      },
      "type": "Feature"
    },
    {
      "geometry": {
        "coordinates": [
          -50.585876,
          5.674624
        ],
        "type": "Point"
      },
      "properties": {
        "cipher": "QWER",
        "has_phrases": false,
        "mode": "value_domain",
        "phrase_count": 0,
        "phrases": [],
        "projection": "webmercator_hash_v1",
        "projection_method": "webmercator_hash_v1",
        "value": 1788
      },
      "type": "Feature"
    },
    {
      "geometry": {
        "coordinates": [
          0.697278,
          52.923009
        ],
        "type": "Point"
      },
      "properties": {
        "cipher": "QWER",
        "has_phrases": false,
        "mode": "value_domain",
        "phrase_count": 0,
        "phrases": [],
        "projection": "webmercator_hash_v1",
        "projection_method": "webmercator_hash_v1",
        "value": 1789
      },
      "type": "Feature"
    },
    {
      "geometry": {
        "coordinates": [
          59.382018,
          -37.941263
        ],
        "type": "Point"
      },
      "properties": {
        "cipher": "QWER",
        "has_phrases": false,
        "mode": "value_domain",
        "phrase_count": 0,
        "phrases": [],
        "projection": "webmercator_hash_v1",
        "projection_method": "webmercator_hash_v1",
        "value": 1790
      },
      "type": "Feature"
    },
    {
      "geometry": {
        "coordinates": [
          8.483931,
          85.016846
        ],
        "type": "Point"
      },
      "properties": {
        "cipher": "QWER",
        "has_phrases": false,
        "mode": "value_domain",
        "phrase_count": 0,
        "phrases": [],
        "projection": "webmercator_hash_v1",
        "projection_method": "webmercator_hash_v1",
        "value": 1791
      },
      "type": "Feature"
    },
    {
      "geometry": {
        "coordinates": [
          -176.321316,
          5.71261
        ],
        "type": "Point"
      },
      "properties": {
        "cipher": "QWER",
        "has_phrases": false,
        "mode": "value_domain",
        "phrase_count": 0,
        "phrases": [],
        "projection": "webmercator_hash_v1",
        "projection_method": "webmercator_hash_v1",
        "value": 1792
      },
      "type": "Feature"
    },
    {
      "geometry": {
        "coordinates": [
          -136.404636,
          -58.796379
        ],
        "type": "Point"
      },
      "properties": {
        "cipher": "QWER",
        "has_phrases": false,
        "mode": "value_domain",
        "phrase_count": 0,
        "phrases": [],
        "projection": "webmercator_hash_v1",
        "projection_method": "webmercator_hash_v1",
        "value": 1793
      },
      "type": "Feature"
    },
    {
      "geometry": {
        "coordinates": [
          -140.37103,
          51.254075
        ],
        "type": "Point"
      },
      "properties": {
        "cipher": "QWER",
        "has_phrases": false,
        "mode": "value_domain",
        "phrase_count": 0,
        "phrases": [],
        "projection": "webmercator_hash_v1",
        "projection_method": "webmercator_hash_v1",
        "value": 1794
      },
      "type": "Feature"
    },
    {
      "geometry": {
        "coordinates": [
          45.17407,
          -36.356835
        ],
        "type": "Point"
      },
      "properties": {
        "cipher": "QWER",
        "has_phrases": false,
        "mode": "value_domain",
        "phrase_count": 0,
        "phrases": [],
        "projection": "webmercator_hash_v1",
        "projection_method": "webmercator_hash_v1",
        "value": 1795
      },
      "type": "Feature"
    },
    {
      "geometry": {
        "coordinates": [
          31.882544,
          -45.325187
        ],
        "type": "Point"
      },
      "properties": {
        "cipher": "QWER",
        "has_phrases": false,
        "mode": "value_domain",
        "phrase_count": 0,
        "phrases": [],
        "projection": "webmercator_hash_v1",
        "projection_method": "webmercator_hash_v1",
        "value": 1796
      },
      "type": "Feature"
    },
    {
      "geometry": {
        "coordinates": [
          46.759622,
          -72.134775
        ],
        "type": "Point"
      },
      "properties": {
        "cipher": "QWER",
        "has_phrases": false,
        "mode": "value_domain",
        "phrase_count": 0,
        "phrases": [],
        "projection": "webmercator_hash_v1",
        "projection_method": "webmercator_hash_v1",
        "value": 1797
      },
      "type": "Feature"
    },
    {
      "geometry": {
        "coordinates": [
          -172.081309,
          -3.431965
        ],
        "type": "Point"
      },
      "properties": {
        "cipher": "QWER",
        "has_phrases": false,
        "mode": "value_domain",
        "phrase_count": 0,
        "phrases": [],
        "projection": "webmercator_hash_v1",
        "projection_method": "webmercator_hash_v1",
        "value": 1798
      },
      "type": "Feature"
    },
    {
      "geometry": {
        "coordinates": [
          167.87984,
          -12.96197
        ],
        "type": "Point"
      },
      "properties": {
        "cipher": "QWER",
        "has_phrases": false,
        "mode": "value_domain",
        "phrase_count": 0,
        "phrases": [],
        "projection": "webmercator_hash_v1",
        "projection_method": "webmercator_hash_v1",
        "value": 1799
      },
      "type": "Feature"
    },
    {
      "geometry": {
        "coordinates": [
          -23.643657,
          -10.693323
        ],
        "type": "Point"
      },
      "properties": {
        "cipher": "QWER",
        "has_phrases": false,
        "mode": "value_domain",
        "phrase_count": 0,
        "phrases": [],
        "projection": "webmercator_hash_v1",
        "projection_method": "webmercator_hash_v1",
        "value": 1800
      },
      "type": "Feature"
    },
    {
      "geometry": {
        "coordinates": [
          126.163026,
          -16.252372
        ],
        "type": "Point"
      },
      "properties": {
        "cipher": "QWER",
        "has_phrases": false,
        "mode": "value_domain",
        "phrase_count": 0,
        "phrases": [],
        "projection": "webmercator_hash_v1",
        "projection_method": "webmercator_hash_v1",
        "value": 1801
      },
      "type": "Feature"
    },
    {
      "geometry": {
        "coordinates": [
          -108.813124,
          1.379383
        ],
        "type": "Point"
      },
      "properties": {
        "cipher": "QWER",
        "has_phrases": false,
        "mode": "value_domain",
        "phrase_count": 0,
        "phrases": [],
        "projection": "webmercator_hash_v1",
        "projection_method": "webmercator_hash_v1",
        "value": 1802
      },
      "type": "Feature"
    },
    {
      "geometry": {
        "coordinates": [
          127.385146,
          -53.168283
        ],
        "type": "Point"
      },
      "properties": {
        "cipher": "QWER",
        "has_phrases": false,
        "mode": "value_domain",
        "phrase_count": 0,
        "phrases": [],
        "projection": "webmercator_hash_v1",
        "projection_method": "webmercator_hash_v1",
        "value": 1803
      },
      "type": "Feature"
    },
    {
      "geometry": {
        "coordinates": [
          -33.560678,
          1.152496
        ],
        "type": "Point"
      },
      "properties": {
        "cipher": "QWER",
        "has_phrases": false,
        "mode": "value_domain",
        "phrase_count": 0,
        "phrases": [],
        "projection": "webmercator_hash_v1",
        "projection_method": "webmercator_hash_v1",
        "value": 1804
      },
      "type": "Feature"
    },
    {
      "geometry": {
        "coordinates": [
          92.215939,
          68.683293
        ],
        "type": "Point"
      },
      "properties": {
        "cipher": "QWER",
        "has_phrases": false,
        "mode": "value_domain",
        "phrase_count": 0,
        "phrases": [],
        "projection": "webmercator_hash_v1",
        "projection_method": "webmercator_hash_v1",
        "value": 1805
      },
      "type": "Feature"
    },
    {
      "geometry": {
        "coordinates": [
          -37.73763,
          -53.198846
        ],
        "type": "Point"
      },
      "properties": {
        "cipher": "QWER",
        "has_phrases": false,
        "mode": "value_domain",
        "phrase_count": 0,
        "phrases": [],
        "projection": "webmercator_hash_v1",
        "projection_method": "webmercator_hash_v1",
        "value": 1806
      },
      "type": "Feature"
    },
    {
      "geometry": {
        "coordinates": [
          55.704694,
          21.583582
        ],
        "type": "Point"
      },
      "properties": {
        "cipher": "QWER",
        "has_phrases": false,
        "mode": "value_domain",
        "phrase_count": 0,
        "phrases": [],
        "projection": "webmercator_hash_v1",
        "projection_method": "webmercator_hash_v1",
        "value": 1807
      },
      "type": "Feature"
    },
    {
      "geometry": {
        "coordinates": [
          104.287325,
          5.015606
        ],
        "type": "Point"
      },
      "properties": {
        "cipher": "QWER",
        "has_phrases": false,
        "mode": "value_domain",
        "phrase_count": 0,
        "phrases": [],
        "projection": "webmercator_hash_v1",
        "projection_method": "webmercator_hash_v1",
        "value": 1808
      },
      "type": "Feature"
    },
    {
      "geometry": {
        "coordinates": [
          -38.735786,
          80.351789
        ],
        "type": "Point"
      },
      "properties": {
        "cipher": "QWER",
        "has_phrases": false,
        "mode": "value_domain",
        "phrase_count": 0,
        "phrases": [],
        "projection": "webmercator_hash_v1",
        "projection_method": "webmercator_hash_v1",
        "value": 1809
      },
      "type": "Feature"
    },
    {
      "geometry": {
        "coordinates": [
          -163.391527,
          -65.106858
        ],
        "type": "Point"
      },
      "properties": {
        "cipher": "QWER",
        "has_phrases": false,
        "mode": "value_domain",
        "phrase_count": 0,
        "phrases": [],
        "projection": "webmercator_hash_v1",
        "projection_method": "webmercator_hash_v1",
        "value": 1810
      },
      "type": "Feature"
    },
    {
      "geometry": {
        "coordinates": [
          -2.019291,
          -40.205314
        ],
        "type": "Point"
      },
      "properties": {
        "cipher": "QWER",
        "has_phrases": false,
        "mode": "value_domain",
        "phrase_count": 0,
        "phrases": [],
        "projection": "webmercator_hash_v1",
        "projection_method": "webmercator_hash_v1",
        "value": 1811
      },
      "type": "Feature"
    },
    {
      "geometry": {
        "coordinates": [
          149.47642,
          71.281519
        ],
        "type": "Point"
      },
      "properties": {
        "cipher": "QWER",
        "has_phrases": false,
        "mode": "value_domain",
        "phrase_count": 0,
        "phrases": [],
        "projection": "webmercator_hash_v1",
        "projection_method": "webmercator_hash_v1",
        "value": 1812
      },
      "type": "Feature"
    },
    {
      "geometry": {
        "coordinates": [
          116.819008,
          -49.264361
        ],
        "type": "Point"
      },
      "properties": {
        "cipher": "QWER",
        "has_phrases": false,
        "mode": "value_domain",
        "phrase_count": 0,
        "phrases": [],
        "projection": "webmercator_hash_v1",
        "projection_method": "webmercator_hash_v1",
        "value": 1813
      },
      "type": "Feature"
    },
    {
      "geometry": {
        "coordinates": [
          -59.054399,
          -9.487933
        ],
        "type": "Point"
      },
      "properties": {
        "cipher": "QWER",
        "has_phrases": false,
        "mode": "value_domain",
        "phrase_count": 0,
        "phrases": [],
        "projection": "webmercator_hash_v1",
        "projection_method": "webmercator_hash_v1",
        "value": 1814
      },
      "type": "Feature"
    },
    {
      "geometry": {
        "coordinates": [
          -131.023472,
          1.16803
        ],
        "type": "Point"
      },
      "properties": {
        "cipher": "QWER",
        "has_phrases": false,
        "mode": "value_domain",
        "phrase_count": 0,
        "phrases": [],
        "projection": "webmercator_hash_v1",
        "projection_method": "webmercator_hash_v1",
        "value": 1815
      },
      "type": "Feature"
    },
    {
      "geometry": {
        "coordinates": [
          27.847543,
          79.163354
        ],
        "type": "Point"
      },
      "properties": {
        "cipher": "QWER",
        "has_phrases": false,
        "mode": "value_domain",
        "phrase_count": 0,
        "phrases": [],
        "projection": "webmercator_hash_v1",
        "projection_method": "webmercator_hash_v1",
        "value": 1816
      },
      "type": "Feature"
    },
    {
      "geometry": {
        "coordinates": [
          -57.892048,
          75.744502
        ],
        "type": "Point"
      },
      "properties": {
        "cipher": "QWER",
        "has_phrases": false,
        "mode": "value_domain",
        "phrase_count": 0,
        "phrases": [],
        "projection": "webmercator_hash_v1",
        "projection_method": "webmercator_hash_v1",
        "value": 1817
      },
      "type": "Feature"
    },
    {
      "geometry": {
        "coordinates": [
          100.841859,
          -76.316368
        ],
        "type": "Point"
      },
      "properties": {
        "cipher": "QWER",
        "has_phrases": false,
        "mode": "value_domain",
        "phrase_count": 0,
        "phrases": [],
        "projection": "webmercator_hash_v1",
        "projection_method": "webmercator_hash_v1",
        "value": 1818
      },
      "type": "Feature"
    },
    {
      "geometry": {
        "coordinates": [
          -157.613893,
          27.882602
        ],
        "type": "Point"
      },
      "properties": {
        "cipher": "QWER",
        "has_phrases": false,
        "mode": "value_domain",
        "phrase_count": 0,
        "phrases": [],
        "projection": "webmercator_hash_v1",
        "projection_method": "webmercator_hash_v1",
        "value": 1819
      },
      "type": "Feature"
    },
    {
      "geometry": {
        "coordinates": [
          148.184401,
          -71.298768
        ],
        "type": "Point"
      },
      "properties": {
        "cipher": "QWER",
        "has_phrases": false,
        "mode": "value_domain",
        "phrase_count": 0,
        "phrases": [],
        "projection": "webmercator_hash_v1",
        "projection_method": "webmercator_hash_v1",
        "value": 1820
      },
      "type": "Feature"
    },
    {
      "geometry": {
        "coordinates": [
          -171.226126,
          -47.735798
        ],
        "type": "Point"
      },
      "properties": {
        "cipher": "QWER",
        "has_phrases": false,
        "mode": "value_domain",
        "phrase_count": 0,
        "phrases": [],
        "projection": "webmercator_hash_v1",
        "projection_method": "webmercator_hash_v1",
        "value": 1821
      },
      "type": "Feature"
    },
    {
      "geometry": {
        "coordinates": [
          -166.945253,
          -47.875442
        ],
        "type": "Point"
      },
      "properties": {
        "cipher": "QWER",
        "has_phrases": false,
        "mode": "value_domain",
        "phrase_count": 0,
        "phrases": [],
        "projection": "webmercator_hash_v1",
        "projection_method": "webmercator_hash_v1",
        "value": 1822
      },
      "type": "Feature"
    },
    {
      "geometry": {
        "coordinates": [
          26.197589,
          -1.564265
        ],
        "type": "Point"
      },
      "properties": {
        "cipher": "QWER",
        "has_phrases": false,
        "mode": "value_domain",
        "phrase_count": 0,
        "phrases": [],
        "projection": "webmercator_hash_v1",
        "projection_method": "webmercator_hash_v1",
        "value": 1823
      },
      "type": "Feature"
    },
    {
      "geometry": {
        "coordinates": [
          140.119551,
          69.160089
        ],
        "type": "Point"
      },
      "properties": {
        "cipher": "QWER",
        "has_phrases": false,
        "mode": "value_domain",
        "phrase_count": 0,
        "phrases": [],
        "projection": "webmercator_hash_v1",
        "projection_method": "webmercator_hash_v1",
        "value": 1824
      },
      "type": "Feature"
    },
    {
      "geometry": {
        "coordinates": [
          54.188883,
          -33.025373
        ],
        "type": "Point"
      },
      "properties": {
        "cipher": "QWER",
        "has_phrases": false,
        "mode": "value_domain",
        "phrase_count": 0,
        "phrases": [],
        "projection": "webmercator_hash_v1",
        "projection_method": "webmercator_hash_v1",
        "value": 1825
      },
      "type": "Feature"
    },
    {
      "geometry": {
        "coordinates": [
          -23.402227,
          62.620673
        ],
        "type": "Point"
      },
      "properties": {
        "cipher": "QWER",
        "has_phrases": false,
        "mode": "value_domain",
        "phrase_count": 0,
        "phrases": [],
        "projection": "webmercator_hash_v1",
        "projection_method": "webmercator_hash_v1",
        "value": 1826
      },
      "type": "Feature"
    },
    {
      "geometry": {
        "coordinates": [
          -103.024087,
          47.741523
        ],
        "type": "Point"
      },
      "properties": {
        "cipher": "QWER",
        "has_phrases": false,
        "mode": "value_domain",
        "phrase_count": 0,
        "phrases": [],
        "projection": "webmercator_hash_v1",
        "projection_method": "webmercator_hash_v1",
        "value": 1827
      },
      "type": "Feature"
    },
    {
      "geometry": {
        "coordinates": [
          61.99915,
          56.543086
        ],
        "type": "Point"
      },
      "properties": {
        "cipher": "QWER",
        "has_phrases": false,
        "mode": "value_domain",
        "phrase_count": 0,
        "phrases": [],
        "projection": "webmercator_hash_v1",
        "projection_method": "webmercator_hash_v1",
        "value": 1828
      },
      "type": "Feature"
    },
    {
      "geometry": {
        "coordinates": [
          -36.757653,
          67.027584
        ],
        "type": "Point"
      },
      "properties": {
        "cipher": "QWER",
        "has_phrases": false,
        "mode": "value_domain",
        "phrase_count": 0,
        "phrases": [],
        "projection": "webmercator_hash_v1",
        "projection_method": "webmercator_hash_v1",
        "value": 1829
      },
      "type": "Feature"
    },
    {
      "geometry": {
        "coordinates": [
          89.795483,
          51.850276
        ],
        "type": "Point"
      },
      "properties": {
        "cipher": "QWER",
        "has_phrases": false,
        "mode": "value_domain",
        "phrase_count": 0,
        "phrases": [],
        "projection": "webmercator_hash_v1",
        "projection_method": "webmercator_hash_v1",
        "value": 1830
      },
      "type": "Feature"
    },
    {
      "geometry": {
        "coordinates": [
          -125.395544,
          47.882442
        ],
        "type": "Point"
      },
      "properties": {
        "cipher": "QWER",
        "has_phrases": false,
        "mode": "value_domain",
        "phrase_count": 0,
        "phrases": [],
        "projection": "webmercator_hash_v1",
        "projection_method": "webmercator_hash_v1",
        "value": 1831
      },
      "type": "Feature"
    },
    {
      "geometry": {
        "coordinates": [
          44.592748,
          -34.853295
        ],
        "type": "Point"
      },
      "properties": {
        "cipher": "QWER",
        "has_phrases": false,
        "mode": "value_domain",
        "phrase_count": 0,
        "phrases": [],
        "projection": "webmercator_hash_v1",
        "projection_method": "webmercator_hash_v1",
        "value": 1832
      },
      "type": "Feature"
    },
    {
      "geometry": {
        "coordinates": [
          85.802054,
          -32.369424
        ],
        "type": "Point"
      },
      "properties": {
        "cipher": "QWER",
        "has_phrases": false,
        "mode": "value_domain",
        "phrase_count": 0,
        "phrases": [],
        "projection": "webmercator_hash_v1",
        "projection_method": "webmercator_hash_v1",
        "value": 1833
      },
      "type": "Feature"
    },
    {
      "geometry": {
        "coordinates": [
          -149.082328,
          71.566842
        ],
        "type": "Point"
      },
      "properties": {
        "cipher": "QWER",
        "has_phrases": false,
        "mode": "value_domain",
        "phrase_count": 0,
        "phrases": [],
        "projection": "webmercator_hash_v1",
        "projection_method": "webmercator_hash_v1",
        "value": 1834
      },
      "type": "Feature"
    },
    {
      "geometry": {
        "coordinates": [
          -2.013828,
          64.330838
        ],
        "type": "Point"
      },
      "properties": {
        "cipher": "QWER",
        "has_phrases": false,
        "mode": "value_domain",
        "phrase_count": 0,
        "phrases": [],
        "projection": "webmercator_hash_v1",
        "projection_method": "webmercator_hash_v1",
        "value": 1835
      },
      "type": "Feature"
    },
    {
      "geometry": {
        "coordinates": [
          -62.032403,
          0.118493
        ],
        "type": "Point"
      },
      "properties": {
        "cipher": "QWER",
        "has_phrases": false,
        "mode": "value_domain",
        "phrase_count": 0,
        "phrases": [],
        "projection": "webmercator_hash_v1",
        "projection_method": "webmercator_hash_v1",
        "value": 1836
      },
      "type": "Feature"
    },
    {
      "geometry": {
        "coordinates": [
          53.694718,
          -16.03324
        ],
        "type": "Point"
      },
      "properties": {
        "cipher": "QWER",
        "has_phrases": false,
        "mode": "value_domain",
        "phrase_count": 0,
        "phrases": [],
        "projection": "webmercator_hash_v1",
        "projection_method": "webmercator_hash_v1",
        "value": 1837
      },
      "type": "Feature"
    },
    {
      "geometry": {
        "coordinates": [
          -158.815084,
          -9.394855
        ],
        "type": "Point"
      },
      "properties": {
        "cipher": "QWER",
        "has_phrases": false,
        "mode": "value_domain",
        "phrase_count": 0,
        "phrases": [],
        "projection": "webmercator_hash_v1",
        "projection_method": "webmercator_hash_v1",
        "value": 1838
      },
      "type": "Feature"
    },
    {
      "geometry": {
        "coordinates": [
          132.423764,
          40.431233
        ],
        "type": "Point"
      },
      "properties": {
        "cipher": "QWER",
        "has_phrases": false,
        "mode": "value_domain",
        "phrase_count": 0,
        "phrases": [],
        "projection": "webmercator_hash_v1",
        "projection_method": "webmercator_hash_v1",
        "value": 1839
      },
      "type": "Feature"
    },
    {
      "geometry": {
        "coordinates": [
          -63.277116,
          -50.62073
        ],
        "type": "Point"
      },
      "properties": {
        "cipher": "QWER",
        "has_phrases": false,
        "mode": "value_domain",
        "phrase_count": 0,
        "phrases": [],
        "projection": "webmercator_hash_v1",
        "projection_method": "webmercator_hash_v1",
        "value": 1840
      },
      "type": "Feature"
    },
    {
      "geometry": {
        "coordinates": [
          140.079206,
          -71.712778
        ],
        "type": "Point"
      },
      "properties": {
        "cipher": "QWER",
        "has_phrases": false,
        "mode": "value_domain",
        "phrase_count": 0,
        "phrases": [],
        "projection": "webmercator_hash_v1",
        "projection_method": "webmercator_hash_v1",
        "value": 1841
      },
      "type": "Feature"
    },
    {
      "geometry": {
        "coordinates": [
          36.781545,
          -66.770525
        ],
        "type": "Point"
      },
      "properties": {
        "cipher": "QWER",
        "has_phrases": false,
        "mode": "value_domain",
        "phrase_count": 0,
        "phrases": [],
        "projection": "webmercator_hash_v1",
        "projection_method": "webmercator_hash_v1",
        "value": 1842
      },
      "type": "Feature"
    },
    {
      "geometry": {
        "coordinates": [
          -16.42205,
          -17.501275
        ],
        "type": "Point"
      },
      "properties": {
        "cipher": "QWER",
        "has_phrases": false,
        "mode": "value_domain",
        "phrase_count": 0,
        "phrases": [],
        "projection": "webmercator_hash_v1",
        "projection_method": "webmercator_hash_v1",
        "value": 1843
      },
      "type": "Feature"
    },
    {
      "geometry": {
        "coordinates": [
          65.401837,
          -58.554911
        ],
        "type": "Point"
      },
      "properties": {
        "cipher": "QWER",
        "has_phrases": false,
        "mode": "value_domain",
        "phrase_count": 0,
        "phrases": [],
        "projection": "webmercator_hash_v1",
        "projection_method": "webmercator_hash_v1",
        "value": 1844
      },
      "type": "Feature"
    },
    {
      "geometry": {
        "coordinates": [
          -89.72906,
          17.066004
        ],
        "type": "Point"
      },
      "properties": {
        "cipher": "QWER",
        "has_phrases": false,
        "mode": "value_domain",
        "phrase_count": 0,
        "phrases": [],
        "projection": "webmercator_hash_v1",
        "projection_method": "webmercator_hash_v1",
        "value": 1845
      },
      "type": "Feature"
    },
    {
      "geometry": {
        "coordinates": [
          -145.664494,
          32.885297
        ],
        "type": "Point"
      },
      "properties": {
        "cipher": "QWER",
        "has_phrases": false,
        "mode": "value_domain",
        "phrase_count": 0,
        "phrases": [],
        "projection": "webmercator_hash_v1",
        "projection_method": "webmercator_hash_v1",
        "value": 1846
      },
      "type": "Feature"
    },
    {
      "geometry": {
        "coordinates": [
          -1.819446,
          34.281305
        ],
        "type": "Point"
      },
      "properties": {
        "cipher": "QWER",
        "has_phrases": false,
        "mode": "value_domain",
        "phrase_count": 0,
        "phrases": [],
        "projection": "webmercator_hash_v1",
        "projection_method": "webmercator_hash_v1",
        "value": 1847
      },
      "type": "Feature"
    },
    {
      "geometry": {
        "coordinates": [
          153.871736,
          -30.880198
        ],
        "type": "Point"
      },
      "properties": {
        "cipher": "QWER",
        "has_phrases": false,
        "mode": "value_domain",
        "phrase_count": 0,
        "phrases": [],
        "projection": "webmercator_hash_v1",
        "projection_method": "webmercator_hash_v1",
        "value": 1848
      },
      "type": "Feature"
    },
    {
      "geometry": {
        "coordinates": [
          65.742462,
          -23.27965
        ],
        "type": "Point"
      },
      "properties": {
        "cipher": "QWER",
        "has_phrases": false,
        "mode": "value_domain",
        "phrase_count": 0,
        "phrases": [],
        "projection": "webmercator_hash_v1",
        "projection_method": "webmercator_hash_v1",
        "value": 1849
      },
      "type": "Feature"
    },
    {
      "geometry": {
        "coordinates": [
          102.307465,
          51.426651
        ],
        "type": "Point"
      },
      "properties": {
        "cipher": "QWER",
        "has_phrases": false,
        "mode": "value_domain",
        "phrase_count": 0,
        "phrases": [],
        "projection": "webmercator_hash_v1",
        "projection_method": "webmercator_hash_v1",
        "value": 1850
      },
      "type": "Feature"
    },
    {
      "geometry": {
        "coordinates": [
          20.592295,
          -40.773653
        ],
        "type": "Point"
      },
      "properties": {
        "cipher": "QWER",
        "has_phrases": false,
        "mode": "value_domain",
        "phrase_count": 0,
        "phrases": [],
        "projection": "webmercator_hash_v1",
        "projection_method": "webmercator_hash_v1",
        "value": 1851
      },
      "type": "Feature"
    },
    {
      "geometry": {
        "coordinates": [
          178.976929,
          51.620411
        ],
        "type": "Point"
      },
      "properties": {
        "cipher": "QWER",
        "has_phrases": false,
        "mode": "value_domain",
        "phrase_count": 0,
        "phrases": [],
        "projection": "webmercator_hash_v1",
        "projection_method": "webmercator_hash_v1",
        "value": 1852
      },
      "type": "Feature"
    },
    {
      "geometry": {
        "coordinates": [
          -114.82287,
          10.062656
        ],
        "type": "Point"
      },
      "properties": {
        "cipher": "QWER",
        "has_phrases": false,
        "mode": "value_domain",
        "phrase_count": 0,
        "phrases": [],
        "projection": "webmercator_hash_v1",
        "projection_method": "webmercator_hash_v1",
        "value": 1853
      },
      "type": "Feature"
    },
    {
      "geometry": {
        "coordinates": [
          -16.841659,
          -69.412717
        ],
        "type": "Point"
      },
      "properties": {
        "cipher": "QWER",
        "has_phrases": false,
        "mode": "value_domain",
        "phrase_count": 0,
        "phrases": [],
        "projection": "webmercator_hash_v1",
        "projection_method": "webmercator_hash_v1",
        "value": 1854
      },
      "type": "Feature"
    },
    {
      "geometry": {
        "coordinates": [
          -113.524602,
          -1.996642
        ],
        "type": "Point"
      },
      "properties": {
        "cipher": "QWER",
        "has_phrases": false,
        "mode": "value_domain",
        "phrase_count": 0,
        "phrases": [],
        "projection": "webmercator_hash_v1",
        "projection_method": "webmercator_hash_v1",
        "value": 1855
      },
      "type": "Feature"
    },
    {
      "geometry": {
        "coordinates": [
          -17.736037,
          -4.514705
        ],
        "type": "Point"
      },
      "properties": {
        "cipher": "QWER",
        "has_phrases": false,
        "mode": "value_domain",
        "phrase_count": 0,
        "phrases": [],
        "projection": "webmercator_hash_v1",
        "projection_method": "webmercator_hash_v1",
        "value": 1856
      },
      "type": "Feature"
    },
    {
      "geometry": {
        "coordinates": [
          89.834313,
          25.277887
        ],
        "type": "Point"
      },
      "properties": {
        "cipher": "QWER",
        "has_phrases": false,
        "mode": "value_domain",
        "phrase_count": 0,
        "phrases": [],
        "projection": "webmercator_hash_v1",
        "projection_method": "webmercator_hash_v1",
        "value": 1857
      },
      "type": "Feature"
    },
    {
      "geometry": {
        "coordinates": [
          -54.096362,
          83.962956
        ],
        "type": "Point"
      },
      "properties": {
        "cipher": "QWER",
        "has_phrases": false,
        "mode": "value_domain",
        "phrase_count": 0,
        "phrases": [],
        "projection": "webmercator_hash_v1",
        "projection_method": "webmercator_hash_v1",
        "value": 1858
      },
      "type": "Feature"
    },
    {
      "geometry": {
        "coordinates": [
          58.235163,
          -61.585694
        ],
        "type": "Point"
      },
      "properties": {
        "cipher": "QWER",
        "has_phrases": false,
        "mode": "value_domain",
        "phrase_count": 0,
        "phrases": [],
        "projection": "webmercator_hash_v1",
        "projection_method": "webmercator_hash_v1",
        "value": 1859
      },
      "type": "Feature"
    },
    {
      "geometry": {
        "coordinates": [
          164.451317,
          -55.671619
        ],
        "type": "Point"
      },
      "properties": {
        "cipher": "QWER",
        "has_phrases": false,
        "mode": "value_domain",
        "phrase_count": 0,
        "phrases": [],
        "projection": "webmercator_hash_v1",
        "projection_method": "webmercator_hash_v1",
        "value": 1860
      },
      "type": "Feature"
    },
    {
      "geometry": {
        "coordinates": [
          -43.075446,
          31.280629
        ],
        "type": "Point"
      },
      "properties": {
        "cipher": "QWER",
        "has_phrases": false,
        "mode": "value_domain",
        "phrase_count": 0,
        "phrases": [],
        "projection": "webmercator_hash_v1",
        "projection_method": "webmercator_hash_v1",
        "value": 1861
      },
      "type": "Feature"
    },
    {
      "geometry": {
        "coordinates": [
          -36.271193,
          79.30891
        ],
        "type": "Point"
      },
      "properties": {
        "cipher": "QWER",
        "has_phrases": false,
        "mode": "value_domain",
        "phrase_count": 0,
        "phrases": [],
        "projection": "webmercator_hash_v1",
        "projection_method": "webmercator_hash_v1",
        "value": 1862
      },
      "type": "Feature"
    },
    {
      "geometry": {
        "coordinates": [
          43.029732,
          -40.235604
        ],
        "type": "Point"
      },
      "properties": {
        "cipher": "QWER",
        "has_phrases": false,
        "mode": "value_domain",
        "phrase_count": 0,
        "phrases": [],
        "projection": "webmercator_hash_v1",
        "projection_method": "webmercator_hash_v1",
        "value": 1863
      },
      "type": "Feature"
    },
    {
      "geometry": {
        "coordinates": [
          102.662232,
          49.052535
        ],
        "type": "Point"
      },
      "properties": {
        "cipher": "QWER",
        "has_phrases": false,
        "mode": "value_domain",
        "phrase_count": 0,
        "phrases": [],
        "projection": "webmercator_hash_v1",
        "projection_method": "webmercator_hash_v1",
        "value": 1864
      },
      "type": "Feature"
    },
    {
      "geometry": {
        "coordinates": [
          161.23797,
          -56.512719
        ],
        "type": "Point"
      },
      "properties": {
        "cipher": "QWER",
        "has_phrases": false,
        "mode": "value_domain",
        "phrase_count": 0,
        "phrases": [],
        "projection": "webmercator_hash_v1",
        "projection_method": "webmercator_hash_v1",
        "value": 1865
      },
      "type": "Feature"
    },
    {
      "geometry": {
        "coordinates": [
          16.847885,
          49.992219
        ],
        "type": "Point"
      },
      "properties": {
        "cipher": "QWER",
        "has_phrases": false,
        "mode": "value_domain",
        "phrase_count": 0,
        "phrases": [],
        "projection": "webmercator_hash_v1",
        "projection_method": "webmercator_hash_v1",
        "value": 1866
      },
      "type": "Feature"
    },
    {
      "geometry": {
        "coordinates": [
          131.029345,
          -80.135098
        ],
        "type": "Point"
      },
      "properties": {
        "cipher": "QWER",
        "has_phrases": false,
        "mode": "value_domain",
        "phrase_count": 0,
        "phrases": [],
        "projection": "webmercator_hash_v1",
        "projection_method": "webmercator_hash_v1",
        "value": 1867
      },
      "type": "Feature"
    },
    {
      "geometry": {
        "coordinates": [
          100.092213,
          -8.824846
        ],
        "type": "Point"
      },
      "properties": {
        "cipher": "QWER",
        "has_phrases": false,
        "mode": "value_domain",
        "phrase_count": 0,
        "phrases": [],
        "projection": "webmercator_hash_v1",
        "projection_method": "webmercator_hash_v1",
        "value": 1868
      },
      "type": "Feature"
    },
    {
      "geometry": {
        "coordinates": [
          32.882969,
          -28.634656
        ],
        "type": "Point"
      },
      "properties": {
        "cipher": "QWER",
        "has_phrases": false,
        "mode": "value_domain",
        "phrase_count": 0,
        "phrases": [],
        "projection": "webmercator_hash_v1",
        "projection_method": "webmercator_hash_v1",
        "value": 1869
      },
      "type": "Feature"
    },
    {
      "geometry": {
        "coordinates": [
          22.205585,
          13.713713
        ],
        "type": "Point"
      },
      "properties": {
        "cipher": "QWER",
        "has_phrases": false,
        "mode": "value_domain",
        "phrase_count": 0,
        "phrases": [],
        "projection": "webmercator_hash_v1",
        "projection_method": "webmercator_hash_v1",
        "value": 1870
      },
      "type": "Feature"
    },
    {
      "geometry": {
        "coordinates": [
          -20.885142,
          12.121943
        ],
        "type": "Point"
      },
      "properties": {
        "cipher": "QWER",
        "has_phrases": false,
        "mode": "value_domain",
        "phrase_count": 0,
        "phrases": [],
        "projection": "webmercator_hash_v1",
        "projection_method": "webmercator_hash_v1",
        "value": 1871
      },
      "type": "Feature"
    },
    {
      "geometry": {
        "coordinates": [
          117.988656,
          -71.391524
        ],
        "type": "Point"
      },
      "properties": {
        "cipher": "QWER",
        "has_phrases": false,
        "mode": "value_domain",
        "phrase_count": 0,
        "phrases": [],
        "projection": "webmercator_hash_v1",
        "projection_method": "webmercator_hash_v1",
        "value": 1872
      },
      "type": "Feature"
    },
    {
      "geometry": {
        "coordinates": [
          54.647788,
          37.756221
        ],
        "type": "Point"
      },
      "properties": {
        "cipher": "QWER",
        "has_phrases": false,
        "mode": "value_domain",
        "phrase_count": 0,
        "phrases": [],
        "projection": "webmercator_hash_v1",
        "projection_method": "webmercator_hash_v1",
        "value": 1873
      },
      "type": "Feature"
    },
    {
      "geometry": {
        "coordinates": [
          103.295887,
          54.155482
        ],
        "type": "Point"
      },
      "properties": {
        "cipher": "QWER",
        "has_phrases": false,
        "mode": "value_domain",
        "phrase_count": 0,
        "phrases": [],
        "projection": "webmercator_hash_v1",
        "projection_method": "webmercator_hash_v1",
        "value": 1874
      },
      "type": "Feature"
    },
    {
      "geometry": {
        "coordinates": [
          135.604225,
          -75.370256
        ],
        "type": "Point"
      },
      "properties": {
        "cipher": "QWER",
        "has_phrases": false,
        "mode": "value_domain",
        "phrase_count": 0,
        "phrases": [],
        "projection": "webmercator_hash_v1",
        "projection_method": "webmercator_hash_v1",
        "value": 1875
      },
      "type": "Feature"
    },
    {
      "geometry": {
        "coordinates": [
          -6.297157,
          -22.188334
        ],
        "type": "Point"
      },
      "properties": {
        "cipher": "QWER",
        "has_phrases": false,
        "mode": "value_domain",
        "phrase_count": 0,
        "phrases": [],
        "projection": "webmercator_hash_v1",
        "projection_method": "webmercator_hash_v1",
        "value": 1876
      },
      "type": "Feature"
    },
    {
      "geometry": {
        "coordinates": [
          -107.184485,
          68.097125
        ],
        "type": "Point"
      },
      "properties": {
        "cipher": "QWER",
        "has_phrases": false,
        "mode": "value_domain",
        "phrase_count": 0,
        "phrases": [],
        "projection": "webmercator_hash_v1",
        "projection_method": "webmercator_hash_v1",
        "value": 1877
      },
      "type": "Feature"
    },
    {
      "geometry": {
        "coordinates": [
          24.463229,
          -42.252017
        ],
        "type": "Point"
      },
      "properties": {
        "cipher": "QWER",
        "has_phrases": false,
        "mode": "value_domain",
        "phrase_count": 0,
        "phrases": [],
        "projection": "webmercator_hash_v1",
        "projection_method": "webmercator_hash_v1",
        "value": 1878
      },
      "type": "Feature"
    },
    {
      "geometry": {
        "coordinates": [
          10.188755,
          -26.127754
        ],
        "type": "Point"
      },
      "properties": {
        "cipher": "QWER",
        "has_phrases": false,
        "mode": "value_domain",
        "phrase_count": 0,
        "phrases": [],
        "projection": "webmercator_hash_v1",
        "projection_method": "webmercator_hash_v1",
        "value": 1879
      },
      "type": "Feature"
    },
    {
      "geometry": {
        "coordinates": [
          166.096659,
          10.875073
        ],
        "type": "Point"
      },
      "properties": {
        "cipher": "QWER",
        "has_phrases": false,
        "mode": "value_domain",
        "phrase_count": 0,
        "phrases": [],
        "projection": "webmercator_hash_v1",
        "projection_method": "webmercator_hash_v1",
        "value": 1880
      },
      "type": "Feature"
    },
    {
      "geometry": {
        "coordinates": [
          175.479364,
          79.941707
        ],
        "type": "Point"
      },
      "properties": {
        "cipher": "QWER",
        "has_phrases": false,
        "mode": "value_domain",
        "phrase_count": 0,
        "phrases": [],
        "projection": "webmercator_hash_v1",
        "projection_method": "webmercator_hash_v1",
        "value": 1881
      },
      "type": "Feature"
    },
    {
      "geometry": {
        "coordinates": [
          -113.507271,
          -60.057495
        ],
        "type": "Point"
      },
      "properties": {
        "cipher": "QWER",
        "has_phrases": false,
        "mode": "value_domain",
        "phrase_count": 0,
        "phrases": [],
        "projection": "webmercator_hash_v1",
        "projection_method": "webmercator_hash_v1",
        "value": 1882
      },
      "type": "Feature"
    },
    {
      "geometry": {
        "coordinates": [
          -111.451278,
          -46.7425
        ],
        "type": "Point"
      },
      "properties": {
        "cipher": "QWER",
        "has_phrases": false,
        "mode": "value_domain",
        "phrase_count": 0,
        "phrases": [],
        "projection": "webmercator_hash_v1",
        "projection_method": "webmercator_hash_v1",
        "value": 1883
      },
      "type": "Feature"
    },
    {
      "geometry": {
        "coordinates": [
          -110.188264,
          -41.484365
        ],
        "type": "Point"
      },
      "properties": {
        "cipher": "QWER",
        "has_phrases": false,
        "mode": "value_domain",
        "phrase_count": 0,
        "phrases": [],
        "projection": "webmercator_hash_v1",
        "projection_method": "webmercator_hash_v1",
        "value": 1884
      },
      "type": "Feature"
    },
    {
      "geometry": {
        "coordinates": [
          121.387656,
          -47.633367
        ],
        "type": "Point"
      },
      "properties": {
        "cipher": "QWER",
        "has_phrases": false,
        "mode": "value_domain",
        "phrase_count": 0,
        "phrases": [],
        "projection": "webmercator_hash_v1",
        "projection_method": "webmercator_hash_v1",
        "value": 1885
      },
      "type": "Feature"
    },
    {
      "geometry": {
        "coordinates": [
          6.407499,
          57.657639
        ],
        "type": "Point"
      },
      "properties": {
        "cipher": "QWER",
        "has_phrases": false,
        "mode": "value_domain",
        "phrase_count": 0,
        "phrases": [],
        "projection": "webmercator_hash_v1",
        "projection_method": "webmercator_hash_v1",
        "value": 1886
      },
      "type": "Feature"
    },
    {
      "geometry": {
        "coordinates": [
          74.257654,
          -66.055591
        ],
        "type": "Point"
      },
      "properties": {
        "cipher": "QWER",
        "has_phrases": false,
        "mode": "value_domain",
        "phrase_count": 0,
        "phrases": [],
        "projection": "webmercator_hash_v1",
        "projection_method": "webmercator_hash_v1",
        "value": 1887
      },
      "type": "Feature"
    },
    {
      "geometry": {
        "coordinates": [
          148.598274,
          70.564601
        ],
        "type": "Point"
      },
      "properties": {
        "cipher": "QWER",
        "has_phrases": false,
        "mode": "value_domain",
        "phrase_count": 0,
        "phrases": [],
        "projection": "webmercator_hash_v1",
        "projection_method": "webmercator_hash_v1",
        "value": 1888
      },
      "type": "Feature"
    },
    {
      "geometry": {
        "coordinates": [
          135.970074,
          0.493831
        ],
        "type": "Point"
      },
      "properties": {
        "cipher": "QWER",
        "has_phrases": false,
        "mode": "value_domain",
        "phrase_count": 0,
        "phrases": [],
        "projection": "webmercator_hash_v1",
        "projection_method": "webmercator_hash_v1",
        "value": 1889
      },
      "type": "Feature"
    },
    {
      "geometry": {
        "coordinates": [
          72.72632,
          38.816194
        ],
        "type": "Point"
      },
      "properties": {
        "cipher": "QWER",
        "has_phrases": false,
        "mode": "value_domain",
        "phrase_count": 0,
        "phrases": [],
        "projection": "webmercator_hash_v1",
        "projection_method": "webmercator_hash_v1",
        "value": 1890
      },
      "type": "Feature"
    },
    {
      "geometry": {
        "coordinates": [
          -88.08883,
          39.340283
        ],
        "type": "Point"
      },
      "properties": {
        "cipher": "QWER",
        "has_phrases": false,
        "mode": "value_domain",
        "phrase_count": 0,
        "phrases": [],
        "projection": "webmercator_hash_v1",
        "projection_method": "webmercator_hash_v1",
        "value": 1891
      },
      "type": "Feature"
    },
    {
      "geometry": {
        "coordinates": [
          103.760181,
          -21.56667
        ],
        "type": "Point"
      },
      "properties": {
        "cipher": "QWER",
        "has_phrases": false,
        "mode": "value_domain",
        "phrase_count": 0,
        "phrases": [],
        "projection": "webmercator_hash_v1",
        "projection_method": "webmercator_hash_v1",
        "value": 1892
      },
      "type": "Feature"
    },
    {
      "geometry": {
        "coordinates": [
          81.528213,
          77.607967
        ],
        "type": "Point"
      },
      "properties": {
        "cipher": "QWER",
        "has_phrases": false,
        "mode": "value_domain",
        "phrase_count": 0,
        "phrases": [],
        "projection": "webmercator_hash_v1",
        "projection_method": "webmercator_hash_v1",
        "value": 1893
      },
      "type": "Feature"
    },
    {
      "geometry": {
        "coordinates": [
          -162.823233,
          -82.792316
        ],
        "type": "Point"
      },
      "properties": {
        "cipher": "QWER",
        "has_phrases": false,
        "mode": "value_domain",
        "phrase_count": 0,
        "phrases": [],
        "projection": "webmercator_hash_v1",
        "projection_method": "webmercator_hash_v1",
        "value": 1894
      },
      "type": "Feature"
    },
    {
      "geometry": {
        "coordinates": [
          -151.538921,
          -67.668915
        ],
        "type": "Point"
      },
      "properties": {
        "cipher": "QWER",
        "has_phrases": false,
        "mode": "value_domain",
        "phrase_count": 0,
        "phrases": [],
        "projection": "webmercator_hash_v1",
        "projection_method": "webmercator_hash_v1",
        "value": 1895
      },
      "type": "Feature"
    },
    {
      "geometry": {
        "coordinates": [
          70.984319,
          -44.088615
        ],
        "type": "Point"
      },
      "properties": {
        "cipher": "QWER",
        "has_phrases": false,
        "mode": "value_domain",
        "phrase_count": 0,
        "phrases": [],
        "projection": "webmercator_hash_v1",
        "projection_method": "webmercator_hash_v1",
        "value": 1896
      },
      "type": "Feature"
    },
    {
      "geometry": {
        "coordinates": [
          -55.864509,
          71.975508
        ],
        "type": "Point"
      },
      "properties": {
        "cipher": "QWER",
        "has_phrases": false,
        "mode": "value_domain",
        "phrase_count": 0,
        "phrases": [],
        "projection": "webmercator_hash_v1",
        "projection_method": "webmercator_hash_v1",
        "value": 1897
      },
      "type": "Feature"
    },
    {
      "geometry": {
        "coordinates": [
          -4.978241,
          -47.075224
        ],
        "type": "Point"
      },
      "properties": {
        "cipher": "QWER",
        "has_phrases": false,
        "mode": "value_domain",
        "phrase_count": 0,
        "phrases": [],
        "projection": "webmercator_hash_v1",
        "projection_method": "webmercator_hash_v1",
        "value": 1898
      },
      "type": "Feature"
    },
    {
      "geometry": {
        "coordinates": [
          -164.611719,
          -29.634742
        ],
        "type": "Point"
      },
      "properties": {
        "cipher": "QWER",
        "has_phrases": false,
        "mode": "value_domain",
        "phrase_count": 0,
        "phrases": [],
        "projection": "webmercator_hash_v1",
        "projection_method": "webmercator_hash_v1",
        "value": 1899
      },
      "type": "Feature"
    },
    {
      "geometry": {
        "coordinates": [
          53.155934,
          -29.811334
        ],
        "type": "Point"
      },
      "properties": {
        "cipher": "QWER",
        "has_phrases": false,
        "mode": "value_domain",
        "phrase_count": 0,
        "phrases": [],
        "projection": "webmercator_hash_v1",
        "projection_method": "webmercator_hash_v1",
        "value": 1900
      },
      "type": "Feature"
    },
    {
      "geometry": {
        "coordinates": [
          13.811122,
          -61.4061
        ],
        "type": "Point"
      },
      "properties": {
        "cipher": "QWER",
        "has_phrases": false,
        "mode": "value_domain",
        "phrase_count": 0,
        "phrases": [],
        "projection": "webmercator_hash_v1",
        "projection_method": "webmercator_hash_v1",
        "value": 1901
      },
      "type": "Feature"
    },
    {
      "geometry": {
        "coordinates": [
          -99.653548,
          -74.418892
        ],
        "type": "Point"
      },
      "properties": {
        "cipher": "QWER",
        "has_phrases": false,
        "mode": "value_domain",
        "phrase_count": 0,
        "phrases": [],
        "projection": "webmercator_hash_v1",
        "projection_method": "webmercator_hash_v1",
        "value": 1902
      },
      "type": "Feature"
    },
    {
      "geometry": {
        "coordinates": [
          -117.942026,
          -72.89388
        ],
        "type": "Point"
      },
      "properties": {
        "cipher": "QWER",
        "has_phrases": false,
        "mode": "value_domain",
        "phrase_count": 0,
        "phrases": [],
        "projection": "webmercator_hash_v1",
        "projection_method": "webmercator_hash_v1",
        "value": 1903
      },
      "type": "Feature"
    },
    {
      "geometry": {
        "coordinates": [
          62.279168,
          24.06315
        ],
        "type": "Point"
      },
      "properties": {
        "cipher": "QWER",
        "has_phrases": false,
        "mode": "value_domain",
        "phrase_count": 0,
        "phrases": [],
        "projection": "webmercator_hash_v1",
        "projection_method": "webmercator_hash_v1",
        "value": 1904
      },
      "type": "Feature"
    },
    {
      "geometry": {
        "coordinates": [
          -159.883082,
          42.09044
        ],
        "type": "Point"
      },
      "properties": {
        "cipher": "QWER",
        "has_phrases": false,
        "mode": "value_domain",
        "phrase_count": 0,
        "phrases": [],
        "projection": "webmercator_hash_v1",
        "projection_method": "webmercator_hash_v1",
        "value": 1905
      },
      "type": "Feature"
    },
    {
      "geometry": {
        "coordinates": [
          40.10034,
          79.99563
        ],
        "type": "Point"
      },
      "properties": {
        "cipher": "QWER",
        "has_phrases": false,
        "mode": "value_domain",
        "phrase_count": 0,
        "phrases": [],
        "projection": "webmercator_hash_v1",
        "projection_method": "webmercator_hash_v1",
        "value": 1906
      },
      "type": "Feature"
    },
    {
      "geometry": {
        "coordinates": [
          -96.369192,
          -73.266346
        ],
        "type": "Point"
      },
      "properties": {
        "cipher": "QWER",
        "has_phrases": false,
        "mode": "value_domain",
        "phrase_count": 0,
        "phrases": [],
        "projection": "webmercator_hash_v1",
        "projection_method": "webmercator_hash_v1",
        "value": 1907
      },
      "type": "Feature"
    },
    {
      "geometry": {
        "coordinates": [
          -15.335349,
          -12.528303
        ],
        "type": "Point"
      },
      "properties": {
        "cipher": "QWER",
        "has_phrases": false,
        "mode": "value_domain",
        "phrase_count": 0,
        "phrases": [],
        "projection": "webmercator_hash_v1",
        "projection_method": "webmercator_hash_v1",
        "value": 1908
      },
      "type": "Feature"
    },
    {
      "geometry": {
        "coordinates": [
          8.87207,
          -17.834848
        ],
        "type": "Point"
      },
      "properties": {
        "cipher": "QWER",
        "has_phrases": false,
        "mode": "value_domain",
        "phrase_count": 0,
        "phrases": [],
        "projection": "webmercator_hash_v1",
        "projection_method": "webmercator_hash_v1",
        "value": 1909
      },
      "type": "Feature"
    },
    {
      "geometry": {
        "coordinates": [
          129.728971,
          -65.284841
        ],
        "type": "Point"
      },
      "properties": {
        "cipher": "QWER",
        "has_phrases": false,
        "mode": "value_domain",
        "phrase_count": 0,
        "phrases": [],
        "projection": "webmercator_hash_v1",
        "projection_method": "webmercator_hash_v1",
        "value": 1910
      },
      "type": "Feature"
    },
    {
      "geometry": {
        "coordinates": [
          164.334978,
          61.063046
        ],
        "type": "Point"
      },
      "properties": {
        "cipher": "QWER",
        "has_phrases": false,
        "mode": "value_domain",
        "phrase_count": 0,
        "phrases": [],
        "projection": "webmercator_hash_v1",
        "projection_method": "webmercator_hash_v1",
        "value": 1911
      },
      "type": "Feature"
    },
    {
      "geometry": {
        "coordinates": [
          -104.590294,
          -20.900525
        ],
        "type": "Point"
      },
      "properties": {
        "cipher": "QWER",
        "has_phrases": false,
        "mode": "value_domain",
        "phrase_count": 0,
        "phrases": [],
        "projection": "webmercator_hash_v1",
        "projection_method": "webmercator_hash_v1",
        "value": 1912
      },
      "type": "Feature"
    },
    {
      "geometry": {
        "coordinates": [
          -170.524324,
          16.457896
        ],
        "type": "Point"
      },
      "properties": {
        "cipher": "QWER",
        "has_phrases": false,
        "mode": "value_domain",
        "phrase_count": 0,
        "phrases": [],
        "projection": "webmercator_hash_v1",
        "projection_method": "webmercator_hash_v1",
        "value": 1913
      },
      "type": "Feature"
    },
    {
      "geometry": {
        "coordinates": [
          127.880839,
          -40.96
        ],
        "type": "Point"
      },
      "properties": {
        "cipher": "QWER",
        "has_phrases": false,
        "mode": "value_domain",
        "phrase_count": 0,
        "phrases": [],
        "projection": "webmercator_hash_v1",
        "projection_method": "webmercator_hash_v1",
        "value": 1914
      },
      "type": "Feature"
    },
    {
      "geometry": {
        "coordinates": [
          147.515462,
          67.730946
        ],
        "type": "Point"
      },
      "properties": {
        "cipher": "QWER",
        "has_phrases": false,
        "mode": "value_domain",
        "phrase_count": 0,
        "phrases": [],
        "projection": "webmercator_hash_v1",
        "projection_method": "webmercator_hash_v1",
        "value": 1915
      },
      "type": "Feature"
    },
    {
      "geometry": {
        "coordinates": [
          32.558272,
          -36.201482
        ],
        "type": "Point"
      },
      "properties": {
        "cipher": "QWER",
        "has_phrases": false,
        "mode": "value_domain",
        "phrase_count": 0,
        "phrases": [],
        "projection": "webmercator_hash_v1",
        "projection_method": "webmercator_hash_v1",
        "value": 1916
      },
      "type": "Feature"
    },
    {
      "geometry": {
        "coordinates": [
          -126.762799,
          -49.276512
        ],
        "type": "Point"
      },
      "properties": {
        "cipher": "QWER",
        "has_phrases": false,
        "mode": "value_domain",
        "phrase_count": 0,
        "phrases": [],
        "projection": "webmercator_hash_v1",
        "projection_method": "webmercator_hash_v1",
        "value": 1917
      },
      "type": "Feature"
    },
    {
      "geometry": {
        "coordinates": [
          -70.642293,
          37.070748
        ],
        "type": "Point"
      },
      "properties": {
        "cipher": "QWER",
        "has_phrases": false,
        "mode": "value_domain",
        "phrase_count": 0,
        "phrases": [],
        "projection": "webmercator_hash_v1",
        "projection_method": "webmercator_hash_v1",
        "value": 1918
      },
      "type": "Feature"
    },
    {
      "geometry": {
        "coordinates": [
          -171.044958,
          -20.876651
        ],
        "type": "Point"
      },
      "properties": {
        "cipher": "QWER",
        "has_phrases": false,
        "mode": "value_domain",
        "phrase_count": 0,
        "phrases": [],
        "projection": "webmercator_hash_v1",
        "projection_method": "webmercator_hash_v1",
        "value": 1919
      },
      "type": "Feature"
    },
    {
      "geometry": {
        "coordinates": [
          -147.577278,
          -45.756899
        ],
        "type": "Point"
      },
      "properties": {
        "cipher": "QWER",
        "has_phrases": false,
        "mode": "value_domain",
        "phrase_count": 0,
        "phrases": [],
        "projection": "webmercator_hash_v1",
        "projection_method": "webmercator_hash_v1",
        "value": 1920
      },
      "type": "Feature"
    },
    {
      "geometry": {
        "coordinates": [
          83.247768,
          -56.684799
        ],
        "type": "Point"
      },
      "properties": {
        "cipher": "QWER",
        "has_phrases": false,
        "mode": "value_domain",
        "phrase_count": 0,
        "phrases": [],
        "projection": "webmercator_hash_v1",
        "projection_method": "webmercator_hash_v1",
        "value": 1921
      },
      "type": "Feature"
    },
    {
      "geometry": {
        "coordinates": [
          -70.395326,
          -48.39906
        ],
        "type": "Point"
      },
      "properties": {
        "cipher": "QWER",
        "has_phrases": false,
        "mode": "value_domain",
        "phrase_count": 0,
        "phrases": [],
        "projection": "webmercator_hash_v1",
        "projection_method": "webmercator_hash_v1",
        "value": 1922
      },
      "type": "Feature"
    },
    {
      "geometry": {
        "coordinates": [
          9.950488,
          22.675876
        ],
        "type": "Point"
      },
      "properties": {
        "cipher": "QWER",
        "has_phrases": false,
        "mode": "value_domain",
        "phrase_count": 0,
        "phrases": [],
        "projection": "webmercator_hash_v1",
        "projection_method": "webmercator_hash_v1",
        "value": 1923
      },
      "type": "Feature"
    },
    {
      "geometry": {
        "coordinates": [
          -91.795861,
          -63.449264
        ],
        "type": "Point"
      },
      "properties": {
        "cipher": "QWER",
        "has_phrases": false,
        "mode": "value_domain",
        "phrase_count": 0,
        "phrases": [],
        "projection": "webmercator_hash_v1",
        "projection_method": "webmercator_hash_v1",
        "value": 1924
      },
      "type": "Feature"
    },
    {
      "geometry": {
        "coordinates": [
          119.443217,
          74.234292
        ],
        "type": "Point"
      },
      "properties": {
        "cipher": "QWER",
        "has_phrases": false,
        "mode": "value_domain",
        "phrase_count": 0,
        "phrases": [],
        "projection": "webmercator_hash_v1",
        "projection_method": "webmercator_hash_v1",
        "value": 1925
      },
      "type": "Feature"
    },
    {
      "geometry": {
        "coordinates": [
          132.747759,
          37.526336
        ],
        "type": "Point"
      },
      "properties": {
        "cipher": "QWER",
        "has_phrases": false,
        "mode": "value_domain",
        "phrase_count": 0,
        "phrases": [],
        "projection": "webmercator_hash_v1",
        "projection_method": "webmercator_hash_v1",
        "value": 1926
      },
      "type": "Feature"
    },
    {
      "geometry": {
        "coordinates": [
          31.789574,
          -70.739457
        ],
        "type": "Point"
      },
      "properties": {
        "cipher": "QWER",
        "has_phrases": false,
        "mode": "value_domain",
        "phrase_count": 0,
        "phrases": [],
        "projection": "webmercator_hash_v1",
        "projection_method": "webmercator_hash_v1",
        "value": 1927
      },
      "type": "Feature"
    },
    {
      "geometry": {
        "coordinates": [
          106.318153,
          -5.248618
        ],
        "type": "Point"
      },
      "properties": {
        "cipher": "QWER",
        "has_phrases": false,
        "mode": "value_domain",
        "phrase_count": 0,
        "phrases": [],
        "projection": "webmercator_hash_v1",
        "projection_method": "webmercator_hash_v1",
        "value": 1928
      },
      "type": "Feature"
    },
    {
      "geometry": {
        "coordinates": [
          111.704912,
          71.203697
        ],
        "type": "Point"
      },
      "properties": {
        "cipher": "QWER",
        "has_phrases": false,
        "mode": "value_domain",
        "phrase_count": 0,
        "phrases": [],
        "projection": "webmercator_hash_v1",
        "projection_method": "webmercator_hash_v1",
        "value": 1929
      },
      "type": "Feature"
    },
    {
      "geometry": {
        "coordinates": [
          -65.461279,
          48.286218
        ],
        "type": "Point"
      },
      "properties": {
        "cipher": "QWER",
        "has_phrases": false,
        "mode": "value_domain",
        "phrase_count": 0,
        "phrases": [],
        "projection": "webmercator_hash_v1",
        "projection_method": "webmercator_hash_v1",
        "value": 1930
      },
      "type": "Feature"
    },
    {
      "geometry": {
        "coordinates": [
          -46.781274,
          -49.509849
        ],
        "type": "Point"
      },
      "properties": {
        "cipher": "QWER",
        "has_phrases": false,
        "mode": "value_domain",
        "phrase_count": 0,
        "phrases": [],
        "projection": "webmercator_hash_v1",
        "projection_method": "webmercator_hash_v1",
        "value": 1931
      },
      "type": "Feature"
    },
    {
      "geometry": {
        "coordinates": [
          87.287532,
          74.112204
        ],
        "type": "Point"
      },
      "properties": {
        "cipher": "QWER",
        "has_phrases": false,
        "mode": "value_domain",
        "phrase_count": 0,
        "phrases": [],
        "projection": "webmercator_hash_v1",
        "projection_method": "webmercator_hash_v1",
        "value": 1932
      },
      "type": "Feature"
    },
    {
      "geometry": {
        "coordinates": [
          -42.960246,
          77.406966
        ],
        "type": "Point"
      },
      "properties": {
        "cipher": "QWER",
        "has_phrases": false,
        "mode": "value_domain",
        "phrase_count": 0,
        "phrases": [],
        "projection": "webmercator_hash_v1",
        "projection_method": "webmercator_hash_v1",
        "value": 1933
      },
      "type": "Feature"
    },
    {
      "geometry": {
        "coordinates": [
          -116.19553,
          52.65451
        ],
        "type": "Point"
      },
      "properties": {
        "cipher": "QWER",
        "has_phrases": false,
        "mode": "value_domain",
        "phrase_count": 0,
        "phrases": [],
        "projection": "webmercator_hash_v1",
        "projection_method": "webmercator_hash_v1",
        "value": 1934
      },
      "type": "Feature"
    },
    {
      "geometry": {
        "coordinates": [
          161.448609,
          46.003713
        ],
        "type": "Point"
      },
      "properties": {
        "cipher": "QWER",
        "has_phrases": false,
        "mode": "value_domain",
        "phrase_count": 0,
        "phrases": [],
        "projection": "webmercator_hash_v1",
        "projection_method": "webmercator_hash_v1",
        "value": 1935
      },
      "type": "Feature"
    },
    {
      "geometry": {
        "coordinates": [
          28.732402,
          42.234698
        ],
        "type": "Point"
      },
      "properties": {
        "cipher": "QWER",
        "has_phrases": false,
        "mode": "value_domain",
        "phrase_count": 0,
        "phrases": [],
        "projection": "webmercator_hash_v1",
        "projection_method": "webmercator_hash_v1",
        "value": 1936
      },
      "type": "Feature"
    },
    {
      "geometry": {
        "coordinates": [
          153.392353,
          7.448791
        ],
        "type": "Point"
      },
      "properties": {
        "cipher": "QWER",
        "has_phrases": false,
        "mode": "value_domain",
        "phrase_count": 0,
        "phrases": [],
        "projection": "webmercator_hash_v1",
        "projection_method": "webmercator_hash_v1",
        "value": 1937
      },
      "type": "Feature"
    },
    {
      "geometry": {
        "coordinates": [
          173.29721,
          -39.203863
        ],
        "type": "Point"
      },
      "properties": {
        "cipher": "QWER",
        "has_phrases": false,
        "mode": "value_domain",
        "phrase_count": 0,
        "phrases": [],
        "projection": "webmercator_hash_v1",
        "projection_method": "webmercator_hash_v1",
        "value": 1938
      },
      "type": "Feature"
    },
    {
      "geometry": {
        "coordinates": [
          -102.293395,
          65.475522
        ],
        "type": "Point"
      },
      "properties": {
        "cipher": "QWER",
        "has_phrases": false,
        "mode": "value_domain",
        "phrase_count": 0,
        "phrases": [],
        "projection": "webmercator_hash_v1",
        "projection_method": "webmercator_hash_v1",
        "value": 1939
      },
      "type": "Feature"
    },
    {
      "geometry": {
        "coordinates": [
          116.819971,
          50.426675
        ],
        "type": "Point"
      },
      "properties": {
        "cipher": "QWER",
        "has_phrases": false,
        "mode": "value_domain",
        "phrase_count": 0,
        "phrases": [],
        "projection": "webmercator_hash_v1",
        "projection_method": "webmercator_hash_v1",
        "value": 1940
      },
      "type": "Feature"
    },
    {
      "geometry": {
        "coordinates": [
          -76.549989,
          67.165545
        ],
        "type": "Point"
      },
      "properties": {
        "cipher": "QWER",
        "has_phrases": false,
        "mode": "value_domain",
        "phrase_count": 0,
        "phrases": [],
        "projection": "webmercator_hash_v1",
        "projection_method": "webmercator_hash_v1",
        "value": 1941
      },
      "type": "Feature"
    },
    {
      "geometry": {
        "coordinates": [
          -42.693253,
          9.800112
        ],
        "type": "Point"
      },
      "properties": {
        "cipher": "QWER",
        "has_phrases": false,
        "mode": "value_domain",
        "phrase_count": 0,
        "phrases": [],
        "projection": "webmercator_hash_v1",
        "projection_method": "webmercator_hash_v1",
        "value": 1942
      },
      "type": "Feature"
    },
    {
      "geometry": {
        "coordinates": [
          73.318246,
          -79.164146
        ],
        "type": "Point"
      },
      "properties": {
        "cipher": "QWER",
        "has_phrases": false,
        "mode": "value_domain",
        "phrase_count": 0,
        "phrases": [],
        "projection": "webmercator_hash_v1",
        "projection_method": "webmercator_hash_v1",
        "value": 1943
      },
      "type": "Feature"
    },
    {
      "geometry": {
        "coordinates": [
          -166.18306,
          67.042399
        ],
        "type": "Point"
      },
      "properties": {
        "cipher": "QWER",
        "has_phrases": false,
        "mode": "value_domain",
        "phrase_count": 0,
        "phrases": [],
        "projection": "webmercator_hash_v1",
        "projection_method": "webmercator_hash_v1",
        "value": 1944
      },
      "type": "Feature"
    },
    {
      "geometry": {
        "coordinates": [
          -57.83729,
          36.848121
        ],
        "type": "Point"
      },
      "properties": {
        "cipher": "QWER",
        "has_phrases": false,
        "mode": "value_domain",
        "phrase_count": 0,
        "phrases": [],
        "projection": "webmercator_hash_v1",
        "projection_method": "webmercator_hash_v1",
        "value": 1945
      },
      "type": "Feature"
    },
    {
      "geometry": {
        "coordinates": [
          44.408338,
          -32.499405
        ],
        "type": "Point"
      },
      "properties": {
        "cipher": "QWER",
        "has_phrases": false,
        "mode": "value_domain",
        "phrase_count": 0,
        "phrases": [],
        "projection": "webmercator_hash_v1",
        "projection_method": "webmercator_hash_v1",
        "value": 1946
      },
      "type": "Feature"
    },
    {
      "geometry": {
        "coordinates": [
          -116.786008,
          -75.163275
        ],
        "type": "Point"
      },
      "properties": {
        "cipher": "QWER",
        "has_phrases": false,
        "mode": "value_domain",
        "phrase_count": 0,
        "phrases": [],
        "projection": "webmercator_hash_v1",
        "projection_method": "webmercator_hash_v1",
        "value": 1947
      },
      "type": "Feature"
    },
    {
      "geometry": {
        "coordinates": [
          -165.114981,
          -14.090846
        ],
        "type": "Point"
      },
      "properties": {
        "cipher": "QWER",
        "has_phrases": false,
        "mode": "value_domain",
        "phrase_count": 0,
        "phrases": [],
        "projection": "webmercator_hash_v1",
        "projection_method": "webmercator_hash_v1",
        "value": 1948
      },
      "type": "Feature"
    },
    {
      "geometry": {
        "coordinates": [
          143.224025,
          49.357466
        ],
        "type": "Point"
      },
      "properties": {
        "cipher": "QWER",
        "has_phrases": false,
        "mode": "value_domain",
        "phrase_count": 0,
        "phrases": [],
        "projection": "webmercator_hash_v1",
        "projection_method": "webmercator_hash_v1",
        "value": 1949
      },
      "type": "Feature"
    },
    {
      "geometry": {
        "coordinates": [
          -174.075651,
          78.568943
        ],
        "type": "Point"
      },
      "properties": {
        "cipher": "QWER",
        "has_phrases": false,
        "mode": "value_domain",
        "phrase_count": 0,
        "phrases": [],
        "projection": "webmercator_hash_v1",
        "projection_method": "webmercator_hash_v1",
        "value": 1950
      },
      "type": "Feature"
    },
    {
      "geometry": {
        "coordinates": [
          -163.540336,
          -30.258867
        ],
        "type": "Point"
      },
      "properties": {
        "cipher": "QWER",
        "has_phrases": false,
        "mode": "value_domain",
        "phrase_count": 0,
        "phrases": [],
        "projection": "webmercator_hash_v1",
        "projection_method": "webmercator_hash_v1",
        "value": 1951
      },
      "type": "Feature"
    },
    {
      "geometry": {
        "coordinates": [
          -157.768468,
          -21.399934
        ],
        "type": "Point"
      },
      "properties": {
        "cipher": "QWER",
        "has_phrases": false,
        "mode": "value_domain",
        "phrase_count": 0,
        "phrases": [],
        "projection": "webmercator_hash_v1",
        "projection_method": "webmercator_hash_v1",
        "value": 1952
      },
      "type": "Feature"
    },
    {
      "geometry": {
        "coordinates": [
          -86.549296,
          -70.626952
        ],
        "type": "Point"
      },
      "properties": {
        "cipher": "QWER",
        "has_phrases": false,
        "mode": "value_domain",
        "phrase_count": 0,
        "phrases": [],
        "projection": "webmercator_hash_v1",
        "projection_method": "webmercator_hash_v1",
        "value": 1953
      },
      "type": "Feature"
    },
    {
      "geometry": {
        "coordinates": [
          -152.287128,
          62.584375
        ],
        "type": "Point"
      },
      "properties": {
        "cipher": "QWER",
        "has_phrases": false,
        "mode": "value_domain",
        "phrase_count": 0,
        "phrases": [],
        "projection": "webmercator_hash_v1",
        "projection_method": "webmercator_hash_v1",
        "value": 1954
      },
      "type": "Feature"
    },
    {
      "geometry": {
        "coordinates": [
          -70.929543,
          76.059971
        ],
        "type": "Point"
      },
      "properties": {
        "cipher": "QWER",
        "has_phrases": false,
        "mode": "value_domain",
        "phrase_count": 0,
        "phrases": [],
        "projection": "webmercator_hash_v1",
        "projection_method": "webmercator_hash_v1",
        "value": 1955
      },
      "type": "Feature"
    },
    {
      "geometry": {
        "coordinates": [
          -71.196918,
          31.175487
        ],
        "type": "Point"
      },
      "properties": {
        "cipher": "QWER",
        "has_phrases": false,
        "mode": "value_domain",
        "phrase_count": 0,
        "phrases": [],
        "projection": "webmercator_hash_v1",
        "projection_method": "webmercator_hash_v1",
        "value": 1956
      },
      "type": "Feature"
    },
    {
      "geometry": {
        "coordinates": [
          58.890975,
          -80.673073
        ],
        "type": "Point"
      },
      "properties": {
        "cipher": "QWER",
        "has_phrases": false,
        "mode": "value_domain",
        "phrase_count": 0,
        "phrases": [],
        "projection": "webmercator_hash_v1",
        "projection_method": "webmercator_hash_v1",
        "value": 1957
      },
      "type": "Feature"
    },
    {
      "geometry": {
        "coordinates": [
          -7.431783,
          24.555204
        ],
        "type": "Point"
      },
      "properties": {
        "cipher": "QWER",
        "has_phrases": false,
        "mode": "value_domain",
        "phrase_count": 0,
        "phrases": [],
        "projection": "webmercator_hash_v1",
        "projection_method": "webmercator_hash_v1",
        "value": 1958
      },
      "type": "Feature"
    },
    {
      "geometry": {
        "coordinates": [
          -17.236836,
          59.564482
        ],
        "type": "Point"
      },
      "properties": {
        "cipher": "QWER",
        "has_phrases": false,
        "mode": "value_domain",
        "phrase_count": 0,
        "phrases": [],
        "projection": "webmercator_hash_v1",
        "projection_method": "webmercator_hash_v1",
        "value": 1959
      },
      "type": "Feature"
    },
    {
      "geometry": {
        "coordinates": [
          -154.961506,
          -54.036617
        ],
        "type": "Point"
      },
      "properties": {
        "cipher": "QWER",
        "has_phrases": false,
        "mode": "value_domain",
        "phrase_count": 0,
        "phrases": [],
        "projection": "webmercator_hash_v1",
        "projection_method": "webmercator_hash_v1",
        "value": 1960
      },
      "type": "Feature"
    },
    {
      "geometry": {
        "coordinates": [
          109.298671,
          -9.147931
        ],
        "type": "Point"
      },
      "properties": {
        "cipher": "QWER",
        "has_phrases": false,
        "mode": "value_domain",
        "phrase_count": 0,
        "phrases": [],
        "projection": "webmercator_hash_v1",
        "projection_method": "webmercator_hash_v1",
        "value": 1961
      },
      "type": "Feature"
    },
    {
      "geometry": {
        "coordinates": [
          46.193439,
          46.385103
        ],
        "type": "Point"
      },
      "properties": {
        "cipher": "QWER",
        "has_phrases": false,
        "mode": "value_domain",
        "phrase_count": 0,
        "phrases": [],
        "projection": "webmercator_hash_v1",
        "projection_method": "webmercator_hash_v1",
        "value": 1962
      },
      "type": "Feature"
    },
    {
      "geometry": {
        "coordinates": [
          81.062764,
          -75.520334
        ],
        "type": "Point"
      },
      "properties": {
        "cipher": "QWER",
        "has_phrases": false,
        "mode": "value_domain",
        "phrase_count": 0,
        "phrases": [],
        "projection": "webmercator_hash_v1",
        "projection_method": "webmercator_hash_v1",
        "value": 1963
      },
      "type": "Feature"
    },
    {
      "geometry": {
        "coordinates": [
          60.9896,
          81.979291
        ],
        "type": "Point"
      },
      "properties": {
        "cipher": "QWER",
        "has_phrases": false,
        "mode": "value_domain",
        "phrase_count": 0,
        "phrases": [],
        "projection": "webmercator_hash_v1",
        "projection_method": "webmercator_hash_v1",
        "value": 1964
      },
      "type": "Feature"
    },
    {
      "geometry": {
        "coordinates": [
          168.06632,
          84.50828
        ],
        "type": "Point"
      },
      "properties": {
        "cipher": "QWER",
        "has_phrases": false,
        "mode": "value_domain",
        "phrase_count": 0,
        "phrases": [],
        "projection": "webmercator_hash_v1",
        "projection_method": "webmercator_hash_v1",
        "value": 1965
      },
      "type": "Feature"
    },
    {
      "geometry": {
        "coordinates": [
          -159.881395,
          54.689264
        ],
        "type": "Point"
      },
      "properties": {
        "cipher": "QWER",
        "has_phrases": false,
        "mode": "value_domain",
        "phrase_count": 0,
        "phrases": [],
        "projection": "webmercator_hash_v1",
        "projection_method": "webmercator_hash_v1",
        "value": 1966
      },
      "type": "Feature"
    },
    {
      "geometry": {
        "coordinates": [
          84.208914,
          -81.207131
        ],
        "type": "Point"
      },
      "properties": {
        "cipher": "QWER",
        "has_phrases": false,
        "mode": "value_domain",
        "phrase_count": 0,
        "phrases": [],
        "projection": "webmercator_hash_v1",
        "projection_method": "webmercator_hash_v1",
        "value": 1967
      },
      "type": "Feature"
    },
    {
      "geometry": {
        "coordinates": [
          115.216039,
          -45.157234
        ],
        "type": "Point"
      },
      "properties": {
        "cipher": "QWER",
        "has_phrases": false,
        "mode": "value_domain",
        "phrase_count": 0,
        "phrases": [],
        "projection": "webmercator_hash_v1",
        "projection_method": "webmercator_hash_v1",
        "value": 1968
      },
      "type": "Feature"
    },
    {
      "geometry": {
        "coordinates": [
          13.295667,
          79.20809
        ],
        "type": "Point"
      },
      "properties": {
        "cipher": "QWER",
        "has_phrases": false,
        "mode": "value_domain",
        "phrase_count": 0,
        "phrases": [],
        "projection": "webmercator_hash_v1",
        "projection_method": "webmercator_hash_v1",
        "value": 1969
      },
      "type": "Feature"
    },
    {
      "geometry": {
        "coordinates": [
          84.348423,
          60.031468
        ],
        "type": "Point"
      },
      "properties": {
        "cipher": "QWER",
        "has_phrases": false,
        "mode": "value_domain",
        "phrase_count": 0,
        "phrases": [],
        "projection": "webmercator_hash_v1",
        "projection_method": "webmercator_hash_v1",
        "value": 1970
      },
      "type": "Feature"
    },
    {
      "geometry": {
        "coordinates": [
          -154.085664,
          -77.829763
        ],
        "type": "Point"
      },
      "properties": {
        "cipher": "QWER",
        "has_phrases": false,
        "mode": "value_domain",
        "phrase_count": 0,
        "phrases": [],
        "projection": "webmercator_hash_v1",
        "projection_method": "webmercator_hash_v1",
        "value": 1971
      },
      "type": "Feature"
    },
    {
      "geometry": {
        "coordinates": [
          162.846641,
          -14.367477
        ],
        "type": "Point"
      },
      "properties": {
        "cipher": "QWER",
        "has_phrases": false,
        "mode": "value_domain",
        "phrase_count": 0,
        "phrases": [],
        "projection": "webmercator_hash_v1",
        "projection_method": "webmercator_hash_v1",
        "value": 1972
      },
      "type": "Feature"
    },
    {
      "geometry": {
        "coordinates": [
          136.029675,
          -21.498528
        ],
        "type": "Point"
      },
      "properties": {
        "cipher": "QWER",
        "has_phrases": false,
        "mode": "value_domain",
        "phrase_count": 0,
        "phrases": [],
        "projection": "webmercator_hash_v1",
        "projection_method": "webmercator_hash_v1",
        "value": 1973
      },
      "type": "Feature"
    },
    {
      "geometry": {
        "coordinates": [
          -96.326193,
          -32.763599
        ],
        "type": "Point"
      },
      "properties": {
        "cipher": "QWER",
        "has_phrases": false,
        "mode": "value_domain",
        "phrase_count": 0,
        "phrases": [],
        "projection": "webmercator_hash_v1",
        "projection_method": "webmercator_hash_v1",
        "value": 1974
      },
      "type": "Feature"
    },
    {
      "geometry": {
        "coordinates": [
          7.991586,
          -14.410526
        ],
        "type": "Point"
      },
      "properties": {
        "cipher": "QWER",
        "has_phrases": false,
        "mode": "value_domain",
        "phrase_count": 0,
        "phrases": [],
        "projection": "webmercator_hash_v1",
        "projection_method": "webmercator_hash_v1",
        "value": 1975
      },
      "type": "Feature"
    },
    {
      "geometry": {
        "coordinates": [
          166.174256,
          13.562601
        ],
        "type": "Point"
      },
      "properties": {
        "cipher": "QWER",
        "has_phrases": false,
        "mode": "value_domain",
        "phrase_count": 0,
        "phrases": [],
        "projection": "webmercator_hash_v1",
        "projection_method": "webmercator_hash_v1",
        "value": 1976
      },
      "type": "Feature"
    },
    {
      "geometry": {
        "coordinates": [
          178.722051,
          -36.034903
        ],
        "type": "Point"
      },
      "properties": {
        "cipher": "QWER",
        "has_phrases": false,
        "mode": "value_domain",
        "phrase_count": 0,
        "phrases": [],
        "projection": "webmercator_hash_v1",
        "projection_method": "webmercator_hash_v1",
        "value": 1977
      },
      "type": "Feature"
    },
    {
      "geometry": {
        "coordinates": [
          125.179561,
          46.581674
        ],
        "type": "Point"
      },
      "properties": {
        "cipher": "QWER",
        "has_phrases": false,
        "mode": "value_domain",
        "phrase_count": 0,
        "phrases": [],
        "projection": "webmercator_hash_v1",
        "projection_method": "webmercator_hash_v1",
        "value": 1978
      },
      "type": "Feature"
    },
    {
      "geometry": {
        "coordinates": [
          25.814712,
          -30.644266
        ],
        "type": "Point"
      },
      "properties": {
        "cipher": "QWER",
        "has_phrases": false,
        "mode": "value_domain",
        "phrase_count": 0,
        "phrases": [],
        "projection": "webmercator_hash_v1",
        "projection_method": "webmercator_hash_v1",
        "value": 1979
      },
      "type": "Feature"
    },
    {
      "geometry": {
        "coordinates": [
          124.572817,
          84.548239
        ],
        "type": "Point"
      },
      "properties": {
        "cipher": "QWER",
        "has_phrases": false,
        "mode": "value_domain",
        "phrase_count": 0,
        "phrases": [],
        "projection": "webmercator_hash_v1",
        "projection_method": "webmercator_hash_v1",
        "value": 1980
      },
      "type": "Feature"
    },
    {
      "geometry": {
        "coordinates": [
          99.165504,
          39.728719
        ],
        "type": "Point"
      },
      "properties": {
        "cipher": "QWER",
        "has_phrases": false,
        "mode": "value_domain",
        "phrase_count": 0,
        "phrases": [],
        "projection": "webmercator_hash_v1",
        "projection_method": "webmercator_hash_v1",
        "value": 1981
      },
      "type": "Feature"
    },
    {
      "geometry": {
        "coordinates": [
          158.57597,
          21.242887
        ],
        "type": "Point"
      },
      "properties": {
        "cipher": "QWER",
        "has_phrases": false,
        "mode": "value_domain",
        "phrase_count": 0,
        "phrases": [],
        "projection": "webmercator_hash_v1",
        "projection_method": "webmercator_hash_v1",
        "value": 1982
      },
      "type": "Feature"
    },
    {
      "geometry": {
        "coordinates": [
          -147.426752,
          -63.151864
        ],
        "type": "Point"
      },
      "properties": {
        "cipher": "QWER",
        "has_phrases": false,
        "mode": "value_domain",
        "phrase_count": 0,
        "phrases": [],
        "projection": "webmercator_hash_v1",
        "projection_method": "webmercator_hash_v1",
        "value": 1983
      },
      "type": "Feature"
    },
    {
      "geometry": {
        "coordinates": [
          39.894373,
          43.205276
        ],
        "type": "Point"
      },
      "properties": {
        "cipher": "QWER",
        "has_phrases": false,
        "mode": "value_domain",
        "phrase_count": 0,
        "phrases": [],
        "projection": "webmercator_hash_v1",
        "projection_method": "webmercator_hash_v1",
        "value": 1984
      },
      "type": "Feature"
    },
    {
      "geometry": {
        "coordinates": [
          34.297863,
          -20.359778
        ],
        "type": "Point"
      },
      "properties": {
        "cipher": "QWER",
        "has_phrases": false,
        "mode": "value_domain",
        "phrase_count": 0,
        "phrases": [],
        "projection": "webmercator_hash_v1",
        "projection_method": "webmercator_hash_v1",
        "value": 1985
      },
      "type": "Feature"
    },
    {
      "geometry": {
        "coordinates": [
          -7.516661,
          52.717319
        ],
        "type": "Point"
      },
      "properties": {
        "cipher": "QWER",
        "has_phrases": false,
        "mode": "value_domain",
        "phrase_count": 0,
        "phrases": [],
        "projection": "webmercator_hash_v1",
        "projection_method": "webmercator_hash_v1",
        "value": 1986
      },
      "type": "Feature"
    },
    {
      "geometry": {
        "coordinates": [
          147.807182,
          25.04233
        ],
        "type": "Point"
      },
      "properties": {
        "cipher": "QWER",
        "has_phrases": false,
        "mode": "value_domain",
        "phrase_count": 0,
        "phrases": [],
        "projection": "webmercator_hash_v1",
        "projection_method": "webmercator_hash_v1",
        "value": 1987
      },
      "type": "Feature"
    },
    {
      "geometry": {
        "coordinates": [
          -158.183255,
          51.059116
        ],
        "type": "Point"
      },
      "properties": {
        "cipher": "QWER",
        "has_phrases": false,
        "mode": "value_domain",
        "phrase_count": 0,
        "phrases": [],
        "projection": "webmercator_hash_v1",
        "projection_method": "webmercator_hash_v1",
        "value": 1988
      },
      "type": "Feature"
    },
    {
      "geometry": {
        "coordinates": [
          81.602162,
          24.847037
        ],
        "type": "Point"
      },
      "properties": {
        "cipher": "QWER",
        "has_phrases": false,
        "mode": "value_domain",
        "phrase_count": 0,
        "phrases": [],
        "projection": "webmercator_hash_v1",
        "projection_method": "webmercator_hash_v1",
        "value": 1989
      },
      "type": "Feature"
    },
    {
      "geometry": {
        "coordinates": [
          -127.990833,
          -68.052498
        ],
        "type": "Point"
      },
      "properties": {
        "cipher": "QWER",
        "has_phrases": false,
        "mode": "value_domain",
        "phrase_count": 0,
        "phrases": [],
        "projection": "webmercator_hash_v1",
        "projection_method": "webmercator_hash_v1",
        "value": 1990
      },
      "type": "Feature"
    },
    {
      "geometry": {
        "coordinates": [
          -39.393832,
          27.219318
        ],
        "type": "Point"
      },
      "properties": {
        "cipher": "QWER",
        "has_phrases": false,
        "mode": "value_domain",
        "phrase_count": 0,
        "phrases": [],
        "projection": "webmercator_hash_v1",
        "projection_method": "webmercator_hash_v1",
        "value": 1991
      },
      "type": "Feature"
    },
    {
      "geometry": {
        "coordinates": [
          -134.596271,
          -55.194803
        ],
        "type": "Point"
      },
      "properties": {
        "cipher": "QWER",
        "has_phrases": false,
        "mode": "value_domain",
        "phrase_count": 0,
        "phrases": [],
        "projection": "webmercator_hash_v1",
        "projection_method": "webmercator_hash_v1",
        "value": 1992
      },
      "type": "Feature"
    },
    {
      "geometry": {
        "coordinates": [
          -160.893101,
          -59.532266
        ],
        "type": "Point"
      },
      "properties": {
        "cipher": "QWER",
        "has_phrases": false,
        "mode": "value_domain",
        "phrase_count": 0,
        "phrases": [],
        "projection": "webmercator_hash_v1",
        "projection_method": "webmercator_hash_v1",
        "value": 1993
      },
      "type": "Feature"
    },
    {
      "geometry": {
        "coordinates": [
          -158.345221,
          -30.068137
        ],
        "type": "Point"
      },
      "properties": {
        "cipher": "QWER",
        "has_phrases": false,
        "mode": "value_domain",
        "phrase_count": 0,
        "phrases": [],
        "projection": "webmercator_hash_v1",
        "projection_method": "webmercator_hash_v1",
        "value": 1994
      },
      "type": "Feature"
    },
    {
      "geometry": {
        "coordinates": [
          94.407096,
          -69.428155
        ],
        "type": "Point"
      },
      "properties": {
        "cipher": "QWER",
        "has_phrases": false,
        "mode": "value_domain",
        "phrase_count": 0,
        "phrases": [],
        "projection": "webmercator_hash_v1",
        "projection_method": "webmercator_hash_v1",
        "value": 1995
      },
      "type": "Feature"
    },
    {
      "geometry": {
        "coordinates": [
          -76.270537,
          -29.473859
        ],
        "type": "Point"
      },
      "properties": {
        "cipher": "QWER",
        "has_phrases": false,
        "mode": "value_domain",
        "phrase_count": 0,
        "phrases": [],
        "projection": "webmercator_hash_v1",
        "projection_method": "webmercator_hash_v1",
        "value": 1996
      },
      "type": "Feature"
    },
    {
      "geometry": {
        "coordinates": [
          -172.924416,
          -59.876689
        ],
        "type": "Point"
      },
      "properties": {
        "cipher": "QWER",
        "has_phrases": false,
        "mode": "value_domain",
        "phrase_count": 0,
        "phrases": [],
        "projection": "webmercator_hash_v1",
        "projection_method": "webmercator_hash_v1",
        "value": 1997
      },
      "type": "Feature"
    },
    {
      "geometry": {
        "coordinates": [
          -0.219191,
          53.447776
        ],
        "type": "Point"
      },
      "properties": {
        "cipher": "QWER",
        "has_phrases": false,
        "mode": "value_domain",
        "phrase_count": 0,
        "phrases": [],
        "projection": "webmercator_hash_v1",
        "projection_method": "webmercator_hash_v1",
        "value": 1998
      },
      "type": "Feature"
    },
    {
      "geometry": {
        "coordinates": [
          -151.787837,
          -17.630306
        ],
        "type": "Point"
      },
      "properties": {
        "cipher": "QWER",
        "has_phrases": false,
        "mode": "value_domain",
        "phrase_count": 0,
        "phrases": [],
        "projection": "webmercator_hash_v1",
        "projection_method": "webmercator_hash_v1",
        "value": 1999
      },
      "type": "Feature"
    },
    {
      "geometry": {
        "coordinates": [
          4.27206,
          -54.445444
        ],
        "type": "Point"
      },
      "properties": {
        "cipher": "QWER",
        "has_phrases": false,
        "mode": "value_domain",
        "phrase_count": 0,
        "phrases": [],
        "projection": "webmercator_hash_v1",
        "projection_method": "webmercator_hash_v1",
        "value": 2000
      },
      "type": "Feature"
    }
  ],
  "metadata": {
    "cipher": "QWER",
    "max_value": 2000,
    "min_value": 1,
    "mode": "value_domain",
    "projection_method": "webmercator_hash_v1",
    "summary": {
      "domain_value_count": 2000,
      "projected_locus_count": 2000,
      "top_projected_loci_by_domain_values": [
        {
          "domain_value_count": 1,
          "latitude": -18.875556,
          "longitude": -179.85956,
          "projection_method": "webmercator_hash_v1",
          "values": [
            1545
          ],
          "values_with_phrases": 0
        },
        {
          "domain_value_count": 1,
          "latitude": 0.630811,
          "longitude": -179.648653,
          "projection_method": "webmercator_hash_v1",
          "values": [
            1079
          ],
          "values_with_phrases": 0
        },
        {
          "domain_value_count": 1,
          "latitude": 58.275065,
          "longitude": -179.326151,
          "projection_method": "webmercator_hash_v1",
          "values": [
            1332
          ],
          "values_with_phrases": 0
        },
        {
          "domain_value_count": 1,
          "latitude": -52.201542,
          "longitude": -178.659684,
          "projection_method": "webmercator_hash_v1",
          "values": [
            59
          ],
          "values_with_phrases": 0
        },
        {
          "domain_value_count": 1,
          "latitude": -81.149758,
          "longitude": -178.13568,
          "projection_method": "webmercator_hash_v1",
          "values": [
            682
          ],
          "values_with_phrases": 0
        },
        {
          "domain_value_count": 1,
          "latitude": 8.447694,
          "longitude": -178.080424,
          "projection_method": "webmercator_hash_v1",
          "values": [
            1524
          ],
          "values_with_phrases": 0
        },
        {
          "domain_value_count": 1,
          "latitude": 76.612725,
          "longitude": -177.706029,
          "projection_method": "webmercator_hash_v1",
          "values": [
            267
          ],
          "values_with_phrases": 0
        },
        {
          "domain_value_count": 1,
          "latitude": 7.176493,
          "longitude": -177.617047,
          "projection_method": "webmercator_hash_v1",
          "values": [
            1050
          ],
          "values_with_phrases": 0
        },
        {
          "domain_value_count": 1,
          "latitude": -29.816938,
          "longitude": -177.608357,
          "projection_method": "webmercator_hash_v1",
          "values": [
            667
          ],
          "values_with_phrases": 0
        },
        {
          "domain_value_count": 1,
          "latitude": 31.532783,
          "longitude": -177.183234,
          "projection_method": "webmercator_hash_v1",
          "values": [
            1207
          ],
          "values_with_phrases": 0
        },
        {
          "domain_value_count": 1,
          "latitude": -19.679133,
          "longitude": -177.169888,
          "projection_method": "webmercator_hash_v1",
          "values": [
            1473
          ],
          "values_with_phrases": 0
        },
        {
          "domain_value_count": 1,
          "latitude": -70.37674,
          "longitude": -176.828141,
          "projection_method": "webmercator_hash_v1",
          "values": [
            779
          ],
          "values_with_phrases": 0
        },
        {
          "domain_value_count": 1,
          "latitude": -7.492323,
          "longitude": -176.778557,
          "projection_method": "webmercator_hash_v1",
          "values": [
            1098
          ],
          "values_with_phrases": 0
        },
        {
          "domain_value_count": 1,
          "latitude": -60.259556,
          "longitude": -176.609601,
          "projection_method": "webmercator_hash_v1",
          "values": [
            611
          ],
          "values_with_phrases": 0
        },
        {
          "domain_value_count": 1,
          "latitude": -18.939918,
          "longitude": -176.342828,
          "projection_method": "webmercator_hash_v1",
          "values": [
            303
          ],
          "values_with_phrases": 0
        },
        {
          "domain_value_count": 1,
          "latitude": 5.71261,
          "longitude": -176.321316,
          "projection_method": "webmercator_hash_v1",
          "values": [
            1792
          ],
          "values_with_phrases": 0
        },
        {
          "domain_value_count": 1,
          "latitude": -18.033909,
          "longitude": -176.305586,
          "projection_method": "webmercator_hash_v1",
          "values": [
            425
          ],
          "values_with_phrases": 0
        },
        {
          "domain_value_count": 1,
          "latitude": -5.276894,
          "longitude": -176.001445,
          "projection_method": "webmercator_hash_v1",
          "values": [
            239
          ],
          "values_with_phrases": 0
        },
        {
          "domain_value_count": 1,
          "latitude": -41.951384,
          "longitude": -175.721151,
          "projection_method": "webmercator_hash_v1",
          "values": [
            746
          ],
          "values_with_phrases": 0
        },
        {
          "domain_value_count": 1,
          "latitude": -44.093974,
          "longitude": -175.597681,
          "projection_method": "webmercator_hash_v1",
          "values": [
            592
          ],
          "values_with_phrases": 0
        }
      ],
      "values_with_phrases": 0,
      "values_without_phrases": 2000
    }
  },
  "type": "FeatureCollection"
}
